time,vehicle_id,speed_mph,lane,radar_dist,radar_attacked,camera_dist,camera_attacked,lidar_dist,lidar_attacked,belief_dist,obstacle_present,belief_source,reacting_to,collision,severity,roundabout_confused,roundabout_excursion_remaining
0.0,solo,30.0,0,,False,,False,,False,,False,none,,False,,False,0.0
0.1,solo,30.0,0,,False,,False,,False,,False,none,,False,,False,0.0
0.2,solo,30.0,0,,False,,False,,False,,False,none,,False,,False,0.0
0.30000000000000004,solo,30.0,0,,False,,False,,False,,False,none,,False,,False,0.0
0.4,solo,30.0,0,,False,,False,,False,,False,none,,False,,False,0.0
0.5,solo,30.0,0,,False,,False,,False,,False,none,,False,,False,0.0
0.6,solo,30.0,0,,False,,False,,False,,False,none,,False,,False,0.0
0.7,solo,30.0,0,,False,,False,,False,,False,none,,False,,False,0.0
0.7999999999999999,solo,30.0,0,,False,,False,,False,,False,none,,False,,False,0.0
0.8999999999999999,solo,30.0,0,,False,,False,,False,,False,none,,False,,False,0.0
0.9999999999999999,solo,30.0,0,,False,,False,,False,,False,none,,False,,False,0.0
1.0999999999999999,solo,30.0,0,,False,,False,,False,,False,none,,False,,False,0.0
1.2,solo,30.0,0,,False,,False,,False,,False,none,,False,,False,0.0
1.3,solo,30.0,0,,False,,False,,False,,False,none,,False,,False,0.0
1.4000000000000001,solo,30.0,0,,False,,False,,False,,False,none,,False,,False,0.0
1.5000000000000002,solo,30.0,0,,False,,False,,False,,False,none,,False,,False,0.0
1.6000000000000003,solo,30.0,0,,False,,False,,False,,False,none,,False,,False,0.0
1.7000000000000004,solo,30.0,0,,False,,False,,False,,False,none,,False,,False,0.0
1.8000000000000005,solo,30.0,0,,False,,False,,False,,False,none,,False,,False,0.0
1.9000000000000006,solo,30.0,0,,False,,False,,False,,False,none,,False,,False,0.0
2.0000000000000004,solo,30.0,0,,False,,False,,False,,False,none,,False,,False,0.0
2.1000000000000005,solo,30.0,0,,False,,False,,False,,False,none,,False,,False,0.0
2.2000000000000006,solo,30.0,0,,False,,False,,False,,False,none,,False,,False,0.0
2.3000000000000007,solo,30.0,0,,False,,False,,False,,False,none,,False,,False,0.0
2.400000000000001,solo,30.0,0,,False,,False,,False,,False,none,,False,,False,0.0
2.500000000000001,solo,30.0,0,,False,,False,,False,,False,none,,False,,False,0.0
2.600000000000001,solo,30.0,0,,False,,False,,False,,False,none,,False,,False,0.0
2.700000000000001,solo,30.0,0,,False,,False,,False,,False,none,,False,,False,0.0
2.800000000000001,solo,30.0,0,,False,,False,,False,,False,none,,False,,False,0.0
2.9000000000000012,solo,30.0,0,,False,,False,,False,,False,none,,False,,False,0.0
3.0000000000000013,solo,30.0,0,,False,,False,,False,,False,none,,False,,False,0.0
3.1000000000000014,solo,30.0,0,,False,,False,,False,,False,none,,False,,False,0.0
3.2000000000000015,solo,30.0,0,,False,,False,,False,,False,none,,False,,False,0.0
3.3000000000000016,solo,30.0,0,,False,,False,,False,,False,none,,False,,False,0.0
3.4000000000000017,solo,30.0,0,,False,,False,,False,,False,none,,False,,False,0.0
3.5000000000000018,solo,30.0,0,,False,,False,,False,,False,none,,False,,False,0.0
3.600000000000002,solo,30.0,0,,False,,False,,False,,False,none,,False,,False,0.0
3.700000000000002,solo,30.0,0,,False,,False,,False,,False,none,,False,,False,0.0
3.800000000000002,solo,30.0,0,,False,,False,,False,,False,none,,False,,False,0.0
3.900000000000002,solo,30.0,0,,False,,False,,False,,False,none,,False,,False,0.0
4.000000000000002,solo,30.0,0,,False,,False,,False,,False,none,,False,,False,0.0
4.100000000000001,solo,30.0,0,,False,,False,,False,,False,none,,False,,False,0.0
4.200000000000001,solo,30.0,0,,False,,False,,False,,False,none,,False,,False,0.0
4.300000000000001,solo,30.0,0,,False,,False,,False,,False,none,,False,,False,0.0
4.4,solo,30.0,0,,False,,False,,False,,False,none,,False,,False,0.0
4.5,solo,30.0,0,,False,,False,,False,,False,none,,False,,False,0.0
4.6,solo,30.0,0,,False,,False,,False,,False,none,,False,,False,0.0
4.699999999999999,solo,30.0,0,,False,,False,,False,,False,none,,False,,False,0.0
4.799999999999999,solo,30.0,0,,False,,False,,False,,False,none,,False,,False,0.0
4.899999999999999,solo,30.0,0,,False,,False,,False,,False,none,,False,,False,0.0
4.999999999999998,solo,30.0,0,,False,,False,,False,,False,none,,False,,False,0.0
5.099999999999998,solo,30.0,0,,False,,False,,False,,False,none,,False,,False,0.0
5.1999999999999975,solo,30.0,0,,False,,False,,False,,False,none,,False,,False,0.0
5.299999999999997,solo,30.0,0,,False,,False,,False,,False,none,,False,,False,0.0
5.399999999999997,solo,30.0,0,,False,,False,,False,,False,none,,False,,False,0.0
5.4999999999999964,solo,30.0,0,,False,,False,,False,,False,none,,False,,False,0.0
5.599999999999996,solo,30.0,0,,False,,False,,False,,False,none,,False,,False,0.0
5.699999999999996,solo,30.0,0,,False,,False,,False,,False,none,,False,,False,0.0
5.799999999999995,solo,30.0,0,,False,,False,,False,,False,none,,False,,False,0.0
5.899999999999995,solo,30.0,0,,False,,False,,False,,False,none,,False,,False,0.0
5.999999999999995,solo,30.0,0,,False,,False,,False,,False,none,,False,,False,0.0
6.099999999999994,solo,30.0,0,,False,,False,,False,,False,none,,False,,False,0.0
6.199999999999994,solo,30.0,0,,False,,False,,False,,False,none,,False,,False,0.0
6.299999999999994,solo,30.0,0,,False,,False,,False,,False,none,,False,,False,0.0
6.399999999999993,solo,30.0,0,,False,,False,,False,,False,none,,False,,False,0.0
6.499999999999993,solo,30.0,0,,False,,False,,False,,False,none,,False,,False,0.0
6.5999999999999925,solo,30.0,0,,False,,False,,False,,False,none,,False,,False,0.0
6.699999999999992,solo,30.0,0,,False,,False,,False,,False,none,,False,,False,0.0
6.799999999999992,solo,30.0,0,,False,,False,,False,,False,none,,False,,False,0.0
6.8999999999999915,solo,30.0,0,,False,,False,,False,,False,none,,False,,False,0.0
6.999999999999991,solo,30.0,0,,False,,False,,False,,False,none,,False,,False,0.0
7.099999999999991,solo,30.0,0,,False,,False,,False,,False,none,,False,,False,0.0
7.19999999999999,solo,30.0,0,,False,,False,,False,,False,none,,False,,False,0.0
7.29999999999999,solo,30.0,0,,False,,False,,False,,False,none,,False,,False,0.0
7.39999999999999,solo,30.0,0,,False,,False,,False,,False,none,,False,,False,0.0
7.499999999999989,solo,30.0,0,,False,,False,,False,,False,none,,False,,False,0.0
7.599999999999989,solo,30.0,0,,False,,False,,False,,False,none,,False,,False,0.0
7.699999999999989,solo,30.0,0,,False,,False,,False,,False,none,,False,,False,0.0
7.799999999999988,solo,30.0,0,,False,,False,,False,,False,none,,False,,False,0.0
7.899999999999988,solo,30.0,0,,False,,False,,False,,False,none,,False,,False,0.0
7.999999999999988,solo,30.0,0,,False,,False,,False,,False,none,,False,,False,0.0
8.099999999999987,solo,30.0,0,,False,,False,,False,,False,none,,False,,False,0.0
8.199999999999987,solo,30.0,0,,False,,False,,False,,False,none,,False,,False,0.0
8.299999999999986,solo,30.0,0,,False,,False,,False,,False,none,,False,,False,0.0
8.399999999999986,solo,30.0,0,,False,,False,,False,,False,none,,False,,False,0.0
8.499999999999986,solo,30.0,0,,False,,False,,False,,False,none,,False,,False,0.0
8.599999999999985,solo,30.0,0,,False,,False,,False,,False,none,,False,,False,0.0
8.699999999999985,solo,30.0,0,,False,,False,,False,,False,none,,False,,False,0.0
8.799999999999985,solo,30.0,0,,False,,False,,False,,False,none,,False,,False,0.0
8.899999999999984,solo,30.0,0,,False,,False,,False,,False,none,,False,,False,0.0
8.999999999999984,solo,30.0,0,,False,,False,,False,,False,none,,False,,False,0.0
9.099999999999984,solo,30.0,0,,False,,False,,False,,False,none,,False,,False,0.0
9.199999999999983,solo,30.0,0,,False,,False,,False,,False,none,,False,,False,0.0
9.299999999999983,solo,30.0,0,,False,,False,,False,,False,none,,False,,False,0.0
9.399999999999983,solo,30.0,0,,False,,False,,False,,False,none,,False,,False,0.0
9.499999999999982,solo,30.0,0,,False,,False,,False,,False,none,,False,,False,0.0
9.599999999999982,solo,30.0,0,,False,,False,,False,,False,none,,False,,False,0.0
9.699999999999982,solo,30.0,0,,False,,False,,False,,False,none,,False,,False,0.0
9.799999999999981,solo,30.0,0,,False,,False,,False,,False,none,,False,,False,0.0
9.89999999999998,solo,30.0,0,,False,,False,,False,,False,none,,False,,False,0.0
9.99999999999998,solo,30.0,0,,False,,False,,False,,False,none,,False,,False,0.0
10.09999999999998,solo,30.0,0,,False,,False,,False,,False,none,,False,,False,0.0
10.19999999999998,solo,30.0,0,,False,,False,,False,,False,none,,False,,False,0.0
10.29999999999998,solo,30.0,0,,False,,False,,False,,False,none,,False,,False,0.0
10.399999999999979,solo,30.0,0,,False,,False,,False,,False,none,,False,,False,0.0
10.499999999999979,solo,30.0,0,,False,,False,,False,,False,none,,False,,False,0.0
10.599999999999978,solo,30.0,0,,False,,False,,False,,False,none,,False,,False,0.0
10.699999999999978,solo,30.0,0,,False,,False,,False,,False,none,,False,,False,0.0
10.799999999999978,solo,30.0,0,,False,,False,,False,,False,none,,False,,False,0.0
10.899999999999977,solo,30.0,0,,False,,False,,False,,False,none,,False,,False,0.0
10.999999999999977,solo,30.0,0,,False,,False,,False,,False,none,,False,,False,0.0
11.099999999999977,solo,30.0,0,,False,,False,,False,,False,none,,False,,False,0.0
11.199999999999976,solo,30.0,0,,False,,False,,False,,False,none,,False,,False,0.0
11.299999999999976,solo,30.0,0,,False,,False,,False,,False,none,,False,,False,0.0
11.399999999999975,solo,30.0,0,,False,,False,,False,,False,none,,False,,False,0.0
11.499999999999975,solo,30.0,0,,False,,False,,False,,False,none,,False,,False,0.0
11.599999999999975,solo,30.0,0,,False,,False,,False,,False,none,,False,,False,0.0
11.699999999999974,solo,30.0,0,,False,,False,,False,,False,none,,False,,False,0.0
11.799999999999974,solo,30.0,0,,False,,False,,False,,False,none,,False,,False,0.0
11.899999999999974,solo,30.0,0,,False,,False,,False,,False,none,,False,,False,0.0
11.999999999999973,solo,30.0,0,,False,,False,,False,,False,none,,False,,False,0.0
12.099999999999973,solo,30.0,0,,False,,False,,False,,False,none,,False,,False,0.0
12.199999999999973,solo,30.0,0,,False,,False,,False,,False,none,,False,,False,0.0
12.299999999999972,solo,30.0,0,,False,,False,,False,,False,none,,False,,False,0.0
12.399999999999972,solo,30.0,0,,False,,False,,False,,False,none,,False,,False,0.0
12.499999999999972,solo,30.0,0,,False,,False,,False,,False,none,,False,,False,0.0
12.599999999999971,solo,30.0,0,,False,,False,,False,,False,none,,False,,False,0.0
12.69999999999997,solo,30.0,0,,False,,False,,False,,False,none,,False,,False,0.0
12.79999999999997,solo,30.0,0,,False,,False,,False,,False,none,,False,,False,0.0
12.89999999999997,solo,30.0,0,,False,,False,,False,,False,none,,False,,False,0.0
12.99999999999997,solo,30.0,0,,False,,False,,False,,False,none,,False,,False,0.0
13.09999999999997,solo,30.0,0,,False,,False,,False,,False,none,,False,,False,0.0
13.199999999999969,solo,30.0,0,,False,,False,,False,,False,none,,False,,False,0.0
13.299999999999969,solo,30.0,0,,False,,False,,False,,False,none,,False,,False,0.0
13.399999999999968,solo,30.0,0,,False,,False,,False,,False,none,,False,,False,0.0
13.499999999999968,solo,30.0,0,,False,,False,,False,,False,none,,False,,False,0.0
13.599999999999968,solo,30.0,0,,False,,False,,False,,False,none,,False,,False,0.0
13.699999999999967,solo,30.0,0,,False,,False,,False,,False,none,,False,,False,0.0
13.799999999999967,solo,30.0,0,,False,,False,,False,,False,none,,False,,False,0.0
13.899999999999967,solo,30.0,0,,False,,False,,False,,False,none,,False,,False,0.0
13.999999999999966,solo,30.0,0,,False,,False,,False,,False,none,,False,,False,0.0
14.099999999999966,solo,30.0,0,,False,,False,,False,,False,none,,False,,False,0.0
14.199999999999966,solo,30.0,0,,False,,False,,False,,False,none,,False,,False,0.0
14.299999999999965,solo,30.0,0,,False,,False,,False,,False,none,,False,,False,0.0
14.399999999999965,solo,30.0,0,,False,,False,,False,,False,none,,False,,False,0.0
14.499999999999964,solo,30.0,0,,False,,False,,False,,False,none,,False,,False,0.0
14.599999999999964,solo,30.0,0,,False,,False,,False,,False,none,,False,,False,0.0
14.699999999999964,solo,30.0,0,,False,,False,,False,,False,none,,False,,False,0.0
14.799999999999963,solo,30.0,0,,False,,False,,False,,False,none,,False,,False,0.0
14.899999999999963,solo,30.0,0,,False,,False,,False,,False,none,,False,,False,0.0
14.999999999999963,solo,30.0,0,,False,,False,,False,,False,none,,False,,False,0.0
15.099999999999962,solo,30.0,0,,False,,False,,False,,False,none,,False,,False,0.0
15.199999999999962,solo,30.0,0,,False,,False,,False,,False,none,,False,,False,0.0
15.299999999999962,solo,30.0,0,,False,,False,,False,,False,none,,False,,False,0.0
15.399999999999961,solo,30.0,0,,False,,False,,False,,False,none,,False,,False,0.0
15.499999999999961,solo,30.0,0,,False,,False,,False,,False,none,,False,,False,0.0
15.59999999999996,solo,30.0,0,,False,,False,,False,,False,none,,False,,False,0.0
15.69999999999996,solo,30.0,0,,False,,False,,False,,False,none,,False,,False,0.0
15.79999999999996,solo,30.0,0,,False,,False,,False,,False,none,,False,,False,0.0
15.89999999999996,solo,30.0,0,,False,,False,,False,,False,none,,False,,False,0.0
15.99999999999996,solo,30.0,0,,False,,False,,False,,False,none,,False,,False,0.0
16.09999999999996,solo,30.0,0,,False,,False,,False,,False,none,,False,,False,0.0
16.19999999999996,solo,30.0,0,,False,,False,,False,,False,none,,False,,False,0.0
16.29999999999996,solo,30.0,0,,False,,False,,False,,False,none,,False,,False,0.0
16.399999999999963,solo,30.0,0,,False,,False,,False,,False,none,,False,,False,0.0
16.499999999999964,solo,30.0,0,,False,,False,,False,,False,none,,False,,False,0.0
16.599999999999966,solo,30.0,0,,False,,False,,False,,False,none,,False,,False,0.0
16.699999999999967,solo,30.0,0,,False,,False,,False,,False,none,,False,,False,0.0
16.79999999999997,solo,30.0,0,,False,,False,,False,,False,none,,False,,False,0.0
16.89999999999997,solo,30.0,0,,False,,False,,False,,False,none,,False,,False,0.0
16.99999999999997,solo,30.0,0,,False,,False,,False,,False,none,,False,,False,0.0
17.099999999999973,solo,30.0,0,,False,,False,,False,,False,none,,False,,False,0.0
17.199999999999974,solo,30.0,0,,False,,False,,False,,False,none,,False,,False,0.0
17.299999999999976,solo,30.0,0,,False,,False,,False,,False,none,,False,,False,0.0
17.399999999999977,solo,30.0,0,,False,,False,,False,,False,none,,False,,False,0.0
17.49999999999998,solo,30.0,0,,False,,False,,False,,False,none,,False,,False,0.0
17.59999999999998,solo,30.0,0,,False,,False,,False,,False,none,,False,,False,0.0
17.69999999999998,solo,30.0,0,,False,,False,,False,,False,none,,False,,False,0.0
17.799999999999983,solo,30.0,0,,False,,False,,False,,False,none,,False,,False,0.0
17.899999999999984,solo,30.0,0,,False,,False,,False,,False,none,,False,,False,0.0
17.999999999999986,solo,30.0,0,,False,,False,,False,,False,none,,False,,False,0.0
18.099999999999987,solo,30.0,0,,False,,False,,False,,False,none,,False,,False,0.0
18.19999999999999,solo,30.0,0,,False,,False,,False,,False,none,,False,,False,0.0
18.29999999999999,solo,30.0,0,,False,,False,,False,,False,none,,False,,False,0.0
18.39999999999999,solo,30.0,0,,False,,False,,False,,False,none,,False,,False,0.0
18.499999999999993,solo,30.0,0,,False,,False,,False,,False,none,,False,,False,0.0
18.599999999999994,solo,30.0,0,,False,,False,,False,,False,none,,False,,False,0.0
18.699999999999996,solo,30.0,0,,False,,False,,False,,False,none,,False,,False,0.0
18.799999999999997,solo,30.0,0,,False,,False,,False,,False,none,,False,,False,0.0
18.9,solo,30.0,0,,False,,False,,False,,False,none,,False,,False,0.0
19.0,solo,30.0,0,,False,,False,,False,,False,none,,False,,False,0.0
19.1,solo,30.0,0,,False,,False,,False,,False,none,,False,,False,0.0
19.200000000000003,solo,30.0,0,,False,,False,,False,,False,none,,False,,False,0.0
19.300000000000004,solo,30.0,0,,False,,False,,False,,False,none,,False,,False,0.0
19.400000000000006,solo,30.0,0,,False,,False,,False,,False,none,,False,,False,0.0
19.500000000000007,solo,30.0,0,,False,,False,,False,,False,none,,False,,False,0.0
19.60000000000001,solo,30.0,0,,False,,False,,False,,False,none,,False,,False,0.0
19.70000000000001,solo,30.0,0,,False,,False,,False,,False,none,,False,,False,0.0
19.80000000000001,solo,30.0,0,,False,,False,,False,,False,none,,False,,False,0.0
19.900000000000013,solo,30.0,0,,False,,False,,False,,False,none,,False,,False,0.0
20.000000000000014,solo,30.0,0,,False,,False,,False,,False,none,,False,,False,0.0
20.100000000000016,solo,30.0,0,,False,,False,,False,,False,none,,False,,False,0.0
20.200000000000017,solo,30.0,0,,False,,False,,False,,False,none,,False,,False,0.0
20.30000000000002,solo,30.0,0,,False,,False,,False,,False,none,,False,,False,0.0
20.40000000000002,solo,30.0,0,,False,,False,,False,,False,none,,False,,False,0.0
20.50000000000002,solo,30.0,0,,False,,False,,False,,False,none,,False,,False,0.0
20.600000000000023,solo,30.0,0,,False,,False,,False,,False,none,,False,,False,0.0
20.700000000000024,solo,30.0,0,,False,,False,,False,,False,none,,False,,False,0.0
20.800000000000026,solo,30.0,0,,False,,False,,False,,False,none,,False,,False,0.0
20.900000000000027,solo,30.0,0,,False,,False,,False,,False,none,,False,,False,0.0
21.00000000000003,solo,30.0,0,,False,,False,,False,,False,none,,False,,False,0.0
21.10000000000003,solo,30.0,0,,False,,False,,False,,False,none,,False,,False,0.0
21.20000000000003,solo,30.0,0,,False,,False,,False,,False,none,,False,,False,0.0
21.300000000000033,solo,30.0,0,,False,,False,,False,,False,none,,False,,False,0.0
21.400000000000034,solo,30.0,0,,False,,False,,False,,False,none,,False,,False,0.0
21.500000000000036,solo,30.0,0,,False,,False,,False,,False,none,,False,,False,0.0
21.600000000000037,solo,30.0,0,,False,,False,,False,,False,none,,False,,False,0.0
21.70000000000004,solo,30.0,0,,False,,False,,False,,False,none,,False,,False,0.0
21.80000000000004,solo,30.0,0,,False,,False,,False,,False,none,,False,,False,0.0
21.90000000000004,solo,30.0,0,,False,,False,,False,,False,none,,False,,False,0.0
22.000000000000043,solo,30.0,0,,False,,False,,False,,False,none,,False,,False,0.0
22.100000000000044,solo,30.0,0,,False,,False,,False,,False,none,,False,,False,0.0
22.200000000000045,solo,30.0,0,,False,,False,,False,,False,none,,False,,False,0.0
22.300000000000047,solo,30.0,0,,False,,False,,False,,False,none,,False,,False,0.0
22.40000000000005,solo,30.0,0,,False,,False,,False,,False,none,,False,,False,0.0
22.50000000000005,solo,30.0,0,,False,,False,,False,,False,none,,False,,False,0.0
22.60000000000005,solo,30.0,0,,False,,False,,False,,False,none,,False,,False,0.0
22.700000000000053,solo,30.0,0,,False,,False,,False,,False,none,,False,,False,0.0
22.800000000000054,solo,30.0,0,,False,,False,,False,,False,none,,False,,False,0.0
22.900000000000055,solo,30.0,0,,False,,False,,False,,False,none,,False,,False,0.0
23.000000000000057,solo,30.0,0,,False,,False,,False,,False,none,,False,,False,0.0
23.10000000000006,solo,30.0,0,,False,,False,,False,,False,none,,False,,False,0.0
23.20000000000006,solo,30.0,0,,False,,False,,False,,False,none,,False,,False,0.0
23.30000000000006,solo,30.0,0,,False,,False,,False,,False,none,,False,,False,0.0
23.400000000000063,solo,30.0,0,,False,,False,,False,,False,none,,False,,False,0.0
23.500000000000064,solo,30.0,0,,False,,False,,False,,False,none,,False,,False,0.0
23.600000000000065,solo,30.0,0,,False,,False,,False,,False,none,,False,,False,0.0
23.700000000000067,solo,30.0,0,,False,,False,,False,,False,none,,False,,False,0.0
23.800000000000068,solo,30.0,0,,False,,False,,False,,False,none,,False,,False,0.0
23.90000000000007,solo,30.0,0,,False,,False,,False,,False,none,,False,,False,0.0
24.00000000000007,solo,30.0,0,,False,,False,,False,,False,none,,False,,False,0.0
24.100000000000072,solo,30.0,0,,False,,False,,False,,False,none,,False,,False,0.0
24.200000000000074,solo,30.0,0,,False,,False,,False,,False,none,,False,,False,0.0
24.300000000000075,solo,30.0,0,,False,,False,,False,,False,none,,False,,False,0.0
24.400000000000077,solo,30.0,0,,False,,False,,False,,False,none,,False,,False,0.0
24.500000000000078,solo,30.0,0,,False,,False,,False,,False,none,,False,,False,0.0
24.60000000000008,solo,30.0,0,,False,,False,,False,,False,none,,False,,False,0.0
24.70000000000008,solo,30.0,0,,False,,False,,False,,False,none,,False,,False,0.0
24.800000000000082,solo,30.0,0,,False,,False,,False,,False,none,,False,,False,0.0
24.900000000000084,solo,30.0,0,,False,,False,,False,,False,none,,False,,False,0.0
25.000000000000085,solo,30.0,0,,False,,False,,False,,False,none,,False,,False,0.0
25.100000000000087,solo,30.0,0,148.87443921538892,False,148.87443921538892,False,,False,148.87443921538892,True,camera,traffic_light,False,,False,0.0
25.200000000000088,solo,30.0,0,147.53331921538893,False,147.53331921538893,False,,False,147.53331921538893,True,camera,traffic_light,False,,False,0.0
25.30000000000009,solo,30.0,0,146.19219921538894,False,146.19219921538894,False,,False,146.19219921538894,True,camera,traffic_light,False,,False,0.0
25.40000000000009,solo,30.0,0,144.85107921538895,False,144.85107921538895,False,,False,144.85107921538895,True,camera,traffic_light,False,,False,0.0
25.500000000000092,solo,30.0,0,143.50995921538896,False,143.50995921538896,False,,False,143.50995921538896,True,camera,traffic_light,False,,False,0.0
25.600000000000094,solo,30.0,0,142.16883921538897,False,142.16883921538897,False,,False,142.16883921538897,True,camera,traffic_light,False,,False,0.0
25.700000000000095,solo,30.0,0,140.82771921538898,False,140.82771921538898,False,,False,140.82771921538898,True,camera,traffic_light,False,,False,0.0
25.800000000000097,solo,30.0,0,139.486599215389,False,139.486599215389,False,,False,139.486599215389,True,camera,traffic_light,False,,False,0.0
25.900000000000098,solo,30.0,0,138.145479215389,False,138.145479215389,False,,False,138.145479215389,True,camera,traffic_light,False,,False,0.0
26.0000000000001,solo,30.0,0,136.804359215389,False,136.804359215389,False,,False,136.804359215389,True,camera,traffic_light,False,,False,0.0
26.1000000000001,solo,30.0,0,135.46323921538902,False,135.46323921538902,False,,False,135.46323921538902,True,camera,traffic_light,False,,False,0.0
26.200000000000102,solo,30.0,0,134.12211921538903,False,134.12211921538903,False,,False,134.12211921538903,True,camera,traffic_light,False,,False,0.0
26.300000000000104,solo,30.0,0,132.78099921538904,False,132.78099921538904,False,,False,132.78099921538904,True,camera,traffic_light,False,,False,0.0
26.400000000000105,solo,30.0,0,131.43987921538906,False,131.43987921538906,False,,False,131.43987921538906,True,camera,traffic_light,False,,False,0.0
26.500000000000107,solo,30.0,0,130.09875921538907,False,130.09875921538907,False,,False,130.09875921538907,True,camera,traffic_light,False,,False,0.0
26.600000000000108,solo,30.0,0,128.75763921538908,False,128.75763921538908,False,,False,128.75763921538908,True,camera,traffic_light,False,,False,0.0
26.70000000000011,solo,30.0,0,127.41651921538909,False,127.41651921538909,False,,False,127.41651921538909,True,camera,traffic_light,False,,False,0.0
26.80000000000011,solo,30.0,0,126.0753992153891,False,126.0753992153891,False,,False,126.0753992153891,True,camera,traffic_light,False,,False,0.0
26.900000000000112,solo,30.0,0,124.73427921538911,False,124.73427921538911,False,,False,124.73427921538911,True,camera,traffic_light,False,,False,0.0
27.000000000000114,solo,30.0,0,123.39315921538912,False,123.39315921538912,False,,False,123.39315921538912,True,camera,traffic_light,False,,False,0.0
27.100000000000115,solo,30.0,0,122.05203921538913,False,122.05203921538913,False,,False,122.05203921538913,True,camera,traffic_light,False,,False,0.0
27.200000000000117,solo,30.0,0,120.71091921538914,False,120.71091921538914,False,,False,120.71091921538914,True,camera,traffic_light,False,,False,0.0
27.300000000000118,solo,30.0,0,119.36979921538915,False,119.36979921538915,False,,False,119.36979921538915,True,camera,traffic_light,False,,False,0.0
27.40000000000012,solo,30.0,0,118.02867921538916,False,118.02867921538916,False,,False,118.02867921538916,True,camera,traffic_light,False,,False,0.0
27.50000000000012,solo,30.0,0,116.68755921538917,False,116.68755921538917,False,,False,116.68755921538917,True,camera,traffic_light,False,,False,0.0
27.600000000000122,solo,30.0,0,115.34643921538918,False,115.34643921538918,False,,False,115.34643921538918,True,camera,traffic_light,False,,False,0.0
27.700000000000124,solo,30.0,0,114.00531921538919,False,114.00531921538919,False,,False,114.00531921538919,True,camera,traffic_light,False,,False,0.0
27.800000000000125,solo,30.0,0,112.6641992153892,False,112.6641992153892,False,,False,112.6641992153892,True,camera,traffic_light,False,,False,0.0
27.900000000000126,solo,30.0,0,111.32307921538921,False,111.32307921538921,False,,False,111.32307921538921,True,camera,traffic_light,False,,False,0.0
28.000000000000128,solo,30.0,0,109.98195921538922,False,109.98195921538922,False,,False,109.98195921538922,True,camera,traffic_light,False,,False,0.0
28.10000000000013,solo,30.0,0,108.64083921538924,False,108.64083921538924,False,,False,108.64083921538924,True,camera,traffic_light,False,,False,0.0
28.20000000000013,solo,30.0,0,107.29971921538925,False,107.29971921538925,False,,False,107.29971921538925,True,camera,traffic_light,False,,False,0.0
28.300000000000132,solo,30.0,0,105.95859921538926,False,105.95859921538926,False,,False,105.95859921538926,True,camera,traffic_light,False,,False,0.0
28.400000000000134,solo,30.0,0,104.61747921538927,False,104.61747921538927,False,,False,104.61747921538927,True,camera,traffic_light,False,,False,0.0
28.500000000000135,solo,30.0,0,103.27635921538928,False,103.27635921538928,False,,False,103.27635921538928,True,camera,traffic_light,False,,False,0.0
28.600000000000136,solo,30.0,0,101.93523921538929,False,101.93523921538929,False,,False,101.93523921538929,True,camera,traffic_light,False,,False,0.0
28.700000000000138,solo,30.0,0,100.5941192153893,False,100.5941192153893,False,,False,100.5941192153893,True,camera,traffic_light,False,,False,0.0
28.80000000000014,solo,30.0,0,99.25299921538931,False,99.25299921538931,False,,False,99.25299921538931,True,camera,traffic_light,False,,False,0.0
28.90000000000014,solo,30.0,0,97.91187921538932,False,97.91187921538932,False,,False,97.91187921538932,True,camera,traffic_light,False,,False,0.0
29.000000000000142,solo,30.0,0,96.57075921538933,False,96.57075921538933,False,,False,96.57075921538933,True,camera,traffic_light,False,,False,0.0
29.100000000000144,solo,30.0,0,95.22963921538934,False,95.22963921538934,False,,False,95.22963921538934,True,camera,traffic_light,False,,False,0.0
29.200000000000145,solo,30.0,0,93.88851921538935,False,93.88851921538935,False,,False,93.88851921538935,True,camera,traffic_light,False,,False,0.0
29.300000000000146,solo,30.0,0,92.54739921538936,False,92.54739921538936,False,,False,92.54739921538936,True,camera,traffic_light,False,,False,0.0
29.400000000000148,solo,30.0,0,91.20627921538937,False,91.20627921538937,False,,False,91.20627921538937,True,camera,traffic_light,False,,False,0.0
29.50000000000015,solo,30.0,0,89.86515921538938,False,89.86515921538938,False,,False,89.86515921538938,True,camera,traffic_light,False,,False,0.0
29.60000000000015,solo,30.0,0,88.5240392153894,False,88.5240392153894,False,,False,88.5240392153894,True,camera,traffic_light,False,,False,0.0
29.700000000000152,solo,30.0,0,87.1829192153894,False,87.1829192153894,False,,False,87.1829192153894,True,camera,traffic_light,False,,False,0.0
29.800000000000153,solo,30.0,0,85.84179921538941,False,85.84179921538941,False,,False,85.84179921538941,True,camera,traffic_light,False,,False,0.0
29.900000000000155,solo,30.0,0,84.50067921538943,False,84.50067921538943,False,,False,84.50067921538943,True,camera,traffic_light,False,,False,0.0
30.000000000000156,solo,30.0,0,83.15955921538944,False,83.15955921538944,False,,False,83.15955921538944,True,camera,traffic_light,False,,False,0.0
30.100000000000158,solo,30.0,0,81.81843921538945,False,81.81843921538945,False,,False,81.81843921538945,True,camera,traffic_light,False,,False,0.0
30.20000000000016,solo,30.0,0,80.47731921538946,False,80.47731921538946,False,,False,80.47731921538946,True,camera,traffic_light,False,,False,0.0
30.30000000000016,solo,30.0,0,79.13619921538947,False,79.13619921538947,False,79.13619921538947,False,79.13619921538947,True,camera,traffic_light,False,,False,0.0
30.400000000000162,solo,30.0,0,77.79507921538948,False,77.79507921538948,False,77.79507921538948,False,77.79507921538948,True,camera,traffic_light,False,,False,0.0
30.500000000000163,solo,30.0,0,76.45395921538949,False,76.45395921538949,False,76.45395921538949,False,76.45395921538949,True,camera,traffic_light,False,,False,0.0
30.600000000000165,solo,30.0,0,75.1128392153895,False,75.1128392153895,False,75.1128392153895,False,75.1128392153895,True,camera,traffic_light,False,,False,0.0
30.700000000000166,solo,30.0,0,73.77171921538951,False,73.77171921538951,False,73.77171921538951,False,73.77171921538951,True,camera,traffic_light,False,,False,0.0
30.800000000000168,solo,30.0,0,72.43059921538952,False,72.43059921538952,False,72.43059921538952,False,72.43059921538952,True,camera,traffic_light,False,,False,0.0
30.90000000000017,solo,30.0,0,71.08947921538953,False,71.08947921538953,False,71.08947921538953,False,71.08947921538953,True,camera,traffic_light,False,,False,0.0
31.00000000000017,solo,30.0,0,69.74835921538954,False,69.74835921538954,False,69.74835921538954,False,69.74835921538954,True,camera,traffic_light,False,,False,0.0
31.100000000000172,solo,30.0,0,68.40723921538955,False,68.40723921538955,False,68.40723921538955,False,68.40723921538955,True,camera,traffic_light,False,,False,0.0
31.200000000000173,solo,30.0,0,67.06611921538956,False,67.06611921538956,False,67.06611921538956,False,67.06611921538956,True,camera,traffic_light,False,,False,0.0
31.300000000000175,solo,30.0,0,65.72499921538957,False,65.72499921538957,False,65.72499921538957,False,65.72499921538957,True,camera,traffic_light,False,,False,0.0
31.400000000000176,solo,30.0,0,64.38387921538958,False,64.38387921538958,False,64.38387921538958,False,64.38387921538958,True,camera,traffic_light,False,,False,0.0
31.500000000000178,solo,30.0,0,63.042759215389594,False,63.042759215389594,False,63.042759215389594,False,63.042759215389594,True,camera,traffic_light,False,,False,0.0
31.60000000000018,solo,30.0,0,61.701639215389605,False,61.701639215389605,False,61.701639215389605,False,61.701639215389605,True,camera,traffic_light,False,,False,0.0
31.70000000000018,solo,30.0,0,60.360519215389616,False,60.360519215389616,False,60.360519215389616,False,60.360519215389616,True,camera,traffic_light,False,,False,0.0
31.800000000000182,solo,30.0,0,59.019399215389626,False,59.019399215389626,False,59.019399215389626,False,59.019399215389626,True,camera,traffic_light,False,,False,0.0
31.900000000000183,solo,30.0,0,57.67827921538964,False,57.67827921538964,False,57.67827921538964,False,57.67827921538964,True,camera,traffic_light,False,,False,0.0
32.000000000000185,solo,30.0,0,54.83715921538965,False,54.83715921538965,False,54.83715921538965,False,54.83715921538965,True,camera,vehicle,False,,False,0.0
32.100000000000186,solo,30.0,0,54.39011921538963,False,54.39011921538963,False,54.39011921538963,False,54.39011921538963,True,camera,vehicle,False,,False,0.0
32.20000000000019,solo,30.0,0,53.943079215389616,False,53.943079215389616,False,53.943079215389616,False,53.943079215389616,True,camera,vehicle,False,,False,0.0
32.30000000000019,solo,30.0,0,53.4960392153896,False,53.4960392153896,False,53.4960392153896,False,53.4960392153896,True,camera,vehicle,False,,False,0.0
32.40000000000019,solo,30.0,0,53.048999215389586,False,53.048999215389586,False,53.048999215389586,False,53.048999215389586,True,camera,vehicle,False,,False,0.0
32.50000000000019,solo,30.0,0,52.60195921538957,False,52.60195921538957,False,52.60195921538957,False,52.60195921538957,True,camera,vehicle,False,,False,0.0
32.60000000000019,solo,30.0,0,52.154919215389555,False,52.154919215389555,False,52.154919215389555,False,52.154919215389555,True,camera,vehicle,False,,False,0.0
32.700000000000195,solo,30.0,0,51.70787921538954,False,51.70787921538954,False,51.70787921538954,False,51.70787921538954,True,camera,vehicle,False,,False,0.0
32.800000000000196,solo,30.0,0,51.260839215389524,False,51.260839215389524,False,51.260839215389524,False,51.260839215389524,True,camera,vehicle,False,,False,0.0
32.9000000000002,solo,30.0,0,50.81379921538951,False,50.81379921538951,False,50.81379921538951,False,50.81379921538951,True,camera,vehicle,False,,False,0.0
33.0000000000002,solo,30.0,0,50.36675921538949,False,50.36675921538949,False,50.36675921538949,False,50.36675921538949,True,camera,vehicle,False,,False,0.0
33.1000000000002,solo,30.0,0,49.91971921538948,False,49.91971921538948,False,49.91971921538948,False,49.91971921538948,True,camera,vehicle,False,,False,0.0
33.2000000000002,solo,30.0,0,49.47267921538946,False,49.47267921538946,False,49.47267921538946,False,49.47267921538946,True,camera,vehicle,False,,False,0.0
33.3000000000002,solo,30.0,0,49.02563921538945,False,49.02563921538945,False,49.02563921538945,False,49.02563921538945,True,camera,vehicle,False,,False,0.0
33.400000000000205,solo,30.0,0,48.57859921538943,False,48.57859921538943,False,48.57859921538943,False,48.57859921538943,True,camera,vehicle,False,,False,0.0
33.500000000000206,solo,30.0,0,48.131559215389416,False,48.131559215389416,False,48.131559215389416,False,48.131559215389416,True,camera,vehicle,False,,False,0.0
33.60000000000021,solo,30.0,0,47.6845192153894,False,47.6845192153894,False,47.6845192153894,False,47.6845192153894,True,camera,vehicle,False,,False,0.0
33.70000000000021,solo,30.0,0,47.237479215389385,False,47.237479215389385,False,47.237479215389385,False,47.237479215389385,True,camera,vehicle,False,,False,0.0
33.80000000000021,solo,30.0,0,46.79043921538937,False,46.79043921538937,False,46.79043921538937,False,46.79043921538937,True,camera,vehicle,False,,False,0.0
33.90000000000021,solo,30.0,0,46.343399215389354,False,46.343399215389354,False,46.343399215389354,False,46.343399215389354,True,camera,vehicle,False,,False,0.0
34.00000000000021,solo,30.0,0,45.89635921538934,False,45.89635921538934,False,45.89635921538934,False,45.89635921538934,True,camera,vehicle,False,,False,0.0
34.100000000000215,solo,30.0,0,45.44931921538932,False,45.44931921538932,False,45.44931921538932,False,45.44931921538932,True,camera,vehicle,False,,False,0.0
34.200000000000216,solo,30.0,0,45.00227921538931,False,45.00227921538931,False,45.00227921538931,False,45.00227921538931,True,camera,vehicle,False,,False,0.0
34.30000000000022,solo,30.0,0,44.55523921538929,False,44.55523921538929,False,44.55523921538929,False,44.55523921538929,True,camera,vehicle,False,,False,0.0
34.40000000000022,solo,30.0,0,44.10819921538928,False,44.10819921538928,False,44.10819921538928,False,44.10819921538928,True,camera,vehicle,False,,False,0.0
34.50000000000022,solo,30.0,0,43.66115921538926,False,43.66115921538926,False,43.66115921538926,False,43.66115921538926,True,camera,vehicle,False,,False,0.0
34.60000000000022,solo,30.0,0,43.214119215389246,False,43.214119215389246,False,43.214119215389246,False,43.214119215389246,True,camera,vehicle,False,,False,0.0
34.70000000000022,solo,30.0,0,42.76707921538923,False,42.76707921538923,False,42.76707921538923,False,42.76707921538923,True,camera,vehicle,False,,False,0.0
34.800000000000225,solo,30.0,0,42.32003921538927,False,42.32003921538927,False,42.32003921538927,False,42.32003921538927,True,camera,vehicle,False,,False,0.0
34.900000000000226,solo,30.0,0,41.872999215389314,False,41.872999215389314,False,41.872999215389314,False,41.872999215389314,True,camera,vehicle,False,,False,0.0
35.00000000000023,solo,30.0,0,41.425959215389355,False,41.425959215389355,False,41.425959215389355,False,41.425959215389355,True,camera,vehicle,False,,False,0.0
35.10000000000023,solo,30.0,0,40.978919215389396,False,40.978919215389396,False,40.978919215389396,False,40.978919215389396,True,camera,vehicle,False,,False,0.0
35.20000000000023,solo,30.0,0,40.53187921538944,False,40.53187921538944,False,40.53187921538944,False,40.53187921538944,True,camera,vehicle,False,,False,0.0
35.30000000000023,solo,30.0,0,40.08483921538948,False,40.08483921538948,False,40.08483921538948,False,40.08483921538948,True,camera,vehicle,False,,False,0.0
35.40000000000023,solo,30.0,0,39.63779921538952,False,39.63779921538952,False,39.63779921538952,False,39.63779921538952,True,camera,vehicle,False,,False,0.0
35.500000000000234,solo,30.0,0,39.19075921538956,False,39.19075921538956,False,39.19075921538956,False,39.19075921538956,True,camera,vehicle,False,,False,0.0
35.600000000000236,solo,30.0,0,38.7437192153896,False,38.7437192153896,False,38.7437192153896,False,38.7437192153896,True,camera,vehicle,False,,False,0.0
35.70000000000024,solo,30.0,0,38.296679215389645,False,38.296679215389645,False,38.296679215389645,False,38.296679215389645,True,camera,vehicle,False,,False,0.0
35.80000000000024,solo,30.0,0,37.849639215389686,False,37.849639215389686,False,37.849639215389686,False,37.849639215389686,True,camera,vehicle,False,,False,0.0
35.90000000000024,solo,30.0,0,37.40259921538973,False,37.40259921538973,False,37.40259921538973,False,37.40259921538973,True,camera,vehicle,False,,False,0.0
36.00000000000024,solo,30.0,0,36.95555921538977,False,36.95555921538977,False,36.95555921538977,False,36.95555921538977,True,camera,vehicle,False,,False,0.0
36.10000000000024,solo,30.0,0,36.50851921538981,False,36.50851921538981,False,36.50851921538981,False,36.50851921538981,True,camera,vehicle,False,,False,0.0
36.200000000000244,solo,30.0,0,36.06147921538985,False,36.06147921538985,False,36.06147921538985,False,36.06147921538985,True,camera,vehicle,False,,False,0.0
36.300000000000246,solo,29.99021555929802,0,35.61465791720843,False,35.61465791720843,False,35.61465791720843,False,35.61465791720843,True,camera,vehicle,False,,False,0.0
36.40000000000025,solo,29.955709127519278,0,35.1688266086087,False,35.1688266086087,False,35.1688266086087,False,35.1688266086087,True,camera,vehicle,False,,False,0.0
36.50000000000025,solo,29.899033651989605,0,34.72503339800113,False,34.72503339800113,False,34.72503339800113,False,34.72503339800113,True,camera,vehicle,False,,False,0.0
36.60000000000025,solo,29.82245352253178,0,34.284218716676264,False,34.284218716676264,False,34.284218716676264,False,34.284218716676264,True,camera,vehicle,False,,False,0.0
36.70000000000025,solo,29.727993567453616,0,33.84722712332092,False,33.84722712332092,False,33.84722712332092,False,33.84722712332092,True,camera,vehicle,False,,False,0.0
36.80000000000025,solo,29.617477844044043,0,33.41481714633113,False,33.41481714633113,False,33.41481714633113,False,33.41481714633113,True,camera,vehicle,False,,False,0.0
36.900000000000254,solo,29.492560649481323,0,32.98766956592391,False,32.98766956592391,False,32.98766956592391,False,32.98766956592391,True,camera,vehicle,False,,False,0.0
37.000000000000256,solo,29.35475152135879,0,32.56639444428134,False,32.56639444428134,False,32.56639444428134,False,32.56639444428134,True,camera,vehicle,False,,False,0.0
37.10000000000026,solo,29.205435537194045,0,32.15153714314857,False,32.15153714314857,False,32.15153714314857,False,32.15153714314857,True,camera,vehicle,False,,False,0.0
37.20000000000026,solo,29.045889895156694,0,31.743583517084687,False,31.743583517084687,False,31.743583517084687,False,31.743583517084687,True,camera,vehicle,False,,False,0.0
37.30000000000026,solo,28.877297522186147,0,31.342964431932273,False,31.342964431932273,False,31.342964431932273,False,31.342964431932273,True,camera,vehicle,False,,False,0.0
37.40000000000026,solo,28.700758283123353,0,30.950059728572,False,30.950059728572,False,30.950059728572,False,30.950059728572,True,camera,vehicle,False,,False,0.0
37.50000000000026,solo,28.51729823689756,0,30.56520172923655,False,30.56520172923655,False,30.56520172923655,False,30.56520172923655,True,camera,vehicle,False,,False,0.0
37.600000000000264,solo,28.327877290498257,0,30.188678365848205,False,30.188678365848205,False,30.188678365848205,False,30.188678365848205,True,camera,vehicle,False,,False,0.0
37.700000000000266,solo,28.1333955296041,0,29.820735995773305,False,29.820735995773305,False,29.820735995773305,False,29.820735995773305,True,camera,vehicle,False,,False,0.0
37.80000000000027,solo,27.934698450122216,0,29.46158195913847,False,29.46158195913847,False,29.46158195913847,False,29.46158195913847,True,camera,vehicle,False,,False,0.0
37.90000000000027,solo,27.73258127307323,0,29.111386922765632,False,29.111386922765632,False,29.111386922765632,False,29.111386922765632,True,camera,vehicle,False,,False,0.0
38.00000000000027,solo,27.527792493027786,0,28.77028704834578,False,28.77028704834578,False,28.77028704834578,False,28.77028704834578,True,camera,vehicle,False,,False,0.0
38.10000000000027,solo,27.321036785302862,0,28.438386016316542,False,28.438386016316542,False,28.438386016316542,False,28.438386016316542,True,camera,vehicle,False,,False,0.0
38.20000000000027,solo,27.112977377611386,0,28.115756931747114,False,28.115756931747114,False,28.115756931747114,False,28.115756931747114,True,camera,vehicle,False,,False,0.0
38.300000000000274,solo,26.90423797650938,0,27.80244413415187,False,27.80244413415187,False,27.80244413415187,False,27.80244413415187,True,camera,vehicle,False,,False,0.0
38.400000000000276,solo,26.695404326798577,0,27.49846492938832,False,27.49846492938832,False,27.49846492938832,False,27.49846492938832,True,camera,vehicle,False,,False,0.0
38.50000000000028,solo,26.487025472245534,0,27.20381125852009,False,27.20381125852009,False,27.20381125852009,False,27.20381125852009,True,camera,vehicle,False,,False,0.0
38.60000000000028,solo,26.279614777969034,0,26.918451315647303,False,26.918451315647303,False,26.918451315647303,False,26.918451315647303,True,camera,vehicle,False,,False,0.0
38.70000000000028,solo,26.073650768154042,0,26.642331124160364,False,26.642331124160364,False,26.642331124160364,False,26.642331124160364,True,camera,vehicle,False,,False,0.0
38.80000000000028,solo,25.869577827001002,0,26.375376078601448,False,26.375376078601448,False,26.375376078601448,False,26.375376078601448,True,camera,vehicle,False,,False,0.0
38.90000000000028,solo,25.667806805723547,0,26.117492457290837,False,26.117492457290837,False,26.117492457290837,False,26.117492457290837,True,camera,vehicle,False,,False,0.0
39.000000000000284,solo,25.46871557374059,0,25.86856890906506,False,25.86856890906506,False,25.86856890906506,False,25.86856890906506,True,camera,vehicle,False,,False,0.0
39.100000000000286,solo,25.272649547801173,0,25.628477915868416,False,25.628477915868416,False,25.628477915868416,False,25.628477915868416,True,camera,vehicle,False,,False,0.0
39.20000000000029,solo,25.0799222285114,0,25.39707723152435,False,25.39707723152435,False,25.39707723152435,False,25.39707723152435,True,camera,vehicle,False,,False,0.0
39.30000000000029,solo,24.890815769522945,0,25.17421129579236,False,25.17421129579236,False,25.17421129579236,False,25.17421129579236,True,camera,vehicle,False,,False,0.0
39.40000000000029,solo,24.70558160045075,0,24.95971262177875,False,24.95971262177875,False,24.95971262177875,False,24.95971262177875,True,camera,vehicle,False,,False,0.0
39.50000000000029,solo,24.524441120402766,0,24.75340315392225,False,24.75340315392225,False,24.75340315392225,False,24.75340315392225,True,camera,vehicle,False,,False,0.0
39.60000000000029,solo,24.34758647484548,0,24.555095593113265,False,24.555095593113265,False,24.555095593113265,False,24.555095593113265,True,camera,vehicle,False,,False,0.0
39.700000000000294,solo,24.17518142443427,0,24.364594685028578,False,24.364594685028578,False,24.364594685028578,False,24.364594685028578,True,camera,vehicle,False,,False,0.0
39.800000000000296,solo,24.00736231046372,0,24.181698467466163,False,24.181698467466163,False,24.181698467466163,False,24.181698467466163,True,camera,vehicle,False,,False,0.0
39.9000000000003,solo,23.844239117806804,0,24.00619947234145,False,24.00619947234145,False,24.00619947234145,False,24.00619947234145,True,camera,vehicle,False,,False,0.0
40.0000000000003,solo,23.685896632684262,0,23.83788587804645,False,23.83788587804645,False,23.83788587804645,False,23.83788587804645,True,camera,vehicle,False,,False,0.0
40.1000000000003,solo,23.532395689408073,0,23.676542608063073,False,23.676542608063073,False,23.676542608063073,False,23.676542608063073,True,camera,vehicle,False,,False,0.0
40.2000000000003,solo,23.38377449743883,0,23.521952372046712,False,23.521952372046712,False,23.521952372046712,False,23.521952372046712,True,camera,vehicle,False,,False,0.0
40.3000000000003,solo,23.240050037740836,0,23.373896646036428,False,23.373896646036428,False,23.373896646036428,False,23.373896646036428,True,camera,vehicle,False,,False,0.0
40.400000000000304,solo,23.10121951554896,0,23.232156588981297,False,23.232156588981297,False,23.232156588981297,False,23.232156588981297,True,camera,vehicle,False,,False,0.0
40.500000000000306,solo,22.967261855300695,0,23.09651389338012,False,23.09651389338012,False,23.09651389338012,False,23.09651389338012,True,camera,vehicle,False,,False,0.0
40.60000000000031,solo,22.83813922263967,0,22.966751568486075,False,22.966751568486075,False,22.966751568486075,False,22.966751568486075,True,camera,vehicle,False,,False,0.0
40.70000000000031,solo,22.71379855804915,0,22.842654655212186,False,22.842654655212186,False,22.842654655212186,False,22.842654655212186,True,camera,vehicle,False,,False,0.0
40.80000000000031,solo,22.594173106796323,0,22.724010872559575,False,22.724010872559575,False,22.724010872559575,False,22.724010872559575,True,camera,vehicle,False,,False,0.0
40.90000000000031,solo,22.479183930414617,0,22.610611196063815,False,22.610611196063815,False,22.610611196063815,False,22.610611196063815,True,camera,vehicle,False,,False,0.0
41.00000000000031,solo,22.3687413858665,0,22.502250369394346,False,22.502250369394346,False,22.502250369394346,False,22.502250369394346,True,camera,vehicle,False,,False,0.0
41.100000000000314,solo,22.262746559747885,0,22.39872735083395,False,22.39872735083395,False,22.39872735083395,False,22.39872735083395,True,camera,vehicle,False,,False,0.0
41.200000000000315,solo,22.16109264634845,0,22.299845696899297,False,22.299845696899297,False,22.299845696899297,False,22.299845696899297,True,camera,vehicle,False,,False,0.0
41.30000000000032,solo,22.063666259999565,0,22.20541388582467,False,22.20541388582467,False,22.20541388582467,False,22.20541388582467,True,camera,vehicle,False,,False,0.0
41.40000000000032,solo,21.970348673854325,0,22.115245584023228,False,22.115245584023228,False,22.115245584023228,False,22.115245584023228,True,camera,vehicle,False,,False,0.0
41.50000000000032,solo,21.881016978989173,0,22.029159858950948,False,22.029159858950948,False,22.029159858950948,False,22.029159858950948,True,camera,vehicle,False,,False,0.0
41.60000000000032,solo,21.79554515943675,0,21.946981342032927,False,21.946981342032927,False,21.946981342032927,False,21.946981342032927,True,camera,vehicle,False,,False,0.0
41.70000000000032,solo,21.713805080406452,0,21.868540345471956,False,21.868540345471956,False,21.868540345471956,False,21.868540345471956,True,camera,vehicle,False,,False,0.0
41.800000000000324,solo,21.635667388483736,0,21.793672936847315,False,21.793672936847315,False,21.793672936847315,False,21.793672936847315,True,camera,vehicle,False,,False,0.0
41.900000000000325,solo,21.56100232399159,0,21.722220975434084,False,21.722220975434084,False,21.722220975434084,False,21.722220975434084,True,camera,vehicle,False,,False,0.0
42.00000000000033,solo,21.489680446927363,0,21.654032114138545,False,21.654032114138545,False,21.654032114138545,False,21.654032114138545,True,camera,vehicle,False,,False,0.0
42.10000000000033,solo,21.421573278943626,0,21.588959770857855,False,21.588959770857855,False,21.588959770857855,False,21.588959770857855,True,camera,vehicle,False,,False,0.0
42.20000000000033,solo,21.35655386471863,0,21.526863072942774,False,21.526863072942774,False,21.526863072942774,False,21.526863072942774,True,camera,vehicle,False,,False,0.0
42.30000000000033,solo,21.294497256762874,0,21.467606778275467,False,21.467606778275467,False,21.467606778275467,False,21.467606778275467,True,camera,vehicle,False,,False,0.0
42.40000000000033,solo,21.235280928240357,0,21.411061176284306,False,21.411061176284306,False,21.411061176284306,False,21.411061176284306,True,camera,vehicle,False,,False,0.0
42.500000000000334,solo,21.1787851187592,0,21.35710197200183,False,21.35710197200183,False,21.35710197200183,False,21.35710197200183,True,camera,vehicle,False,,False,0.0
42.600000000000335,solo,21.12489311831976,0,21.30561015604667,False,21.30561015604667,False,21.30561015604667,False,21.30561015604667,True,camera,vehicle,False,,False,0.0
42.70000000000034,solo,21.073491494716688,0,21.256471863176102,False,21.256471863176102,False,21.256471863176102,False,21.256471863176102,True,camera,vehicle,False,,False,0.0
42.80000000000034,solo,21.024470269691356,0,21.209578221818106,False,21.209578221818106,False,21.209578221818106,False,21.209578221818106,True,camera,vehicle,False,,False,0.0
42.90000000000034,solo,20.97772304904022,0,21.164825196757874,False,21.164825196757874,False,21.164825196757874,False,21.164825196757874,True,camera,vehicle,False,,False,0.0
43.00000000000034,solo,20.93314711172004,0,21.122113426924557,False,21.122113426924557,False,21.122113426924557,False,21.122113426924557,True,camera,vehicle,False,,False,0.0
43.10000000000034,solo,20.890643462768026,0,21.08134806000362,False,21.08134806000362,False,21.08134806000362,False,21.08134806000362,True,camera,vehicle,False,,False,0.0
43.200000000000344,solo,20.850116854588837,0,21.042438585390073,False,21.042438585390073,False,21.042438585390073,False,21.042438585390073,True,camera,vehicle,False,,False,0.0
43.300000000000345,solo,20.811475780863386,0,21.005298666802446,False,21.005298666802446,False,21.005298666802446,False,21.005298666802446,True,camera,vehicle,False,,False,0.0
43.40000000000035,solo,20.77463244701858,0,20.969845975692806,False,20.969845975692806,False,20.969845975692806,False,20.969845975692806,True,camera,vehicle,False,,False,0.0
43.50000000000035,solo,20.739502720871602,0,20.93600202642017,False,20.93600202642017,False,20.93600202642017,False,20.93600202642017,True,camera,vehicle,False,,False,0.0
43.60000000000035,solo,20.706006066735473,0,20.903692013999603,False,20.903692013999603,False,20.903692013999603,False,20.903692013999603,True,camera,vehicle,False,,False,0.0
43.70000000000035,solo,20.674065465950708,0,20.872844655101062,False,20.872844655101062,False,20.872844655101062,False,20.872844655101062,True,camera,vehicle,False,,False,0.0
43.80000000000035,solo,20.643607326496678,0,20.84339203284435,False,20.84339203284435,False,20.84339203284435,False,20.84339203284435,True,camera,vehicle,False,,False,0.0
43.900000000000354,solo,20.614561384038662,0,20.815269445826516,False,20.815269445826516,False,20.815269445826516,False,20.815269445826516,True,camera,vehicle,False,,False,0.0
44.000000000000355,solo,20.586860596486545,0,20.788415261717887,False,20.788415261717887,False,20.788415261717887,False,20.788415261717887,True,camera,vehicle,False,,False,0.0
44.10000000000036,solo,20.560441033879414,0,20.762770775676017,False,20.762770775676017,False,20.762770775676017,False,20.762770775676017,True,camera,vehicle,False,,False,0.0
44.20000000000036,solo,20.535241765169104,0,20.738280073751753,False,20.738280073751753,False,20.738280073751753,False,20.738280073751753,True,camera,vehicle,False,,False,0.0
44.30000000000036,solo,20.51120474325461,0,20.71488990139551,False,20.71488990139551,False,20.71488990139551,False,20.71488990139551,True,camera,vehicle,False,,False,0.0
44.40000000000036,solo,20.48827468941859,0,20.692549537116406,False,20.692549537116406,False,20.692549537116406,False,20.692549537116406,True,camera,vehicle,False,,False,0.0
44.50000000000036,solo,20.466398978136453,0,20.671210671299264,False,20.671210671299264,False,20.671210671299264,False,20.671210671299264,True,camera,vehicle,False,,False,0.0
44.600000000000364,solo,20.445527523066836,0,20.650827290144434,False,20.650827290144434,False,20.650827290144434,False,20.650827290144434,True,camera,vehicle,False,,False,0.0
44.700000000000365,solo,20.425612664888575,0,20.631355564663295,False,20.631355564663295,False,20.631355564663295,False,20.631355564663295,True,camera,vehicle,False,,False,0.0
44.80000000000037,solo,20.406609061522747,0,20.612753744634574,False,20.612753744634574,False,20.612753744634574,False,20.612753744634574,True,camera,vehicle,False,,False,0.0
44.90000000000037,solo,20.388473581167354,0,20.59498205740522,False,20.59498205740522,False,20.59498205740522,False,20.59498205740522,True,camera,vehicle,False,,False,0.0
45.00000000000037,solo,20.371165198475573,0,20.578002611402667,False,20.578002611402667,False,20.578002611402667,False,20.578002611402667,True,camera,vehicle,False,,False,0.0
45.10000000000037,solo,20.35464489412525,0,20.561779304212905,False,20.561779304212905,False,20.561779304212905,False,20.561779304212905,True,camera,vehicle,False,,False,0.0
45.20000000000037,solo,20.338875557955607,0,20.546277735067974,False,20.546277735067974,False,20.546277735067974,False,20.546277735067974,True,camera,vehicle,False,,False,0.0
45.300000000000374,solo,20.323821895786295,0,20.53146512158196,False,20.53146512158196,False,20.53146512158196,False,20.53146512158196,True,camera,vehicle,False,,False,0.0
45.400000000000375,solo,20.30945033998253,0,20.517310220568106,False,20.517310220568106,False,20.517310220568106,False,20.517310220568106,True,camera,vehicle,False,,False,0.0
45.50000000000038,solo,20.29572896378692,0,20.50378325277029,False,20.50378325277029,False,20.50378325277029,False,20.50378325277029,True,camera,vehicle,False,,False,0.0
45.60000000000038,solo,20.282627399403044,0,20.490855831340355,False,20.490855831340355,False,20.490855831340355,False,20.490855831340355,True,camera,vehicle,False,,False,0.0
45.70000000000038,solo,20.270116759786788,0,20.478500893894193,False,20.478500893894193,False,20.478500893894193,False,20.478500893894193,True,camera,vehicle,False,,False,0.0
45.80000000000038,solo,20.25816956407774,0,20.466692637983215,False,20.466692637983215,False,20.466692637983215,False,20.466692637983215,True,camera,vehicle,False,,False,0.0
45.90000000000038,solo,20.24675966658448,0,20.455406459819528,False,20.455406459819528,False,20.455406459819528,False,20.455406459819528,True,camera,vehicle,False,,False,0.0
46.000000000000384,solo,20.23586218922313,0,20.44461889609852,False,20.44461889609852,False,20.44461889609852,False,20.44461889609852,True,camera,vehicle,False,,False,0.0
46.100000000000385,solo,20.22545345729757,0,20.434307568767508,False,20.434307568767508,False,20.434307568767508,False,20.434307568767508,True,camera,vehicle,False,,False,0.0
46.20000000000039,solo,20.215510938502113,0,20.424451132592594,False,20.424451132592594,False,20.424451132592594,False,20.424451132592594,True,camera,vehicle,False,,False,0.0
46.30000000000039,solo,20.20601318502188,0,20.41502922538359,False,20.41502922538359,False,20.41502922538359,False,20.41502922538359,True,camera,vehicle,False,,False,0.0
46.40000000000039,solo,20.196939778603298,0,20.40602242074067,False,20.40602242074067,False,20.40602242074067,False,20.40602242074067,True,camera,vehicle,False,,False,0.0
46.50000000000039,solo,20.18827127846561,0,20.39741218319307,False,20.39741218319307,False,20.39741218319307,False,20.39741218319307,True,camera,vehicle,False,,False,0.0
46.60000000000039,solo,20.179989171924408,0,20.38918082560599,False,20.38918082560599,False,20.38918082560599,False,20.38918082560599,True,camera,vehicle,False,,False,0.0
46.700000000000394,solo,20.172075827599638,0,20.381311468736612,False,20.381311468736612,False,20.381311468736612,False,20.381311468736612,True,camera,vehicle,False,,False,0.0
46.800000000000395,solo,20.164514451082564,0,20.373788002827496,False,20.373788002827496,False,20.373788002827496,False,20.373788002827496,True,camera,vehicle,False,,False,0.0
46.9000000000004,solo,20.157289042939276,0,20.36659505112914,False,20.36659505112914,False,20.36659505112914,False,20.36659505112914,True,camera,vehicle,False,,False,0.0
47.0000000000004,solo,20.150384358931905,0,20.3597179352505,False,20.3597179352505,False,20.3597179352505,False,20.3597179352505,True,camera,vehicle,False,,False,0.0
47.1000000000004,solo,20.143785872342548,0,20.353142642241096,False,20.353142642241096,False,20.353142642241096,False,20.353142642241096,True,camera,vehicle,False,,False,0.0
47.2000000000004,solo,20.13747973828935,0,20.34685579331233,False,20.34685579331233,False,20.34685579331233,False,20.34685579331233,True,camera,vehicle,False,,False,0.0
47.3000000000004,solo,20.131452759928518,0,20.340844614112143,False,20.340844614112143,False,20.340844614112143,False,20.340844614112143,True,camera,vehicle,False,,False,0.0
47.400000000000404,solo,20.125692356440705,0,20.335096906471108,False,20.335096906471108,False,20.335096906471108,False,20.335096906471108,True,camera,vehicle,False,,False,0.0
47.500000000000405,solo,20.120186532704952,0,20.329601021540952,False,20.329601021540952,False,20.329601021540952,False,20.329601021540952,True,camera,vehicle,False,,False,0.0
47.600000000000406,solo,20.114923850567713,0,20.324345834254018,False,20.324345834254018,False,20.324345834254018,False,20.324345834254018,True,camera,vehicle,False,,False,0.0
47.70000000000041,solo,20.10989340161942,0,20.319320719033158,False,20.319320719033158,False,20.319320719033158,False,20.319320719033158,True,camera,vehicle,False,,False,0.0
47.80000000000041,solo,20.105084781395284,0,20.314515526686478,False,20.314515526686478,False,20.314515526686478,False,20.314515526686478,True,camera,vehicle,False,,False,0.0
47.90000000000041,solo,20.10048806492149,0,20.309920562425646,False,20.309920562425646,False,20.309920562425646,False,20.309920562425646,True,camera,vehicle,False,,False,0.0
48.00000000000041,solo,20.096093783532204,0,20.30552656494899,False,20.30552656494899,False,20.30552656494899,False,20.30552656494899,True,camera,vehicle,False,,False,0.0
48.10000000000041,solo,20.091892902886837,0,20.301324686534144,False,20.301324686534144,False,20.301324686534144,False,20.301324686534144,True,camera,vehicle,False,,False,0.0
48.200000000000415,solo,20.08787680212099,0,20.297306474087804,False,20.297306474087804,False,20.297306474087804,False,20.297306474087804,True,camera,vehicle,False,,False,0.0
48.300000000000416,solo,20.08403725406817,0,20.293463851103866,False,20.293463851103866,False,20.293463851103866,False,20.293463851103866,True,camera,vehicle,False,,False,0.0
48.40000000000042,solo,20.080366406493013,0,20.289789100483063,False,20.289789100483063,False,20.289789100483063,False,20.289789100483063,True,camera,vehicle,False,,False,0.0
48.50000000000042,solo,20.07685676428016,0,20.286274848170024,False,20.286274848170024,False,20.286274848170024,False,20.286274848170024,True,camera,vehicle,False,,False,0.0
48.60000000000042,solo,20.073501172526047,0,20.282914047566578,False,20.282914047566578,False,20.282914047566578,False,20.282914047566578,True,camera,vehicle,False,,False,0.0
48.70000000000042,solo,20.07029280048409,0,20.279699964681868,False,20.279699964681868,False,20.279699964681868,False,20.279699964681868,True,camera,vehicle,False,,False,0.0
48.80000000000042,solo,20.06722512631651,0,20.276626163982087,False,20.276626163982087,False,20.276626163982087,False,20.276626163982087,True,camera,vehicle,False,,False,0.0
48.900000000000425,solo,20.064291922608838,0,20.273686494904496,False,20.273686494904496,False,20.273686494904496,False,20.273686494904496,True,camera,vehicle,False,,False,0.0
49.000000000000426,solo,20.061487242605626,0,20.270875079003645,False,20.270875079003645,False,20.270875079003645,False,20.270875079003645,True,camera,vehicle,False,,False,0.0
49.10000000000043,solo,20.058805407128496,0,20.268186297696843,False,20.268186297696843,False,20.268186297696843,False,20.268186297696843,True,camera,vehicle,False,,False,0.0
49.20000000000043,solo,20.056240992139692,0,20.26561478058045,False,20.26561478058045,False,20.26561478058045,False,20.26561478058045,True,camera,vehicle,False,,False,0.0
49.30000000000043,solo,20.053788816916683,0,20.263155394288447,False,20.263155394288447,False,20.263155394288447,False,20.263155394288447,True,camera,vehicle,False,,False,0.0
49.40000000000043,solo,20.051443932805178,0,20.260803231866703,False,20.260803231866703,False,20.260803231866703,False,20.260803231866703,True,camera,vehicle,False,,False,0.0
49.50000000000043,solo,20.049201612520026,0,20.258553602637676,False,20.258553602637676,False,20.258553602637676,False,20.258553602637676,True,camera,vehicle,False,,False,0.0
49.600000000000435,solo,20.047057339964987,0,20.256402022531802,False,20.256402022531802,False,20.256402022531802,False,20.256402022531802,True,camera,vehicle,False,,False,0.0
49.700000000000436,solo,20.04500680054428,0,20.254344204863173,False,20.254344204863173,False,20.254344204863173,False,20.254344204863173,True,camera,vehicle,False,,False,0.0
49.80000000000044,solo,20.043045871940198,0,20.25237605152779,False,20.25237605152779,False,20.25237605152779,False,20.25237605152779,True,camera,vehicle,False,,False,0.0
49.90000000000044,solo,20.041170615332717,0,20.250493644604262,False,20.250493644604262,False,20.250493644604262,False,20.250493644604262,True,camera,vehicle,False,,False,0.0
50.00000000000044,solo,20.039377267038176,0,20.248693238337523,False,20.248693238337523,False,20.248693238337523,False,20.248693238337523,True,camera,vehicle,False,,False,0.0
50.10000000000044,solo,20.037662230545656,0,20.246971251487594,False,20.246971251487594,False,20.246971251487594,False,20.246971251487594,True,camera,vehicle,False,,False,0.0
50.20000000000044,solo,20.036022068930677,0,20.245324260025768,False,20.245324260025768,False,20.245324260025768,False,20.245324260025768,True,camera,vehicle,False,,False,0.0
50.300000000000445,solo,20.03445349762712,0,20.24374899016209,False,20.24374899016209,False,20.24374899016209,False,20.24374899016209,True,camera,vehicle,False,,False,0.0
50.400000000000446,solo,20.03295337753929,0,20.242242311688415,False,20.242242311688415,False,20.242242311688415,False,20.242242311688415,True,camera,vehicle,False,,False,0.0
50.50000000000045,solo,20.03151870847704,0,20.240801231621845,False,20.240801231621845,False,20.240801231621845,False,20.240801231621845,True,camera,vehicle,False,,False,0.0
50.60000000000045,solo,20.030146622897803,0,20.239422888134982,False,20.239422888134982,False,20.239422888134982,False,20.239422888134982,True,camera,vehicle,False,,False,0.0
50.70000000000045,solo,20.02883437994029,0,20.238104544759608,False,20.238104544759608,False,20.238104544759608,False,20.238104544759608,True,camera,vehicle,False,,False,0.0
50.80000000000045,solo,20.02757935973544,0,20.236843584850362,False,20.236843584850362,False,20.236843584850362,False,20.236843584850362,True,camera,vehicle,False,,False,0.0
50.90000000000045,solo,20.026379057980982,0,20.23563750629762,False,20.23563750629762,False,20.23563750629762,False,20.23563750629762,True,camera,vehicle,False,,False,0.0
51.000000000000455,solo,20.025231080766677,0,20.234483916476393,False,20.234483916476393,False,20.234483916476393,False,20.234483916476393,True,camera,vehicle,False,,False,0.0
51.100000000000456,solo,20.02413313963802,0,20.2333805274219,False,20.2333805274219,False,20.2333805274219,False,20.2333805274219,True,camera,vehicle,False,,False,0.0
51.20000000000046,solo,20.023083046886875,0,20.23232515122072,False,20.23232515122072,False,20.23232515122072,False,20.23232515122072,True,camera,vehicle,False,,False,0.0
51.30000000000046,solo,20.02207871105799,0,20.231315695607123,False,20.231315695607123,False,20.231315695607123,False,20.231315695607123,True,camera,vehicle,False,,False,0.0
51.40000000000046,solo,20.02111813266113,0,20.230350159756313,False,20.230350159756313,False,20.230350159756313,False,20.230350159756313,True,camera,vehicle,False,,False,0.0
51.50000000000046,solo,20.02019940007884,0,20.229426630264584,False,20.229426630264584,False,20.229426630264584,False,20.229426630264584,True,camera,vehicle,False,,False,0.0
51.60000000000046,solo,20.019320685660627,0,20.228543277308177,False,20.228543277308177,False,20.228543277308177,False,20.228543277308177,True,camera,vehicle,False,,False,0.0
51.700000000000465,solo,20.01848024199456,0,20.22769835097324,False,20.22769835097324,False,20.22769835097324,False,20.22769835097324,True,camera,vehicle,False,,False,0.0
51.800000000000466,solo,20.01767639834803,0,20.226890177748373,False,20.226890177748373,False,20.226890177748373,False,20.226890177748373,True,camera,vehicle,False,,False,0.0
51.90000000000047,solo,20.016907557269636,0,20.22611715717244,False,20.22611715717244,False,20.22611715717244,False,20.22611715717244,True,camera,vehicle,False,,False,0.0
52.00000000000047,solo,20.01617219134454,0,20.225377758631453,False,20.225377758631453,False,20.225377758631453,False,20.225377758631453,True,camera,vehicle,False,,False,0.0
52.10000000000047,solo,20.015468840096204,0,20.22467051829676,False,20.22467051829676,False,20.22467051829676,False,20.22467051829676,True,camera,vehicle,False,,False,0.0
52.20000000000047,solo,20.014796107027653,0,20.223994036198633,False,20.223994036198633,False,20.223994036198633,False,20.223994036198633,True,camera,vehicle,False,,False,0.0
52.30000000000047,solo,20.014152656795684,0,20.22334697342967,False,20.22334697342967,False,20.22334697342967,False,20.22334697342967,True,camera,vehicle,False,,False,0.0
52.400000000000475,solo,20.013537212511988,0,20.222728049470902,False,20.222728049470902,False,20.222728049470902,False,20.222728049470902,True,camera,vehicle,False,,False,0.0
52.500000000000476,solo,20.012948553165163,0,20.222136039636553,False,20.222136039636553,False,20.222136039636553,False,20.222136039636553,True,camera,vehicle,False,,False,0.0
52.60000000000048,solo,20.01238551115817,0,20.2215697726308,False,20.2215697726308,False,20.2215697726308,False,20.2215697726308,True,camera,vehicle,False,,False,0.0
52.70000000000048,solo,20.01184696995575,0,20.221028128212993,False,20.221028128212993,False,20.221028128212993,False,20.221028128212993,True,camera,vehicle,False,,False,0.0
52.80000000000048,solo,20.011331861837007,0,20.220510034964832,False,20.220510034964832,False,20.220510034964832,False,20.220510034964832,True,camera,vehicle,False,,False,0.0
52.90000000000048,solo,20.010839165748024,0,20.22001446815625,False,20.22001446815625,False,20.22001446815625,False,20.22001446815625,True,camera,vehicle,False,,False,0.0
53.00000000000048,solo,20.010367905250224,0,20.2195404477053,False,20.2195404477053,False,20.2195404477053,False,20.2195404477053,True,camera,vehicle,False,,False,0.0
53.100000000000485,solo,20.00991714655993,0,20.21908703622728,False,20.21908703622728,False,20.21908703622728,False,20.21908703622728,True,camera,vehicle,False,,False,0.0
53.200000000000486,solo,20.009485996675046,0,20.218653337169712,False,20.218653337169712,False,20.218653337169712,False,20.218653337169712,True,camera,vehicle,False,,False,0.0
53.30000000000049,solo,20.00907360158489,0,20.21823849302939,False,20.21823849302939,False,20.21823849302939,False,20.21823849302939,True,camera,vehicle,False,,False,0.0
53.40000000000049,solo,20.0086791445594,0,20.217841683647634,False,20.217841683647634,False,20.217841683647634,False,20.217841683647634,True,camera,vehicle,False,,False,0.0
53.50000000000049,solo,20.00830184451416,0,20.217462124579924,False,20.217462124579924,False,20.217462124579924,False,20.217462124579924,True,camera,vehicle,False,,False,0.0
53.60000000000049,solo,20.007940954447758,0,20.21709906553758,False,20.21709906553758,False,20.21709906553758,False,20.21709906553758,True,camera,vehicle,False,,False,0.0
53.70000000000049,solo,20.007595759948266,0,20.216751788897454,False,20.216751788897454,False,20.216751788897454,False,20.216751788897454,True,camera,vehicle,False,,False,0.0
53.800000000000495,solo,20.007265577765747,0,20.21641960827685,False,20.21641960827685,False,20.21641960827685,False,20.21641960827685,True,camera,vehicle,False,,False,0.0
53.900000000000496,solo,20.006949754447728,0,20.216101867171233,False,20.216101867171233,False,20.216101867171233,False,20.216101867171233,True,camera,vehicle,False,,False,0.0
54.0000000000005,solo,20.00664766503497,0,20.21579793765102,False,20.21579793765102,False,20.21579793765102,False,20.21579793765102,True,camera,vehicle,False,,False,0.0
54.1000000000005,solo,20.00635871181467,0,20.215507219115693,False,20.215507219115693,False,20.215507219115693,False,20.215507219115693,True,camera,vehicle,False,,False,0.0
54.2000000000005,solo,20.006082323128624,0,20.21522913710271,False,20.21522913710271,False,20.21522913710271,False,20.21522913710271,True,camera,vehicle,False,,False,0.0
54.3000000000005,solo,20.00581795223389,0,20.214963142147894,False,20.214963142147894,False,20.214963142147894,False,20.214963142147894,True,camera,vehicle,False,,False,0.0
54.4000000000005,solo,20.005565076213554,0,20.214708708696094,False,20.214708708696094,False,20.214708708696094,False,20.214708708696094,True,camera,vehicle,False,,False,0.0
54.500000000000504,solo,20.00532319493543,0,20.214465334059355,False,20.214465334059355,False,20.214465334059355,False,20.214465334059355,True,camera,vehicle,False,,False,0.0
54.600000000000506,solo,20.005091830056518,0,20.2142325374208,False,20.2142325374208,False,20.2142325374208,False,20.2142325374208,True,camera,vehicle,False,,False,0.0
54.70000000000051,solo,20.004870524071247,0,20.214009858881354,False,20.214009858881354,False,20.214009858881354,False,20.214009858881354,True,camera,vehicle,False,,False,0.0
54.80000000000051,solo,20.004658839401426,0,20.213796858549017,False,20.213796858549017,False,20.213796858549017,False,20.213796858549017,True,camera,vehicle,False,,False,0.0
54.90000000000051,solo,20.00445635752621,0,20.213593115667322,False,20.213593115667322,False,20.213593115667322,False,20.213593115667322,True,camera,vehicle,False,,False,0.0
55.00000000000051,solo,20.00426267815021,0,20.21339822778191,False,20.21339822778191,False,20.21339822778191,False,20.21339822778191,True,camera,vehicle,False,,False,0.0
55.10000000000051,solo,20.004077418408066,0,20.213211809943687,False,20.213211809943687,False,20.213211809943687,False,20.213211809943687,True,camera,vehicle,False,,False,0.0
55.200000000000514,solo,20.00390021210394,0,20.21303349394657,False,20.21303349394657,False,20.21303349394657,False,20.21303349394657,True,camera,vehicle,False,,False,0.0
55.300000000000516,solo,20.00373070898425,0,20.212862927598394,False,20.212862927598394,False,20.212862927598394,False,20.212862927598394,True,camera,vehicle,False,,False,0.0
55.40000000000052,solo,20.003568574042326,0,20.21269977402426,False,20.21269977402426,False,20.21269977402426,False,20.21269977402426,True,camera,vehicle,False,,False,0.0
55.50000000000052,solo,20.0034134868535,0,20.21254371099917,False,20.21254371099917,False,20.21254371099917,False,20.21254371099917,True,camera,vehicle,False,,False,0.0
55.60000000000052,solo,20.003265140939256,0,20.212394430310724,False,20.212394430310724,False,20.212394430310724,False,20.212394430310724,True,camera,vehicle,False,,False,0.0
55.70000000000052,solo,20.003123243159237,0,20.212251637149393,False,20.212251637149393,False,20.212251637149393,False,20.212251637149393,True,camera,vehicle,False,,False,0.0
55.80000000000052,solo,20.002987513129877,0,20.21211504952487,False,20.21211504952487,False,20.21211504952487,False,20.21211504952487,True,camera,vehicle,False,,False,0.0
55.900000000000524,solo,20.002857682668363,0,20.21198439770842,False,20.21198439770842,False,20.21198439770842,False,20.21198439770842,True,camera,vehicle,False,,False,0.0
56.000000000000526,solo,20.00273349526099,0,20.211859423699366,False,20.211859423699366,False,20.211859423699366,False,20.211859423699366,True,camera,vehicle,False,,False,0.0
56.10000000000053,solo,20.0026147055547,0,20.21173988071473,False,20.21173988071473,False,20.21173988071473,False,20.21173988071473,True,camera,vehicle,False,,False,0.0
56.20000000000053,solo,20.00250107887086,0,20.211625532701305,False,20.211625532701305,False,20.211625532701305,False,20.211625532701305,True,camera,vehicle,False,,False,0.0
56.30000000000053,solo,20.00239239074029,0,20.211516153868615,False,20.211516153868615,False,20.211516153868615,False,20.211516153868615,True,camera,vehicle,False,,False,0.0
56.40000000000053,solo,20.00228842645855,0,20.211411528242593,False,20.211411528242593,False,20.211411528242593,False,20.211411528242593,True,camera,vehicle,False,,False,0.0
56.50000000000053,solo,20.002188980660677,0,20.21131144923868,False,20.21131144923868,False,20.21131144923868,False,20.21131144923868,True,camera,vehicle,False,,False,0.0
56.600000000000534,solo,20.00209385691449,0,20.211215719253232,False,20.211215719253232,False,20.211215719253232,False,20.211215719253232,True,camera,vehicle,False,,False,0.0
56.700000000000536,solo,20.002002867331647,0,20.211124149272905,False,20.211124149272905,False,20.211124149272905,False,20.211124149272905,True,camera,vehicle,False,,False,0.0
56.80000000000054,solo,20.00191583219561,0,20.211036558501064,False,20.211036558501064,False,20.211036558501064,False,20.211036558501064,True,camera,vehicle,False,,False,0.0
56.90000000000054,solo,20.00183257960594,0,20.210952774000475,False,20.210952774000475,False,20.210952774000475,False,20.210952774000475,True,camera,vehicle,False,,False,0.0
57.00000000000054,solo,20.001752945138026,0,20.210872630351446,False,20.210872630351446,False,20.210872630351446,False,20.210872630351446,True,camera,vehicle,False,,False,0.0
57.10000000000054,solo,20.001676771517708,0,20.21079596932475,False,20.21079596932475,False,20.21079596932475,False,20.21079596932475,True,camera,vehicle,False,,False,0.0
57.20000000000054,solo,20.001603908310024,0,20.210722639569326,False,20.210722639569326,False,20.210722639569326,False,20.210722639569326,True,camera,vehicle,False,,False,0.0
57.300000000000544,solo,20.001534211621607,0,20.210652496312605,False,20.210652496312605,False,20.210652496312605,False,20.210652496312605,True,camera,vehicle,False,,False,0.0
57.400000000000546,solo,20.001467543815973,0,20.21058540107515,False,20.21058540107515,False,20.21058540107515,False,20.21058540107515,True,camera,vehicle,False,,False,0.0
57.50000000000055,solo,20.00140377324129,0,20.210521221396334,False,20.210521221396334,False,20.210521221396334,False,20.210521221396334,True,camera,vehicle,False,,False,0.0
57.60000000000055,solo,20.00134277396994,0,20.210459830573086,False,20.210459830573086,False,20.210459830573086,False,20.210459830573086,True,camera,vehicle,False,,False,0.0
57.70000000000055,solo,20.001284425549503,0,20.21040110740944,False,20.21040110740944,False,20.21040110740944,False,20.21040110740944,True,camera,vehicle,False,,False,0.0
57.80000000000055,solo,20.001228612764514,0,20.210344935977105,False,20.210344935977105,False,20.210344935977105,False,20.210344935977105,True,camera,vehicle,False,,False,0.0
57.90000000000055,solo,20.001175225408677,0,20.210291205386284,False,20.210291205386284,False,20.210291205386284,False,20.210291205386284,True,camera,vehicle,False,,False,0.0
58.000000000000554,solo,20.00112415806691,0,20.210239809566815,False,20.210239809566815,False,20.210239809566815,False,20.210239809566815,True,camera,vehicle,False,,False,0.0
58.100000000000556,solo,20.001075309906973,0,20.210190647058653,False,20.210190647058653,False,20.210190647058653,False,20.210190647058653,True,camera,vehicle,False,,False,0.0
58.20000000000056,solo,20.001028584480103,0,20.210143620811323,False,20.210143620811323,False,20.210143620811323,False,20.210143620811323,True,camera,vehicle,False,,False,0.0
58.30000000000056,solo,20.000983889530374,0,20.210098637992246,False,20.210098637992246,False,20.210098637992246,False,20.210098637992246,True,camera,vehicle,False,,False,0.0
58.40000000000056,solo,20.00094113681232,0,20.210055609803476,False,20.210055609803476,False,20.210055609803476,False,20.210055609803476,True,camera,vehicle,False,,False,0.0
58.50000000000056,solo,20.000900241916515,0,20.210014451306165,False,20.210014451306165,False,20.210014451306165,False,20.210014451306165,True,camera,vehicle,False,,False,0.0
58.60000000000056,solo,20.000861124102777,0,20.20997508125288,False,20.20997508125288,False,20.20997508125288,False,20.20997508125288,True,camera,vehicle,False,,False,0.0
58.700000000000564,solo,20.00082370614054,0,20.209937421927293,False,20.209937421927293,False,20.209937421927293,False,20.209937421927293,True,camera,vehicle,False,,False,0.0
58.800000000000566,solo,20.00078791415631,0,20.209901398990496,False,20.209901398990496,False,20.209901398990496,False,20.209901398990496,True,camera,vehicle,False,,False,0.0
58.90000000000057,solo,20.000753677487623,0,20.2098669413341,False,20.2098669413341,False,20.2098669413341,False,20.2098669413341,True,camera,vehicle,False,,False,0.0
59.00000000000057,solo,20.000720928543455,0,20.209833980940175,False,20.209833980940175,False,20.209833980940175,False,20.209833980940175,True,camera,vehicle,False,,False,0.0
59.10000000000057,solo,20.000689602670665,0,20.209802452746544,False,20.209802452746544,False,20.209802452746544,False,20.209802452746544,True,camera,vehicle,False,,False,0.0
59.20000000000057,solo,20.000659638026228,0,20.20977229451853,False,20.20977229451853,False,20.20977229451853,False,20.20977229451853,True,camera,vehicle,False,,False,0.0
59.30000000000057,solo,20.000630975455103,0,20.209743446726065,False,20.209743446726065,False,20.209743446726065,False,20.209743446726065,True,camera,vehicle,False,,False,0.0
59.400000000000574,solo,20.00060355837332,0,20.209715852425916,False,20.209715852425916,False,20.209715852425916,False,20.209715852425916,True,camera,vehicle,False,,False,0.0
59.500000000000576,solo,20.000577332656224,0,20.209689457149693,False,20.209689457149693,False,20.209689457149693,False,20.209689457149693,True,camera,vehicle,False,,False,0.0
59.60000000000058,solo,20.00055224653157,0,20.209664208795743,False,20.209664208795743,False,20.209664208795743,False,20.209664208795743,True,camera,vehicle,False,,False,0.0
59.70000000000058,solo,20.000528250477213,0,20.2096400575266,False,20.2096400575266,False,20.2096400575266,False,20.2096400575266,True,camera,vehicle,False,,False,0.0
59.80000000000058,solo,20.000505297123315,0,20.20961695567064,False,20.20961695567064,False,20.20961695567064,False,20.20961695567064,True,camera,vehicle,False,,False,0.0
59.90000000000058,solo,20.000483341158777,0,20.209594857627735,False,20.209594857627735,False,20.209594857627735,False,20.209594857627735,True,camera,vehicle,False,,False,0.0
60.00000000000058,solo,20.00046233924175,0,20.209573719779428,False,20.209573719779428,False,20.209573719779428,False,20.209573719779428,True,camera,vehicle,False,,False,0.0
60.100000000000584,solo,20.000442249914016,0,20.20955350040265,False,20.20955350040265,False,20.20955350040265,False,20.20955350040265,True,camera,vehicle,False,,False,0.0
60.200000000000585,solo,20.00042303351913,0,20.209534159587406,False,20.209534159587406,False,20.209534159587406,False,20.209534159587406,True,camera,vehicle,False,,False,0.0
60.30000000000059,solo,20.00040465212407,0,20.209515659157887,False,20.209515659157887,False,20.209515659157887,False,20.209515659157887,True,camera,vehicle,False,,False,0.0
60.40000000000059,solo,20.00038706944434,0,20.209497962597425,False,20.209497962597425,False,20.209497962597425,False,20.209497962597425,True,camera,vehicle,False,,False,0.0
60.50000000000059,solo,20.000370250772313,0,20.209481034975965,False,20.209481034975965,False,20.209481034975965,False,20.209481034975965,True,camera,vehicle,False,,False,0.0
60.60000000000059,solo,20.000354162908696,0,20.209464842881403,False,20.209464842881403,False,20.209464842881403,False,20.209464842881403,True,camera,vehicle,False,,False,0.0
60.70000000000059,solo,20.000338774096956,0,20.209449354353524,False,20.209449354353524,False,20.209449354353524,False,20.209449354353524,True,camera,vehicle,False,,False,0.0
60.800000000000594,solo,20.000324053960632,0,20.2094345388208,False,20.2094345388208,False,20.2094345388208,False,20.2094345388208,True,camera,vehicle,False,,False,0.0
60.900000000000595,solo,20.000309973443308,0,20.209420367040252,False,20.209420367040252,False,20.209420367040252,False,20.209420367040252,True,camera,vehicle,False,,False,0.0
61.0000000000006,solo,20.000296504751294,0,20.209406811039685,False,20.209406811039685,False,20.209406811039685,False,20.209406811039685,True,camera,vehicle,False,,False,0.0
61.1000000000006,solo,20.000283621298703,0,20.20939384406222,False,20.20939384406222,False,20.20939384406222,False,20.20939384406222,True,camera,vehicle,False,,False,0.0
61.2000000000006,solo,20.00027129765498,0,20.209381440513766,False,20.209381440513766,False,20.209381440513766,False,20.209381440513766,True,camera,vehicle,False,,False,0.0
61.3000000000006,solo,20.00025950949468,0,20.209369575912433,False,20.209369575912433,False,20.209369575912433,False,20.209369575912433,True,camera,vehicle,False,,False,0.0
61.4000000000006,solo,20.000248233549442,0,20.20935822683998,False,20.20935822683998,False,20.20935822683998,False,20.20935822683998,True,camera,vehicle,False,,False,0.0
61.500000000000604,solo,20.00023744756205,0,20.209347370895784,False,20.209347370895784,False,20.209347370895784,False,20.209347370895784,True,camera,vehicle,False,,False,0.0
61.600000000000605,solo,20.000227130242454,0,20.209336986652715,False,20.209336986652715,False,20.209336986652715,False,20.209336986652715,True,camera,vehicle,False,,False,0.0
61.70000000000061,solo,20.000217261225792,0,20.20932705361463,False,20.20932705361463,False,20.20932705361463,False,20.20932705361463,True,camera,vehicle,False,,False,0.0
61.80000000000061,solo,20.000207821032138,0,20.209317552176003,False,20.209317552176003,False,20.209317552176003,False,20.209317552176003,True,camera,vehicle,False,,False,0.0
61.90000000000061,solo,20.00019879102808,0,20.209308463583284,False,20.209308463583284,False,20.209308463583284,False,20.209308463583284,True,camera,vehicle,False,,False,0.0
62.00000000000061,solo,20.000190153389894,0,20.20929976989771,False,20.20929976989771,False,20.20929976989771,False,20.20929976989771,True,camera,vehicle,False,,False,0.0
62.10000000000061,solo,20.000181891068397,0,20.209291453959963,False,20.209291453959963,False,20.209291453959963,False,20.209291453959963,True,camera,vehicle,False,,False,0.0
62.200000000000614,solo,20.000173987755225,0,20.209283499356502,False,20.209283499356502,False,20.209283499356502,False,20.209283499356502,True,camera,vehicle,False,,False,0.0
62.300000000000615,solo,20.00016642785071,0,20.209275890386948,False,20.209275890386948,False,20.209275890386948,False,20.209275890386948,True,camera,vehicle,False,,False,0.0
62.40000000000062,solo,20.00015919643305,0,20.209268612033043,False,20.209268612033043,False,20.209268612033043,False,20.209268612033043,True,camera,vehicle,False,,False,0.0
62.50000000000062,solo,20.000152279228836,0,20.20926164992909,False,20.20926164992909,False,20.20926164992909,False,20.20926164992909,True,camera,vehicle,False,,False,0.0
62.60000000000062,solo,20.000145662584888,0,20.209254990333648,False,20.209254990333648,False,20.209254990333648,False,20.209254990333648,True,camera,vehicle,False,,False,0.0
62.70000000000062,solo,20.0001393334413,0,20.20924862010247,False,20.20924862010247,False,20.20924862010247,False,20.20924862010247,True,camera,vehicle,False,,False,0.0
62.80000000000062,solo,20.00013327930568,0,20.209242526662365,False,20.209242526662365,False,20.209242526662365,False,20.209242526662365,True,camera,vehicle,False,,False,0.0
62.900000000000624,solo,20.000127488228447,0,20.209236697986512,False,20.209236697986512,False,20.209236697986512,False,20.209236697986512,True,camera,vehicle,False,,False,0.0
63.000000000000625,solo,20.000121948779295,0,20.2092311225706,False,20.2092311225706,False,20.2092311225706,False,20.2092311225706,True,camera,vehicle,False,,False,0.0
63.10000000000063,solo,20.000116650024584,0,20.209225789410198,False,20.209225789410198,False,20.209225789410198,False,20.209225789410198,True,camera,vehicle,False,,False,0.0
63.20000000000063,solo,20.000111581505756,0,20.20922068797904,False,20.20922068797904,False,20.20922068797904,False,20.20922068797904,True,camera,vehicle,False,,False,0.0
63.30000000000063,solo,20.00010673321872,0,20.20921580820834,False,20.20921580820834,False,20.20921580820834,False,20.20921580820834,True,camera,vehicle,False,,False,0.0
63.40000000000063,solo,20.000102095594077,0,20.209211140466778,False,20.209211140466778,False,20.209211140466778,False,20.209211140466778,True,camera,vehicle,False,,False,0.0
63.50000000000063,solo,20.00009765947826,0,20.209206675541395,False,20.209206675541395,False,20.209206675541395,False,20.209206675541395,True,camera,vehicle,False,,False,0.0
63.600000000000634,solo,20.00009341611543,0,20.20920240461976,False,20.20920240461976,False,20.20920240461976,False,20.20920240461976,True,camera,vehicle,False,,False,0.0
63.700000000000635,solo,20.00008935713022,0,20.209198319272218,False,20.209198319272218,False,20.209198319272218,False,20.209198319272218,True,camera,vehicle,False,,False,0.0
63.80000000000064,solo,20.000085474511195,0,20.20919441143542,False,20.20919441143542,False,20.20919441143542,False,20.20919441143542,True,camera,vehicle,False,,False,0.0
63.90000000000064,solo,20.000081760595023,0,20.209190673396392,False,20.209190673396392,False,20.209190673396392,False,20.209190673396392,True,camera,vehicle,False,,False,0.0
64.00000000000064,solo,20.000078208051367,0,20.209187097777203,False,20.209187097777203,False,20.209187097777203,False,20.209187097777203,True,camera,vehicle,False,,False,0.0
64.10000000000063,solo,20.000074809868398,0,20.20918367752074,False,20.20918367752074,False,20.20918367752074,False,20.20918367752074,True,camera,vehicle,False,,False,0.0
64.20000000000063,solo,20.00007155933897,0,20.209180405876282,False,20.209180405876282,False,20.209180405876282,False,20.209180405876282,True,camera,vehicle,False,,False,0.0
64.30000000000062,solo,20.000068450047387,0,20.209177276386527,False,20.209177276386527,False,20.209177276386527,False,20.209177276386527,True,camera,vehicle,False,,False,0.0
64.40000000000062,solo,20.000065475856704,0,20.209174282874756,False,20.209174282874756,False,20.209174282874756,False,20.209174282874756,True,camera,vehicle,False,,False,0.0
64.50000000000061,solo,20.000062630896654,0,20.209171419432664,False,20.209171419432664,False,20.209171419432664,False,20.209171419432664,True,camera,vehicle,False,,False,0.0
64.6000000000006,solo,20.000059909552032,0,20.20916868040854,False,20.20916868040854,False,20.20916868040854,False,20.20916868040854,True,camera,vehicle,False,,False,0.0
64.7000000000006,solo,20.000057306451627,0,20.209166060396456,False,20.209166060396456,False,20.209166060396456,False,20.209166060396456,True,camera,vehicle,False,,False,0.0
64.8000000000006,solo,20.000054816457613,0,20.209163554225256,False,20.209163554225256,False,20.209163554225256,False,20.209163554225256,True,camera,vehicle,False,,False,0.0
64.90000000000059,solo,20.000052434655423,0,20.209161156948426,False,20.209161156948426,False,20.209161156948426,False,20.209161156948426,True,camera,vehicle,False,,False,0.0
65.00000000000058,solo,20.00005015634402,0,20.209158863834432,False,20.209158863834432,False,20.209158863834432,False,20.209158863834432,True,camera,vehicle,False,,False,0.0
65.10000000000058,solo,20.000047977026643,0,20.2091566703574,False,20.2091566703574,False,20.2091566703574,False,20.2091566703574,True,camera,vehicle,False,,False,0.0
65.20000000000057,solo,20.000045892401914,0,20.209154572187913,False,20.209154572187913,False,20.209154572187913,False,20.209154572187913,True,camera,vehicle,False,,False,0.0
65.30000000000057,solo,20.000043898355354,0,20.209152565184922,False,20.209152565184922,False,20.209152565184922,False,20.209152565184922,True,camera,vehicle,False,,False,0.0
65.40000000000056,solo,20.000041990951274,0,20.209150645387126,False,20.209150645387126,False,20.209150645387126,False,20.209150645387126,True,camera,vehicle,False,,False,0.0
65.50000000000055,solo,20.00004016642498,0,20.209148809005455,False,20.209148809005455,False,20.209148809005455,False,20.209148809005455,True,camera,vehicle,False,,False,0.0
65.60000000000055,solo,20.00003842117538,0,20.20914705241546,False,20.20914705241546,False,20.20914705241546,False,20.20914705241546,True,camera,vehicle,False,,False,0.0
65.70000000000054,solo,20.00003675175784,0,20.209145372150033,False,20.209145372150033,False,20.209145372150033,False,20.209145372150033,True,camera,vehicle,False,,False,0.0
65.80000000000054,solo,20.000035154877395,0,20.20914376489293,False,20.20914376489293,False,20.20914376489293,False,20.20914376489293,True,camera,vehicle,False,,False,0.0
65.90000000000053,solo,20.00003362738226,0,20.209142227471943,False,20.209142227471943,False,20.209142227471943,False,20.209142227471943,True,camera,vehicle,False,,False,0.0
66.00000000000053,solo,20.000032166257604,0,20.20914075685255,False,20.20914075685255,False,20.20914075685255,False,20.20914075685255,True,camera,vehicle,False,,False,0.0
66.10000000000052,solo,20.00003076861958,0,20.209139350132205,False,20.209139350132205,False,20.209139350132205,False,20.209139350132205,True,camera,vehicle,False,,False,0.0
66.20000000000051,solo,20.00002943170965,0,20.209138004534452,False,20.209138004534452,False,20.209138004534452,False,20.209138004534452,True,camera,vehicle,False,,False,0.0
66.30000000000051,solo,20.00002815288913,0,20.209136717403567,False,20.209136717403567,False,20.209136717403567,False,20.209136717403567,True,camera,vehicle,False,,False,0.0
66.4000000000005,solo,20.000026929634007,0,20.20913548619899,False,20.20913548619899,False,20.20913548619899,False,20.20913548619899,True,camera,vehicle,False,,False,0.0
66.5000000000005,solo,20.000025759529926,0,20.209134308490775,False,20.209134308490775,False,20.209134308490775,False,20.209134308490775,True,camera,vehicle,False,,False,0.0
66.60000000000049,solo,20.000024640267434,0,20.209133181954485,False,20.209133181954485,False,20.209133181954485,False,20.209133181954485,True,camera,vehicle,False,,False,0.0
66.70000000000049,solo,20.000023569637428,0,20.209132104366745,False,20.209132104366745,False,20.209132104366745,False,20.209132104366745,True,camera,vehicle,False,,False,0.0
66.80000000000048,solo,20.000022545526818,0,20.209131073600588,False,20.209131073600588,False,20.209131073600588,False,20.209131073600588,True,camera,vehicle,False,,False,0.0
66.90000000000047,solo,20.000021565914295,0,20.209130087621702,False,20.209130087621702,False,20.209130087621702,False,20.209130087621702,True,camera,vehicle,False,,False,0.0
67.00000000000047,solo,20.0000206288664,0,20.209129144483995,False,20.209129144483995,False,20.209129144483995,False,20.209129144483995,True,camera,vehicle,False,,False,0.0
67.10000000000046,solo,20.000019732533676,0,20.20912824232596,False,20.20912824232596,False,20.20912824232596,False,20.20912824232596,True,camera,vehicle,False,,False,0.0
67.20000000000046,solo,20.000018875147013,0,20.209127379367146,False,20.209127379367146,False,20.209127379367146,False,20.209127379367146,True,camera,vehicle,False,,False,0.0
67.30000000000045,solo,20.0000180550142,0,20.209126553904184,False,20.209126553904184,False,20.209126553904184,False,20.209126553904184,True,camera,vehicle,False,,False,0.0
67.40000000000045,solo,20.000017270516523,0,20.20912576430794,False,20.20912576430794,False,20.20912576430794,False,20.20912576430794,True,camera,vehicle,False,,False,0.0
67.50000000000044,solo,20.000016520105625,0,20.20912500902,False,20.20912500902,False,20.20912500902,False,20.20912500902,True,camera,vehicle,False,,False,0.0
67.60000000000043,solo,20.00001580230041,0,20.20912428654958,False,20.20912428654958,False,20.20912428654958,False,20.20912428654958,True,camera,vehicle,False,,False,0.0
67.70000000000043,solo,20.00001511568415,0,20.209123595470828,False,20.209123595470828,False,20.209123595470828,False,20.209123595470828,True,camera,vehicle,False,,False,0.0
67.80000000000042,solo,20.000014458901667,0,20.209122934419725,False,20.209122934419725,False,20.209122934419725,False,20.209122934419725,True,camera,vehicle,False,,False,0.0
67.90000000000042,solo,20.00001383065667,0,20.2091223020916,False,20.2091223020916,False,20.2091223020916,False,20.2091223020916,True,camera,vehicle,False,,False,0.0
68.00000000000041,solo,20.000013229709193,0,20.209121697238288,False,20.209121697238288,False,20.209121697238288,False,20.209121697238288,True,camera,vehicle,False,,False,0.0
68.1000000000004,solo,20.00001265487314,0,20.20912111866619,False,20.20912111866619,False,20.20912111866619,False,20.20912111866619,True,camera,vehicle,False,,False,0.0
68.2000000000004,solo,20.000012105013965,0,20.209120565233206,False,20.209120565233206,False,20.209120565233206,False,20.209120565233206,True,camera,vehicle,False,,False,0.0
68.3000000000004,solo,20.000011579046397,0,20.20912003584715,False,20.20912003584715,False,20.20912003584715,False,20.20912003584715,True,camera,vehicle,False,,False,0.0
68.40000000000039,solo,20.00001107593235,0,20.209119529463123,False,20.209119529463123,False,20.209119529463123,False,20.209119529463123,True,camera,vehicle,False,,False,0.0
68.50000000000038,solo,20.000010594678816,0,20.209119045081707,False,20.209119045081707,False,20.209119045081707,False,20.209119045081707,True,camera,vehicle,False,,False,0.0
68.60000000000038,solo,20.00001013433595,0,20.209118581746793,False,20.209118581746793,False,20.209118581746793,False,20.209118581746793,True,camera,vehicle,False,,False,0.0
68.70000000000037,solo,20.000009693995175,0,20.209118138544,False,20.209118138544,False,20.209118138544,False,20.209118138544,True,camera,vehicle,False,,False,0.0
68.80000000000037,solo,20.000009272787388,0,20.209117714598506,False,20.209117714598506,False,20.209117714598506,False,20.209117714598506,True,camera,vehicle,False,,False,0.0
68.90000000000036,solo,20.00000886988125,0,20.209117309073577,False,20.209117309073577,False,20.209117309073577,False,20.209117309073577,True,camera,vehicle,False,,False,0.0
69.00000000000036,solo,20.000008484481544,0,20.209116921168857,False,20.209116921168857,False,20.209116921168857,False,20.209116921168857,True,camera,vehicle,False,,False,0.0
69.10000000000035,solo,20.000008115827608,0,20.20911655011878,False,20.20911655011878,False,20.20911655011878,False,20.20911655011878,True,camera,vehicle,False,,False,0.0
69.20000000000034,solo,20.00000776319183,0,20.209116195190973,False,20.209116195190973,False,20.209116195190973,False,20.209116195190973,True,camera,vehicle,False,,False,0.0
69.30000000000034,solo,20.00000742587822,0,20.2091158556849,False,20.2091158556849,False,20.2091158556849,False,20.2091158556849,True,camera,vehicle,False,,False,0.0
69.40000000000033,solo,20.00000710322102,0,20.20911553093049,False,20.20911553093049,False,20.20911553093049,False,20.20911553093049,True,camera,vehicle,False,,False,0.0
69.50000000000033,solo,20.000006794583403,0,20.209115220286776,False,20.209115220286776,False,20.209115220286776,False,20.209115220286776,True,camera,vehicle,False,,False,0.0
69.60000000000032,solo,20.000006499356207,0,20.209114923140646,False,20.209114923140646,False,20.209114923140646,False,20.209114923140646,True,camera,vehicle,False,,False,0.0
69.70000000000032,solo,20.000006216956745,0,20.209114638905703,False,20.209114638905703,False,20.209114638905703,False,20.209114638905703,True,camera,vehicle,False,,False,0.0
69.80000000000031,solo,20.000005946827663,0,20.20911436702079,False,20.20911436702079,False,20.20911436702079,False,20.20911436702079,True,camera,vehicle,False,,False,0.0
69.9000000000003,solo,20.000005688435788,0,20.209114106949414,False,20.209114106949414,False,20.209114106949414,False,20.209114106949414,True,camera,vehicle,False,,False,0.0
70.0000000000003,solo,20.000005441271142,0,20.209113858178284,False,20.209113858178284,False,20.209113858178284,False,20.209113858178284,True,camera,vehicle,False,,False,0.0
70.10000000000029,solo,20.000005204845902,0,20.20911362021627,False,20.20911362021627,False,20.20911362021627,False,20.20911362021627,True,camera,vehicle,False,,False,0.0
70.20000000000029,solo,20.000004978693426,0,20.20911339259385,False,20.20911339259385,False,20.20911339259385,False,20.20911339259385,True,camera,vehicle,False,,False,0.0
70.30000000000028,solo,20.00000476236736,0,20.209113174861727,False,20.209113174861727,False,20.209113174861727,False,20.209113174861727,True,camera,vehicle,False,,False,0.0
70.40000000000028,solo,20.000004555440757,0,20.209112966590055,False,20.209112966590055,False,20.209112966590055,False,20.209112966590055,True,camera,vehicle,False,,False,0.0
70.50000000000027,solo,20.000004357505187,0,20.20911276736797,False,20.20911276736797,False,20.20911276736797,False,20.20911276736797,True,camera,vehicle,False,,False,0.0
70.60000000000026,solo,20.000004168169994,0,20.209112576802113,False,20.209112576802113,False,20.209112576802113,False,20.209112576802113,True,camera,vehicle,False,,False,0.0
70.70000000000026,solo,20.00000398706149,0,20.20911239451641,False,20.20911239451641,False,20.20911239451641,False,20.20911239451641,True,camera,vehicle,False,,False,0.0
70.80000000000025,solo,20.00000381382222,0,20.20911222015104,False,20.20911222015104,False,20.20911222015104,False,20.20911222015104,True,camera,vehicle,False,,False,0.0
70.90000000000025,solo,20.00000364811026,0,20.20911205336199,False,20.20911205336199,False,20.20911205336199,False,20.20911205336199,True,camera,vehicle,False,,False,0.0
71.00000000000024,solo,20.000003489598548,0,20.20911189381991,False,20.20911189381991,False,20.20911189381991,False,20.20911189381991,True,camera,vehicle,False,,False,0.0
71.10000000000024,solo,20.000003337974224,0,20.209111741209995,False,20.209111741209995,False,20.209111741209995,False,20.209111741209995,True,camera,vehicle,False,,False,0.0
71.20000000000023,solo,20.00000319293803,0,20.209111595231093,False,20.209111595231093,False,20.209111595231093,False,20.209111595231093,True,camera,vehicle,False,,False,0.0
71.30000000000022,solo,20.000003054203717,0,20.209111455595007,False,20.209111455595007,False,20.209111455595007,False,20.209111455595007,True,camera,vehicle,False,,False,0.0
71.40000000000022,solo,20.00000292149746,0,20.20911132202616,False,20.20911132202616,False,20.20911132202616,False,20.20911132202616,True,camera,vehicle,False,,False,0.0
71.50000000000021,solo,20.000002794557343,0,20.209111194260913,False,20.209111194260913,False,20.209111194260913,False,20.209111194260913,True,camera,vehicle,False,,False,0.0
71.60000000000021,solo,20.00000267313282,0,20.209111072047108,False,20.209111072047108,False,20.209111072047108,False,20.209111072047108,True,camera,vehicle,False,,False,0.0
71.7000000000002,solo,20.000002556984235,0,20.209110955143615,False,20.209110955143615,False,20.209110955143615,False,20.209110955143615,True,camera,vehicle,False,,False,0.0
71.8000000000002,solo,20.000002445882355,0,20.209110843319536,False,20.209110843319536,False,20.209110843319536,False,20.209110843319536,True,camera,vehicle,False,,False,0.0
71.90000000000019,solo,20.000002339607892,0,20.20911073635432,False,20.20911073635432,False,20.20911073635432,False,20.20911073635432,True,camera,vehicle,False,,False,0.0
72.00000000000018,solo,20.000002237951094,0,20.209110634036733,False,20.209110634036733,False,20.209110634036733,False,20.209110634036733,True,camera,vehicle,False,,False,0.0
72.10000000000018,solo,20.000002140711324,0,20.20911053616487,False,20.20911053616487,False,20.20911053616487,False,20.20911053616487,True,camera,vehicle,False,,False,0.0
72.20000000000017,solo,20.000002047696658,0,20.20911044254558,False,20.20911044254558,False,20.20911044254558,False,20.20911044254558,True,camera,vehicle,False,,False,0.0
72.30000000000017,solo,20.000001958723505,0,20.209110352994117,False,20.209110352994117,False,20.209110352994117,False,20.209110352994117,True,camera,vehicle,False,,False,0.0
72.40000000000016,solo,20.000001873616274,0,20.2091102673337,False,20.2091102673337,False,20.2091102673337,False,20.2091102673337,True,camera,vehicle,False,,False,0.0
72.50000000000016,solo,20.000001792206984,0,20.209110185395275,False,20.209110185395275,False,20.209110185395275,False,20.209110185395275,True,camera,vehicle,False,,False,0.0
72.60000000000015,solo,20.000001714334964,0,20.209110107017068,False,20.209110107017068,False,20.209110107017068,False,20.209110107017068,True,camera,vehicle,False,,False,0.0
72.70000000000014,solo,20.00000163984651,0,20.209110032044464,False,20.209110032044464,False,20.209110032044464,False,20.209110032044464,True,camera,vehicle,False,,False,0.0
72.80000000000014,solo,20.00000156859461,0,20.209109960329442,False,20.209109960329442,False,20.209109960329442,False,20.209109960329442,True,camera,vehicle,False,,False,0.0
72.90000000000013,solo,20.000001500438632,0,20.209109891730463,False,20.209109891730463,False,20.209109891730463,False,20.209109891730463,True,camera,vehicle,False,,False,0.0
73.00000000000013,solo,20.000001435244062,0,20.209109826112126,False,20.209109826112126,False,20.209109826112126,False,20.209109826112126,True,camera,vehicle,False,,False,0.0
73.10000000000012,solo,20.000001372882217,0,20.20910976334494,False,20.20910976334494,False,20.20910976334494,False,20.20910976334494,True,camera,vehicle,False,,False,0.0
73.20000000000012,solo,20.000001313230023,0,20.20910970330499,False,20.20910970330499,False,20.20910970330499,False,20.20910970330499,True,camera,vehicle,False,,False,0.0
73.30000000000011,solo,20.000001256169735,0,20.20910964587381,False,20.20910964587381,False,20.20910964587381,False,20.20910964587381,True,camera,vehicle,False,,False,0.0
73.4000000000001,solo,20.00000120158874,0,20.209109590938056,False,20.209109590938056,False,20.209109590938056,False,20.209109590938056,True,camera,vehicle,False,,False,0.0
73.5000000000001,solo,20.00000114937931,0,20.20910953838927,False,20.20910953838927,False,20.20910953838927,False,20.20910953838927,True,camera,vehicle,False,,False,0.0
73.6000000000001,solo,20.000001099438403,0,20.209109488123772,False,20.209109488123772,False,20.209109488123772,False,20.209109488123772,True,camera,vehicle,False,,False,0.0
73.70000000000009,solo,20.00000105166745,0,20.20910944004231,False,20.20910944004231,False,20.20910944004231,False,20.20910944004231,True,camera,vehicle,False,,False,0.0
73.80000000000008,solo,20.000001005972162,0,20.20910939404996,False,20.20910939404996,False,20.20910939404996,False,20.20910939404996,True,camera,vehicle,False,,False,0.0
73.90000000000008,solo,20.000000962262348,0,20.209109350055996,False,20.209109350055996,False,20.209109350055996,False,20.209109350055996,True,camera,vehicle,False,,False,0.0
74.00000000000007,solo,20.00000092045174,0,20.209109307973563,False,20.209109307973563,False,20.209109307973563,False,20.209109307973563,True,camera,vehicle,False,,False,0.0
74.10000000000007,solo,20.00000088045781,0,20.20910926771967,False,20.20910926771967,False,20.20910926771967,False,20.20910926771967,True,camera,vehicle,False,,False,0.0
74.20000000000006,solo,20.000000842201633,0,20.209109229214846,False,20.209109229214846,False,20.209109229214846,False,20.209109229214846,True,camera,vehicle,False,,False,0.0
74.30000000000005,solo,20.000000805607698,0,20.20910919238304,False,20.20910919238304,False,20.20910919238304,False,20.20910919238304,True,camera,vehicle,False,,False,0.0
74.40000000000005,solo,20.000000770603787,0,20.2091091571516,False,20.2091091571516,False,20.2091091571516,False,20.2091091571516,True,camera,vehicle,False,,False,0.0
74.50000000000004,solo,20.000000737120807,0,20.209109123450958,False,20.209109123450958,False,20.209109123450958,False,20.209109123450958,True,camera,vehicle,False,,False,0.0
74.60000000000004,solo,20.00000070509267,0,20.2091090912146,False,20.2091090912146,False,20.2091090912146,False,20.2091090912146,True,camera,vehicle,False,,False,0.0
74.70000000000003,solo,20.000000674456167,0,20.209109060378978,False,20.209109060378978,False,20.209109060378978,False,20.209109060378978,True,camera,vehicle,False,,False,0.0
74.80000000000003,solo,20.000000645150834,0,20.209109030883155,False,20.209109030883155,False,20.209109030883155,False,20.209109030883155,True,camera,vehicle,False,,False,0.0
74.90000000000002,solo,20.000000617118825,0,20.209109002668924,False,20.209109002668924,False,20.209109002668924,False,20.209109002668924,True,camera,vehicle,False,,False,0.0
75.00000000000001,solo,20.000000590304822,0,20.20910897568058,False,20.20910897568058,False,20.20910897568058,False,20.20910897568058,True,camera,vehicle,False,,False,0.0
75.10000000000001,solo,20.00000056465589,0,20.209108949864913,False,20.209108949864913,False,20.209108949864913,False,20.209108949864913,True,camera,vehicle,False,,False,0.0
75.2,solo,20.00000054012141,0,20.209108925170995,False,20.209108925170995,False,20.209108925170995,False,20.209108925170995,True,camera,vehicle,False,,False,0.0
75.3,solo,20.000000516652968,0,20.209108901550053,False,20.209108901550053,False,20.209108901550053,False,20.209108901550053,True,camera,vehicle,False,,False,0.0
75.39999999999999,solo,20.000000494204244,0,20.209108878955362,False,20.209108878955362,False,20.209108878955362,False,20.209108878955362,True,camera,vehicle,False,,False,0.0
75.49999999999999,solo,20.000000472730918,0,20.20910885734247,False,20.20910885734247,False,20.20910885734247,False,20.20910885734247,True,camera,vehicle,False,,False,0.0
75.59999999999998,solo,20.00000045219062,0,20.209108836668634,False,20.209108836668634,False,20.209108836668634,False,20.209108836668634,True,camera,vehicle,False,,False,0.0
75.69999999999997,solo,20.0000004325428,0,20.20910881689315,False,20.20910881689315,False,20.20910881689315,False,20.20910881689315,True,camera,vehicle,False,,False,0.0
75.79999999999997,solo,20.000000413748694,0,20.20910879797691,False,20.20910879797691,False,20.20910879797691,False,20.20910879797691,True,camera,vehicle,False,,False,0.0
75.89999999999996,solo,20.000000395771202,0,20.209108779882513,False,20.209108779882513,False,20.209108779882513,False,20.209108779882513,True,camera,vehicle,False,,False,0.0
75.99999999999996,solo,20.000000378574832,0,20.209108762574374,False,20.209108762574374,False,20.209108762574374,False,20.209108762574374,True,camera,vehicle,False,,False,0.0
76.09999999999995,solo,20.00000036212565,0,20.209108746018273,False,20.209108746018273,False,20.209108746018273,False,20.209108746018273,True,camera,vehicle,False,,False,0.0
76.19999999999995,solo,20.000000346391193,0,20.209108730181583,False,20.209108730181583,False,20.209108730181583,False,20.209108730181583,True,camera,vehicle,False,,False,0.0
76.29999999999994,solo,20.000000331340406,0,20.209108715032926,False,20.209108715032926,False,20.209108715032926,False,20.209108715032926,True,camera,vehicle,False,,False,0.0
76.39999999999993,solo,20.00000031694358,0,20.209108700542515,False,20.209108700542515,False,20.209108700542515,False,20.209108700542515,True,camera,vehicle,False,,False,0.0
76.49999999999993,solo,20.0000003031723,0,20.209108686681702,False,20.209108686681702,False,20.209108686681702,False,20.209108686681702,True,camera,vehicle,False,,False,0.0
76.59999999999992,solo,20.000000289999385,0,20.209108673423202,False,20.209108673423202,False,20.209108673423202,False,20.209108673423202,True,camera,vehicle,False,,False,0.0
76.69999999999992,solo,20.000000277398843,0,20.209108660740753,False,20.209108660740753,False,20.209108660740753,False,20.209108660740753,True,camera,vehicle,False,,False,0.0
76.79999999999991,solo,20.000000265345797,0,20.209108648609345,False,20.209108648609345,False,20.209108648609345,False,20.209108648609345,True,camera,vehicle,False,,False,0.0
76.8999999999999,solo,20.00000025381646,0,20.2091086370051,False,20.2091086370051,False,20.2091086370051,False,20.2091086370051,True,camera,vehicle,False,,False,0.0
76.9999999999999,solo,20.000000242788083,0,20.20910862590506,False,20.20910862590506,False,20.20910862590506,False,20.20910862590506,True,camera,vehicle,False,,False,0.0
77.0999999999999,solo,20.000000232238897,0,20.209108615287278,False,20.209108615287278,False,20.209108615287278,False,20.209108615287278,True,camera,vehicle,False,,False,0.0
77.19999999999989,solo,20.000000222148067,0,20.209108605130837,False,20.209108605130837,False,20.209108605130837,False,20.209108605130837,True,camera,vehicle,False,,False,0.0
77.29999999999988,solo,20.000000212495692,0,20.209108595415728,False,20.209108595415728,False,20.209108595415728,False,20.209108595415728,True,camera,vehicle,False,,False,0.0
77.39999999999988,solo,20.000000203262715,0,20.20910858612274,False,20.20910858612274,False,20.20910858612274,False,20.20910858612274,True,camera,vehicle,False,,False,0.0
77.49999999999987,solo,20.000000194430914,0,20.209108577233565,False,20.209108577233565,False,20.209108577233565,False,20.209108577233565,True,camera,vehicle,False,,False,0.0
77.59999999999987,solo,20.000000185982863,0,20.209108568730585,False,20.209108568730585,False,20.209108568730585,False,20.209108568730585,True,camera,vehicle,False,,False,0.0
77.69999999999986,solo,20.00000017790188,0,20.209108560597087,False,20.209108560597087,False,20.209108560597087,False,20.209108560597087,True,camera,vehicle,False,,False,0.0
77.79999999999986,solo,20.000000170172022,0,20.20910855281693,False,20.20910855281693,False,20.20910855281693,False,20.20910855281693,True,camera,vehicle,False,,False,0.0
77.89999999999985,solo,20.000000162778022,0,20.209108545374875,False,20.209108545374875,False,20.209108545374875,False,20.209108545374875,True,camera,vehicle,False,,False,0.0
77.99999999999984,solo,20.000000155705294,0,20.209108538256146,False,20.209108538256146,False,20.209108538256146,False,20.209108538256146,True,camera,vehicle,False,,False,0.0
78.09999999999984,solo,20.000000148939876,0,20.20910853144676,False,20.20910853144676,False,20.20910853144676,False,20.20910853144676,True,camera,vehicle,False,,False,0.0
78.19999999999983,solo,20.00000014246842,0,20.209108524933185,False,20.209108524933185,False,20.209108524933185,False,20.209108524933185,True,camera,vehicle,False,,False,0.0
78.29999999999983,solo,20.000000136278143,0,20.209108518702692,False,20.209108518702692,False,20.209108518702692,False,20.209108518702692,True,camera,vehicle,False,,False,0.0
78.39999999999982,solo,20.000000130356838,0,20.209108512742887,False,20.209108512742887,False,20.209108512742887,False,20.209108512742887,True,camera,vehicle,False,,False,0.0
78.49999999999982,solo,20.000000124692814,0,20.20910850704206,False,20.20910850704206,False,20.20910850704206,False,20.20910850704206,True,camera,vehicle,False,,False,0.0
78.59999999999981,solo,20.000000119274898,0,20.209108501588958,False,20.209108501588958,False,20.209108501588958,False,20.209108501588958,True,camera,vehicle,False,,False,0.0
78.6999999999998,solo,20.000000114092394,0,20.209108496372778,False,20.209108496372778,False,20.209108496372778,False,20.209108496372778,True,camera,vehicle,False,,False,0.0
78.7999999999998,solo,20.000000109135073,0,20.209108491383176,False,20.209108491383176,False,20.209108491383176,False,20.209108491383176,True,camera,vehicle,False,,False,0.0
78.89999999999979,solo,20.000000104393145,0,20.209108486610376,False,20.209108486610376,False,20.209108486610376,False,20.209108486610376,True,camera,vehicle,False,,False,0.0
78.99999999999979,solo,20.00000009985725,0,20.209108482045053,False,20.209108482045053,False,20.209108482045053,False,20.209108482045053,True,camera,vehicle,False,,False,0.0
79.09999999999978,solo,20.000000095518445,0,20.209108477678,False,20.209108477678,False,20.209108477678,False,20.209108477678,True,camera,vehicle,False,,False,0.0
79.19999999999978,solo,20.000000091368157,0,20.20910847350069,False,20.20910847350069,False,20.20910847350069,False,20.20910847350069,True,camera,vehicle,False,,False,0.0
79.29999999999977,solo,20.0000000873982,0,20.20910846950494,False,20.20910846950494,False,20.20910846950494,False,20.20910846950494,True,camera,vehicle,False,,False,0.0
79.39999999999976,solo,20.000000083600735,0,20.20910846568279,False,20.20910846568279,False,20.20910846568279,False,20.20910846568279,True,camera,vehicle,False,,False,0.0
79.49999999999976,solo,20.000000079968274,0,20.209108462026734,False,20.209108462026734,False,20.209108462026734,False,20.209108462026734,True,camera,vehicle,False,,False,0.0
79.59999999999975,solo,20.000000076493645,0,20.2091084585295,False,20.2091084585295,False,20.2091084585295,False,20.2091084585295,True,camera,vehicle,False,,False,0.0
79.69999999999975,solo,20.00000007316999,0,20.209108455184264,False,20.209108455184264,False,20.209108455184264,False,20.209108455184264,True,camera,vehicle,False,,False,0.0
79.79999999999974,solo,20.00000006999075,0,20.20910845198432,False,20.20910845198432,False,20.20910845198432,False,20.20910845198432,True,camera,vehicle,False,,False,0.0
79.89999999999974,solo,20.000000066949646,0,19.940347664297747,False,19.940347664297747,False,19.940347664297747,False,19.940347664297747,True,camera,roundabout_giveway,False,,False,0.0
79.99999999999973,solo,19.968018087868384,0,19.046982522501253,False,19.046982522501253,False,19.046982522501253,False,19.046982522501253,True,camera,roundabout_giveway,False,,False,0.0
80.09999999999972,solo,19.83457063406675,0,18.157315059388566,False,18.157315059388566,False,18.157315059388566,False,18.157315059388566,True,camera,roundabout_giveway,False,,False,0.0
80.19999999999972,solo,19.614149963096324,0,17.27555725660079,False,17.27555725660079,False,17.27555725660079,False,17.27555725660079,True,camera,roundabout_giveway,False,,False,0.0
80.29999999999971,solo,19.31768012717934,0,16.405352990422898,False,16.405352990422898,False,16.405352990422898,False,16.405352990422898,True,camera,roundabout_giveway,False,,False,0.0
80.39999999999971,solo,18.953659305591543,0,15.549912011421611,False,15.549912011421611,False,15.549912011421611,False,15.549912011421611,True,camera,roundabout_giveway,False,,False,0.0
80.4999999999997,solo,18.528885297433177,0,14.712102174454799,False,14.712102174454799,False,14.712102174454799,False,14.712102174454799,True,camera,roundabout_giveway,False,,False,0.0
80.5999999999997,solo,18.04894105100138,0,13.8945145999146,False,13.8945145999146,False,13.8945145999146,False,13.8945145999146,True,camera,roundabout_giveway,False,,False,0.0
80.69999999999969,solo,17.51853632606665,0,13.099510345582416,False,13.099510345582416,False,13.099510345582416,False,13.099510345582416,True,camera,roundabout_giveway,False,,False,0.0
80.79999999999968,solo,16.9417611680267,0,12.329253775994403,False,12.329253775994403,False,12.329253775994403,False,12.329253775994403,True,camera,roundabout_giveway,False,,False,0.0
80.89999999999968,solo,16.322285560204563,0,11.585735803524926,False,11.585735803524926,False,11.585735803524926,False,11.585735803524926,True,camera,roundabout_giveway,False,,False,0.0
80.99999999999967,solo,15.663528000558896,0,10.870788898814794,False,10.870788898814794,False,10.870788898814794,False,10.870788898814794,True,camera,roundabout_giveway,False,,False,0.0
81.09999999999967,solo,14.968809360877003,0,10.186094894111989,False,10.186094894111989,False,10.186094894111989,False,10.186094894111989,True,camera,roundabout_giveway,False,,False,0.0
81.19999999999966,solo,14.241504973242316,0,9.533185948115715,False,9.533185948115715,False,9.533185948115715,False,9.533185948115715,True,camera,roundabout_giveway,False,,False,0.0
81.29999999999966,solo,13.485206191494882,0,8.913438500161533,False,8.913438500161533,False,8.913438500161533,False,8.913438500161533,True,camera,roundabout_giveway,False,,False,0.0
81.39999999999965,solo,12.703901817853499,0,8.328059557936626,False,8.328059557936626,False,8.328059557936626,False,8.328059557936626,True,camera,roundabout_giveway,False,,False,0.0
81.49999999999964,solo,11.90218884382599,0,7.778064219466728,False,7.778064219466728,False,7.778064219466728,False,7.778064219466728,True,camera,roundabout_giveway,False,,False,0.0
81.59999999999964,solo,11.085519500209012,0,7.264242962560843,False,7.264242962560843,False,7.264242962560843,False,7.264242962560843,True,camera,roundabout_giveway,False,,False,0.0
81.69999999999963,solo,10.260485051875248,0,6.787117068812677,False,6.787117068812677,False,6.787117068812677,False,6.787117068812677,True,camera,roundabout_giveway,False,,False,0.0
81.79999999999963,solo,9.435121417438694,0,6.346880873010605,False,6.346880873010605,False,6.346880873010605,False,6.346880873010605,True,camera,roundabout_giveway,False,,False,0.0
81.89999999999962,solo,8.61918977238653,0,5.943330909295582,False,5.943330909295582,False,5.943330909295582,False,5.943330909295582,True,camera,roundabout_giveway,False,,False,0.0
81.99999999999962,solo,7.824326380231551,0,5.575785436252318,False,5.575785436252318,False,5.575785436252318,False,5.575785436252318,True,camera,roundabout_giveway,False,,False,0.0
82.09999999999961,solo,7.06386334870138,0,5.24300461943119,False,5.24300461943119,False,5.24300461943119,False,5.24300461943119,True,camera,roundabout_giveway,False,,False,0.0
82.1999999999996,solo,6.352015718401599,0,4.943132890523316,False,4.943132890523316,False,4.943132890523316,False,4.943132890523316,True,camera,roundabout_giveway,False,,False,0.0
82.2999999999996,solo,5.702106497291476,0,4.673699150758125,False,4.673699150758125,False,4.673699150758125,False,4.673699150758125,True,camera,roundabout_giveway,False,,False,0.0
82.3999999999996,solo,5.123780481224931,0,4.431718925014366,False,4.431718925014366,False,4.431718925014366,False,4.431718925014366,True,camera,roundabout_giveway,False,,False,0.0
82.49999999999959,solo,4.619967508584885,0,4.21392666994609,False,4.21392666994609,False,4.21392666994609,False,4.21392666994609,True,camera,roundabout_giveway,False,,False,0.0
82.59999999999958,solo,4.185400427721415,0,4.017109085833795,False,4.017109085833795,False,4.017109085833795,False,4.017109085833795,True,camera,roundabout_giveway,False,,False,0.0
82.69999999999958,solo,3.808438840353818,0,3.8384307905138257,False,3.8384307905138257,False,3.8384307905138257,False,3.8384307905138257,True,camera,roundabout_giveway,False,,False,0.0
82.79999999999957,solo,3.4756955947314143,0,29.8726966022474,False,29.8726966022474,False,29.8726966022474,False,29.8726966022474,True,camera,vehicle,False,,False,0.0
82.89999999999957,solo,3.923082853142295,0,30.60139910638054,False,30.60139910638054,False,30.60139910638054,False,30.60139910638054,True,camera,vehicle,False,,False,0.0
82.99999999999956,solo,4.370470111553175,0,31.310101610513698,False,31.310101610513698,False,31.310101610513698,False,31.310101610513698,True,camera,vehicle,False,,False,0.0
83.09999999999955,solo,4.817857369964056,0,31.998804114646873,False,31.998804114646873,False,31.998804114646873,False,31.998804114646873,True,camera,vehicle,False,,False,0.0
83.19999999999955,solo,5.265244628374936,0,32.66750661878007,False,32.66750661878007,False,32.66750661878007,False,32.66750661878007,True,camera,vehicle,False,,False,0.0
83.29999999999954,solo,5.712631886785817,0,33.31620912291328,False,33.31620912291328,False,33.31620912291328,False,33.31620912291328,True,camera,vehicle,False,,False,0.0
83.39999999999954,solo,6.160019145196698,0,33.944911627046395,False,33.944911627046395,False,33.944911627046395,False,33.944911627046395,True,camera,vehicle,False,,False,0.0
83.49999999999953,solo,6.607406403607579,0,34.55361413117953,False,34.55361413117953,False,34.55361413117953,False,34.55361413117953,True,camera,vehicle,False,,False,0.0
83.59999999999953,solo,7.05479366201846,0,35.14231663531268,False,35.14231663531268,False,35.14231663531268,False,35.14231663531268,True,camera,vehicle,False,,False,0.0
83.69999999999952,solo,7.502180920429341,0,35.71101913944585,False,35.71101913944585,False,35.71101913944585,False,35.71101913944585,True,camera,vehicle,False,,False,0.0
83.79999999999951,solo,7.949568178840222,0,36.25972164357904,False,36.25972164357904,False,36.25972164357904,False,36.25972164357904,True,camera,vehicle,False,,False,0.0
83.89999999999951,solo,8.396955437251103,0,36.78842414771225,False,36.78842414771225,False,36.78842414771225,False,36.78842414771225,True,camera,vehicle,False,,False,0.0
83.9999999999995,solo,8.844342695661984,0,37.29712665184536,False,37.29712665184536,False,37.29712665184536,False,37.29712665184536,True,camera,vehicle,False,,False,0.0
84.0999999999995,solo,9.291729954072864,0,37.78582915597849,False,37.78582915597849,False,37.78582915597849,False,37.78582915597849,True,camera,vehicle,False,,False,0.0
84.19999999999949,solo,9.739117212483745,0,38.25453166011164,False,38.25453166011164,False,38.25453166011164,False,38.25453166011164,True,camera,vehicle,False,,False,0.0
84.29999999999949,solo,10.186504470894626,0,38.703234164244805,False,38.703234164244805,False,38.703234164244805,False,38.703234164244805,True,camera,vehicle,False,,False,0.0
84.39999999999948,solo,10.633891729305507,0,39.13193666837799,False,39.13193666837799,False,39.13193666837799,False,39.13193666837799,True,camera,vehicle,False,,False,0.0
84.49999999999947,solo,11.081278987716388,0,39.54063917251119,False,39.54063917251119,False,39.54063917251119,False,39.54063917251119,True,camera,vehicle,False,,False,0.0
84.59999999999947,solo,11.528666246127269,0,39.9293416766443,False,39.9293416766443,False,39.9293416766443,False,39.9293416766443,True,camera,vehicle,False,,False,0.0
84.69999999999946,solo,11.97605350453815,0,40.298044180777424,False,40.298044180777424,False,40.298044180777424,False,40.298044180777424,True,camera,vehicle,False,,False,0.0
84.79999999999946,solo,12.42344076294903,0,40.64674668491057,False,40.64674668491057,False,40.64674668491057,False,40.64674668491057,True,camera,vehicle,False,,False,0.0
84.89999999999945,solo,12.87082802135991,0,40.97544918904373,False,40.97544918904373,False,40.97544918904373,False,40.97544918904373,True,camera,vehicle,False,,False,0.0
84.99999999999945,solo,13.318215279770792,0,41.28415169317691,False,41.28415169317691,False,41.28415169317691,False,41.28415169317691,True,camera,vehicle,False,,False,0.0
85.09999999999944,solo,13.765602538181673,0,41.57285419731011,False,41.57285419731011,False,41.57285419731011,False,41.57285419731011,True,camera,vehicle,False,,False,0.0
85.19999999999943,solo,14.212989796592554,0,41.84155670144321,False,41.84155670144321,False,41.84155670144321,False,41.84155670144321,True,camera,vehicle,False,,False,0.0
85.29999999999943,solo,14.660377055003435,0,42.09025920557633,False,42.09025920557633,False,42.09025920557633,False,42.09025920557633,True,camera,vehicle,False,,False,0.0
85.39999999999942,solo,15.107764313414316,0,42.31896170970947,False,42.31896170970947,False,42.31896170970947,False,42.31896170970947,True,camera,vehicle,False,,False,0.0
85.49999999999942,solo,15.555151571825196,0,42.52766421384263,False,42.52766421384263,False,42.52766421384263,False,42.52766421384263,True,camera,vehicle,False,,False,0.0
85.59999999999941,solo,16.002538830236077,0,42.7163667179758,False,42.7163667179758,False,42.7163667179758,False,42.7163667179758,True,camera,vehicle,False,,False,0.0
85.6999999999994,solo,16.449926088646958,0,42.885069222108996,False,42.885069222108996,False,42.885069222108996,False,42.885069222108996,True,camera,vehicle,False,,False,0.0
85.7999999999994,solo,16.89731334705784,0,43.03377172624221,False,43.03377172624221,False,43.03377172624221,False,43.03377172624221,True,camera,vehicle,False,,False,0.0
85.8999999999994,solo,17.34470060546872,0,43.162474230375324,False,43.162474230375324,False,43.162474230375324,False,43.162474230375324,True,camera,vehicle,False,,False,0.0
85.99999999999939,solo,17.7920878638796,0,43.27117673450846,False,43.27117673450846,False,43.27117673450846,False,43.27117673450846,True,camera,vehicle,False,,False,0.0
86.09999999999938,solo,18.23947512229048,0,43.35987923864161,False,43.35987923864161,False,43.35987923864161,False,43.35987923864161,True,camera,vehicle,False,,False,0.0
86.19999999999938,solo,18.68686238070136,0,43.42858174277478,False,43.42858174277478,False,43.42858174277478,False,43.42858174277478,True,camera,vehicle,False,,False,0.0
86.29999999999937,solo,19.134249639112237,0,43.47728424690797,False,43.47728424690797,False,43.47728424690797,False,43.47728424690797,True,camera,vehicle,False,,False,0.0
86.39999999999937,solo,19.581636897523115,0,43.50598675104118,False,43.50598675104118,False,43.50598675104118,False,43.50598675104118,True,camera,vehicle,False,,False,0.0
86.49999999999936,solo,20.029024155933996,0,43.51468925517429,False,43.51468925517429,False,43.51468925517429,False,43.51468925517429,True,camera,vehicle,False,,False,0.0
86.59999999999935,solo,20.476411414344874,0,43.50339175930742,False,43.50339175930742,False,43.50339175930742,False,43.50339175930742,True,camera,vehicle,False,,False,0.0
86.69999999999935,solo,20.92379867275575,0,43.47209426344057,False,43.47209426344057,False,43.47209426344057,False,43.47209426344057,True,camera,vehicle,False,,False,0.0
86.79999999999934,solo,21.371185931166632,0,43.420796767573734,False,43.420796767573734,False,43.420796767573734,False,43.420796767573734,True,camera,vehicle,False,,False,0.0
86.89999999999934,solo,21.81857318957751,0,43.34949927170692,False,43.34949927170692,False,43.34949927170692,False,43.34949927170692,True,camera,vehicle,False,,False,0.0
86.99999999999933,solo,22.26596044798839,0,43.25820177584012,False,43.25820177584012,False,43.25820177584012,False,43.25820177584012,True,camera,vehicle,False,,False,0.0
87.09999999999933,solo,22.71334770639927,0,43.14690427997323,False,43.14690427997323,False,43.14690427997323,False,43.14690427997323,True,camera,vehicle,False,,False,0.0
87.19999999999932,solo,23.160734964810146,0,43.01560678410635,False,43.01560678410635,False,43.01560678410635,False,43.01560678410635,True,camera,vehicle,False,,False,0.0
87.29999999999932,solo,23.608122223221027,0,42.8643092882395,False,42.8643092882395,False,42.8643092882395,False,42.8643092882395,True,camera,vehicle,False,,False,0.0
87.39999999999931,solo,24.055509481631905,0,42.69301179237266,False,42.69301179237266,False,42.69301179237266,False,42.69301179237266,True,camera,vehicle,False,,False,0.0
87.4999999999993,solo,24.502896740042782,0,42.50171429650584,False,42.50171429650584,False,42.50171429650584,False,42.50171429650584,True,camera,vehicle,False,,False,0.0
87.5999999999993,solo,24.950283998453664,0,42.290416800639036,False,42.290416800639036,False,42.290416800639036,False,42.290416800639036,True,camera,vehicle,False,,False,0.0
87.69999999999929,solo,25.39767125686454,0,42.05911930477214,False,42.05911930477214,False,42.05911930477214,False,42.05911930477214,True,camera,vehicle,False,,False,0.0
87.79999999999929,solo,25.84505851527542,0,41.80782180890526,False,41.80782180890526,False,41.80782180890526,False,41.80782180890526,True,camera,vehicle,False,,False,0.0
87.89999999999928,solo,26.2924457736863,0,41.5365243130384,False,41.5365243130384,False,41.5365243130384,False,41.5365243130384,True,camera,vehicle,False,,False,0.0
87.99999999999928,solo,26.739833032097177,0,41.245226817171556,False,41.245226817171556,False,41.245226817171556,False,41.245226817171556,True,camera,vehicle,False,,False,0.0
88.09999999999927,solo,27.18722029050806,0,40.93392932130473,False,40.93392932130473,False,40.93392932130473,False,40.93392932130473,True,camera,vehicle,False,,False,0.0
88.19999999999926,solo,27.634607548918936,0,40.602631825437925,False,40.602631825437925,False,40.602631825437925,False,40.602631825437925,True,camera,vehicle,False,,False,0.0
88.29999999999926,solo,28.081994807329814,0,40.25133432957114,False,40.25133432957114,False,40.25133432957114,False,40.25133432957114,True,camera,vehicle,False,,False,0.0
88.39999999999925,solo,28.529382065740695,0,39.88003683370425,False,39.88003683370425,False,39.88003683370425,False,39.88003683370425,True,camera,vehicle,False,,False,0.0
88.49999999999925,solo,28.976769324151572,0,39.48873933783739,False,39.48873933783739,False,39.48873933783739,False,39.48873933783739,True,camera,vehicle,False,,False,0.0
88.59999999999924,solo,29.42415658256245,0,39.07744184197054,False,39.07744184197054,False,39.07744184197054,False,39.07744184197054,True,camera,vehicle,False,,False,0.0
88.69999999999924,solo,29.87154384097333,0,38.64614434610371,False,38.64614434610371,False,38.64614434610371,False,38.64614434610371,True,camera,vehicle,False,,False,0.0
88.79999999999923,solo,30.0,0,38.20197559817029,False,38.20197559817029,False,38.20197559817029,False,38.20197559817029,True,camera,vehicle,False,,False,0.0
88.89999999999922,solo,30.0,0,37.75493559817028,False,37.75493559817028,False,37.75493559817028,False,37.75493559817028,True,camera,vehicle,False,,False,0.0
88.99999999999922,solo,30.0,0,37.30789559817026,False,37.30789559817026,False,37.30789559817026,False,37.30789559817026,True,camera,vehicle,False,,False,0.0
89.09999999999921,solo,30.0,0,36.86085559817025,False,36.86085559817025,False,36.86085559817025,False,36.86085559817025,True,camera,vehicle,False,,False,0.0
89.1999999999992,solo,30.0,0,36.41381559817023,False,36.41381559817023,False,36.41381559817023,False,36.41381559817023,True,camera,vehicle,False,,False,0.0
89.2999999999992,solo,30.0,0,35.966775598170216,False,35.966775598170216,False,35.966775598170216,False,35.966775598170216,True,camera,vehicle,False,,False,0.0
89.3999999999992,solo,29.9847612050875,0,35.520076215714084,False,35.520076215714084,False,35.520076215714084,False,35.520076215714084,True,camera,vehicle,False,,False,0.0
89.49999999999919,solo,29.945367066829387,0,35.074597988580194,False,35.074597988580194,False,35.074597988580194,False,35.074597988580194,True,camera,vehicle,False,,False,0.0
89.59999999999918,solo,29.884304843877477,0,34.631365162032125,False,34.631365162032125,False,34.631365162032125,False,34.631365162032125,True,camera,vehicle,False,,False,0.0
89.69999999999918,solo,29.80378459390769,0,34.191296986918815,False,34.191296986918815,False,34.191296986918815,False,34.191296986918815,True,camera,vehicle,False,,False,0.0
89.79999999999917,solo,29.705785768600048,0,33.755219070176054,False,33.755219070176054,False,33.755219070176054,False,33.755219070176054,True,camera,vehicle,False,,False,0.0
89.89999999999917,solo,29.59209418343819,0,33.32387285748814,False,33.32387285748814,False,33.32387285748814,False,33.32387285748814,True,camera,vehicle,False,,False,0.0
89.99999999999916,solo,29.464331628736264,0,32.897923627734485,False,32.897923627734485,False,32.897923627734485,False,32.897923627734485,True,camera,vehicle,False,,False,0.0
90.09999999999916,solo,29.323979780098263,0,32.47796729112429,False,15.0,True,32.47796729112429,False,15.0,True,camera,vehicle,False,,False,0.0
90.19999999999915,solo,28.123131976213777,1,58.97558787991272,False,15.0,True,58.97558787991272,False,15.0,True,camera,vehicle,False,,False,0.0
90.29999999999914,solo,26.965546462271437,1,56.85016573945563,False,15.0,True,56.85016573945563,False,15.0,True,camera,vehicle,False,,False,0.0
90.39999999999914,solo,25.85561175347118,1,54.77542721101747,False,15.0,True,54.77542721101747,False,15.0,True,camera,vehicle,False,,False,0.0
90.49999999999913,solo,24.797821326552516,1,52.74914167481279,False,15.0,True,52.74914167481279,False,15.0,True,camera,vehicle,False,,False,0.0
90.59999999999913,solo,23.79664218599012,1,50.768878226380366,False,15.0,True,50.768878226380366,False,15.0,True,camera,vehicle,False,,False,0.0
90.69999999999912,solo,22.85634286173165,1,48.8320107045937,False,15.0,True,48.8320107045937,False,15.0,True,camera,vehicle,False,,False,0.0
90.79999999999912,solo,21.980783680702423,1,46.93573125211731,False,15.0,True,46.93573125211731,False,15.0,True,camera,vehicle,False,,False,0.0
90.89999999999911,solo,21.173179715169777,1,45.077073862292764,False,15.0,True,45.077073862292764,False,15.0,True,camera,vehicle,False,,False,0.0
90.9999999999991,solo,20.435855942973912,1,43.2529486972619,False,15.0,True,43.2529486972619,False,15.0,True,camera,vehicle,False,,False,0.0
91.0999999999991,solo,19.77002290961834,1,41.460186893148716,False,15.0,True,41.460186893148716,False,15.0,True,camera,vehicle,False,,False,0.0
91.1999999999991,solo,19.175606549211597,1,39.695594183485014,False,15.0,True,39.695594183485014,False,15.0,True,camera,vehicle,False,,False,0.0
91.29999999999909,solo,18.651164558331047,1,37.956010195689146,False,15.0,True,37.956010195689146,False,15.0,True,camera,vehicle,False,,False,0.0
91.39999999999908,solo,18.19391187958192,1,36.23836904714892,False,15.0,True,36.23836904714892,False,15.0,True,camera,vehicle,False,,False,0.0
91.49999999999908,solo,17.799860364625413,1,34.53975624994632,False,15.0,True,34.53975624994632,False,15.0,True,camera,vehicle,False,,False,0.0
91.59999999999907,solo,17.464056848274055,1,32.85745717240354,False,15.0,True,32.85745717240354,False,15.0,True,camera,vehicle,False,,False,0.0
91.69999999999906,solo,17.18088600052864,1,31.18899340984717,False,15.0,True,31.18899340984717,False,15.0,True,camera,vehicle,False,,False,0.0
91.79999999999906,solo,16.94439500112074,1,29.532145128898264,False,15.0,True,29.532145128898264,False,15.0,True,camera,vehicle,False,,False,0.0
91.89999999999905,solo,16.74859852232949,1,27.884959337662053,False,15.0,True,27.884959337662053,False,15.0,True,camera,vehicle,False,,False,0.0
91.99999999999905,solo,16.58773282814815,1,26.245745659316185,False,15.0,True,26.245745659316185,False,15.0,True,camera,vehicle,False,,False,0.0
92.09999999999904,solo,16.45644242517317,1,24.613062254054057,False,15.0,True,24.613062254054057,False,15.0,True,camera,vehicle,False,,False,0.0
92.19999999999904,solo,16.34989678555496,1,22.98569496001585,False,15.0,True,22.98569496001585,False,15.0,True,camera,vehicle,False,,False,0.0
92.29999999999903,solo,16.26384497665574,1,21.36263260414694,False,15.0,True,21.36263260414694,False,15.0,True,camera,vehicle,False,,False,0.0
92.39999999999903,solo,16.19462154210307,1,19.74304096051958,False,15.0,True,19.74304096051958,False,15.0,True,camera,vehicle,False,,False,0.0
92.49999999999902,solo,16.139118330340864,0,32.366318776126036,False,15.0,True,32.366318776126036,False,15.0,True,camera,vehicle,False,,False,0.0
92.59999999999901,solo,16.09473556958497,0,32.5399076737549,False,15.0,True,32.5399076737549,False,15.0,True,camera,vehicle,False,,False,0.0
92.69999999999901,solo,16.05932276436313,0,32.71528016187449,False,15.0,True,32.71528016187449,False,15.0,True,camera,vehicle,False,,False,0.0
92.799999999999,solo,16.03111698853227,0,32.89207465251775,False,15.0,True,32.89207465251775,False,15.0,True,camera,vehicle,False,,False,0.0
92.899999999999,solo,16.008683476555486,0,33.0700010325221,False,15.0,True,33.0700010325221,False,15.0,True,camera,vehicle,False,,False,0.0
92.99999999999899,solo,15.990861316284667,0,33.248827207312615,False,15.0,True,33.248827207312615,False,15.0,True,camera,vehicle,False,,False,0.0
93.09999999999899,solo,15.97671554691017,0,33.42836792926653,False,33.42836792926653,False,33.42836792926653,False,33.42836792926653,True,camera,vehicle,False,,False,0.0
93.19999999999898,solo,16.424102805321052,0,33.59822483745745,False,33.59822483745745,False,33.59822483745745,False,33.59822483745745,True,camera,vehicle,False,,False,0.0
93.29999999999897,solo,16.871490063731933,0,33.74808174564839,False,33.74808174564839,False,33.74808174564839,False,33.74808174564839,True,camera,vehicle,False,,False,0.0
93.39999999999897,solo,17.31887732214281,0,33.87793865383935,False,33.87793865383935,False,33.87793865383935,False,33.87793865383935,True,camera,vehicle,False,,False,0.0
93.49999999999896,solo,17.766264580553692,0,33.98779556203033,False,33.98779556203033,False,33.98779556203033,False,33.98779556203033,True,camera,vehicle,False,,False,0.0
93.59999999999896,solo,18.213651838964573,0,34.077652470221324,False,34.077652470221324,False,34.077652470221324,False,34.077652470221324,True,camera,vehicle,False,,False,0.0
93.69999999999895,solo,18.661039097375454,0,34.14750937841234,False,34.14750937841234,False,34.14750937841234,False,34.14750937841234,True,camera,vehicle,False,,False,0.0
93.79999999999895,solo,19.10842635578633,0,34.197366286603256,False,34.197366286603256,False,34.197366286603256,False,34.197366286603256,True,camera,vehicle,False,,False,0.0
93.89999999999894,solo,19.55581361419721,0,34.22722319479419,False,34.22722319479419,False,34.22722319479419,False,34.22722319479419,True,camera,vehicle,False,,False,0.0
93.99999999999893,solo,20.00320087260809,0,34.237080102985146,False,34.237080102985146,False,34.237080102985146,False,34.237080102985146,True,camera,vehicle,False,,False,0.0
94.09999999999893,solo,20.450588131018968,0,34.22693701117612,False,34.22693701117612,False,34.22693701117612,False,34.22693701117612,True,camera,vehicle,False,,False,0.0
94.19999999999892,solo,20.89797538942985,0,34.19679391936711,False,34.19679391936711,False,34.19679391936711,False,34.19679391936711,True,camera,vehicle,False,,False,0.0
94.29999999999892,solo,21.345362647840727,0,34.14665082755812,False,34.14665082755812,False,34.14665082755812,False,34.14665082755812,True,camera,vehicle,False,,False,0.0
94.39999999999891,solo,21.792749906251604,0,34.07650773574903,False,34.07650773574903,False,34.07650773574903,False,34.07650773574903,True,camera,vehicle,False,,False,0.0
94.4999999999989,solo,22.240137164662485,0,33.986364643939964,False,33.986364643939964,False,33.986364643939964,False,33.986364643939964,True,camera,vehicle,False,,False,0.0
94.5999999999989,solo,22.687524423073363,0,33.876221552130914,False,33.876221552130914,False,33.876221552130914,False,33.876221552130914,True,camera,vehicle,False,,False,0.0
94.6999999999989,solo,23.13491168148424,0,33.74607846032188,False,33.74607846032188,False,33.74607846032188,False,33.74607846032188,True,camera,vehicle,False,,False,0.0
94.79999999999889,solo,23.58229893989512,0,33.59593536851287,False,33.59593536851287,False,33.59593536851287,False,33.59593536851287,True,camera,vehicle,False,,False,0.0
94.89999999999888,solo,24.029686198306,0,33.42579227670387,False,33.42579227670387,False,33.42579227670387,False,33.42579227670387,True,camera,vehicle,False,,False,0.0
94.99999999999888,solo,24.477073456716877,0,33.23564918489478,False,33.23564918489478,False,33.23564918489478,False,33.23564918489478,True,camera,vehicle,False,,False,0.0
95.09999999999887,solo,24.924460715127758,0,33.02550609308571,False,33.02550609308571,False,33.02550609308571,False,33.02550609308571,True,camera,vehicle,False,,False,0.0
95.19999999999887,solo,25.371847973538635,0,32.795363001276655,False,32.795363001276655,False,32.795363001276655,False,32.795363001276655,True,camera,vehicle,False,,False,0.0
95.29999999999886,solo,25.819235231949516,0,32.54521990946762,False,32.54521990946762,False,32.54521990946762,False,32.54521990946762,True,camera,vehicle,False,,False,0.0
95.39999999999885,solo,26.266622490360394,0,32.2750768176586,False,32.2750768176586,False,32.2750768176586,False,32.2750768176586,True,camera,vehicle,False,,False,0.0
95.49999999999885,solo,26.71400974877127,0,31.9849337258496,False,31.9849337258496,False,31.9849337258496,False,31.9849337258496,True,camera,vehicle,False,,False,0.0
95.59999999999884,solo,27.161397007182153,0,31.674790634040505,False,31.674790634040505,False,31.674790634040505,False,31.674790634040505,True,camera,vehicle,False,,False,0.0
95.69999999999884,solo,27.60878426559303,0,31.344647542231428,False,31.344647542231428,False,31.344647542231428,False,31.344647542231428,True,camera,vehicle,False,,False,0.0
95.79999999999883,solo,27.566197242381172,0,31.00545635556523,False,31.00545635556523,False,31.00545635556523,False,31.00545635556523,True,camera,vehicle,False,,False,0.0
95.89999999999883,solo,27.505635559972962,0,30.668570748767024,False,30.668570748767024,False,30.668570748767024,False,30.668570748767024,True,camera,vehicle,False,,False,0.0
95.99999999999882,solo,27.429137873848497,0,30.334748692974244,False,30.334748692974244,False,30.334748692974244,False,30.334748692974244,True,camera,vehicle,False,,False,0.0
96.09999999999881,solo,27.33852783832878,0,30.004661828975713,False,30.004661828975713,False,30.004661828975713,False,30.004661828975713,True,camera,vehicle,False,,False,0.0
96.19999999999881,solo,27.23544739109759,0,29.67890433464754,False,29.67890433464754,False,29.67890433464754,False,29.67890433464754,True,camera,vehicle,False,,False,0.0
96.2999999999988,solo,27.121383361635637,0,29.3580004536625,False,29.3580004536625,False,29.3580004536625,False,29.3580004536625,True,camera,vehicle,False,,False,0.0
96.3999999999988,solo,26.997688911339587,0,29.04241095021689,False,29.04241095021689,False,29.04241095021689,False,29.04241095021689,True,camera,vehicle,False,,False,0.0
96.49999999999879,solo,26.86560092772292,0,28.732538695734092,False,28.732538695734092,False,28.732538695734092,False,28.732538695734092,True,camera,vehicle,False,,False,0.0
96.59999999999879,solo,26.726254219825147,0,28.428733549476192,False,28.428733549476192,False,28.428733549476192,False,28.428733549476192,True,camera,vehicle,False,,False,0.0
96.69999999999878,solo,26.58069316256312,0,28.13129666158511,False,28.13129666158511,False,28.13129666158511,False,28.13129666158511,True,camera,vehicle,False,,False,0.0
96.79999999999878,solo,26.429881291466394,0,27.840484301388642,False,27.840484301388642,False,27.840484301388642,False,27.840484301388642,True,camera,vehicle,False,,False,0.0
96.89999999999877,solo,26.274709240626766,0,27.55651129381522,False,27.55651129381522,False,27.55651129381522,False,27.55651129381522,True,camera,vehicle,False,,False,0.0
96.99999999999876,solo,26.11600133515237,0,27.279554131025407,False,27.279554131025407,False,27.279554131025407,False,27.279554131025407,True,camera,vehicle,False,,False,0.0
97.09999999999876,solo,25.954521087543093,0,27.009753813833413,False,27.009753813833413,False,27.009753813833413,False,27.009753813833413,True,camera,vehicle,False,,False,0.0
97.19999999999875,solo,25.790975799954435,0,26.747218467404082,False,26.747218467404082,False,26.747218467404082,False,26.747218467404082,True,camera,vehicle,False,,False,0.0
97.29999999999875,solo,25.62602043753311,0,26.49202576750372,False,26.49202576750372,False,26.49202576750372,False,26.49202576750372,True,camera,vehicle,False,,False,0.0
97.39999999999874,solo,25.460260909163775,0,26.24422520684243,False,26.24422520684243,False,26.24422520684243,False,26.24422520684243,True,camera,vehicle,False,,False,0.0
97.49999999999874,solo,25.294256869065478,0,26.00384022546359,False,26.00384022546359,False,26.00384022546359,False,26.00384022546359,True,camera,vehicle,False,,False,0.0
97.59999999999873,solo,25.128524134241964,0,25.770870224477676,False,25.770870224477676,False,25.770870224477676,False,25.770870224477676,True,camera,vehicle,False,,False,0.0
97.69999999999872,solo,24.963536797724355,0,25.545292478526335,False,25.545292478526335,False,25.545292478526335,False,25.545292478526335,True,camera,vehicle,False,,False,0.0
97.79999999999872,solo,24.79972910502769,0,25.327063959068028,False,25.327063959068028,False,25.327063959068028,False,25.327063959068028,True,camera,vehicle,False,,False,0.0
97.89999999999871,solo,24.637497150662174,0,25.11612307780092,False,25.11612307780092,False,25.11612307780092,False,25.11612307780092,True,camera,vehicle,False,,False,0.0
97.9999999999987,solo,24.47720044244109,0,24.912391357199795,False,24.912391357199795,False,24.912391357199795,False,24.912391357199795,True,camera,vehicle,False,,False,0.0
98.0999999999987,solo,24.319163373375172,0,24.71577503318872,False,24.71577503318872,False,24.71577503318872,False,24.71577503318872,True,camera,vehicle,False,,False,0.0
98.1999999999987,solo,24.16367663389565,0,24.52616659334626,False,24.52616659334626,False,24.52616659334626,False,24.52616659334626,True,camera,vehicle,False,,False,0.0
98.29999999999869,solo,24.01099859083531,0,24.343446252723197,False,24.343446252723197,False,24.343446252723197,False,24.343446252723197,True,camera,vehicle,False,,False,0.0
98.39999999999868,solo,23.86135665390346,0,24.16748336829278,False,24.16748336829278,False,24.16748336829278,False,24.16748336829278,True,camera,vehicle,False,,False,0.0
98.49999999999868,solo,23.714948645244267,0,23.998137792246325,False,23.998137792246325,False,23.998137792246325,False,23.998137792246325,True,camera,vehicle,False,,False,0.0
98.59999999999867,solo,23.571944183026094,0,23.835261163748783,False,23.835261163748783,False,23.835261163748783,False,23.835261163748783,True,camera,vehicle,False,,False,0.0
98.69999999999867,solo,23.432486085852165,0,23.678698138378877,False,23.678698138378877,False,23.678698138378877,False,23.678698138378877,True,camera,vehicle,False,,False,0.0
98.79999999999866,solo,23.2966918011046,0,23.528287554249573,False,23.528287554249573,False,23.528287554249573,False,23.528287554249573,True,camera,vehicle,False,,False,0.0
98.89999999999866,solo,23.164654857133904,0,23.383863533744716,False,23.383863533744716,False,23.383863533744716,False,23.383863533744716,True,camera,vehicle,False,,False,0.0
98.99999999999865,solo,23.036446336489334,0,23.245256519864824,False,23.245256519864824,False,23.245256519864824,False,23.245256519864824,True,camera,vehicle,False,,False,0.0
99.09999999999864,solo,22.912116365150705,0,23.112294246357806,False,23.112294246357806,False,23.112294246357806,False,23.112294246357806,True,camera,vehicle,False,,False,0.0
99.19999999999864,solo,22.79169561096559,0,22.984802641067745,False,22.984802641067745,False,22.984802641067745,False,22.984802641067745,True,camera,vehicle,False,,False,0.0
99.29999999999863,solo,22.67519678320367,0,22.862606662273265,False,22.862606662273265,False,22.862606662273265,False,22.862606662273265,True,camera,vehicle,False,,False,0.0
99.39999999999863,solo,22.562616124291946,0,22.745531068165064,False,22.745531068165064,False,22.745531068165064,False,22.745531068165064,True,camera,vehicle,False,,False,0.0
99.49999999999862,solo,22.45393488435978,0,22.6334011200197,False,22.6334011200197,False,22.6334011200197,False,22.6334011200197,True,camera,vehicle,False,,False,0.0
99.59999999999862,solo,22.349120769163726,0,22.526043220052088,False,22.526043220052088,False,22.526043220052088,False,22.526043220052088,True,camera,vehicle,False,,False,0.0
99.69999999999861,solo,22.248129352234024,0,22.423285485338738,False,22.423285485338738,False,22.423285485338738,False,22.423285485338738,True,camera,vehicle,False,,False,0.0
99.7999999999986,solo,22.150905442637395,0,22.324958259603818,False,22.324958259603818,False,22.324958259603818,False,22.324958259603818,True,camera,vehicle,False,,False,0.0
99.8999999999986,solo,22.057384400531916,0,22.230894565029303,False,22.230894565029303,False,22.230894565029303,False,22.230894565029303,True,camera,vehicle,False,,False,0.0
99.9999999999986,solo,21.96749339364564,0,22.1409304965739,False,22.1409304965739,False,22.1409304965739,False,22.1409304965739,True,camera,vehicle,False,,False,0.0
100.09999999999859,solo,21.88115258888823,0,22.05490556157224,False,22.05490556157224,False,22.05490556157224,False,22.05490556157224,True,camera,vehicle,False,,False,0.0
100.19999999999858,solo,21.798276274454697,0,21.972662967618817,False,21.972662967618817,False,21.972662967618817,False,21.972662967618817,True,camera,vehicle,False,,False,0.0
100.29999999999858,solo,21.71877390895717,0,21.894049861919257,False,21.894049861919257,False,21.894049861919257,False,21.894049861919257,True,camera,vehicle,False,,False,0.0
100.39999999999857,solo,21.642551095283746,0,21.818917525424467,False,21.818917525424467,False,21.818917525424467,False,21.818917525424467,True,camera,vehicle,False,,False,0.0
100.49999999999856,solo,21.569510477999984,0,21.747121525138482,False,21.747121525138482,False,21.747121525138482,False,21.747121525138482,True,camera,vehicle,False,,False,0.0
100.59999999999856,solo,21.499552564150576,0,21.678521828020394,False,21.678521828020394,False,21.678521828020394,False,21.678521828020394,True,camera,vehicle,False,,False,0.0
100.69999999999855,solo,21.432576468265673,0,21.612982879887795,False,21.612982879887795,False,21.612982879887795,False,21.612982879887795,True,camera,vehicle,False,,False,0.0
100.79999999999855,solo,21.368480583214193,0,21.550373652673215,False,21.550373652673215,False,21.550373652673215,False,21.550373652673215,True,camera,vehicle,False,,False,0.0
100.89999999999854,solo,21.307163179266514,0,21.490567663294314,False,21.490567663294314,False,21.490567663294314,False,21.490567663294314,True,camera,vehicle,False,,False,0.0
100.99999999999854,solo,21.248522934327482,0,21.433442967283327,False,21.433442967283327,False,21.433442967283327,False,21.433442967283327,True,camera,vehicle,False,,False,0.0
101.09999999999853,solo,21.19245939877995,0,21.37888213017368,False,21.37888213017368,False,21.37888213017368,False,21.37888213017368,True,camera,vehicle,False,,False,0.0
101.19999999999852,solo,21.13887339874211,0,21.32677217948344,False,21.32677217948344,False,21.32677217948344,False,21.32677217948344,True,camera,vehicle,False,,False,0.0
101.29999999999852,solo,21.087667381797765,0,21.277004539956806,False,21.277004539956806,False,21.277004539956806,False,21.277004539956806,True,camera,vehicle,False,,False,0.0
101.39999999999851,solo,21.038745709415515,0,21.229474954541956,False,21.229474954541956,False,21.229474954541956,False,21.229474954541956,True,camera,vehicle,False,,False,0.0
101.49999999999851,solo,20.992014900342436,0,21.18408339339271,False,21.18408339339271,False,21.18408339339271,False,21.18408339339271,True,camera,vehicle,False,,False,0.0
101.5999999999985,solo,20.947383829251088,0,21.140733952988967,False,21.140733952988967,False,21.140733952988967,False,21.140733952988967,True,camera,vehicle,False,,False,0.0
101.6999999999985,solo,20.90476388484705,0,21.099334747283365,False,21.099334747283365,False,21.099334747283365,False,21.099334747283365,True,camera,vehicle,False,,False,0.0
101.79999999999849,solo,20.864069091519923,0,21.059797792595646,False,21.059797792595646,False,21.059797792595646,False,21.059797792595646,True,camera,vehicle,False,,False,0.0
101.89999999999849,solo,20.825216198453614,0,21.022038887794224,False,21.022038887794224,False,21.022038887794224,False,21.022038887794224,True,camera,vehicle,False,,False,0.0
101.99999999999848,solo,20.788124739912107,0,20.98597749113992,False,20.98597749113992,False,20.98597749113992,False,20.98597749113992,True,camera,vehicle,False,,False,0.0
102.09999999999847,solo,20.752717070194603,0,20.951536595000334,False,20.951536595000334,False,20.951536595000334,False,20.951536595000334,True,camera,vehicle,False,,False,0.0
102.19999999999847,solo,20.718918376515454,0,20.91864259949557,False,20.91864259949557,False,20.91864259949557,False,20.91864259949557,True,camera,vehicle,False,,False,0.0
102.29999999999846,solo,20.686656672817914,0,20.887225185992975,False,20.887225185992975,False,20.887225185992975,False,20.887225185992975,True,camera,vehicle,False,,False,0.0
102.39999999999846,solo,20.655862777281353,0,20.857217191244445,False,20.857217191244445,False,20.857217191244445,False,20.857217191244445,True,camera,vehicle,False,,False,0.0
102.49999999999845,solo,20.626470276034944,0,20.828554482836807,False,20.828554482836807,False,20.828554482836807,False,20.828554482836807,True,camera,vehicle,False,,False,0.0
102.59999999999845,solo,20.598415475349764,0,20.801175836521907,False,20.801175836521907,False,20.801175836521907,False,20.801175836521907,True,camera,vehicle,False,,False,0.0
102.69999999999844,solo,20.571637344349718,0,20.77502281589591,False,20.77502281589591,False,20.77502281589591,False,20.77502281589591,True,camera,vehicle,False,,False,0.0
102.79999999999843,solo,20.54607745006136,0,20.75003965481119,False,20.75003965481119,False,20.75003965481119,False,20.75003965481119,True,camera,vehicle,False,,False,0.0
102.89999999999843,solo,20.521679886415697,0,20.726173142826383,False,20.726173142826383,False,20.726173142826383,False,20.726173142826383,True,camera,vehicle,False,,False,0.0
102.99999999999842,solo,20.49839119862163,0,20.703372513933573,False,20.703372513933573,False,20.703372513933573,False,20.703372513933573,True,camera,vehicle,False,,False,0.0
103.09999999999842,solo,20.47616030415236,0,20.681589338743606,False,20.681589338743606,False,20.681589338743606,False,20.681589338743606,True,camera,vehicle,False,,False,0.0
103.19999999999841,solo,20.45493841142249,0,20.660777420252998,False,20.660777420252998,False,20.660777420252998,False,20.660777420252998,True,camera,vehicle,False,,False,0.0
103.2999999999984,solo,20.43467893708393,0,20.640892693279284,False,20.640892693279284,False,20.640892693279284,False,20.640892693279284,True,camera,vehicle,False,,False,0.0
103.3999999999984,solo,20.415337422734495,0,20.621893127604608,False,20.621893127604608,False,20.621893127604608,False,20.621893127604608,True,camera,vehicle,False,,False,0.0
103.4999999999984,solo,20.39687145171115,0,20.603738634843012,False,20.603738634843012,False,20.603738634843012,False,20.603738634843012,True,camera,vehicle,False,,False,0.0
103.59999999999839,solo,20.37924056653224,0,20.586390979011185,False,20.586390979011185,False,20.586390979011185,False,20.586390979011185,True,camera,vehicle,False,,False,0.0
103.69999999999838,solo,20.36240618745619,0,20.56981369076607,False,20.56981369076607,False,20.56981369076607,False,20.56981369076607,True,camera,vehicle,False,,False,0.0
103.79999999999838,solo,20.34633153253971,0,20.553971985248836,False,20.553971985248836,False,20.553971985248836,False,20.553971985248836,True,camera,vehicle,False,,False,0.0
103.89999999999837,solo,20.330981539503682,0,20.538832683462488,False,20.538832683462488,False,20.538832683462488,False,20.538832683462488,True,camera,vehicle,False,,False,0.0
103.99999999999837,solo,20.316322789649927,0,20.524364137097336,False,20.524364137097336,False,20.524364137097336,False,20.524364137097336,True,camera,vehicle,False,,False,0.0
104.09999999999836,solo,20.30232343401569,0,20.51053615670594,False,20.51053615670594,False,20.51053615670594,False,20.51053615670594,True,camera,vehicle,False,,False,0.0
104.19999999999835,solo,20.288953121903695,0,20.497319943128105,False,20.497319943128105,False,20.497319943128105,False,20.497319943128105,True,camera,vehicle,False,,False,0.0
104.29999999999835,solo,20.27618293188427,0,20.484688022053888,False,20.484688022053888,False,20.484688022053888,False,20.484688022053888,True,camera,vehicle,False,,False,0.0
104.39999999999834,solo,20.26398530533018,0,20.472614181615654,False,20.472614181615654,False,20.472614181615654,False,20.472614181615654,True,camera,vehicle,False,,False,0.0
104.49999999999834,solo,20.252333982515214,0,20.46107341289371,False,20.46107341289371,False,20.46107341289371,False,20.46107341289371,True,camera,vehicle,False,,False,0.0
104.59999999999833,solo,20.24120394128218,0,20.45004185322091,False,20.45004185322091,False,20.45004185322091,False,20.45004185322091,True,camera,vehicle,False,,False,0.0
104.69999999999833,solo,20.23057133826528,0,20.43949673217253,False,20.43949673217253,False,20.43949673217253,False,20.43949673217253,True,camera,vehicle,False,,False,0.0
104.79999999999832,solo,20.22041345263484,0,20.429416320126393,False,20.429416320126393,False,20.429416320126393,False,20.429416320126393,True,camera,vehicle,False,,False,0.0
104.89999999999831,solo,20.210708632318404,0,20.419779879283624,False,20.419779879283624,False,20.419779879283624,False,20.419779879283624,True,camera,vehicle,False,,False,0.0
104.99999999999831,solo,20.201436242641357,0,20.410567617038623,False,20.410567617038623,False,20.410567617038623,False,20.410567617038623,True,camera,vehicle,False,,False,0.0
105.0999999999983,solo,20.19257661732168,0,20.401760641592773,False,20.401760641592773,False,20.401760641592773,False,20.401760641592773,True,camera,vehicle,False,,False,0.0
105.1999999999983,solo,20.18411101174686,0,20.393340919707953,False,20.393340919707953,False,20.393340919707953,False,20.393340919707953,True,camera,vehicle,False,,False,0.0
105.29999999999829,solo,20.176021558456338,0,20.385291236498915,False,20.385291236498915,False,20.385291236498915,False,20.385291236498915,True,camera,vehicle,False,,False,0.0
105.39999999999829,solo,20.16829122474962,0,20.3775951571688,False,20.3775951571688,False,20.3775951571688,False,20.3775951571688,True,camera,vehicle,False,,False,0.0
105.49999999999828,solo,20.160903772338283,0,20.370236990593867,False,20.370236990593867,False,20.370236990593867,False,20.370236990593867,True,camera,vehicle,False,,False,0.0
105.59999999999827,solo,20.15384371895908,0,20.363201754668353,False,20.363201754668353,False,20.363201754668353,False,20.363201754668353,True,camera,vehicle,False,,False,0.0
105.69999999999827,solo,20.14709630186544,0,20.356475143322996,False,20.356475143322996,False,20.356475143322996,False,20.356475143322996,True,camera,vehicle,False,,False,0.0
105.79999999999826,solo,20.140647443115114,0,20.350043495135196,False,20.350043495135196,False,20.350043495135196,False,20.350043495135196,True,camera,vehicle,False,,False,0.0
105.89999999999826,solo,20.134483716573087,0,20.343893763453934,False,20.343893763453934,False,20.343893763453934,False,20.343893763453934,True,camera,vehicle,False,,False,0.0
105.99999999999825,solo,20.12859231655062,0,20.33801348796169,False,20.33801348796169,False,20.33801348796169,False,20.33801348796169,True,camera,vehicle,False,,False,0.0
106.09999999999825,solo,20.122961028003083,0,20.332390767604238,False,20.332390767604238,False,20.332390767604238,False,20.332390767604238,True,camera,vehicle,False,,False,0.0
106.19999999999824,solo,20.117578198211728,0,20.3270142348199,False,20.3270142348199,False,20.3270142348199,False,20.3270142348199,True,camera,vehicle,False,,False,0.0
106.29999999999824,solo,20.112432709877105,0,20.32187303100227,False,20.32187303100227,False,20.32187303100227,False,20.32187303100227,True,camera,vehicle,False,,False,0.0
106.39999999999823,solo,20.10751395555417,0,20.316956783136675,False,20.316956783136675,False,20.316956783136675,False,20.316956783136675,True,camera,vehicle,False,,False,0.0
106.49999999999822,solo,20.102811813362297,0,20.312255581549834,False,20.312255581549834,False,20.312255581549834,False,20.312255581549834,True,camera,vehicle,False,,False,0.0
106.59999999999822,solo,20.098316623905635,0,20.30775995872,False,20.30775995872,False,20.30775995872,False,20.30775995872,True,camera,vehicle,False,,False,0.0
106.69999999999821,solo,20.094019168342754,0,20.303460869091623,False,20.303460869091623,False,20.303460869091623,False,20.303460869091623,True,camera,vehicle,False,,False,0.0
106.7999999999982,solo,20.089910647546503,0,20.299349669846833,False,20.299349669846833,False,20.299349669846833,False,20.299349669846833,True,camera,vehicle,False,,False,0.0
106.8999999999982,solo,20.085982662298385,0,20.295418102585245,False,20.295418102585245,False,20.295418102585245,False,20.295418102585245,True,camera,vehicle,False,,False,0.0
106.9999999999982,solo,20.08222719446407,0,20.291658275866894,False,20.291658275866894,False,20.291658275866894,False,20.291658275866894,True,camera,vehicle,False,,False,0.0
107.09999999999819,solo,20.07863658909942,0,20.28806264857667,False,20.28806264857667,False,20.28806264857667,False,20.28806264857667,True,camera,vehicle,False,,False,0.0
107.19999999999818,solo,20.075203537438885,0,20.284624014068413,False,20.284624014068413,False,20.284624014068413,False,20.284624014068413,True,camera,vehicle,False,,False,0.0
107.29999999999818,solo,20.071921060720662,0,20.281335485050477,False,20.281335485050477,False,20.281335485050477,False,20.281335485050477,True,camera,vehicle,False,,False,0.0
107.39999999999817,solo,20.068782494805163,0,20.278190479177283,False,20.278190479177283,False,20.278190479177283,False,20.278190479177283,True,camera,vehicle,False,,False,0.0
107.49999999999817,solo,20.065781475545805,0,20.27518270531209,False,20.27518270531209,False,20.27518270531209,False,20.27518270531209,True,camera,vehicle,False,,False,0.0
107.59999999999816,solo,20.062911924873365,0,20.272306150425948,False,20.272306150425948,False,20.272306150425948,False,20.272306150425948,True,camera,vehicle,False,,False,0.0
107.69999999999816,solo,20.060168037556682,0,20.269555067105784,False,20.269555067105784,False,20.269555067105784,False,20.269555067105784,True,camera,vehicle,False,,False,0.0
107.79999999999815,solo,20.057544268605227,0,20.26692396163844,False,20.26692396163844,False,20.26692396163844,False,20.26692396163844,True,camera,vehicle,False,,False,0.0
107.89999999999814,solo,20.055035321280286,0,20.26440758264539,False,20.26440758264539,False,20.26440758264539,False,20.26440758264539,True,camera,vehicle,False,,False,0.0
107.99999999999814,solo,20.052636135683656,0,20.262000910239294,False,20.262000910239294,False,20.262000910239294,False,20.262000910239294,True,camera,vehicle,False,,False,0.0
108.09999999999813,solo,20.050341877894223,0,20.25969914567986,False,20.25969914567986,False,20.25969914567986,False,20.25969914567986,True,camera,vehicle,False,,False,0.0
108.19999999999813,solo,20.04814792962453,0,20.25749770150219,False,20.25749770150219,False,20.25749770150219,False,20.25749770150219,True,camera,vehicle,False,,False,0.0
108.29999999999812,solo,20.046049878370862,0,20.255392192097815,False,20.255392192097815,False,20.255392192097815,False,20.255392192097815,True,camera,vehicle,False,,False,0.0
108.39999999999812,solo,20.04404350803188,0,20.253378424725042,False,20.253378424725042,False,20.253378424725042,False,20.253378424725042,True,camera,vehicle,False,,False,0.0
108.49999999999811,solo,20.042124789972117,0,20.25145239092808,False,20.25145239092808,False,20.25145239092808,False,20.25145239092808,True,camera,vehicle,False,,False,0.0
108.5999999999981,solo,20.040289874507927,0,20.24961025834773,False,20.24961025834773,False,20.24961025834773,False,20.24961025834773,True,camera,vehicle,False,,False,0.0
108.6999999999981,solo,20.03853508279481,0,20.247848362902232,False,20.247848362902232,False,20.247848362902232,False,20.247848362902232,True,camera,vehicle,False,,False,0.0
108.7999999999981,solo,20.036856899095955,0,20.246163201323043,False,20.246163201323043,False,20.246163201323043,False,20.246163201323043,True,camera,vehicle,False,,False,0.0
108.89999999999809,solo,20.035251963413124,0,20.24455142402826,False,20.24455142402826,False,20.24455142402826,False,20.24455142402826,True,camera,vehicle,False,,False,0.0
108.99999999999808,solo,20.03371706446194,0,20.243009828317327,False,20.243009828317327,False,20.243009828317327,False,20.243009828317327,True,camera,vehicle,False,,False,0.0
109.09999999999808,solo,20.032249132974485,0,20.241535351872244,False,20.241535351872244,False,20.241535351872244,False,20.241535351872244,True,camera,vehicle,False,,False,0.0
109.19999999999807,solo,20.030845235313205,0,20.24012506655231,False,20.24012506655231,False,20.24012506655231,False,20.24012506655231,True,camera,vehicle,False,,False,0.0
109.29999999999806,solo,20.029502567380867,0,20.238776172466487,False,20.238776172466487,False,20.238776172466487,False,20.238776172466487,True,camera,vehicle,False,,False,0.0
109.39999999999806,solo,20.028218448812115,0,20.237485992312486,False,20.237485992312486,False,20.237485992312486,False,20.237485992312486,True,camera,vehicle,False,,False,0.0
109.49999999999805,solo,20.026990317432926,0,20.23625196596936,False,20.23625196596936,False,20.23625196596936,False,20.23625196596936,True,camera,vehicle,False,,False,0.0
109.59999999999805,solo,20.02581572397505,0,20.2350716453318,False,20.2350716453318,False,20.2350716453318,False,20.2350716453318,True,camera,vehicle,False,,False,0.0
109.69999999999804,solo,20.024692327033087,0,20.23394268937568,False,20.23394268937568,False,20.23394268937568,False,20.23394268937568,True,camera,vehicle,False,,False,0.0
109.79999999999804,solo,20.023617888252563,0,20.232862859443685,False,20.232862859443685,False,20.232862859443685,False,20.232862859443685,True,camera,vehicle,False,,False,0.0
109.89999999999803,solo,20.022590267737964,0,20.231830014741035,False,20.231830014741035,False,20.231830014741035,False,20.231830014741035,True,camera,vehicle,False,,False,0.0
109.99999999999802,solo,20.0216074196702,0,20.23084210803222,False,20.23084210803222,False,20.23084210803222,False,20.23084210803222,True,camera,vehicle,False,,False,0.0
110.09999999999802,solo,20.02066738812359,0,20.229897181528486,False,20.229897181528486,False,20.229897181528486,False,20.229897181528486,True,camera,vehicle,False,,False,0.0
110.19999999999801,solo,20.019768303072848,0,20.228993362958818,False,20.228993362958818,False,20.228993362958818,False,20.228993362958818,True,camera,vehicle,False,,False,0.0
110.29999999999801,solo,20.018908376581166,0,20.22812886181532,False,20.22812886181532,False,20.22812886181532,False,20.22812886181532,True,camera,vehicle,False,,False,0.0
110.399999999998,solo,20.018085899160894,0,20.2273019657639,False,20.2273019657639,False,20.2273019657639,False,20.2273019657639,True,camera,vehicle,False,,False,0.0
110.499999999998,solo,20.01729923629852,0,20.22651103721614,False,20.22651103721614,False,20.22651103721614,False,20.22651103721614,True,camera,vehicle,False,,False,0.0
110.59999999999799,solo,20.016546825136576,0,20.225754510051047,False,20.225754510051047,False,20.225754510051047,False,20.225754510051047,True,camera,vehicle,False,,False,0.0
110.69999999999798,solo,20.015827171304878,0,20.225030886482728,False,20.225030886482728,False,20.225030886482728,False,20.225030886482728,True,camera,vehicle,False,,False,0.0
110.79999999999798,solo,20.015138845894278,0,20.22433873406635,False,20.22433873406635,False,20.22433873406635,False,20.22433873406635,True,camera,vehicle,False,,False,0.0
110.89999999999797,solo,20.01448048256631,0,20.22367668283664,False,20.22367668283664,False,20.22367668283664,False,20.22367668283664,True,camera,vehicle,False,,False,0.0
110.99999999999797,solo,20.013850774792434,0,20.22304342257212,False,20.22304342257212,False,20.22304342257212,False,20.22304342257212,True,camera,vehicle,False,,False,0.0
111.09999999999796,solo,20.013248473216898,0,20.222437700180535,False,20.222437700180535,False,20.222437700180535,False,20.222437700180535,True,camera,vehicle,False,,False,0.0
111.19999999999796,solo,20.012672383137524,0,20.22185831719935,False,20.22185831719935,False,20.22185831719935,False,20.22185831719935,True,camera,vehicle,False,,False,0.0
111.29999999999795,solo,20.012121362099005,0,20.2213041274058,False,20.2213041274058,False,20.2213041274058,False,20.2213041274058,True,camera,vehicle,False,,False,0.0
111.39999999999795,solo,20.011594317593524,0,20.220774034533406,False,20.220774034533406,False,20.220774034533406,False,20.220774034533406,True,camera,vehicle,False,,False,0.0
111.49999999999794,solo,20.01109020486389,0,20.220266990087566,False,20.220266990087566,False,20.220266990087566,False,20.220266990087566,True,camera,vehicle,False,,False,0.0
111.59999999999793,solo,20.010608024804398,0,20.21978199125806,False,20.21978199125806,False,20.21978199125806,False,20.21978199125806,True,camera,vehicle,False,,False,0.0
111.69999999999793,solo,20.010146821954994,0,20.21931807892338,False,20.21931807892338,False,20.21931807892338,False,20.21931807892338,True,camera,vehicle,False,,False,0.0
111.79999999999792,solo,20.009705682584617,0,20.21887433574193,False,20.21887433574193,False,20.21887433574193,False,20.21887433574193,True,camera,vehicle,False,,False,0.0
111.89999999999792,solo,20.0092837328595,0,20.218449884328038,False,20.218449884328038,False,20.218449884328038,False,20.218449884328038,True,camera,vehicle,False,,False,0.0
111.99999999999791,solo,20.008880137092728,0,20.21804388550686,False,20.21804388550686,False,20.21804388550686,False,20.21804388550686,True,camera,vehicle,False,,False,0.0
112.0999999999979,solo,20.00849409607124,0,20.21765553664727,False,20.21765553664727,False,20.21765553664727,False,20.21765553664727,True,camera,vehicle,False,,False,0.0
112.1999999999979,solo,20.008124845456997,0,20.21728407006617,False,20.21728407006617,False,20.21728407006617,False,20.21728407006617,True,camera,vehicle,False,,False,0.0
112.2999999999979,solo,20.0077716542587,0,20.21692875150461,False,20.21692875150461,False,20.21692875150461,False,20.21692875150461,True,camera,vehicle,False,,False,0.0
112.39999999999789,solo,20.007433823371155,0,20.216588878668745,False,20.216588878668745,False,20.216588878668745,False,20.216588878668745,True,camera,vehicle,False,,False,0.0
112.49999999999788,solo,20.007110684179047,0,20.216263779836027,False,20.216263779836027,False,20.216263779836027,False,20.216263779836027,True,camera,vehicle,False,,False,0.0
112.59999999999788,solo,20.006801597222307,0,20.21595281252212,False,20.21595281252212,False,20.21595281252212,False,20.21595281252212,True,camera,vehicle,False,,False,0.0
112.69999999999787,solo,20.006505950920374,0,20.215655362206007,False,20.215655362206007,False,20.215655362206007,False,20.215655362206007,True,camera,vehicle,False,,False,0.0
112.79999999999787,solo,20.006223160352658,0,20.215370841110825,False,20.215370841110825,False,20.215370841110825,False,20.215370841110825,True,camera,vehicle,False,,False,0.0
112.89999999999786,solo,20.00595266609265,0,20.215098687038108,False,20.215098687038108,False,20.215098687038108,False,20.215098687038108,True,camera,vehicle,False,,False,0.0
112.99999999999785,solo,20.005693933093397,0,20.214838362253204,False,20.214838362253204,False,20.214838362253204,False,20.214838362253204,True,camera,vehicle,False,,False,0.0
113.09999999999785,solo,20.00544644962195,0,20.21458935241867,False,20.21458935241867,False,20.21458935241867,False,20.21458935241867,True,camera,vehicle,False,,False,0.0
113.19999999999784,solo,20.005209726240643,0,20.214351165575863,False,20.214351165575863,False,20.214351165575863,False,20.214351165575863,True,camera,vehicle,False,,False,0.0
113.29999999999784,solo,20.004983294833227,0,20.21412333116882,False,20.21412333116882,False,20.21412333116882,False,20.21412333116882,True,camera,vehicle,False,,False,0.0
113.39999999999783,solo,20.00476670767362,0,20.21390539911272,False,20.21390539911272,False,20.21390539911272,False,20.21390539911272,True,camera,vehicle,False,,False,0.0
113.49999999999783,solo,20.00455953653563,0,20.213696938902103,False,20.213696938902103,False,20.213696938902103,False,20.213696938902103,True,camera,vehicle,False,,False,0.0
113.59999999999782,solo,20.004361371841746,0,20.21349753875802,False,20.21349753875802,False,20.21349753875802,False,20.21349753875802,True,camera,vehicle,False,,False,0.0
113.69999999999781,solo,20.004171821849187,0,20.213306804812646,False,20.213306804812646,False,20.213306804812646,False,20.213306804812646,True,camera,vehicle,False,,False,0.0
113.79999999999781,solo,20.00399051187168,0,20.213124360329402,False,20.213124360329402,False,20.213124360329402,False,20.213124360329402,True,camera,vehicle,False,,False,0.0
113.8999999999978,solo,20.003817083535335,0,20.21294984495694,False,20.21294984495694,False,20.21294984495694,False,20.21294984495694,True,camera,vehicle,False,,False,0.0
113.9999999999978,solo,20.00365119406707,0,20.21278291401609,False,20.21278291401609,False,20.21278291401609,False,20.21278291401609,True,camera,vehicle,False,,False,0.0
114.09999999999779,solo,20.003492515614262,0,20.212623237817297,False,20.212623237817297,False,20.212623237817297,False,20.212623237817297,True,camera,vehicle,False,,False,0.0
114.19999999999779,solo,20.003340734594104,0,20.212470501008738,False,20.212470501008738,False,20.212470501008738,False,20.212470501008738,True,camera,vehicle,False,,False,0.0
114.29999999999778,solo,20.003195551071517,0,20.21232440195149,False,20.21232440195149,False,20.21232440195149,False,20.21232440195149,True,camera,vehicle,False,,False,0.0
114.39999999999777,solo,20.003056678164167,0,20.212184652123597,False,20.212184652123597,False,20.212184652123597,False,20.212184652123597,True,camera,vehicle,False,,False,0.0
114.49999999999777,solo,20.00292384147362,0,20.212050975548664,False,20.212050975548664,False,20.212050975548664,False,20.212050975548664,True,camera,vehicle,False,,False,0.0
114.59999999999776,solo,20.002796778541285,0,20.211923108250176,False,20.211923108250176,False,20.211923108250176,False,20.211923108250176,True,camera,vehicle,False,,False,0.0
114.69999999999776,solo,20.00267523832812,0,20.21180079772921,False,20.21180079772921,False,20.21180079772921,False,20.21180079772921,True,camera,vehicle,False,,False,0.0
114.79999999999775,solo,20.00255898071715,0,20.21168380246513,False,20.21168380246513,False,20.21168380246513,False,20.21168380246513,True,camera,vehicle,False,,False,0.0
114.89999999999775,solo,20.002447776037624,0,20.211571891438098,False,20.211571891438098,False,20.211571891438098,False,20.211571891438098,True,camera,vehicle,False,,False,0.0
114.99999999999774,solo,20.002341404610036,0,20.211464843672275,False,20.211464843672275,False,20.211464843672275,False,20.211464843672275,True,camera,vehicle,False,,False,0.0
115.09999999999773,solo,20.002239656310977,0,20.211362447798592,False,20.211362447798592,False,20.211362447798592,False,20.211362447798592,True,camera,vehicle,False,,False,0.0
115.19999999999773,solo,20.002142330156982,0,20.21126450163706,False,20.21126450163706,False,20.21126450163706,False,20.21126450163706,True,camera,vehicle,False,,False,0.0
115.29999999999772,solo,20.002049233906504,0,20.211170811797047,False,20.211170811797047,False,20.211170811797047,False,20.211170811797047,True,camera,vehicle,False,,False,0.0
115.39999999999772,solo,20.00196018367933,0,20.211081193295286,False,20.211081193295286,False,20.211081193295286,False,20.211081193295286,True,camera,vehicle,False,,False,0.0
115.49999999999771,solo,20.00187500359257,0,20.210995469189356,False,20.210995469189356,False,20.210995469189356,False,20.210995469189356,True,camera,vehicle,False,,False,0.0
115.5999999999977,solo,20.001793525412456,0,20.210913470229116,False,20.210913470229116,False,20.210913470229116,False,20.210913470229116,True,camera,vehicle,False,,False,0.0
115.6999999999977,solo,20.001715588221465,0,20.210835034521097,False,20.210835034521097,False,20.210835034521097,False,20.210835034521097,True,camera,vehicle,False,,False,0.0
115.7999999999977,solo,20.00164103809979,0,20.2107600072095,False,20.2107600072095,False,20.2107600072095,False,20.2107600072095,True,camera,vehicle,False,,False,0.0
115.89999999999769,solo,20.001569727820883,0,20.210688240169702,False,20.210688240169702,False,20.210688240169702,False,20.210688240169702,True,camera,vehicle,False,,False,0.0
115.99999999999768,solo,20.00150151656012,0,20.210619591715385,False,20.210619591715385,False,20.210619591715385,False,20.210619591715385,True,camera,vehicle,False,,False,0.0
116.09999999999768,solo,20.001436269616217,0,20.21055392631888,False,20.21055392631888,False,20.21055392631888,False,20.21055392631888,True,camera,vehicle,False,,False,0.0
116.19999999999767,solo,20.0013738581448,0,20.210491114343085,False,20.210491114343085,False,20.210491114343085,False,20.210491114343085,True,camera,vehicle,False,,False,0.0
116.29999999999767,solo,20.00131415890352,0,20.21043103178613,False,20.21043103178613,False,20.21043103178613,False,20.21043103178613,True,camera,vehicle,False,,False,0.0
116.39999999999766,solo,20.00125705400843,0,20.210373560035123,False,20.210373560035123,False,20.210373560035123,False,20.210373560035123,True,camera,vehicle,False,,False,0.0
116.49999999999766,solo,20.001202430700776,0,20.210318585632876,False,20.210318585632876,False,20.210318585632876,False,20.210318585632876,True,camera,vehicle,False,,False,0.0
116.59999999999765,solo,20.001150181124064,0,20.21026600005348,False,20.21026600005348,False,20.21026600005348,False,20.21026600005348,True,camera,vehicle,False,,False,0.0
116.69999999999764,solo,20.001100202110848,0,20.210215699487435,False,20.210215699487435,False,20.210215699487435,False,20.210215699487435,True,camera,vehicle,False,,False,0.0
116.79999999999764,solo,20.001052394978693,0,20.210167584637247,False,20.210167584637247,False,20.210167584637247,False,20.210167584637247,True,camera,vehicle,False,,False,0.0
116.89999999999763,solo,20.001006665335154,0,20.210121560521202,False,20.210121560521202,False,20.210121560521202,False,20.210121560521202,True,camera,vehicle,False,,False,0.0
116.99999999999763,solo,20.000962922891187,0,20.210077536285098,False,20.210077536285098,False,20.210077536285098,False,20.210077536285098,True,camera,vehicle,False,,False,0.0
117.09999999999762,solo,20.00092108128263,0,20.21003542502376,False,20.21003542502376,False,20.21003542502376,False,20.21003542502376,True,camera,vehicle,False,,False,0.0
117.19999999999762,solo,20.000881057899576,0,20.209995143608694,False,20.209995143608694,False,20.209995143608694,False,20.209995143608694,True,camera,vehicle,False,,False,0.0
117.29999999999761,solo,20.000842773723065,0,20.209956612524365,False,20.209956612524365,False,20.209956612524365,False,20.209956612524365,True,camera,vehicle,False,,False,0.0
117.3999999999976,solo,20.000806153168966,0,20.209919755710416,False,20.209919755710416,False,20.209919755710416,False,20.209919755710416,True,camera,vehicle,False,,False,0.0
117.4999999999976,solo,20.000771123938538,0,20.2098845004125,False,20.2098845004125,False,20.2098845004125,False,20.2098845004125,True,camera,vehicle,False,,False,0.0
117.59999999999759,solo,20.000737616875654,0,20.2098507770379,False,20.2098507770379,False,20.2098507770379,False,20.2098507770379,True,camera,vehicle,False,,False,0.0
117.69999999999759,solo,20.000705565830106,0,20.2098185190182,False,20.2098185190182,False,20.2098185190182,False,20.2098185190182,True,camera,vehicle,False,,False,0.0
117.79999999999758,solo,20.000674907526918,0,20.209787662677854,False,20.209787662677854,False,20.209787662677854,False,20.209787662677854,True,camera,vehicle,False,,False,0.0
117.89999999999758,solo,20.00064558144132,0,20.20975814710846,False,20.20975814710846,False,20.20975814710846,False,20.20975814710846,True,camera,vehicle,False,,False,0.0
117.99999999999757,solo,20.000617529679168,0,20.209729914048694,False,20.209729914048694,False,20.209729914048694,False,20.209729914048694,True,camera,vehicle,False,,False,0.0
118.09999999999756,solo,20.00059069686261,0,20.209702907769042,False,20.209702907769042,False,20.209702907769042,False,20.209702907769042,True,camera,vehicle,False,,False,0.0
118.19999999999756,solo,20.000565030020667,0,20.17717707496172,False,20.17717707496172,False,20.17717707496172,False,20.17717707496172,True,camera,vehicle,False,,False,0.0
118.29999999999755,solo,19.996673237572725,0,20.079738805204443,False,20.079738805204443,False,20.079738805204443,False,20.079738805204443,True,camera,vehicle,False,,False,0.0
118.39999999999755,solo,19.981817159676943,0,19.917719587845113,False,19.917719587845113,False,19.917719587845113,False,19.917719587845113,True,camera,vehicle,False,,False,0.0
118.49999999999754,solo,19.950058777445847,0,19.69174229689861,False,19.69174229689861,False,19.69174229689861,False,19.69174229689861,True,camera,vehicle,False,,False,0.0
118.59999999999754,solo,19.896403070031102,0,19.40267418168378,False,19.40267418168378,False,19.40267418168378,False,19.40267418168378,True,camera,vehicle,False,,False,0.0
118.69999999999753,solo,19.816595063958697,0,19.051589247392712,False,19.051589247392712,False,19.051589247392712,False,19.051589247392712,True,camera,vehicle,False,,False,0.0
118.79999999999752,solo,19.70693836834828,0,18.682239228113758,False,18.682239228113758,False,18.682239228113758,False,18.682239228113758,True,camera,vehicle,False,,False,0.0
118.89999999999752,solo,19.569326190082176,0,18.338416162703652,False,18.338416162703652,False,18.338416162703652,False,18.338416162703652,True,camera,vehicle,False,,False,0.0
118.99999999999751,solo,19.410560077337195,0,18.02121774485431,False,18.02121774485431,False,18.02121774485431,False,18.02121774485431,True,camera,vehicle,False,,False,0.0
119.09999999999751,solo,19.23657747702003,0,17.73145692623939,False,17.73145692623939,False,17.73145692623939,False,17.73145692623939,True,camera,vehicle,False,,False,0.0
119.1999999999975,solo,19.05263061901881,0,17.469696546876776,False,17.469696546876776,False,17.469696546876776,False,17.469696546876776,True,camera,vehicle,False,,False,0.0
119.2999999999975,solo,18.863405973330867,0,18.345555727714668,False,18.345555727714668,False,18.345555727714668,False,18.345555727714668,True,camera,traffic_light,False,,False,0.0
119.39999999999749,solo,18.81933111634407,0,17.50327118828625,False,17.50327118828625,False,17.50327118828625,False,17.50327118828625,True,camera,traffic_light,False,,False,0.0
119.49999999999748,solo,18.671279899227784,0,16.665281050866156,False,16.665281050866156,False,16.665281050866156,False,16.665281050866156,True,camera,traffic_light,False,,False,0.0
119.59999999999748,solo,18.434823570566156,0,15.835885426109257,False,15.835885426109257,False,15.835885426109257,False,15.835885426109257,True,camera,traffic_light,False,,False,0.0
119.69999999999747,solo,18.121599618564446,0,15.01877625498571,False,15.01877625498571,False,15.01877625498571,False,15.01877625498571,True,camera,traffic_light,False,,False,0.0
119.79999999999747,solo,17.740619555552083,0,14.217183932005923,False,14.217183932005923,False,14.217183932005923,False,14.217183932005923,True,camera,traffic_light,False,,False,0.0
119.89999999999746,solo,17.299087149760773,0,13.433976407728665,False,13.433976407728665,False,13.433976407728665,False,13.433976407728665,True,camera,traffic_light,False,,False,0.0
16.09999999999996,spawned_1,20.0,0,,False,,False,,False,,False,none,,False,,False,0.0
16.19999999999996,spawned_1,20.0,0,,False,,False,,False,,False,none,,False,,False,0.0
16.29999999999996,spawned_1,20.0,0,,False,,False,,False,,False,none,,False,,False,0.0
16.399999999999963,spawned_1,20.0,0,,False,,False,,False,,False,none,,False,,False,0.0
16.499999999999964,spawned_1,20.0,0,,False,,False,,False,,False,none,,False,,False,0.0
16.599999999999966,spawned_1,20.0,0,,False,,False,,False,,False,none,,False,,False,0.0
16.699999999999967,spawned_1,20.0,0,,False,,False,,False,,False,none,,False,,False,0.0
16.79999999999997,spawned_1,20.0,0,,False,,False,,False,,False,none,,False,,False,0.0
16.89999999999997,spawned_1,20.0,0,,False,,False,,False,,False,none,,False,,False,0.0
16.99999999999997,spawned_1,20.0,0,,False,,False,,False,,False,none,,False,,False,0.0
17.099999999999973,spawned_1,20.0,0,,False,,False,,False,,False,none,,False,,False,0.0
17.199999999999974,spawned_1,20.0,0,,False,,False,,False,,False,none,,False,,False,0.0
17.299999999999976,spawned_1,20.0,0,,False,,False,,False,,False,none,,False,,False,0.0
17.399999999999977,spawned_1,20.0,0,,False,,False,,False,,False,none,,False,,False,0.0
17.49999999999998,spawned_1,20.0,0,,False,,False,,False,,False,none,,False,,False,0.0
17.59999999999998,spawned_1,20.0,0,,False,,False,,False,,False,none,,False,,False,0.0
17.69999999999998,spawned_1,20.0,0,,False,,False,,False,,False,none,,False,,False,0.0
17.799999999999983,spawned_1,20.0,0,,False,,False,,False,,False,none,,False,,False,0.0
17.899999999999984,spawned_1,20.0,0,,False,,False,,False,,False,none,,False,,False,0.0
17.999999999999986,spawned_1,20.0,0,,False,,False,,False,,False,none,,False,,False,0.0
18.099999999999987,spawned_1,20.0,0,,False,,False,,False,,False,none,,False,,False,0.0
18.19999999999999,spawned_1,20.0,0,,False,,False,,False,,False,none,,False,,False,0.0
18.29999999999999,spawned_1,20.0,0,,False,,False,,False,,False,none,,False,,False,0.0
18.39999999999999,spawned_1,20.0,0,,False,,False,,False,,False,none,,False,,False,0.0
18.499999999999993,spawned_1,20.0,0,,False,,False,,False,,False,none,,False,,False,0.0
18.599999999999994,spawned_1,20.0,0,,False,,False,,False,,False,none,,False,,False,0.0
18.699999999999996,spawned_1,20.0,0,,False,,False,,False,,False,none,,False,,False,0.0
18.799999999999997,spawned_1,20.0,0,,False,,False,,False,,False,none,,False,,False,0.0
18.9,spawned_1,20.0,0,,False,,False,,False,,False,none,,False,,False,0.0
19.0,spawned_1,20.0,0,,False,,False,,False,,False,none,,False,,False,0.0
19.1,spawned_1,20.0,0,,False,,False,,False,,False,none,,False,,False,0.0
19.200000000000003,spawned_1,20.0,0,,False,,False,,False,,False,none,,False,,False,0.0
19.300000000000004,spawned_1,20.0,0,,False,,False,,False,,False,none,,False,,False,0.0
19.400000000000006,spawned_1,20.0,0,,False,,False,,False,,False,none,,False,,False,0.0
19.500000000000007,spawned_1,20.0,0,,False,,False,,False,,False,none,,False,,False,0.0
19.60000000000001,spawned_1,20.0,0,,False,,False,,False,,False,none,,False,,False,0.0
19.70000000000001,spawned_1,20.0,0,,False,,False,,False,,False,none,,False,,False,0.0
19.80000000000001,spawned_1,20.0,0,,False,,False,,False,,False,none,,False,,False,0.0
19.900000000000013,spawned_1,20.0,0,,False,,False,,False,,False,none,,False,,False,0.0
20.000000000000014,spawned_1,20.0,0,,False,,False,,False,,False,none,,False,,False,0.0
20.100000000000016,spawned_1,20.0,0,,False,,False,,False,,False,none,,False,,False,0.0
20.200000000000017,spawned_1,20.0,0,,False,,False,,False,,False,none,,False,,False,0.0
20.30000000000002,spawned_1,20.0,0,,False,,False,,False,,False,none,,False,,False,0.0
20.40000000000002,spawned_1,20.0,0,,False,,False,,False,,False,none,,False,,False,0.0
20.50000000000002,spawned_1,20.0,0,,False,,False,,False,,False,none,,False,,False,0.0
20.600000000000023,spawned_1,20.0,0,,False,,False,,False,,False,none,,False,,False,0.0
20.700000000000024,spawned_1,20.0,0,,False,,False,,False,,False,none,,False,,False,0.0
20.800000000000026,spawned_1,20.0,0,,False,,False,,False,,False,none,,False,,False,0.0
20.900000000000027,spawned_1,20.0,0,,False,,False,,False,,False,none,,False,,False,0.0
21.00000000000003,spawned_1,20.0,0,,False,,False,,False,,False,none,,False,,False,0.0
21.10000000000003,spawned_1,20.0,0,,False,,False,,False,,False,none,,False,,False,0.0
21.20000000000003,spawned_1,20.0,0,,False,,False,,False,,False,none,,False,,False,0.0
21.300000000000033,spawned_1,20.0,0,,False,,False,,False,,False,none,,False,,False,0.0
21.400000000000034,spawned_1,20.0,0,,False,,False,,False,,False,none,,False,,False,0.0
21.500000000000036,spawned_1,20.0,0,,False,,False,,False,,False,none,,False,,False,0.0
21.600000000000037,spawned_1,20.0,0,,False,,False,,False,,False,none,,False,,False,0.0
21.70000000000004,spawned_1,20.0,0,,False,,False,,False,,False,none,,False,,False,0.0
21.80000000000004,spawned_1,20.0,0,,False,,False,,False,,False,none,,False,,False,0.0
21.90000000000004,spawned_1,20.0,0,,False,,False,,False,,False,none,,False,,False,0.0
22.000000000000043,spawned_1,20.0,0,,False,,False,,False,,False,none,,False,,False,0.0
22.100000000000044,spawned_1,20.0,0,,False,,False,,False,,False,none,,False,,False,0.0
22.200000000000045,spawned_1,20.0,0,,False,,False,,False,,False,none,,False,,False,0.0
22.300000000000047,spawned_1,20.0,0,,False,,False,,False,,False,none,,False,,False,0.0
22.40000000000005,spawned_1,20.0,0,,False,,False,,False,,False,none,,False,,False,0.0
22.50000000000005,spawned_1,20.0,0,,False,,False,,False,,False,none,,False,,False,0.0
22.60000000000005,spawned_1,20.0,0,,False,,False,,False,,False,none,,False,,False,0.0
22.700000000000053,spawned_1,20.0,0,,False,,False,,False,,False,none,,False,,False,0.0
22.800000000000054,spawned_1,20.0,0,,False,,False,,False,,False,none,,False,,False,0.0
22.900000000000055,spawned_1,20.0,0,,False,,False,,False,,False,none,,False,,False,0.0
23.000000000000057,spawned_1,20.0,0,,False,,False,,False,,False,none,,False,,False,0.0
23.10000000000006,spawned_1,20.0,0,,False,,False,,False,,False,none,,False,,False,0.0
23.20000000000006,spawned_1,20.0,0,,False,,False,,False,,False,none,,False,,False,0.0
23.30000000000006,spawned_1,20.0,0,,False,,False,,False,,False,none,,False,,False,0.0
23.400000000000063,spawned_1,20.0,0,,False,,False,,False,,False,none,,False,,False,0.0
23.500000000000064,spawned_1,20.0,0,,False,,False,,False,,False,none,,False,,False,0.0
23.600000000000065,spawned_1,20.0,0,,False,,False,,False,,False,none,,False,,False,0.0
23.700000000000067,spawned_1,20.0,0,,False,,False,,False,,False,none,,False,,False,0.0
23.800000000000068,spawned_1,20.0,0,,False,,False,,False,,False,none,,False,,False,0.0
23.90000000000007,spawned_1,20.0,0,,False,,False,,False,,False,none,,False,,False,0.0
24.00000000000007,spawned_1,20.0,0,,False,,False,,False,,False,none,,False,,False,0.0
24.100000000000072,spawned_1,20.0,0,,False,,False,,False,,False,none,,False,,False,0.0
24.200000000000074,spawned_1,20.0,0,,False,,False,,False,,False,none,,False,,False,0.0
24.300000000000075,spawned_1,20.0,0,,False,,False,,False,,False,none,,False,,False,0.0
24.400000000000077,spawned_1,20.0,0,,False,,False,,False,,False,none,,False,,False,0.0
24.500000000000078,spawned_1,20.0,0,,False,,False,,False,,False,none,,False,,False,0.0
24.60000000000008,spawned_1,20.0,0,,False,,False,,False,,False,none,,False,,False,0.0
24.70000000000008,spawned_1,20.0,0,,False,,False,,False,,False,none,,False,,False,0.0
24.800000000000082,spawned_1,20.0,0,,False,,False,,False,,False,none,,False,,False,0.0
24.900000000000084,spawned_1,20.0,0,,False,,False,,False,,False,none,,False,,False,0.0
25.000000000000085,spawned_1,20.0,0,,False,,False,,False,,False,none,,False,,False,0.0
25.100000000000087,spawned_1,20.0,0,,False,,False,,False,,False,none,,False,,False,0.0
25.200000000000088,spawned_1,20.0,0,,False,,False,,False,,False,none,,False,,False,0.0
25.30000000000009,spawned_1,20.0,0,,False,,False,,False,,False,none,,False,,False,0.0
25.40000000000009,spawned_1,20.0,0,,False,,False,,False,,False,none,,False,,False,0.0
25.500000000000092,spawned_1,20.0,0,,False,,False,,False,,False,none,,False,,False,0.0
25.600000000000094,spawned_1,20.0,0,,False,,False,,False,,False,none,,False,,False,0.0
25.700000000000095,spawned_1,20.0,0,,False,,False,,False,,False,none,,False,,False,0.0
25.800000000000097,spawned_1,20.0,0,,False,,False,,False,,False,none,,False,,False,0.0
25.900000000000098,spawned_1,20.0,0,,False,,False,,False,,False,none,,False,,False,0.0
26.0000000000001,spawned_1,20.0,0,,False,,False,,False,,False,none,,False,,False,0.0
26.1000000000001,spawned_1,20.0,0,,False,,False,,False,,False,none,,False,,False,0.0
26.200000000000102,spawned_1,20.0,0,,False,,False,,False,,False,none,,False,,False,0.0
26.300000000000104,spawned_1,20.0,0,,False,,False,,False,,False,none,,False,,False,0.0
26.400000000000105,spawned_1,20.0,0,,False,,False,,False,,False,none,,False,,False,0.0
26.500000000000107,spawned_1,20.0,0,,False,,False,,False,,False,none,,False,,False,0.0
26.600000000000108,spawned_1,20.0,0,,False,,False,,False,,False,none,,False,,False,0.0
26.70000000000011,spawned_1,20.0,0,,False,,False,,False,,False,none,,False,,False,0.0
26.80000000000011,spawned_1,20.0,0,,False,,False,,False,,False,none,,False,,False,0.0
26.900000000000112,spawned_1,20.0,0,,False,,False,,False,,False,none,,False,,False,0.0
27.000000000000114,spawned_1,20.0,0,,False,,False,,False,,False,none,,False,,False,0.0
27.100000000000115,spawned_1,20.0,0,,False,,False,,False,,False,none,,False,,False,0.0
27.200000000000117,spawned_1,20.0,0,,False,,False,,False,,False,none,,False,,False,0.0
27.300000000000118,spawned_1,20.0,0,,False,,False,,False,,False,none,,False,,False,0.0
27.40000000000012,spawned_1,20.0,0,,False,,False,,False,,False,none,,False,,False,0.0
27.50000000000012,spawned_1,20.0,0,,False,,False,,False,,False,none,,False,,False,0.0
27.600000000000122,spawned_1,20.0,0,,False,,False,,False,,False,none,,False,,False,0.0
27.700000000000124,spawned_1,20.0,0,,False,,False,,False,,False,none,,False,,False,0.0
27.800000000000125,spawned_1,20.0,0,,False,,False,,False,,False,none,,False,,False,0.0
27.900000000000126,spawned_1,20.0,0,,False,,False,,False,,False,none,,False,,False,0.0
28.000000000000128,spawned_1,20.0,0,,False,,False,,False,,False,none,,False,,False,0.0
28.10000000000013,spawned_1,20.0,0,,False,,False,,False,,False,none,,False,,False,0.0
28.20000000000013,spawned_1,20.0,0,,False,,False,,False,,False,none,,False,,False,0.0
28.300000000000132,spawned_1,20.0,0,,False,,False,,False,,False,none,,False,,False,0.0
28.400000000000134,spawned_1,20.0,0,,False,,False,,False,,False,none,,False,,False,0.0
28.500000000000135,spawned_1,20.0,0,,False,,False,,False,,False,none,,False,,False,0.0
28.600000000000136,spawned_1,20.0,0,,False,,False,,False,,False,none,,False,,False,0.0
28.700000000000138,spawned_1,20.0,0,,False,,False,,False,,False,none,,False,,False,0.0
28.80000000000014,spawned_1,20.0,0,,False,,False,,False,,False,none,,False,,False,0.0
28.90000000000014,spawned_1,20.0,0,,False,,False,,False,,False,none,,False,,False,0.0
29.000000000000142,spawned_1,20.0,0,,False,,False,,False,,False,none,,False,,False,0.0
29.100000000000144,spawned_1,20.0,0,,False,,False,,False,,False,none,,False,,False,0.0
29.200000000000145,spawned_1,20.0,0,,False,,False,,False,,False,none,,False,,False,0.0
29.300000000000146,spawned_1,20.0,0,,False,,False,,False,,False,none,,False,,False,0.0
29.400000000000148,spawned_1,20.0,0,,False,,False,,False,,False,none,,False,,False,0.0
29.50000000000015,spawned_1,20.0,0,,False,,False,,False,,False,none,,False,,False,0.0
29.60000000000015,spawned_1,20.0,0,,False,,False,,False,,False,none,,False,,False,0.0
29.700000000000152,spawned_1,20.0,0,,False,,False,,False,,False,none,,False,,False,0.0
29.800000000000153,spawned_1,20.0,0,,False,,False,,False,,False,none,,False,,False,0.0
29.900000000000155,spawned_1,20.0,0,,False,,False,,False,,False,none,,False,,False,0.0
30.000000000000156,spawned_1,20.0,0,,False,,False,,False,,False,none,,False,,False,0.0
30.100000000000158,spawned_1,20.0,0,,False,,False,,False,,False,none,,False,,False,0.0
30.20000000000016,spawned_1,20.0,0,,False,,False,,False,,False,none,,False,,False,0.0
30.30000000000016,spawned_1,20.0,0,,False,,False,,False,,False,none,,False,,False,0.0
30.400000000000162,spawned_1,20.0,0,,False,,False,,False,,False,none,,False,,False,0.0
30.500000000000163,spawned_1,20.0,0,,False,,False,,False,,False,none,,False,,False,0.0
30.600000000000165,spawned_1,20.0,0,,False,,False,,False,,False,none,,False,,False,0.0
30.700000000000166,spawned_1,20.0,0,,False,,False,,False,,False,none,,False,,False,0.0
30.800000000000168,spawned_1,20.0,0,,False,,False,,False,,False,none,,False,,False,0.0
30.90000000000017,spawned_1,20.0,0,,False,,False,,False,,False,none,,False,,False,0.0
31.00000000000017,spawned_1,20.0,0,,False,,False,,False,,False,none,,False,,False,0.0
31.100000000000172,spawned_1,20.0,0,,False,,False,,False,,False,none,,False,,False,0.0
31.200000000000173,spawned_1,20.0,0,,False,,False,,False,,False,none,,False,,False,0.0
31.300000000000175,spawned_1,20.0,0,,False,,False,,False,,False,none,,False,,False,0.0
31.400000000000176,spawned_1,20.0,0,,False,,False,,False,,False,none,,False,,False,0.0
31.500000000000178,spawned_1,20.0,0,,False,,False,,False,,False,none,,False,,False,0.0
31.60000000000018,spawned_1,20.0,0,,False,,False,,False,,False,none,,False,,False,0.0
31.70000000000018,spawned_1,20.0,0,,False,,False,,False,,False,none,,False,,False,0.0
31.800000000000182,spawned_1,20.0,0,,False,,False,,False,,False,none,,False,,False,0.0
31.900000000000183,spawned_1,20.0,0,,False,,False,,False,,False,none,,False,,False,0.0
32.000000000000185,spawned_1,20.0,0,,False,,False,,False,,False,none,,False,,False,0.0
32.100000000000186,spawned_1,20.0,0,,False,,False,,False,,False,none,,False,,False,0.0
32.20000000000019,spawned_1,20.0,0,,False,,False,,False,,False,none,,False,,False,0.0
32.30000000000019,spawned_1,20.0,0,,False,,False,,False,,False,none,,False,,False,0.0
32.40000000000019,spawned_1,20.0,0,,False,,False,,False,,False,none,,False,,False,0.0
32.50000000000019,spawned_1,20.0,0,,False,,False,,False,,False,none,,False,,False,0.0
32.60000000000019,spawned_1,20.0,0,,False,,False,,False,,False,none,,False,,False,0.0
32.700000000000195,spawned_1,20.0,0,,False,,False,,False,,False,none,,False,,False,0.0
32.800000000000196,spawned_1,20.0,0,,False,,False,,False,,False,none,,False,,False,0.0
32.9000000000002,spawned_1,20.0,0,,False,,False,,False,,False,none,,False,,False,0.0
33.0000000000002,spawned_1,20.0,0,,False,,False,,False,,False,none,,False,,False,0.0
33.1000000000002,spawned_1,20.0,0,,False,,False,,False,,False,none,,False,,False,0.0
33.2000000000002,spawned_1,20.0,0,,False,,False,,False,,False,none,,False,,False,0.0
33.3000000000002,spawned_1,20.0,0,,False,,False,,False,,False,none,,False,,False,0.0
33.400000000000205,spawned_1,20.0,0,,False,,False,,False,,False,none,,False,,False,0.0
33.500000000000206,spawned_1,20.0,0,,False,,False,,False,,False,none,,False,,False,0.0
33.60000000000021,spawned_1,20.0,0,,False,,False,,False,,False,none,,False,,False,0.0
33.70000000000021,spawned_1,20.0,0,,False,,False,,False,,False,none,,False,,False,0.0
33.80000000000021,spawned_1,20.0,0,,False,,False,,False,,False,none,,False,,False,0.0
33.90000000000021,spawned_1,20.0,0,,False,,False,,False,,False,none,,False,,False,0.0
34.00000000000021,spawned_1,20.0,0,,False,,False,,False,,False,none,,False,,False,0.0
34.100000000000215,spawned_1,20.0,0,,False,,False,,False,,False,none,,False,,False,0.0
34.200000000000216,spawned_1,20.0,0,,False,,False,,False,,False,none,,False,,False,0.0
34.30000000000022,spawned_1,20.0,0,,False,,False,,False,,False,none,,False,,False,0.0
34.40000000000022,spawned_1,20.0,0,,False,,False,,False,,False,none,,False,,False,0.0
34.50000000000022,spawned_1,20.0,0,,False,,False,,False,,False,none,,False,,False,0.0
34.60000000000022,spawned_1,20.0,0,,False,,False,,False,,False,none,,False,,False,0.0
34.70000000000022,spawned_1,20.0,0,,False,,False,,False,,False,none,,False,,False,0.0
34.800000000000225,spawned_1,20.0,0,,False,,False,,False,,False,none,,False,,False,0.0
34.900000000000226,spawned_1,20.0,0,,False,,False,,False,,False,none,,False,,False,0.0
35.00000000000023,spawned_1,20.0,0,,False,,False,,False,,False,none,,False,,False,0.0
35.10000000000023,spawned_1,20.0,0,,False,,False,,False,,False,none,,False,,False,0.0
35.20000000000023,spawned_1,20.0,0,,False,,False,,False,,False,none,,False,,False,0.0
35.30000000000023,spawned_1,20.0,0,,False,,False,,False,,False,none,,False,,False,0.0
35.40000000000023,spawned_1,20.0,0,,False,,False,,False,,False,none,,False,,False,0.0
35.500000000000234,spawned_1,20.0,0,,False,,False,,False,,False,none,,False,,False,0.0
35.600000000000236,spawned_1,20.0,0,,False,,False,,False,,False,none,,False,,False,0.0
35.70000000000024,spawned_1,20.0,0,,False,,False,,False,,False,none,,False,,False,0.0
35.80000000000024,spawned_1,20.0,0,,False,,False,,False,,False,none,,False,,False,0.0
35.90000000000024,spawned_1,20.0,0,,False,,False,,False,,False,none,,False,,False,0.0
36.00000000000024,spawned_1,20.0,0,,False,,False,,False,,False,none,,False,,False,0.0
36.10000000000024,spawned_1,20.0,0,,False,,False,,False,,False,none,,False,,False,0.0
36.200000000000244,spawned_1,20.0,0,,False,,False,,False,,False,none,,False,,False,0.0
36.300000000000246,spawned_1,20.0,0,,False,,False,,False,,False,none,,False,,False,0.0
36.40000000000025,spawned_1,20.0,0,,False,,False,,False,,False,none,,False,,False,0.0
36.50000000000025,spawned_1,20.0,0,,False,,False,,False,,False,none,,False,,False,0.0
36.60000000000025,spawned_1,20.0,0,,False,,False,,False,,False,none,,False,,False,0.0
36.70000000000025,spawned_1,20.0,0,,False,,False,,False,,False,none,,False,,False,0.0
36.80000000000025,spawned_1,20.0,0,,False,,False,,False,,False,none,,False,,False,0.0
36.900000000000254,spawned_1,20.0,0,,False,,False,,False,,False,none,,False,,False,0.0
37.000000000000256,spawned_1,20.0,0,,False,,False,,False,,False,none,,False,,False,0.0
37.10000000000026,spawned_1,20.0,0,,False,,False,,False,,False,none,,False,,False,0.0
37.20000000000026,spawned_1,20.0,0,,False,,False,,False,,False,none,,False,,False,0.0
37.30000000000026,spawned_1,20.0,0,,False,,False,,False,,False,none,,False,,False,0.0
37.40000000000026,spawned_1,20.0,0,,False,,False,,False,,False,none,,False,,False,0.0
37.50000000000026,spawned_1,20.0,0,,False,,False,,False,,False,none,,False,,False,0.0
37.600000000000264,spawned_1,20.0,0,,False,,False,,False,,False,none,,False,,False,0.0
37.700000000000266,spawned_1,20.0,0,,False,,False,,False,,False,none,,False,,False,0.0
37.80000000000027,spawned_1,20.0,0,,False,,False,,False,,False,none,,False,,False,0.0
37.90000000000027,spawned_1,20.0,0,,False,,False,,False,,False,none,,False,,False,0.0
38.00000000000027,spawned_1,20.0,0,,False,,False,,False,,False,none,,False,,False,0.0
38.10000000000027,spawned_1,20.0,0,,False,,False,,False,,False,none,,False,,False,0.0
38.20000000000027,spawned_1,20.0,0,,False,,False,,False,,False,none,,False,,False,0.0
38.300000000000274,spawned_1,20.0,0,,False,,False,,False,,False,none,,False,,False,0.0
38.400000000000276,spawned_1,20.0,0,,False,,False,,False,,False,none,,False,,False,0.0
38.50000000000028,spawned_1,20.0,0,,False,,False,,False,,False,none,,False,,False,0.0
38.60000000000028,spawned_1,20.0,0,,False,,False,,False,,False,none,,False,,False,0.0
38.70000000000028,spawned_1,20.0,0,,False,,False,,False,,False,none,,False,,False,0.0
38.80000000000028,spawned_1,20.0,0,,False,,False,,False,,False,none,,False,,False,0.0
38.90000000000028,spawned_1,20.0,0,,False,,False,,False,,False,none,,False,,False,0.0
39.000000000000284,spawned_1,20.0,0,,False,,False,,False,,False,none,,False,,False,0.0
39.100000000000286,spawned_1,20.0,0,,False,,False,,False,,False,none,,False,,False,0.0
39.20000000000029,spawned_1,20.0,0,,False,,False,,False,,False,none,,False,,False,0.0
39.30000000000029,spawned_1,20.0,0,,False,,False,,False,,False,none,,False,,False,0.0
39.40000000000029,spawned_1,20.0,0,,False,,False,,False,,False,none,,False,,False,0.0
39.50000000000029,spawned_1,20.0,0,,False,,False,,False,,False,none,,False,,False,0.0
39.60000000000029,spawned_1,20.0,0,,False,,False,,False,,False,none,,False,,False,0.0
39.700000000000294,spawned_1,20.0,0,,False,,False,,False,,False,none,,False,,False,0.0
39.800000000000296,spawned_1,20.0,0,,False,,False,,False,,False,none,,False,,False,0.0
39.9000000000003,spawned_1,20.0,0,,False,,False,,False,,False,none,,False,,False,0.0
40.0000000000003,spawned_1,20.0,0,,False,,False,,False,,False,none,,False,,False,0.0
40.1000000000003,spawned_1,20.0,0,,False,,False,,False,,False,none,,False,,False,0.0
40.2000000000003,spawned_1,20.0,0,,False,,False,,False,,False,none,,False,,False,0.0
40.3000000000003,spawned_1,20.0,0,,False,,False,,False,,False,none,,False,,False,0.0
40.400000000000304,spawned_1,20.0,0,,False,,False,,False,,False,none,,False,,False,0.0
40.500000000000306,spawned_1,20.0,0,,False,,False,,False,,False,none,,False,,False,0.0
40.60000000000031,spawned_1,20.0,0,,False,,False,,False,,False,none,,False,,False,0.0
40.70000000000031,spawned_1,20.0,0,,False,,False,,False,,False,none,,False,,False,0.0
40.80000000000031,spawned_1,20.0,0,,False,,False,,False,,False,none,,False,,False,0.0
40.90000000000031,spawned_1,20.0,0,,False,,False,,False,,False,none,,False,,False,0.0
41.00000000000031,spawned_1,20.0,0,,False,,False,,False,,False,none,,False,,False,0.0
41.100000000000314,spawned_1,20.0,0,,False,,False,,False,,False,none,,False,,False,0.0
41.200000000000315,spawned_1,20.0,0,,False,,False,,False,,False,none,,False,,False,0.0
41.30000000000032,spawned_1,20.0,0,,False,,False,,False,,False,none,,False,,False,0.0
41.40000000000032,spawned_1,20.0,0,,False,,False,,False,,False,none,,False,,False,0.0
41.50000000000032,spawned_1,20.0,0,,False,,False,,False,,False,none,,False,,False,0.0
41.60000000000032,spawned_1,20.0,0,,False,,False,,False,,False,none,,False,,False,0.0
41.70000000000032,spawned_1,20.0,0,,False,,False,,False,,False,none,,False,,False,0.0
41.800000000000324,spawned_1,20.0,0,,False,,False,,False,,False,none,,False,,False,0.0
41.900000000000325,spawned_1,20.0,0,,False,,False,,False,,False,none,,False,,False,0.0
42.00000000000033,spawned_1,20.0,0,,False,,False,,False,,False,none,,False,,False,0.0
42.10000000000033,spawned_1,20.0,0,,False,,False,,False,,False,none,,False,,False,0.0
42.20000000000033,spawned_1,20.0,0,,False,,False,,False,,False,none,,False,,False,0.0
42.30000000000033,spawned_1,20.0,0,,False,,False,,False,,False,none,,False,,False,0.0
42.40000000000033,spawned_1,20.0,0,,False,,False,,False,,False,none,,False,,False,0.0
42.500000000000334,spawned_1,20.0,0,,False,,False,,False,,False,none,,False,,False,0.0
42.600000000000335,spawned_1,20.0,0,,False,,False,,False,,False,none,,False,,False,0.0
42.70000000000034,spawned_1,20.0,0,,False,,False,,False,,False,none,,False,,False,0.0
42.80000000000034,spawned_1,20.0,0,,False,,False,,False,,False,none,,False,,False,0.0
42.90000000000034,spawned_1,20.0,0,,False,,False,,False,,False,none,,False,,False,0.0
43.00000000000034,spawned_1,20.0,0,,False,,False,,False,,False,none,,False,,False,0.0
43.10000000000034,spawned_1,20.0,0,,False,,False,,False,,False,none,,False,,False,0.0
43.200000000000344,spawned_1,20.0,0,,False,,False,,False,,False,none,,False,,False,0.0
43.300000000000345,spawned_1,20.0,0,,False,,False,,False,,False,none,,False,,False,0.0
43.40000000000035,spawned_1,20.0,0,,False,,False,,False,,False,none,,False,,False,0.0
43.50000000000035,spawned_1,20.0,0,,False,,False,,False,,False,none,,False,,False,0.0
43.60000000000035,spawned_1,20.0,0,,False,,False,,False,,False,none,,False,,False,0.0
43.70000000000035,spawned_1,20.0,0,,False,,False,,False,,False,none,,False,,False,0.0
43.80000000000035,spawned_1,20.0,0,,False,,False,,False,,False,none,,False,,False,0.0
43.900000000000354,spawned_1,20.0,0,,False,,False,,False,,False,none,,False,,False,0.0
44.000000000000355,spawned_1,20.0,0,,False,,False,,False,,False,none,,False,,False,0.0
44.10000000000036,spawned_1,20.0,0,,False,,False,,False,,False,none,,False,,False,0.0
44.20000000000036,spawned_1,20.0,0,,False,,False,,False,,False,none,,False,,False,0.0
44.30000000000036,spawned_1,20.0,0,,False,,False,,False,,False,none,,False,,False,0.0
44.40000000000036,spawned_1,20.0,0,,False,,False,,False,,False,none,,False,,False,0.0
44.50000000000036,spawned_1,20.0,0,,False,,False,,False,,False,none,,False,,False,0.0
44.600000000000364,spawned_1,20.0,0,,False,,False,,False,,False,none,,False,,False,0.0
44.700000000000365,spawned_1,20.0,0,,False,,False,,False,,False,none,,False,,False,0.0
44.80000000000037,spawned_1,20.0,0,,False,,False,,False,,False,none,,False,,False,0.0
44.90000000000037,spawned_1,20.0,0,,False,,False,,False,,False,none,,False,,False,0.0
45.00000000000037,spawned_1,20.0,0,,False,,False,,False,,False,none,,False,,False,0.0
45.10000000000037,spawned_1,20.0,0,,False,,False,,False,,False,none,,False,,False,0.0
45.20000000000037,spawned_1,20.0,0,,False,,False,,False,,False,none,,False,,False,0.0
45.300000000000374,spawned_1,20.0,0,,False,,False,,False,,False,none,,False,,False,0.0
45.400000000000375,spawned_1,20.0,0,,False,,False,,False,,False,none,,False,,False,0.0
45.50000000000038,spawned_1,20.0,0,,False,,False,,False,,False,none,,False,,False,0.0
45.60000000000038,spawned_1,20.0,0,,False,,False,,False,,False,none,,False,,False,0.0
45.70000000000038,spawned_1,20.0,0,,False,,False,,False,,False,none,,False,,False,0.0
45.80000000000038,spawned_1,20.0,0,,False,,False,,False,,False,none,,False,,False,0.0
45.90000000000038,spawned_1,20.0,0,,False,,False,,False,,False,none,,False,,False,0.0
46.000000000000384,spawned_1,20.0,0,,False,,False,,False,,False,none,,False,,False,0.0
46.100000000000385,spawned_1,20.0,0,,False,,False,,False,,False,none,,False,,False,0.0
46.20000000000039,spawned_1,20.0,0,,False,,False,,False,,False,none,,False,,False,0.0
46.30000000000039,spawned_1,20.0,0,,False,,False,,False,,False,none,,False,,False,0.0
46.40000000000039,spawned_1,20.0,0,,False,,False,,False,,False,none,,False,,False,0.0
46.50000000000039,spawned_1,20.0,0,,False,,False,,False,,False,none,,False,,False,0.0
46.60000000000039,spawned_1,20.0,0,,False,,False,,False,,False,none,,False,,False,0.0
46.700000000000394,spawned_1,20.0,0,,False,,False,,False,,False,none,,False,,False,0.0
46.800000000000395,spawned_1,20.0,0,,False,,False,,False,,False,none,,False,,False,0.0
46.9000000000004,spawned_1,20.0,0,,False,,False,,False,,False,none,,False,,False,0.0
47.0000000000004,spawned_1,20.0,0,,False,,False,,False,,False,none,,False,,False,0.0
47.1000000000004,spawned_1,20.0,0,,False,,False,,False,,False,none,,False,,False,0.0
47.2000000000004,spawned_1,20.0,0,,False,,False,,False,,False,none,,False,,False,0.0
47.3000000000004,spawned_1,20.0,0,,False,,False,,False,,False,none,,False,,False,0.0
47.400000000000404,spawned_1,20.0,0,,False,,False,,False,,False,none,,False,,False,0.0
47.500000000000405,spawned_1,20.0,0,,False,,False,,False,,False,none,,False,,False,0.0
47.600000000000406,spawned_1,20.0,0,,False,,False,,False,,False,none,,False,,False,0.0
47.70000000000041,spawned_1,20.0,0,,False,,False,,False,,False,none,,False,,False,0.0
47.80000000000041,spawned_1,20.0,0,,False,,False,,False,,False,none,,False,,False,0.0
47.90000000000041,spawned_1,20.0,0,,False,,False,,False,,False,none,,False,,False,0.0
48.00000000000041,spawned_1,20.0,0,,False,,False,,False,,False,none,,False,,False,0.0
48.10000000000041,spawned_1,20.0,0,,False,,False,,False,,False,none,,False,,False,0.0
48.200000000000415,spawned_1,20.0,0,,False,,False,,False,,False,none,,False,,False,0.0
48.300000000000416,spawned_1,20.0,0,,False,,False,,False,,False,none,,False,,False,0.0
48.40000000000042,spawned_1,20.0,0,,False,,False,,False,,False,none,,False,,False,0.0
48.50000000000042,spawned_1,20.0,0,,False,,False,,False,,False,none,,False,,False,0.0
48.60000000000042,spawned_1,20.0,0,,False,,False,,False,,False,none,,False,,False,0.0
48.70000000000042,spawned_1,20.0,0,,False,,False,,False,,False,none,,False,,False,0.0
48.80000000000042,spawned_1,20.0,0,,False,,False,,False,,False,none,,False,,False,0.0
48.900000000000425,spawned_1,20.0,0,,False,,False,,False,,False,none,,False,,False,0.0
49.000000000000426,spawned_1,20.0,0,,False,,False,,False,,False,none,,False,,False,0.0
49.10000000000043,spawned_1,20.0,0,,False,,False,,False,,False,none,,False,,False,0.0
49.20000000000043,spawned_1,20.0,0,,False,,False,,False,,False,none,,False,,False,0.0
49.30000000000043,spawned_1,20.0,0,,False,,False,,False,,False,none,,False,,False,0.0
49.40000000000043,spawned_1,20.0,0,,False,,False,,False,,False,none,,False,,False,0.0
49.50000000000043,spawned_1,20.0,0,,False,,False,,False,,False,none,,False,,False,0.0
49.600000000000435,spawned_1,20.0,0,,False,,False,,False,,False,none,,False,,False,0.0
49.700000000000436,spawned_1,20.0,0,,False,,False,,False,,False,none,,False,,False,0.0
49.80000000000044,spawned_1,20.0,0,,False,,False,,False,,False,none,,False,,False,0.0
49.90000000000044,spawned_1,20.0,0,,False,,False,,False,,False,none,,False,,False,0.0
50.00000000000044,spawned_1,20.0,0,,False,,False,,False,,False,none,,False,,False,0.0
50.10000000000044,spawned_1,20.0,0,,False,,False,,False,,False,none,,False,,False,0.0
50.20000000000044,spawned_1,20.0,0,,False,,False,,False,,False,none,,False,,False,0.0
50.300000000000445,spawned_1,20.0,0,,False,,False,,False,,False,none,,False,,False,0.0
50.400000000000446,spawned_1,20.0,0,,False,,False,,False,,False,none,,False,,False,0.0
50.50000000000045,spawned_1,20.0,0,,False,,False,,False,,False,none,,False,,False,0.0
50.60000000000045,spawned_1,20.0,0,,False,,False,,False,,False,none,,False,,False,0.0
50.70000000000045,spawned_1,20.0,0,,False,,False,,False,,False,none,,False,,False,0.0
50.80000000000045,spawned_1,20.0,0,,False,,False,,False,,False,none,,False,,False,0.0
50.90000000000045,spawned_1,20.0,0,,False,,False,,False,,False,none,,False,,False,0.0
51.000000000000455,spawned_1,20.0,0,,False,,False,,False,,False,none,,False,,False,0.0
51.100000000000456,spawned_1,20.0,0,,False,,False,,False,,False,none,,False,,False,0.0
51.20000000000046,spawned_1,20.0,0,,False,,False,,False,,False,none,,False,,False,0.0
51.30000000000046,spawned_1,20.0,0,,False,,False,,False,,False,none,,False,,False,0.0
51.40000000000046,spawned_1,20.0,0,,False,,False,,False,,False,none,,False,,False,0.0
51.50000000000046,spawned_1,20.0,0,,False,,False,,False,,False,none,,False,,False,0.0
51.60000000000046,spawned_1,20.0,0,,False,,False,,False,,False,none,,False,,False,0.0
51.700000000000465,spawned_1,20.0,0,,False,,False,,False,,False,none,,False,,False,0.0
51.800000000000466,spawned_1,20.0,0,,False,,False,,False,,False,none,,False,,False,0.0
51.90000000000047,spawned_1,20.0,0,,False,,False,,False,,False,none,,False,,False,0.0
52.00000000000047,spawned_1,20.0,0,,False,,False,,False,,False,none,,False,,False,0.0
52.10000000000047,spawned_1,20.0,0,,False,,False,,False,,False,none,,False,,False,0.0
52.20000000000047,spawned_1,20.0,0,,False,,False,,False,,False,none,,False,,False,0.0
52.30000000000047,spawned_1,20.0,0,,False,,False,,False,,False,none,,False,,False,0.0
52.400000000000475,spawned_1,20.0,0,,False,,False,,False,,False,none,,False,,False,0.0
52.500000000000476,spawned_1,20.0,0,,False,,False,,False,,False,none,,False,,False,0.0
52.60000000000048,spawned_1,20.0,0,,False,,False,,False,,False,none,,False,,False,0.0
52.70000000000048,spawned_1,20.0,0,,False,,False,,False,,False,none,,False,,False,0.0
52.80000000000048,spawned_1,20.0,0,,False,,False,,False,,False,none,,False,,False,0.0
52.90000000000048,spawned_1,20.0,0,,False,,False,,False,,False,none,,False,,False,0.0
53.00000000000048,spawned_1,20.0,0,,False,,False,,False,,False,none,,False,,False,0.0
53.100000000000485,spawned_1,20.0,0,,False,,False,,False,,False,none,,False,,False,0.0
53.200000000000486,spawned_1,20.0,0,,False,,False,,False,,False,none,,False,,False,0.0
53.30000000000049,spawned_1,20.0,0,,False,,False,,False,,False,none,,False,,False,0.0
53.40000000000049,spawned_1,20.0,0,,False,,False,,False,,False,none,,False,,False,0.0
53.50000000000049,spawned_1,20.0,0,,False,,False,,False,,False,none,,False,,False,0.0
53.60000000000049,spawned_1,20.0,0,,False,,False,,False,,False,none,,False,,False,0.0
53.70000000000049,spawned_1,20.0,0,,False,,False,,False,,False,none,,False,,False,0.0
53.800000000000495,spawned_1,20.0,0,,False,,False,,False,,False,none,,False,,False,0.0
53.900000000000496,spawned_1,20.0,0,,False,,False,,False,,False,none,,False,,False,0.0
54.0000000000005,spawned_1,20.0,0,,False,,False,,False,,False,none,,False,,False,0.0
54.1000000000005,spawned_1,20.0,0,,False,,False,,False,,False,none,,False,,False,0.0
54.2000000000005,spawned_1,20.0,0,,False,,False,,False,,False,none,,False,,False,0.0
54.3000000000005,spawned_1,20.0,0,,False,,False,,False,,False,none,,False,,False,0.0
54.4000000000005,spawned_1,20.0,0,,False,,False,,False,,False,none,,False,,False,0.0
54.500000000000504,spawned_1,20.0,0,,False,,False,,False,,False,none,,False,,False,0.0
54.600000000000506,spawned_1,20.0,0,,False,,False,,False,,False,none,,False,,False,0.0
54.70000000000051,spawned_1,20.0,0,,False,,False,,False,,False,none,,False,,False,0.0
54.80000000000051,spawned_1,20.0,0,,False,,False,,False,,False,none,,False,,False,0.0
54.90000000000051,spawned_1,20.0,0,,False,,False,,False,,False,none,,False,,False,0.0
55.00000000000051,spawned_1,20.0,0,,False,,False,,False,,False,none,,False,,False,0.0
55.10000000000051,spawned_1,20.0,0,,False,,False,,False,,False,none,,False,,False,0.0
55.200000000000514,spawned_1,20.0,0,,False,,False,,False,,False,none,,False,,False,0.0
55.300000000000516,spawned_1,20.0,0,,False,,False,,False,,False,none,,False,,False,0.0
55.40000000000052,spawned_1,20.0,0,,False,,False,,False,,False,none,,False,,False,0.0
55.50000000000052,spawned_1,20.0,0,,False,,False,,False,,False,none,,False,,False,0.0
55.60000000000052,spawned_1,20.0,0,,False,,False,,False,,False,none,,False,,False,0.0
55.70000000000052,spawned_1,20.0,0,,False,,False,,False,,False,none,,False,,False,0.0
55.80000000000052,spawned_1,20.0,0,,False,,False,,False,,False,none,,False,,False,0.0
55.900000000000524,spawned_1,20.0,0,,False,,False,,False,,False,none,,False,,False,0.0
56.000000000000526,spawned_1,20.0,0,,False,,False,,False,,False,none,,False,,False,0.0
56.10000000000053,spawned_1,20.0,0,,False,,False,,False,,False,none,,False,,False,0.0
56.20000000000053,spawned_1,20.0,0,,False,,False,,False,,False,none,,False,,False,0.0
56.30000000000053,spawned_1,20.0,0,,False,,False,,False,,False,none,,False,,False,0.0
56.40000000000053,spawned_1,20.0,0,,False,,False,,False,,False,none,,False,,False,0.0
56.50000000000053,spawned_1,20.0,0,,False,,False,,False,,False,none,,False,,False,0.0
56.600000000000534,spawned_1,20.0,0,,False,,False,,False,,False,none,,False,,False,0.0
56.700000000000536,spawned_1,20.0,0,,False,,False,,False,,False,none,,False,,False,0.0
56.80000000000054,spawned_1,20.0,0,,False,,False,,False,,False,none,,False,,False,0.0
56.90000000000054,spawned_1,20.0,0,,False,,False,,False,,False,none,,False,,False,0.0
57.00000000000054,spawned_1,20.0,0,,False,,False,,False,,False,none,,False,,False,0.0
57.10000000000054,spawned_1,20.0,0,,False,,False,,False,,False,none,,False,,False,0.0
57.20000000000054,spawned_1,20.0,0,,False,,False,,False,,False,none,,False,,False,0.0
57.300000000000544,spawned_1,20.0,0,,False,,False,,False,,False,none,,False,,False,0.0
57.400000000000546,spawned_1,20.0,0,,False,,False,,False,,False,none,,False,,False,0.0
57.50000000000055,spawned_1,20.0,0,,False,,False,,False,,False,none,,False,,False,0.0
57.60000000000055,spawned_1,20.0,0,,False,,False,,False,,False,none,,False,,False,0.0
57.70000000000055,spawned_1,20.0,0,,False,,False,,False,,False,none,,False,,False,0.0
57.80000000000055,spawned_1,20.0,0,,False,,False,,False,,False,none,,False,,False,0.0
57.90000000000055,spawned_1,20.0,0,,False,,False,,False,,False,none,,False,,False,0.0
58.000000000000554,spawned_1,20.0,0,,False,,False,,False,,False,none,,False,,False,0.0
58.100000000000556,spawned_1,20.0,0,,False,,False,,False,,False,none,,False,,False,0.0
58.20000000000056,spawned_1,20.0,0,,False,,False,,False,,False,none,,False,,False,0.0
58.30000000000056,spawned_1,20.0,0,,False,,False,,False,,False,none,,False,,False,0.0
58.40000000000056,spawned_1,20.0,0,,False,,False,,False,,False,none,,False,,False,0.0
58.50000000000056,spawned_1,20.0,0,,False,,False,,False,,False,none,,False,,False,0.0
58.60000000000056,spawned_1,20.0,0,,False,,False,,False,,False,none,,False,,False,0.0
58.700000000000564,spawned_1,20.0,0,,False,,False,,False,,False,none,,False,,False,0.0
58.800000000000566,spawned_1,20.0,0,,False,,False,,False,,False,none,,False,,False,0.0
58.90000000000057,spawned_1,20.0,0,,False,,False,,False,,False,none,,False,,False,0.0
59.00000000000057,spawned_1,20.0,0,,False,,False,,False,,False,none,,False,,False,0.0
59.10000000000057,spawned_1,20.0,0,,False,,False,,False,,False,none,,False,,False,0.0
59.20000000000057,spawned_1,20.0,0,,False,,False,,False,,False,none,,False,,False,0.0
59.30000000000057,spawned_1,20.0,0,,False,,False,,False,,False,none,,False,,False,0.0
59.400000000000574,spawned_1,20.0,0,,False,,False,,False,,False,none,,False,,False,0.0
59.500000000000576,spawned_1,20.0,0,,False,,False,,False,,False,none,,False,,False,0.0
59.60000000000058,spawned_1,20.0,0,,False,,False,,False,,False,none,,False,,False,0.0
59.70000000000058,spawned_1,20.0,0,,False,,False,,False,,False,none,,False,,False,0.0
59.80000000000058,spawned_1,20.0,0,,False,,False,,False,,False,none,,False,,False,0.0
59.90000000000058,spawned_1,20.0,0,,False,,False,,False,,False,none,,False,,False,0.0
60.00000000000058,spawned_1,20.0,0,,False,,False,,False,,False,none,,False,,False,0.0
60.100000000000584,spawned_1,20.0,0,,False,,False,,False,,False,none,,False,,False,0.0
60.200000000000585,spawned_1,20.0,0,,False,,False,,False,,False,none,,False,,False,0.0
60.30000000000059,spawned_1,20.0,0,,False,,False,,False,,False,none,,False,,False,0.0
60.40000000000059,spawned_1,20.0,0,,False,,False,,False,,False,none,,False,,False,0.0
60.50000000000059,spawned_1,20.0,0,,False,,False,,False,,False,none,,False,,False,0.0
60.60000000000059,spawned_1,20.0,0,,False,,False,,False,,False,none,,False,,False,0.0
60.70000000000059,spawned_1,20.0,0,,False,,False,,False,,False,none,,False,,False,0.0
60.800000000000594,spawned_1,20.0,0,,False,,False,,False,,False,none,,False,,False,0.0
60.900000000000595,spawned_1,20.0,0,,False,,False,,False,,False,none,,False,,False,0.0
61.0000000000006,spawned_1,20.0,0,,False,,False,,False,,False,none,,False,,False,0.0
61.1000000000006,spawned_1,20.0,0,,False,,False,,False,,False,none,,False,,False,0.0
61.2000000000006,spawned_1,20.0,0,,False,,False,,False,,False,none,,False,,False,0.0
61.3000000000006,spawned_1,20.0,0,,False,,False,,False,,False,none,,False,,False,0.0
61.4000000000006,spawned_1,20.0,0,,False,,False,,False,,False,none,,False,,False,0.0
61.500000000000604,spawned_1,20.0,0,,False,,False,,False,,False,none,,False,,False,0.0
61.600000000000605,spawned_1,20.0,0,,False,,False,,False,,False,none,,False,,False,0.0
61.70000000000061,spawned_1,20.0,0,,False,,False,,False,,False,none,,False,,False,0.0
61.80000000000061,spawned_1,20.0,0,,False,,False,,False,,False,none,,False,,False,0.0
61.90000000000061,spawned_1,20.0,0,,False,,False,,False,,False,none,,False,,False,0.0
62.00000000000061,spawned_1,20.0,0,,False,,False,,False,,False,none,,False,,False,0.0
62.10000000000061,spawned_1,20.0,0,,False,,False,,False,,False,none,,False,,False,0.0
62.200000000000614,spawned_1,20.0,0,,False,,False,,False,,False,none,,False,,False,0.0
62.300000000000615,spawned_1,20.0,0,,False,,False,,False,,False,none,,False,,False,0.0
62.40000000000062,spawned_1,20.0,0,,False,,False,,False,,False,none,,False,,False,0.0
62.50000000000062,spawned_1,20.0,0,,False,,False,,False,,False,none,,False,,False,0.0
62.60000000000062,spawned_1,20.0,0,,False,,False,,False,,False,none,,False,,False,0.0
62.70000000000062,spawned_1,20.0,0,,False,,False,,False,,False,none,,False,,False,0.0
62.80000000000062,spawned_1,20.0,0,,False,,False,,False,,False,none,,False,,False,0.0
62.900000000000624,spawned_1,20.0,0,,False,,False,,False,,False,none,,False,,False,0.0
63.000000000000625,spawned_1,20.0,0,,False,,False,,False,,False,none,,False,,False,0.0
63.10000000000063,spawned_1,20.0,0,,False,,False,,False,,False,none,,False,,False,0.0
63.20000000000063,spawned_1,20.0,0,,False,,False,,False,,False,none,,False,,False,0.0
63.30000000000063,spawned_1,20.0,0,,False,,False,,False,,False,none,,False,,False,0.0
63.40000000000063,spawned_1,20.0,0,,False,,False,,False,,False,none,,False,,False,0.0
63.50000000000063,spawned_1,20.0,0,,False,,False,,False,,False,none,,False,,False,0.0
63.600000000000634,spawned_1,20.0,0,,False,,False,,False,,False,none,,False,,False,0.0
63.700000000000635,spawned_1,20.0,0,,False,,False,,False,,False,none,,False,,False,0.0
63.80000000000064,spawned_1,20.0,0,,False,,False,,False,,False,none,,False,,False,0.0
63.90000000000064,spawned_1,20.0,0,,False,,False,,False,,False,none,,False,,False,0.0
64.00000000000064,spawned_1,20.0,0,,False,,False,,False,,False,none,,False,,False,0.0
64.10000000000063,spawned_1,20.0,0,,False,,False,,False,,False,none,,False,,False,0.0
64.20000000000063,spawned_1,20.0,0,,False,,False,,False,,False,none,,False,,False,0.0
64.30000000000062,spawned_1,20.0,0,,False,,False,,False,,False,none,,False,,False,0.0
64.40000000000062,spawned_1,20.0,0,,False,,False,,False,,False,none,,False,,False,0.0
64.50000000000061,spawned_1,20.0,0,,False,,False,,False,,False,none,,False,,False,0.0
64.6000000000006,spawned_1,20.0,0,,False,,False,,False,,False,none,,False,,False,0.0
64.7000000000006,spawned_1,20.0,0,,False,,False,,False,,False,none,,False,,False,0.0
64.8000000000006,spawned_1,20.0,0,,False,,False,,False,,False,none,,False,,False,0.0
64.90000000000059,spawned_1,20.0,0,,False,,False,,False,,False,none,,False,,False,0.0
65.00000000000058,spawned_1,20.0,0,,False,,False,,False,,False,none,,False,,False,0.0
65.10000000000058,spawned_1,20.0,0,,False,,False,,False,,False,none,,False,,False,0.0
65.20000000000057,spawned_1,20.0,0,,False,,False,,False,,False,none,,False,,False,0.0
65.30000000000057,spawned_1,20.0,0,,False,,False,,False,,False,none,,False,,False,0.0
65.40000000000056,spawned_1,20.0,0,,False,,False,,False,,False,none,,False,,False,0.0
65.50000000000055,spawned_1,20.0,0,,False,,False,,False,,False,none,,False,,False,0.0
65.60000000000055,spawned_1,20.0,0,,False,,False,,False,,False,none,,False,,False,0.0
65.70000000000054,spawned_1,20.0,0,,False,,False,,False,,False,none,,False,,False,0.0
65.80000000000054,spawned_1,20.0,0,,False,,False,,False,,False,none,,False,,False,0.0
65.90000000000053,spawned_1,20.0,0,,False,,False,,False,,False,none,,False,,False,0.0
66.00000000000053,spawned_1,20.0,0,,False,,False,,False,,False,none,,False,,False,0.0
66.10000000000052,spawned_1,20.0,0,,False,,False,,False,,False,none,,False,,False,0.0
66.20000000000051,spawned_1,20.0,0,,False,,False,,False,,False,none,,False,,False,0.0
66.30000000000051,spawned_1,20.0,0,,False,,False,,False,,False,none,,False,,False,0.0
66.4000000000005,spawned_1,20.0,0,,False,,False,,False,,False,none,,False,,False,0.0
66.5000000000005,spawned_1,20.0,0,,False,,False,,False,,False,none,,False,,False,0.0
66.60000000000049,spawned_1,20.0,0,,False,,False,,False,,False,none,,False,,False,0.0
66.70000000000049,spawned_1,20.0,0,,False,,False,,False,,False,none,,False,,False,0.0
66.80000000000048,spawned_1,20.0,0,,False,,False,,False,,False,none,,False,,False,0.0
66.90000000000047,spawned_1,20.0,0,,False,,False,,False,,False,none,,False,,False,0.0
67.00000000000047,spawned_1,20.0,0,,False,,False,,False,,False,none,,False,,False,0.0
67.10000000000046,spawned_1,20.0,0,,False,,False,,False,,False,none,,False,,False,0.0
67.20000000000046,spawned_1,20.0,0,,False,,False,,False,,False,none,,False,,False,0.0
67.30000000000045,spawned_1,20.0,0,,False,,False,,False,,False,none,,False,,False,0.0
67.40000000000045,spawned_1,20.0,0,,False,,False,,False,,False,none,,False,,False,0.0
67.50000000000044,spawned_1,20.0,0,,False,,False,,False,,False,none,,False,,False,0.0
67.60000000000043,spawned_1,20.0,0,,False,,False,,False,,False,none,,False,,False,0.0
67.70000000000043,spawned_1,20.0,0,,False,,False,,False,,False,none,,False,,False,0.0
67.80000000000042,spawned_1,20.0,0,,False,,False,,False,,False,none,,False,,False,0.0
67.90000000000042,spawned_1,20.0,0,,False,,False,,False,,False,none,,False,,False,0.0
68.00000000000041,spawned_1,20.0,0,,False,,False,,False,,False,none,,False,,False,0.0
68.1000000000004,spawned_1,20.0,0,,False,,False,,False,,False,none,,False,,False,0.0
68.2000000000004,spawned_1,20.0,0,,False,,False,,False,,False,none,,False,,False,0.0
68.3000000000004,spawned_1,20.0,0,,False,,False,,False,,False,none,,False,,False,0.0
68.40000000000039,spawned_1,20.0,0,,False,,False,,False,,False,none,,False,,False,0.0
68.50000000000038,spawned_1,20.0,0,,False,,False,,False,,False,none,,False,,False,0.0
68.60000000000038,spawned_1,20.0,0,,False,,False,,False,,False,none,,False,,False,0.0
68.70000000000037,spawned_1,20.0,0,,False,,False,,False,,False,none,,False,,False,0.0
68.80000000000037,spawned_1,20.0,0,,False,,False,,False,,False,none,,False,,False,0.0
68.90000000000036,spawned_1,20.0,0,,False,,False,,False,,False,none,,False,,False,0.0
69.00000000000036,spawned_1,20.0,0,,False,,False,,False,,False,none,,False,,False,0.0
69.10000000000035,spawned_1,20.0,0,,False,,False,,False,,False,none,,False,,False,0.0
69.20000000000034,spawned_1,20.0,0,,False,,False,,False,,False,none,,False,,False,0.0
69.30000000000034,spawned_1,20.0,0,,False,,False,,False,,False,none,,False,,False,0.0
69.40000000000033,spawned_1,20.0,0,,False,,False,,False,,False,none,,False,,False,0.0
69.50000000000033,spawned_1,20.0,0,,False,,False,,False,,False,none,,False,,False,0.0
69.60000000000032,spawned_1,20.0,0,,False,,False,,False,,False,none,,False,,False,0.0
69.70000000000032,spawned_1,20.0,0,,False,,False,,False,,False,none,,False,,False,0.0
69.80000000000031,spawned_1,20.0,0,,False,,False,,False,,False,none,,False,,False,0.0
69.9000000000003,spawned_1,20.0,0,,False,,False,,False,,False,none,,False,,False,0.0
70.0000000000003,spawned_1,20.0,0,,False,,False,,False,,False,none,,False,,False,0.0
70.10000000000029,spawned_1,20.0,0,,False,,False,,False,,False,none,,False,,False,0.0
70.20000000000029,spawned_1,20.0,0,,False,,False,,False,,False,none,,False,,False,0.0
70.30000000000028,spawned_1,20.0,0,,False,,False,,False,,False,none,,False,,False,0.0
70.40000000000028,spawned_1,20.0,0,,False,,False,,False,,False,none,,False,,False,0.0
70.50000000000027,spawned_1,20.0,0,,False,,False,,False,,False,none,,False,,False,0.0
70.60000000000026,spawned_1,20.0,0,,False,,False,,False,,False,none,,False,,False,0.0
70.70000000000026,spawned_1,20.0,0,,False,,False,,False,,False,none,,False,,False,0.0
70.80000000000025,spawned_1,20.0,0,,False,,False,,False,,False,none,,False,,False,0.0
70.90000000000025,spawned_1,20.0,0,,False,,False,,False,,False,none,,False,,False,0.0
71.00000000000024,spawned_1,20.0,0,,False,,False,,False,,False,none,,False,,False,0.0
71.10000000000024,spawned_1,20.0,0,,False,,False,,False,,False,none,,False,,False,0.0
71.20000000000023,spawned_1,20.0,0,,False,,False,,False,,False,none,,False,,False,0.0
71.30000000000022,spawned_1,20.0,0,,False,,False,,False,,False,none,,False,,False,0.0
71.40000000000022,spawned_1,20.0,0,,False,,False,,False,,False,none,,False,,False,0.0
71.50000000000021,spawned_1,20.0,0,,False,,False,,False,,False,none,,False,,False,0.0
71.60000000000021,spawned_1,20.0,0,,False,,False,,False,,False,none,,False,,False,0.0
71.7000000000002,spawned_1,20.0,0,,False,,False,,False,,False,none,,False,,False,0.0
71.8000000000002,spawned_1,20.0,0,,False,,False,,False,,False,none,,False,,False,0.0
71.90000000000019,spawned_1,20.0,0,,False,,False,,False,,False,none,,False,,False,0.0
72.00000000000018,spawned_1,20.0,0,,False,,False,,False,,False,none,,False,,False,0.0
72.10000000000018,spawned_1,20.0,0,,False,,False,,False,,False,none,,False,,False,0.0
72.20000000000017,spawned_1,20.0,0,,False,,False,,False,,False,none,,False,,False,0.0
72.30000000000017,spawned_1,20.0,0,,False,,False,,False,,False,none,,False,,False,0.0
72.40000000000016,spawned_1,20.0,0,,False,,False,,False,,False,none,,False,,False,0.0
72.50000000000016,spawned_1,20.0,0,,False,,False,,False,,False,none,,False,,False,0.0
72.60000000000015,spawned_1,20.0,0,,False,,False,,False,,False,none,,False,,False,0.0
72.70000000000014,spawned_1,20.0,0,,False,,False,,False,,False,none,,False,,False,0.0
72.80000000000014,spawned_1,20.0,0,,False,,False,,False,,False,none,,False,,False,0.0
72.90000000000013,spawned_1,20.0,0,,False,,False,,False,,False,none,,False,,False,0.0
73.00000000000013,spawned_1,20.0,0,,False,,False,,False,,False,none,,False,,False,0.0
73.10000000000012,spawned_1,20.0,0,,False,,False,,False,,False,none,,False,,False,0.0
73.20000000000012,spawned_1,20.0,0,,False,,False,,False,,False,none,,False,,False,0.0
73.30000000000011,spawned_1,20.0,0,,False,,False,,False,,False,none,,False,,False,0.0
73.4000000000001,spawned_1,20.0,0,,False,,False,,False,,False,none,,False,,False,0.0
73.5000000000001,spawned_1,20.0,0,,False,,False,,False,,False,none,,False,,False,0.0
73.6000000000001,spawned_1,20.0,0,,False,,False,,False,,False,none,,False,,False,0.0
73.70000000000009,spawned_1,20.0,0,,False,,False,,False,,False,none,,False,,False,0.0
73.80000000000008,spawned_1,20.0,0,,False,,False,,False,,False,none,,False,,False,0.0
73.90000000000008,spawned_1,20.0,0,,False,,False,,False,,False,none,,False,,False,0.0
74.00000000000007,spawned_1,20.0,0,,False,,False,,False,,False,none,,False,,False,0.0
74.10000000000007,spawned_1,20.0,0,,False,,False,,False,,False,none,,False,,False,0.0
74.20000000000006,spawned_1,20.0,0,,False,,False,,False,,False,none,,False,,False,0.0
74.30000000000005,spawned_1,20.0,0,,False,,False,,False,,False,none,,False,,False,0.0
74.40000000000005,spawned_1,20.0,0,,False,,False,,False,,False,none,,False,,False,0.0
74.50000000000004,spawned_1,20.0,0,,False,,False,,False,,False,none,,False,,False,0.0
74.60000000000004,spawned_1,20.0,0,,False,,False,,False,,False,none,,False,,False,0.0
74.70000000000003,spawned_1,20.0,0,,False,,False,,False,,False,none,,False,,False,0.0
74.80000000000003,spawned_1,20.0,0,,False,,False,,False,,False,none,,False,,False,0.0
74.90000000000002,spawned_1,20.0,0,,False,,False,,False,,False,none,,False,,False,0.0
75.00000000000001,spawned_1,20.0,0,,False,,False,,False,,False,none,,False,,False,0.0
75.10000000000001,spawned_1,20.0,0,,False,,False,,False,,False,none,,False,,False,0.0
75.2,spawned_1,20.0,0,,False,,False,,False,,False,none,,False,,False,0.0
75.3,spawned_1,20.0,0,,False,,False,,False,,False,none,,False,,False,0.0
75.39999999999999,spawned_1,20.0,0,,False,,False,,False,,False,none,,False,,False,0.0
75.49999999999999,spawned_1,20.0,0,,False,,False,,False,,False,none,,False,,False,0.0
75.59999999999998,spawned_1,20.0,0,,False,,False,,False,,False,none,,False,,False,0.0
75.69999999999997,spawned_1,20.0,0,,False,,False,,False,,False,none,,False,,False,0.0
75.79999999999997,spawned_1,20.0,0,,False,,False,,False,,False,none,,False,,False,0.0
75.89999999999996,spawned_1,20.0,0,,False,,False,,False,,False,none,,False,,False,0.0
75.99999999999996,spawned_1,20.0,0,,False,,False,,False,,False,none,,False,,False,0.0
76.09999999999995,spawned_1,20.0,0,,False,,False,,False,,False,none,,False,,False,0.0
76.19999999999995,spawned_1,20.0,0,,False,,False,,False,,False,none,,False,,False,0.0
76.29999999999994,spawned_1,20.0,0,,False,,False,,False,,False,none,,False,,False,0.0
76.39999999999993,spawned_1,20.0,0,,False,,False,,False,,False,none,,False,,False,0.0
76.49999999999993,spawned_1,20.0,0,,False,,False,,False,,False,none,,False,,False,0.0
76.59999999999992,spawned_1,20.0,0,,False,,False,,False,,False,none,,False,,False,0.0
76.69999999999992,spawned_1,20.0,0,,False,,False,,False,,False,none,,False,,False,0.0
76.79999999999991,spawned_1,20.0,0,,False,,False,,False,,False,none,,False,,False,0.0
76.8999999999999,spawned_1,20.0,0,,False,,False,,False,,False,none,,False,,False,0.0
76.9999999999999,spawned_1,20.0,0,,False,,False,,False,,False,none,,False,,False,0.0
77.0999999999999,spawned_1,20.0,0,,False,,False,,False,,False,none,,False,,False,0.0
77.19999999999989,spawned_1,20.0,0,,False,,False,,False,,False,none,,False,,False,0.0
77.29999999999988,spawned_1,20.0,0,,False,,False,,False,,False,none,,False,,False,0.0
77.39999999999988,spawned_1,20.0,0,,False,,False,,False,,False,none,,False,,False,0.0
77.49999999999987,spawned_1,20.0,0,,False,,False,,False,,False,none,,False,,False,0.0
77.59999999999987,spawned_1,20.0,0,,False,,False,,False,,False,none,,False,,False,0.0
77.69999999999986,spawned_1,20.0,0,,False,,False,,False,,False,none,,False,,False,0.0
77.79999999999986,spawned_1,20.0,0,,False,,False,,False,,False,none,,False,,False,0.0
77.89999999999985,spawned_1,20.0,0,,False,,False,,False,,False,none,,False,,False,0.0
77.99999999999984,spawned_1,20.0,0,,False,,False,,False,,False,none,,False,,False,0.0
78.09999999999984,spawned_1,20.0,0,,False,,False,,False,,False,none,,False,,False,0.0
78.19999999999983,spawned_1,20.0,0,,False,,False,,False,,False,none,,False,,False,0.0
78.29999999999983,spawned_1,20.0,0,,False,,False,,False,,False,none,,False,,False,0.0
78.39999999999982,spawned_1,20.0,0,,False,,False,,False,,False,none,,False,,False,0.0
78.49999999999982,spawned_1,20.0,0,,False,,False,,False,,False,none,,False,,False,0.0
78.59999999999981,spawned_1,20.0,0,,False,,False,,False,,False,none,,False,,False,0.0
78.6999999999998,spawned_1,20.0,0,,False,,False,,False,,False,none,,False,,False,0.0
78.7999999999998,spawned_1,20.0,0,,False,,False,,False,,False,none,,False,,False,0.0
78.89999999999979,spawned_1,20.0,0,,False,,False,,False,,False,none,,False,,False,0.0
78.99999999999979,spawned_1,20.0,0,,False,,False,,False,,False,none,,False,,False,0.0
79.09999999999978,spawned_1,20.0,0,,False,,False,,False,,False,none,,False,,False,0.0
79.19999999999978,spawned_1,20.0,0,,False,,False,,False,,False,none,,False,,False,0.0
79.29999999999977,spawned_1,20.0,0,,False,,False,,False,,False,none,,False,,False,0.0
79.39999999999976,spawned_1,20.0,0,,False,,False,,False,,False,none,,False,,False,0.0
79.49999999999976,spawned_1,20.0,0,,False,,False,,False,,False,none,,False,,False,0.0
79.59999999999975,spawned_1,20.0,0,,False,,False,,False,,False,none,,False,,False,0.0
79.69999999999975,spawned_1,20.0,0,,False,,False,,False,,False,none,,False,,False,0.0
79.79999999999974,spawned_1,20.0,0,,False,,False,,False,,False,none,,False,,False,0.0
79.89999999999974,spawned_1,20.0,0,,False,,False,,False,,False,none,,False,,False,0.0
79.99999999999973,spawned_1,20.0,0,,False,,False,,False,,False,none,,False,,False,0.0
80.09999999999972,spawned_1,20.0,0,,False,,False,,False,,False,none,,False,,False,0.0
80.19999999999972,spawned_1,20.0,0,,False,,False,,False,,False,none,,False,,False,0.0
80.29999999999971,spawned_1,20.0,0,,False,,False,,False,,False,none,,False,,False,0.0
80.39999999999971,spawned_1,20.0,0,,False,,False,,False,,False,none,,False,,False,0.0
80.4999999999997,spawned_1,20.0,0,,False,,False,,False,,False,none,,False,,False,0.0
80.5999999999997,spawned_1,20.0,0,,False,,False,,False,,False,none,,False,,False,0.0
80.69999999999969,spawned_1,20.0,0,,False,,False,,False,,False,none,,False,,False,0.0
80.79999999999968,spawned_1,20.0,0,,False,,False,,False,,False,none,,False,,False,0.0
80.89999999999968,spawned_1,20.0,0,,False,,False,,False,,False,none,,False,,False,0.0
80.99999999999967,spawned_1,20.0,0,,False,,False,,False,,False,none,,False,,False,0.0
81.09999999999967,spawned_1,20.0,0,,False,,False,,False,,False,none,,False,,False,0.0
81.19999999999966,spawned_1,20.0,0,,False,,False,,False,,False,none,,False,,False,0.0
81.29999999999966,spawned_1,20.0,0,,False,,False,,False,,False,none,,False,,False,0.0
81.39999999999965,spawned_1,20.0,0,,False,,False,,False,,False,none,,False,,False,0.0
81.49999999999964,spawned_1,20.0,0,,False,,False,,False,,False,none,,False,,False,0.0
81.59999999999964,spawned_1,20.0,0,,False,,False,,False,,False,none,,False,,False,0.0
81.69999999999963,spawned_1,20.0,0,,False,,False,,False,,False,none,,False,,False,0.0
81.79999999999963,spawned_1,20.0,0,,False,,False,,False,,False,none,,False,,False,0.0
81.89999999999962,spawned_1,20.0,0,,False,,False,,False,,False,none,,False,,False,0.0
81.99999999999962,spawned_1,20.0,0,,False,,False,,False,,False,none,,False,,False,0.0
82.09999999999961,spawned_1,20.0,0,,False,,False,,False,,False,none,,False,,False,0.0
82.1999999999996,spawned_1,20.0,0,,False,,False,,False,,False,none,,False,,False,0.0
82.2999999999996,spawned_1,20.0,0,,False,,False,,False,,False,none,,False,,False,0.0
82.3999999999996,spawned_1,20.0,0,,False,,False,,False,,False,none,,False,,False,0.0
82.49999999999959,spawned_1,20.0,0,,False,,False,,False,,False,none,,False,,False,0.0
82.59999999999958,spawned_1,20.0,0,,False,,False,,False,,False,none,,False,,False,0.0
82.69999999999958,spawned_1,20.0,0,,False,,False,,False,,False,none,,False,,False,0.0
82.79999999999957,spawned_1,20.0,0,,False,,False,,False,,False,none,,False,,False,0.0
82.89999999999957,spawned_1,20.0,0,,False,,False,,False,,False,none,,False,,False,0.0
82.99999999999956,spawned_1,20.0,0,,False,,False,,False,,False,none,,False,,False,0.0
83.09999999999955,spawned_1,20.0,0,,False,,False,,False,,False,none,,False,,False,0.0
83.19999999999955,spawned_1,20.0,0,,False,,False,,False,,False,none,,False,,False,0.0
83.29999999999954,spawned_1,20.0,0,,False,,False,,False,,False,none,,False,,False,0.0
83.39999999999954,spawned_1,20.0,0,,False,,False,,False,,False,none,,False,,False,0.0
83.49999999999953,spawned_1,20.0,0,,False,,False,,False,,False,none,,False,,False,0.0
83.59999999999953,spawned_1,20.0,0,,False,,False,,False,,False,none,,False,,False,0.0
83.69999999999952,spawned_1,20.0,0,,False,,False,,False,,False,none,,False,,False,0.0
83.79999999999951,spawned_1,20.0,0,,False,,False,,False,,False,none,,False,,False,0.0
83.89999999999951,spawned_1,20.0,0,,False,,False,,False,,False,none,,False,,False,0.0
83.9999999999995,spawned_1,20.0,0,,False,,False,,False,,False,none,,False,,False,0.0
84.0999999999995,spawned_1,20.0,0,,False,,False,,False,,False,none,,False,,False,0.0
84.19999999999949,spawned_1,20.0,0,,False,,False,,False,,False,none,,False,,False,0.0
84.29999999999949,spawned_1,20.0,0,,False,,False,,False,,False,none,,False,,False,0.0
84.39999999999948,spawned_1,20.0,0,,False,,False,,False,,False,none,,False,,False,0.0
84.49999999999947,spawned_1,20.0,0,,False,,False,,False,,False,none,,False,,False,0.0
84.59999999999947,spawned_1,20.0,0,,False,,False,,False,,False,none,,False,,False,0.0
84.69999999999946,spawned_1,20.0,0,,False,,False,,False,,False,none,,False,,False,0.0
84.79999999999946,spawned_1,20.0,0,,False,,False,,False,,False,none,,False,,False,0.0
84.89999999999945,spawned_1,20.0,0,,False,,False,,False,,False,none,,False,,False,0.0
84.99999999999945,spawned_1,20.0,0,,False,,False,,False,,False,none,,False,,False,0.0
85.09999999999944,spawned_1,20.0,0,,False,,False,,False,,False,none,,False,,False,0.0
85.19999999999943,spawned_1,20.0,0,,False,,False,,False,,False,none,,False,,False,0.0
85.29999999999943,spawned_1,20.0,0,,False,,False,,False,,False,none,,False,,False,0.0
85.39999999999942,spawned_1,20.0,0,,False,,False,,False,,False,none,,False,,False,0.0
85.49999999999942,spawned_1,20.0,0,,False,,False,,False,,False,none,,False,,False,0.0
85.59999999999941,spawned_1,20.0,0,,False,,False,,False,,False,none,,False,,False,0.0
85.6999999999994,spawned_1,20.0,0,,False,,False,,False,,False,none,,False,,False,0.0
85.7999999999994,spawned_1,20.0,0,,False,,False,,False,,False,none,,False,,False,0.0
85.8999999999994,spawned_1,20.0,0,,False,,False,,False,,False,none,,False,,False,0.0
85.99999999999939,spawned_1,20.0,0,,False,,False,,False,,False,none,,False,,False,0.0
86.09999999999938,spawned_1,20.0,0,148.13511843075514,False,148.13511843075514,False,,False,148.13511843075514,True,camera,traffic_light,False,,False,0.0
86.19999999999938,spawned_1,20.0,0,147.2410384307551,False,147.2410384307551,False,,False,147.2410384307551,True,camera,traffic_light,False,,False,0.0
86.29999999999937,spawned_1,20.0,0,146.34695843075508,False,146.34695843075508,False,,False,146.34695843075508,True,camera,traffic_light,False,,False,0.0
86.39999999999937,spawned_1,20.0,0,145.45287843075505,False,145.45287843075505,False,,False,145.45287843075505,True,camera,traffic_light,False,,False,0.0
86.49999999999936,spawned_1,20.0,0,144.55879843075502,False,144.55879843075502,False,,False,144.55879843075502,True,camera,traffic_light,False,,False,0.0
86.59999999999935,spawned_1,20.0,0,143.664718430755,False,143.664718430755,False,,False,143.664718430755,True,camera,traffic_light,False,,False,0.0
86.69999999999935,spawned_1,20.0,0,142.77063843075496,False,142.77063843075496,False,,False,142.77063843075496,True,camera,traffic_light,False,,False,0.0
86.79999999999934,spawned_1,20.0,0,141.87655843075493,False,141.87655843075493,False,,False,141.87655843075493,True,camera,traffic_light,False,,False,0.0
86.89999999999934,spawned_1,20.0,0,140.9824784307549,False,140.9824784307549,False,,False,140.9824784307549,True,camera,traffic_light,False,,False,0.0
86.99999999999933,spawned_1,20.0,0,140.08839843075486,False,140.08839843075486,False,,False,140.08839843075486,True,camera,traffic_light,False,,False,0.0
87.09999999999933,spawned_1,20.0,0,139.19431843075483,False,139.19431843075483,False,,False,139.19431843075483,True,camera,traffic_light,False,,False,0.0
87.19999999999932,spawned_1,20.0,0,138.3002384307548,False,138.3002384307548,False,,False,138.3002384307548,True,camera,traffic_light,False,,False,0.0
87.29999999999932,spawned_1,20.0,0,137.40615843075477,False,137.40615843075477,False,,False,137.40615843075477,True,camera,traffic_light,False,,False,0.0
87.39999999999931,spawned_1,20.0,0,136.51207843075474,False,136.51207843075474,False,,False,136.51207843075474,True,camera,traffic_light,False,,False,0.0
87.4999999999993,spawned_1,20.0,0,135.6179984307547,False,135.6179984307547,False,,False,135.6179984307547,True,camera,traffic_light,False,,False,0.0
87.5999999999993,spawned_1,20.0,0,134.72391843075468,False,134.72391843075468,False,,False,134.72391843075468,True,camera,traffic_light,False,,False,0.0
87.69999999999929,spawned_1,20.0,0,133.82983843075465,False,133.82983843075465,False,,False,133.82983843075465,True,camera,traffic_light,False,,False,0.0
87.79999999999929,spawned_1,20.0,0,132.93575843075462,False,132.93575843075462,False,,False,132.93575843075462,True,camera,traffic_light,False,,False,0.0
87.89999999999928,spawned_1,20.0,0,132.0416784307546,False,132.0416784307546,False,,False,132.0416784307546,True,camera,traffic_light,False,,False,0.0
87.99999999999928,spawned_1,20.0,0,131.14759843075456,False,131.14759843075456,False,,False,131.14759843075456,True,camera,traffic_light,False,,False,0.0
88.09999999999927,spawned_1,20.0,0,130.25351843075453,False,130.25351843075453,False,,False,130.25351843075453,True,camera,traffic_light,False,,False,0.0
88.19999999999926,spawned_1,20.0,0,129.3594384307545,False,129.3594384307545,False,,False,129.3594384307545,True,camera,traffic_light,False,,False,0.0
88.29999999999926,spawned_1,20.0,0,128.46535843075446,False,128.46535843075446,False,,False,128.46535843075446,True,camera,traffic_light,False,,False,0.0
88.39999999999925,spawned_1,20.0,0,127.57127843075443,False,127.57127843075443,False,,False,127.57127843075443,True,camera,traffic_light,False,,False,0.0
88.49999999999925,spawned_1,20.0,0,126.6771984307544,False,126.6771984307544,False,,False,126.6771984307544,True,camera,traffic_light,False,,False,0.0
88.59999999999924,spawned_1,20.0,0,125.78311843075437,False,125.78311843075437,False,,False,125.78311843075437,True,camera,traffic_light,False,,False,0.0
88.69999999999924,spawned_1,20.0,0,124.88903843075434,False,124.88903843075434,False,,False,124.88903843075434,True,camera,traffic_light,False,,False,0.0
88.79999999999923,spawned_1,20.0,0,123.99495843075431,False,123.99495843075431,False,,False,123.99495843075431,True,camera,traffic_light,False,,False,0.0
88.89999999999922,spawned_1,20.0,0,123.10087843075428,False,123.10087843075428,False,,False,123.10087843075428,True,camera,traffic_light,False,,False,0.0
88.99999999999922,spawned_1,20.0,0,122.20679843075425,False,122.20679843075425,False,,False,122.20679843075425,True,camera,traffic_light,False,,False,0.0
89.09999999999921,spawned_1,20.0,0,121.31271843075422,False,121.31271843075422,False,,False,121.31271843075422,True,camera,traffic_light,False,,False,0.0
89.1999999999992,spawned_1,20.0,0,120.41863843075419,False,120.41863843075419,False,,False,120.41863843075419,True,camera,traffic_light,False,,False,0.0
89.2999999999992,spawned_1,20.0,0,119.52455843075415,False,119.52455843075415,False,,False,119.52455843075415,True,camera,traffic_light,False,,False,0.0
89.3999999999992,spawned_1,20.0,0,118.63047843075412,False,118.63047843075412,False,,False,118.63047843075412,True,camera,traffic_light,False,,False,0.0
89.49999999999919,spawned_1,20.0,0,117.7363984307541,False,117.7363984307541,False,,False,117.7363984307541,True,camera,traffic_light,False,,False,0.0
89.59999999999918,spawned_1,20.0,0,116.84231843075406,False,116.84231843075406,False,,False,116.84231843075406,True,camera,traffic_light,False,,False,0.0
89.69999999999918,spawned_1,20.0,0,115.94823843075403,False,115.94823843075403,False,,False,115.94823843075403,True,camera,traffic_light,False,,False,0.0
89.79999999999917,spawned_1,20.0,0,115.054158430754,False,115.054158430754,False,,False,115.054158430754,True,camera,traffic_light,False,,False,0.0
89.89999999999917,spawned_1,20.0,0,114.16007843075397,False,114.16007843075397,False,,False,114.16007843075397,True,camera,traffic_light,False,,False,0.0
89.99999999999916,spawned_1,20.0,0,113.26599843075394,False,113.26599843075394,False,,False,113.26599843075394,True,camera,traffic_light,False,,False,0.0
90.09999999999916,spawned_1,20.0,0,112.37191843075391,False,112.37191843075391,False,,False,112.37191843075391,True,camera,traffic_light,False,,False,0.0
90.19999999999915,spawned_1,20.0,0,111.47783843075388,False,111.47783843075388,False,,False,111.47783843075388,True,camera,traffic_light,False,,False,0.0
90.29999999999914,spawned_1,20.0,0,110.58375843075385,False,110.58375843075385,False,,False,110.58375843075385,True,camera,traffic_light,False,,False,0.0
90.39999999999914,spawned_1,20.0,0,109.68967843075382,False,109.68967843075382,False,,False,109.68967843075382,True,camera,traffic_light,False,,False,0.0
90.49999999999913,spawned_1,20.0,0,108.79559843075378,False,108.79559843075378,False,,False,108.79559843075378,True,camera,traffic_light,False,,False,0.0
90.59999999999913,spawned_1,20.0,0,107.90151843075375,False,107.90151843075375,False,,False,107.90151843075375,True,camera,traffic_light,False,,False,0.0
90.69999999999912,spawned_1,20.0,0,107.00743843075372,False,107.00743843075372,False,,False,107.00743843075372,True,camera,traffic_light,False,,False,0.0
90.79999999999912,spawned_1,20.0,0,106.11335843075369,False,106.11335843075369,False,,False,106.11335843075369,True,camera,traffic_light,False,,False,0.0
90.89999999999911,spawned_1,20.0,0,105.21927843075366,False,105.21927843075366,False,,False,105.21927843075366,True,camera,traffic_light,False,,False,0.0
90.9999999999991,spawned_1,20.0,0,104.32519843075363,False,104.32519843075363,False,,False,104.32519843075363,True,camera,traffic_light,False,,False,0.0
91.0999999999991,spawned_1,20.0,0,103.4311184307536,False,103.4311184307536,False,,False,103.4311184307536,True,camera,traffic_light,False,,False,0.0
91.1999999999991,spawned_1,20.0,0,102.53703843075357,False,102.53703843075357,False,,False,102.53703843075357,True,camera,traffic_light,False,,False,0.0
91.29999999999909,spawned_1,20.0,0,101.64295843075354,False,101.64295843075354,False,,False,101.64295843075354,True,camera,traffic_light,False,,False,0.0
91.39999999999908,spawned_1,20.0,0,100.7488784307535,False,100.7488784307535,False,,False,100.7488784307535,True,camera,traffic_light,False,,False,0.0
91.49999999999908,spawned_1,20.0,0,99.85479843075348,False,99.85479843075348,False,,False,99.85479843075348,True,camera,traffic_light,False,,False,0.0
91.59999999999907,spawned_1,20.0,0,98.96071843075345,False,98.96071843075345,False,,False,98.96071843075345,True,camera,traffic_light,False,,False,0.0
91.69999999999906,spawned_1,20.0,0,98.06663843075341,False,98.06663843075341,False,,False,98.06663843075341,True,camera,traffic_light,False,,False,0.0
91.79999999999906,spawned_1,20.0,0,97.17255843075338,False,97.17255843075338,False,,False,97.17255843075338,True,camera,traffic_light,False,,False,0.0
91.89999999999905,spawned_1,20.0,0,96.27847843075335,False,96.27847843075335,False,,False,96.27847843075335,True,camera,traffic_light,False,,False,0.0
91.99999999999905,spawned_1,20.0,0,95.38439843075332,False,95.38439843075332,False,,False,95.38439843075332,True,camera,traffic_light,False,,False,0.0
92.09999999999904,spawned_1,20.0,0,94.49031843075329,False,94.49031843075329,False,,False,94.49031843075329,True,camera,traffic_light,False,,False,0.0
92.19999999999904,spawned_1,20.0,0,93.59623843075326,False,93.59623843075326,False,,False,93.59623843075326,True,camera,traffic_light,False,,False,0.0
92.29999999999903,spawned_1,20.0,0,92.70215843075323,False,92.70215843075323,False,,False,92.70215843075323,True,camera,traffic_light,False,,False,0.0
92.39999999999903,spawned_1,20.0,0,91.8080784307532,False,91.8080784307532,False,,False,91.8080784307532,True,camera,traffic_light,False,,False,0.0
92.49999999999902,spawned_1,20.0,0,90.91399843075317,False,90.91399843075317,False,,False,90.91399843075317,True,camera,traffic_light,False,,False,0.0
92.59999999999901,spawned_1,20.0,0,90.01991843075314,False,90.01991843075314,False,,False,90.01991843075314,True,camera,traffic_light,False,,False,0.0
92.69999999999901,spawned_1,20.0,0,89.1258384307531,False,89.1258384307531,False,,False,89.1258384307531,True,camera,traffic_light,False,,False,0.0
92.799999999999,spawned_1,20.0,0,88.23175843075308,False,88.23175843075308,False,,False,88.23175843075308,True,camera,traffic_light,False,,False,0.0
92.899999999999,spawned_1,20.0,0,87.33767843075304,False,87.33767843075304,False,,False,87.33767843075304,True,camera,traffic_light,False,,False,0.0
92.99999999999899,spawned_1,20.0,0,86.44359843075301,False,86.44359843075301,False,,False,86.44359843075301,True,camera,traffic_light,False,,False,0.0
93.09999999999899,spawned_1,20.0,0,85.54951843075298,False,85.54951843075298,False,,False,85.54951843075298,True,camera,traffic_light,False,,False,0.0
93.19999999999898,spawned_1,20.0,0,84.65543843075295,False,84.65543843075295,False,,False,84.65543843075295,True,camera,traffic_light,False,,False,0.0
93.29999999999897,spawned_1,20.0,0,83.76135843075292,False,83.76135843075292,False,,False,83.76135843075292,True,camera,traffic_light,False,,False,0.0
93.39999999999897,spawned_1,20.0,0,82.86727843075289,False,82.86727843075289,False,,False,82.86727843075289,True,camera,traffic_light,False,,False,0.0
93.49999999999896,spawned_1,20.0,0,81.97319843075286,False,81.97319843075286,False,,False,81.97319843075286,True,camera,traffic_light,False,,False,0.0
93.59999999999896,spawned_1,20.0,0,81.07911843075283,False,81.07911843075283,False,,False,81.07911843075283,True,camera,traffic_light,False,,False,0.0
93.69999999999895,spawned_1,20.0,0,80.1850384307528,False,80.1850384307528,False,,False,80.1850384307528,True,camera,traffic_light,False,,False,0.0
93.79999999999895,spawned_1,20.0,0,79.29095843075277,False,79.29095843075277,False,79.29095843075277,False,79.29095843075277,True,camera,traffic_light,False,,False,0.0
93.89999999999894,spawned_1,20.0,0,78.39687843075274,False,78.39687843075274,False,78.39687843075274,False,78.39687843075274,True,camera,traffic_light,False,,False,0.0
93.99999999999893,spawned_1,20.0,0,77.5027984307527,False,77.5027984307527,False,77.5027984307527,False,77.5027984307527,True,camera,traffic_light,False,,False,0.0
94.09999999999893,spawned_1,20.0,0,76.60871843075267,False,76.60871843075267,False,76.60871843075267,False,76.60871843075267,True,camera,traffic_light,False,,False,0.0
94.19999999999892,spawned_1,20.0,0,75.71463843075264,False,75.71463843075264,False,75.71463843075264,False,75.71463843075264,True,camera,traffic_light,False,,False,0.0
94.29999999999892,spawned_1,20.0,0,74.82055843075261,False,74.82055843075261,False,74.82055843075261,False,74.82055843075261,True,camera,traffic_light,False,,False,0.0
94.39999999999891,spawned_1,20.0,0,73.92647843075258,False,73.92647843075258,False,73.92647843075258,False,73.92647843075258,True,camera,traffic_light,False,,False,0.0
94.4999999999989,spawned_1,20.0,0,73.03239843075255,False,73.03239843075255,False,73.03239843075255,False,73.03239843075255,True,camera,traffic_light,False,,False,0.0
94.5999999999989,spawned_1,20.0,0,72.13831843075252,False,72.13831843075252,False,72.13831843075252,False,72.13831843075252,True,camera,traffic_light,False,,False,0.0
94.6999999999989,spawned_1,20.0,0,71.24423843075249,False,71.24423843075249,False,71.24423843075249,False,71.24423843075249,True,camera,traffic_light,False,,False,0.0
94.79999999999889,spawned_1,20.0,0,70.35015843075246,False,70.35015843075246,False,70.35015843075246,False,70.35015843075246,True,camera,traffic_light,False,,False,0.0
94.89999999999888,spawned_1,20.0,0,69.45607843075243,False,69.45607843075243,False,69.45607843075243,False,69.45607843075243,True,camera,traffic_light,False,,False,0.0
94.99999999999888,spawned_1,20.0,0,68.5619984307524,False,68.5619984307524,False,68.5619984307524,False,68.5619984307524,True,camera,traffic_light,False,,False,0.0
95.09999999999887,spawned_1,20.0,0,67.66791843075237,False,67.66791843075237,False,67.66791843075237,False,67.66791843075237,True,camera,traffic_light,False,,False,0.0
95.19999999999887,spawned_1,20.0,0,66.77383843075233,False,66.77383843075233,False,66.77383843075233,False,66.77383843075233,True,camera,traffic_light,False,,False,0.0
95.29999999999886,spawned_1,20.0,0,65.8797584307523,False,65.8797584307523,False,65.8797584307523,False,65.8797584307523,True,camera,traffic_light,False,,False,0.0
95.39999999999885,spawned_1,20.0,0,64.98567843075227,False,64.98567843075227,False,64.98567843075227,False,64.98567843075227,True,camera,traffic_light,False,,False,0.0
95.49999999999885,spawned_1,20.0,0,64.09159843075224,False,64.09159843075224,False,64.09159843075224,False,64.09159843075224,True,camera,traffic_light,False,,False,0.0
95.59999999999884,spawned_1,20.0,0,63.19751843075221,False,63.19751843075221,False,63.19751843075221,False,63.19751843075221,True,camera,traffic_light,False,,False,0.0
95.69999999999884,spawned_1,20.0,0,62.30343843075218,False,62.30343843075218,False,62.30343843075218,False,62.30343843075218,True,camera,traffic_light,False,,False,0.0
95.79999999999883,spawned_1,20.0,0,61.40935843075215,False,61.40935843075215,False,61.40935843075215,False,61.40935843075215,True,camera,traffic_light,False,,False,0.0
95.89999999999883,spawned_1,20.0,0,60.51527843075212,False,60.51527843075212,False,60.51527843075212,False,60.51527843075212,True,camera,traffic_light,False,,False,0.0
95.99999999999882,spawned_1,20.0,0,59.62119843075209,False,59.62119843075209,False,59.62119843075209,False,59.62119843075209,True,camera,traffic_light,False,,False,0.0
96.09999999999881,spawned_1,20.0,0,,False,,False,,False,,False,none,,False,,False,0.0
96.19999999999881,spawned_1,20.0,0,,False,,False,,False,,False,none,,False,,False,0.0
96.2999999999988,spawned_1,20.0,0,,False,,False,,False,,False,none,,False,,False,0.0
96.3999999999988,spawned_1,20.0,0,,False,,False,,False,,False,none,,False,,False,0.0
96.49999999999879,spawned_1,20.0,0,,False,,False,,False,,False,none,,False,,False,0.0
96.59999999999879,spawned_1,20.0,0,,False,,False,,False,,False,none,,False,,False,0.0
96.69999999999878,spawned_1,20.0,0,,False,,False,,False,,False,none,,False,,False,0.0
96.79999999999878,spawned_1,20.0,0,,False,,False,,False,,False,none,,False,,False,0.0
96.89999999999877,spawned_1,20.0,0,,False,,False,,False,,False,none,,False,,False,0.0
96.99999999999876,spawned_1,20.0,0,,False,,False,,False,,False,none,,False,,False,0.0
97.09999999999876,spawned_1,20.0,0,,False,,False,,False,,False,none,,False,,False,0.0
97.19999999999875,spawned_1,20.0,0,,False,,False,,False,,False,none,,False,,False,0.0
97.29999999999875,spawned_1,20.0,0,,False,,False,,False,,False,none,,False,,False,0.0
97.39999999999874,spawned_1,20.0,0,,False,,False,,False,,False,none,,False,,False,0.0
97.49999999999874,spawned_1,20.0,0,,False,,False,,False,,False,none,,False,,False,0.0
97.59999999999873,spawned_1,20.0,0,,False,,False,,False,,False,none,,False,,False,0.0
97.69999999999872,spawned_1,20.0,0,,False,,False,,False,,False,none,,False,,False,0.0
97.79999999999872,spawned_1,20.0,0,,False,,False,,False,,False,none,,False,,False,0.0
97.89999999999871,spawned_1,20.0,0,,False,,False,,False,,False,none,,False,,False,0.0
97.9999999999987,spawned_1,20.0,0,,False,,False,,False,,False,none,,False,,False,0.0
98.0999999999987,spawned_1,20.0,0,,False,,False,,False,,False,none,,False,,False,0.0
98.1999999999987,spawned_1,20.0,0,,False,,False,,False,,False,none,,False,,False,0.0
98.29999999999869,spawned_1,20.0,0,,False,,False,,False,,False,none,,False,,False,0.0
98.39999999999868,spawned_1,20.0,0,,False,,False,,False,,False,none,,False,,False,0.0
98.49999999999868,spawned_1,20.0,0,,False,,False,,False,,False,none,,False,,False,0.0
98.59999999999867,spawned_1,20.0,0,,False,,False,,False,,False,none,,False,,False,0.0
98.69999999999867,spawned_1,20.0,0,,False,,False,,False,,False,none,,False,,False,0.0
98.79999999999866,spawned_1,20.0,0,,False,,False,,False,,False,none,,False,,False,0.0
98.89999999999866,spawned_1,20.0,0,,False,,False,,False,,False,none,,False,,False,0.0
98.99999999999865,spawned_1,20.0,0,,False,,False,,False,,False,none,,False,,False,0.0
99.09999999999864,spawned_1,20.0,0,,False,,False,,False,,False,none,,False,,False,0.0
99.19999999999864,spawned_1,20.0,0,,False,,False,,False,,False,none,,False,,False,0.0
99.29999999999863,spawned_1,20.0,0,,False,,False,,False,,False,none,,False,,False,0.0
99.39999999999863,spawned_1,20.0,0,,False,,False,,False,,False,none,,False,,False,0.0
99.49999999999862,spawned_1,20.0,0,,False,,False,,False,,False,none,,False,,False,0.0
99.59999999999862,spawned_1,20.0,0,,False,,False,,False,,False,none,,False,,False,0.0
99.69999999999861,spawned_1,20.0,0,,False,,False,,False,,False,none,,False,,False,0.0
99.7999999999986,spawned_1,20.0,0,,False,,False,,False,,False,none,,False,,False,0.0
99.8999999999986,spawned_1,20.0,0,,False,,False,,False,,False,none,,False,,False,0.0
99.9999999999986,spawned_1,20.0,0,,False,,False,,False,,False,none,,False,,False,0.0
100.09999999999859,spawned_1,20.0,0,,False,,False,,False,,False,none,,False,,False,0.0
100.19999999999858,spawned_1,20.0,0,,False,,False,,False,,False,none,,False,,False,0.0
100.29999999999858,spawned_1,20.0,0,,False,,False,,False,,False,none,,False,,False,0.0
100.39999999999857,spawned_1,20.0,0,,False,,False,,False,,False,none,,False,,False,0.0
100.49999999999856,spawned_1,20.0,0,,False,,False,,False,,False,none,,False,,False,0.0
100.59999999999856,spawned_1,20.0,0,,False,,False,,False,,False,none,,False,,False,0.0
100.69999999999855,spawned_1,20.0,0,,False,,False,,False,,False,none,,False,,False,0.0
100.79999999999855,spawned_1,20.0,0,,False,,False,,False,,False,none,,False,,False,0.0
100.89999999999854,spawned_1,20.0,0,,False,,False,,False,,False,none,,False,,False,0.0
100.99999999999854,spawned_1,20.0,0,,False,,False,,False,,False,none,,False,,False,0.0
101.09999999999853,spawned_1,20.0,0,,False,,False,,False,,False,none,,False,,False,0.0
101.19999999999852,spawned_1,20.0,0,,False,,False,,False,,False,none,,False,,False,0.0
101.29999999999852,spawned_1,20.0,0,,False,,False,,False,,False,none,,False,,False,0.0
101.39999999999851,spawned_1,20.0,0,,False,,False,,False,,False,none,,False,,False,0.0
101.49999999999851,spawned_1,20.0,0,,False,,False,,False,,False,none,,False,,False,0.0
101.5999999999985,spawned_1,20.0,0,,False,,False,,False,,False,none,,False,,False,0.0
101.6999999999985,spawned_1,20.0,0,,False,,False,,False,,False,none,,False,,False,0.0
101.79999999999849,spawned_1,20.0,0,,False,,False,,False,,False,none,,False,,False,0.0
101.89999999999849,spawned_1,20.0,0,,False,,False,,False,,False,none,,False,,False,0.0
101.99999999999848,spawned_1,20.0,0,,False,,False,,False,,False,none,,False,,False,0.0
102.09999999999847,spawned_1,20.0,0,5.082318430750206,False,5.082318430750206,False,5.082318430750206,False,5.082318430750206,True,camera,traffic_light,False,,False,0.0
102.19999999999847,spawned_1,18.545991410164635,0,4.2207384307502025,False,4.2207384307502025,False,4.2207384307502025,False,4.2207384307502025,True,camera,traffic_light,False,,False,0.0
102.29999999999846,spawned_1,17.091982820329275,0,3.4241584307502535,False,3.4241584307502535,False,3.4241584307502535,False,3.4241584307502535,True,camera,traffic_light,False,,False,0.0
102.39999999999846,spawned_1,15.637974230493912,0,2.692578430750359,False,2.692578430750359,False,2.692578430750359,False,2.692578430750359,True,camera,traffic_light,False,,False,0.0
102.49999999999845,spawned_1,14.183965640658549,0,2.025998430750292,False,2.025998430750292,False,2.025998430750292,False,2.025998430750292,True,camera,traffic_light,False,,False,0.0
102.59999999999845,spawned_1,12.729957050823188,0,1.4244184307502792,False,1.4244184307502792,False,1.4244184307502792,False,1.4244184307502792,True,camera,traffic_light,False,,False,0.0
102.69999999999844,spawned_1,11.275948460987825,0,0.8878384307503211,False,0.8878384307503211,False,0.8878384307503211,False,0.8878384307503211,True,camera,traffic_light,False,,False,0.0
102.79999999999843,spawned_1,9.821939871152463,0,0.4162584307504176,False,0.4162584307504176,False,0.4162584307504176,False,0.4162584307504176,True,camera,traffic_light,False,,False,0.0
102.89999999999843,spawned_1,8.367931281317102,0,0.00967843075034125,False,0.00967843075034125,False,0.00967843075034125,False,0.00967843075034125,True,camera,traffic_light,False,,False,0.0
102.99999999999842,spawned_1,6.913922691481741,0,,False,,False,,False,,False,none,,False,,False,0.0
103.09999999999842,spawned_1,7.361309949892621,0,,False,,False,,False,,False,none,,False,,False,0.0
103.19999999999841,spawned_1,7.808697208303502,0,,False,,False,,False,,False,none,,False,,False,0.0
103.2999999999984,spawned_1,8.256084466714382,0,,False,,False,,False,,False,none,,False,,False,0.0
103.3999999999984,spawned_1,8.703471725125263,0,,False,,False,,False,,False,none,,False,,False,0.0
103.4999999999984,spawned_1,9.150858983536144,0,,False,,False,,False,,False,none,,False,,False,0.0
103.59999999999839,spawned_1,9.598246241947026,0,,False,,False,,False,,False,none,,False,,False,0.0
103.69999999999838,spawned_1,10.045633500357907,0,,False,,False,,False,,False,none,,False,,False,0.0
32.000000000000185,spawned_2,20.0,0,137.65872000000337,False,137.65872000000337,False,,False,137.65872000000337,True,camera,vehicle,False,,False,0.0
32.100000000000186,spawned_2,20.0,0,137.65872000000343,False,137.65872000000343,False,,False,137.65872000000343,True,camera,vehicle,False,,False,0.0
32.20000000000019,spawned_2,20.0,0,137.65872000000348,False,137.65872000000348,False,,False,137.65872000000348,True,camera,vehicle,False,,False,0.0
32.30000000000019,spawned_2,20.0,0,137.65872000000354,False,137.65872000000354,False,,False,137.65872000000354,True,camera,vehicle,False,,False,0.0
32.40000000000019,spawned_2,20.0,0,137.6587200000036,False,137.6587200000036,False,,False,137.6587200000036,True,camera,vehicle,False,,False,0.0
32.50000000000019,spawned_2,20.0,0,137.65872000000365,False,137.65872000000365,False,,False,137.65872000000365,True,camera,vehicle,False,,False,0.0
32.60000000000019,spawned_2,20.0,0,137.6587200000037,False,137.6587200000037,False,,False,137.6587200000037,True,camera,vehicle,False,,False,0.0
32.700000000000195,spawned_2,20.0,0,137.65872000000377,False,137.65872000000377,False,,False,137.65872000000377,True,camera,vehicle,False,,False,0.0
32.800000000000196,spawned_2,20.0,0,137.65872000000383,False,137.65872000000383,False,,False,137.65872000000383,True,camera,vehicle,False,,False,0.0
32.9000000000002,spawned_2,20.0,0,137.65872000000388,False,137.65872000000388,False,,False,137.65872000000388,True,camera,vehicle,False,,False,0.0
33.0000000000002,spawned_2,20.0,0,137.65872000000394,False,137.65872000000394,False,,False,137.65872000000394,True,camera,vehicle,False,,False,0.0
33.1000000000002,spawned_2,20.0,0,137.658720000004,False,137.658720000004,False,,False,137.658720000004,True,camera,vehicle,False,,False,0.0
33.2000000000002,spawned_2,20.0,0,137.65872000000405,False,137.65872000000405,False,,False,137.65872000000405,True,camera,vehicle,False,,False,0.0
33.3000000000002,spawned_2,20.0,0,137.6587200000041,False,137.6587200000041,False,,False,137.6587200000041,True,camera,vehicle,False,,False,0.0
33.400000000000205,spawned_2,20.0,0,137.65872000000417,False,137.65872000000417,False,,False,137.65872000000417,True,camera,vehicle,False,,False,0.0
33.500000000000206,spawned_2,20.0,0,137.65872000000422,False,137.65872000000422,False,,False,137.65872000000422,True,camera,vehicle,False,,False,0.0
33.60000000000021,spawned_2,20.0,0,137.65872000000428,False,137.65872000000428,False,,False,137.65872000000428,True,camera,vehicle,False,,False,0.0
33.70000000000021,spawned_2,20.0,0,137.65872000000434,False,137.65872000000434,False,,False,137.65872000000434,True,camera,vehicle,False,,False,0.0
33.80000000000021,spawned_2,20.0,0,137.6587200000044,False,137.6587200000044,False,,False,137.6587200000044,True,camera,vehicle,False,,False,0.0
33.90000000000021,spawned_2,20.0,0,137.65872000000445,False,137.65872000000445,False,,False,137.65872000000445,True,camera,vehicle,False,,False,0.0
34.00000000000021,spawned_2,20.0,0,137.6587200000045,False,137.6587200000045,False,,False,137.6587200000045,True,camera,vehicle,False,,False,0.0
34.100000000000215,spawned_2,20.0,0,137.65872000000456,False,137.65872000000456,False,,False,137.65872000000456,True,camera,vehicle,False,,False,0.0
34.200000000000216,spawned_2,20.0,0,137.65872000000462,False,137.65872000000462,False,,False,137.65872000000462,True,camera,vehicle,False,,False,0.0
34.30000000000022,spawned_2,20.0,0,137.65872000000468,False,137.65872000000468,False,,False,137.65872000000468,True,camera,vehicle,False,,False,0.0
34.40000000000022,spawned_2,20.0,0,137.65872000000473,False,137.65872000000473,False,,False,137.65872000000473,True,camera,vehicle,False,,False,0.0
34.50000000000022,spawned_2,20.0,0,137.6587200000048,False,137.6587200000048,False,,False,137.6587200000048,True,camera,vehicle,False,,False,0.0
34.60000000000022,spawned_2,20.0,0,137.65872000000485,False,137.65872000000485,False,,False,137.65872000000485,True,camera,vehicle,False,,False,0.0
34.70000000000022,spawned_2,20.0,0,137.6587200000049,False,137.6587200000049,False,,False,137.6587200000049,True,camera,vehicle,False,,False,0.0
34.800000000000225,spawned_2,20.0,0,137.6587200000049,False,137.6587200000049,False,,False,137.6587200000049,True,camera,vehicle,False,,False,0.0
34.900000000000226,spawned_2,20.0,0,137.6587200000049,False,137.6587200000049,False,,False,137.6587200000049,True,camera,vehicle,False,,False,0.0
35.00000000000023,spawned_2,20.0,0,137.6587200000049,False,137.6587200000049,False,,False,137.6587200000049,True,camera,vehicle,False,,False,0.0
35.10000000000023,spawned_2,20.0,0,137.6587200000049,False,137.6587200000049,False,,False,137.6587200000049,True,camera,vehicle,False,,False,0.0
35.20000000000023,spawned_2,20.0,0,137.6587200000049,False,137.6587200000049,False,,False,137.6587200000049,True,camera,vehicle,False,,False,0.0
35.30000000000023,spawned_2,20.0,0,137.6587200000049,False,137.6587200000049,False,,False,137.6587200000049,True,camera,vehicle,False,,False,0.0
35.40000000000023,spawned_2,20.0,0,137.6587200000049,False,137.6587200000049,False,,False,137.6587200000049,True,camera,vehicle,False,,False,0.0
35.500000000000234,spawned_2,20.0,0,137.6587200000049,False,137.6587200000049,False,,False,137.6587200000049,True,camera,vehicle,False,,False,0.0
35.600000000000236,spawned_2,20.0,0,137.6587200000049,False,137.6587200000049,False,,False,137.6587200000049,True,camera,vehicle,False,,False,0.0
35.70000000000024,spawned_2,20.0,0,137.6587200000049,False,137.6587200000049,False,,False,137.6587200000049,True,camera,vehicle,False,,False,0.0
35.80000000000024,spawned_2,20.0,0,137.6587200000049,False,137.6587200000049,False,,False,137.6587200000049,True,camera,vehicle,False,,False,0.0
35.90000000000024,spawned_2,20.0,0,137.6587200000049,False,137.6587200000049,False,,False,137.6587200000049,True,camera,vehicle,False,,False,0.0
36.00000000000024,spawned_2,20.0,0,137.6587200000049,False,137.6587200000049,False,,False,137.6587200000049,True,camera,vehicle,False,,False,0.0
36.10000000000024,spawned_2,20.0,0,137.6587200000049,False,137.6587200000049,False,,False,137.6587200000049,True,camera,vehicle,False,,False,0.0
36.200000000000244,spawned_2,20.0,0,137.6587200000049,False,137.6587200000049,False,,False,137.6587200000049,True,camera,vehicle,False,,False,0.0
36.300000000000246,spawned_2,20.0,0,137.6587200000049,False,137.6587200000049,False,,False,137.6587200000049,True,camera,vehicle,False,,False,0.0
36.40000000000025,spawned_2,20.0,0,137.6587200000049,False,137.6587200000049,False,,False,137.6587200000049,True,camera,vehicle,False,,False,0.0
36.50000000000025,spawned_2,20.0,0,137.6587200000049,False,137.6587200000049,False,,False,137.6587200000049,True,camera,vehicle,False,,False,0.0
36.60000000000025,spawned_2,20.0,0,137.6587200000049,False,137.6587200000049,False,,False,137.6587200000049,True,camera,vehicle,False,,False,0.0
36.70000000000025,spawned_2,20.0,0,137.6587200000049,False,137.6587200000049,False,,False,137.6587200000049,True,camera,vehicle,False,,False,0.0
36.80000000000025,spawned_2,20.0,0,137.6587200000049,False,137.6587200000049,False,,False,137.6587200000049,True,camera,vehicle,False,,False,0.0
36.900000000000254,spawned_2,20.0,0,137.6587200000049,False,137.6587200000049,False,,False,137.6587200000049,True,camera,vehicle,False,,False,0.0
37.000000000000256,spawned_2,20.0,0,137.6587200000049,False,137.6587200000049,False,,False,137.6587200000049,True,camera,vehicle,False,,False,0.0
37.10000000000026,spawned_2,20.0,0,137.6587200000049,False,137.6587200000049,False,,False,137.6587200000049,True,camera,vehicle,False,,False,0.0
37.20000000000026,spawned_2,20.0,0,137.6587200000049,False,137.6587200000049,False,,False,137.6587200000049,True,camera,vehicle,False,,False,0.0
37.30000000000026,spawned_2,20.0,0,137.6587200000049,False,137.6587200000049,False,,False,137.6587200000049,True,camera,vehicle,False,,False,0.0
37.40000000000026,spawned_2,20.0,0,137.6587200000049,False,137.6587200000049,False,,False,137.6587200000049,True,camera,vehicle,False,,False,0.0
37.50000000000026,spawned_2,20.0,0,137.6587200000049,False,137.6587200000049,False,,False,137.6587200000049,True,camera,vehicle,False,,False,0.0
37.600000000000264,spawned_2,20.0,0,137.6587200000049,False,137.6587200000049,False,,False,137.6587200000049,True,camera,vehicle,False,,False,0.0
37.700000000000266,spawned_2,20.0,0,137.6587200000049,False,137.6587200000049,False,,False,137.6587200000049,True,camera,vehicle,False,,False,0.0
37.80000000000027,spawned_2,20.0,0,137.6587200000049,False,137.6587200000049,False,,False,137.6587200000049,True,camera,vehicle,False,,False,0.0
37.90000000000027,spawned_2,20.0,0,137.6587200000049,False,137.6587200000049,False,,False,137.6587200000049,True,camera,vehicle,False,,False,0.0
38.00000000000027,spawned_2,20.0,0,137.6587200000049,False,137.6587200000049,False,,False,137.6587200000049,True,camera,vehicle,False,,False,0.0
38.10000000000027,spawned_2,20.0,0,137.6587200000049,False,137.6587200000049,False,,False,137.6587200000049,True,camera,vehicle,False,,False,0.0
38.20000000000027,spawned_2,20.0,0,137.6587200000049,False,137.6587200000049,False,,False,137.6587200000049,True,camera,vehicle,False,,False,0.0
38.300000000000274,spawned_2,20.0,0,137.6587200000049,False,137.6587200000049,False,,False,137.6587200000049,True,camera,vehicle,False,,False,0.0
38.400000000000276,spawned_2,20.0,0,137.6587200000049,False,137.6587200000049,False,,False,137.6587200000049,True,camera,vehicle,False,,False,0.0
38.50000000000028,spawned_2,20.0,0,137.6587200000049,False,137.6587200000049,False,,False,137.6587200000049,True,camera,vehicle,False,,False,0.0
38.60000000000028,spawned_2,20.0,0,137.6587200000049,False,137.6587200000049,False,,False,137.6587200000049,True,camera,vehicle,False,,False,0.0
38.70000000000028,spawned_2,20.0,0,137.6587200000049,False,137.6587200000049,False,,False,137.6587200000049,True,camera,vehicle,False,,False,0.0
38.80000000000028,spawned_2,20.0,0,137.6587200000049,False,137.6587200000049,False,,False,137.6587200000049,True,camera,vehicle,False,,False,0.0
38.90000000000028,spawned_2,20.0,0,137.6587200000049,False,137.6587200000049,False,,False,137.6587200000049,True,camera,vehicle,False,,False,0.0
39.000000000000284,spawned_2,20.0,0,137.6587200000049,False,137.6587200000049,False,,False,137.6587200000049,True,camera,vehicle,False,,False,0.0
39.100000000000286,spawned_2,20.0,0,137.6587200000049,False,137.6587200000049,False,,False,137.6587200000049,True,camera,vehicle,False,,False,0.0
39.20000000000029,spawned_2,20.0,0,137.6587200000049,False,137.6587200000049,False,,False,137.6587200000049,True,camera,vehicle,False,,False,0.0
39.30000000000029,spawned_2,20.0,0,137.6587200000049,False,137.6587200000049,False,,False,137.6587200000049,True,camera,vehicle,False,,False,0.0
39.40000000000029,spawned_2,20.0,0,137.6587200000049,False,137.6587200000049,False,,False,137.6587200000049,True,camera,vehicle,False,,False,0.0
39.50000000000029,spawned_2,20.0,0,137.6587200000049,False,137.6587200000049,False,,False,137.6587200000049,True,camera,vehicle,False,,False,0.0
39.60000000000029,spawned_2,20.0,0,137.6587200000049,False,137.6587200000049,False,,False,137.6587200000049,True,camera,vehicle,False,,False,0.0
39.700000000000294,spawned_2,20.0,0,137.6587200000049,False,137.6587200000049,False,,False,137.6587200000049,True,camera,vehicle,False,,False,0.0
39.800000000000296,spawned_2,20.0,0,137.6587200000049,False,137.6587200000049,False,,False,137.6587200000049,True,camera,vehicle,False,,False,0.0
39.9000000000003,spawned_2,20.0,0,137.6587200000049,False,137.6587200000049,False,,False,137.6587200000049,True,camera,vehicle,False,,False,0.0
40.0000000000003,spawned_2,20.0,0,137.6587200000049,False,137.6587200000049,False,,False,137.6587200000049,True,camera,vehicle,False,,False,0.0
40.1000000000003,spawned_2,20.0,0,137.6587200000049,False,137.6587200000049,False,,False,137.6587200000049,True,camera,vehicle,False,,False,0.0
40.2000000000003,spawned_2,20.0,0,137.6587200000049,False,137.6587200000049,False,,False,137.6587200000049,True,camera,vehicle,False,,False,0.0
40.3000000000003,spawned_2,20.0,0,137.6587200000049,False,137.6587200000049,False,,False,137.6587200000049,True,camera,vehicle,False,,False,0.0
40.400000000000304,spawned_2,20.0,0,137.6587200000049,False,137.6587200000049,False,,False,137.6587200000049,True,camera,vehicle,False,,False,0.0
40.500000000000306,spawned_2,20.0,0,137.6587200000049,False,137.6587200000049,False,,False,137.6587200000049,True,camera,vehicle,False,,False,0.0
40.60000000000031,spawned_2,20.0,0,137.6587200000049,False,137.6587200000049,False,,False,137.6587200000049,True,camera,vehicle,False,,False,0.0
40.70000000000031,spawned_2,20.0,0,137.6587200000049,False,137.6587200000049,False,,False,137.6587200000049,True,camera,vehicle,False,,False,0.0
40.80000000000031,spawned_2,20.0,0,137.6587200000049,False,137.6587200000049,False,,False,137.6587200000049,True,camera,vehicle,False,,False,0.0
40.90000000000031,spawned_2,20.0,0,137.6587200000049,False,137.6587200000049,False,,False,137.6587200000049,True,camera,vehicle,False,,False,0.0
41.00000000000031,spawned_2,20.0,0,137.6587200000049,False,137.6587200000049,False,,False,137.6587200000049,True,camera,vehicle,False,,False,0.0
41.100000000000314,spawned_2,20.0,0,137.6587200000049,False,137.6587200000049,False,,False,137.6587200000049,True,camera,vehicle,False,,False,0.0
41.200000000000315,spawned_2,20.0,0,137.6587200000049,False,137.6587200000049,False,,False,137.6587200000049,True,camera,vehicle,False,,False,0.0
41.30000000000032,spawned_2,20.0,0,137.6587200000049,False,137.6587200000049,False,,False,137.6587200000049,True,camera,vehicle,False,,False,0.0
41.40000000000032,spawned_2,20.0,0,137.6587200000049,False,137.6587200000049,False,,False,137.6587200000049,True,camera,vehicle,False,,False,0.0
41.50000000000032,spawned_2,20.0,0,137.6587200000049,False,137.6587200000049,False,,False,137.6587200000049,True,camera,vehicle,False,,False,0.0
41.60000000000032,spawned_2,20.0,0,137.6587200000049,False,137.6587200000049,False,,False,137.6587200000049,True,camera,vehicle,False,,False,0.0
41.70000000000032,spawned_2,20.0,0,137.6587200000049,False,137.6587200000049,False,,False,137.6587200000049,True,camera,vehicle,False,,False,0.0
41.800000000000324,spawned_2,20.0,0,137.6587200000049,False,137.6587200000049,False,,False,137.6587200000049,True,camera,vehicle,False,,False,0.0
41.900000000000325,spawned_2,20.0,0,137.6587200000049,False,137.6587200000049,False,,False,137.6587200000049,True,camera,vehicle,False,,False,0.0
42.00000000000033,spawned_2,20.0,0,137.6587200000049,False,137.6587200000049,False,,False,137.6587200000049,True,camera,vehicle,False,,False,0.0
42.10000000000033,spawned_2,20.0,0,137.6587200000049,False,137.6587200000049,False,,False,137.6587200000049,True,camera,vehicle,False,,False,0.0
42.20000000000033,spawned_2,20.0,0,137.6587200000049,False,137.6587200000049,False,,False,137.6587200000049,True,camera,vehicle,False,,False,0.0
42.30000000000033,spawned_2,20.0,0,137.6587200000049,False,137.6587200000049,False,,False,137.6587200000049,True,camera,vehicle,False,,False,0.0
42.40000000000033,spawned_2,20.0,0,137.6587200000049,False,137.6587200000049,False,,False,137.6587200000049,True,camera,vehicle,False,,False,0.0
42.500000000000334,spawned_2,20.0,0,137.6587200000049,False,137.6587200000049,False,,False,137.6587200000049,True,camera,vehicle,False,,False,0.0
42.600000000000335,spawned_2,20.0,0,137.6587200000049,False,137.6587200000049,False,,False,137.6587200000049,True,camera,vehicle,False,,False,0.0
42.70000000000034,spawned_2,20.0,0,137.6587200000049,False,137.6587200000049,False,,False,137.6587200000049,True,camera,vehicle,False,,False,0.0
42.80000000000034,spawned_2,20.0,0,137.6587200000049,False,137.6587200000049,False,,False,137.6587200000049,True,camera,vehicle,False,,False,0.0
42.90000000000034,spawned_2,20.0,0,137.6587200000049,False,137.6587200000049,False,,False,137.6587200000049,True,camera,vehicle,False,,False,0.0
43.00000000000034,spawned_2,20.0,0,137.6587200000049,False,137.6587200000049,False,,False,137.6587200000049,True,camera,vehicle,False,,False,0.0
43.10000000000034,spawned_2,20.0,0,137.6587200000049,False,137.6587200000049,False,,False,137.6587200000049,True,camera,vehicle,False,,False,0.0
43.200000000000344,spawned_2,20.0,0,137.6587200000049,False,137.6587200000049,False,,False,137.6587200000049,True,camera,vehicle,False,,False,0.0
43.300000000000345,spawned_2,20.0,0,137.6587200000049,False,137.6587200000049,False,,False,137.6587200000049,True,camera,vehicle,False,,False,0.0
43.40000000000035,spawned_2,20.0,0,137.6587200000049,False,137.6587200000049,False,,False,137.6587200000049,True,camera,vehicle,False,,False,0.0
43.50000000000035,spawned_2,20.0,0,137.6587200000049,False,137.6587200000049,False,,False,137.6587200000049,True,camera,vehicle,False,,False,0.0
43.60000000000035,spawned_2,20.0,0,137.6587200000049,False,137.6587200000049,False,,False,137.6587200000049,True,camera,vehicle,False,,False,0.0
43.70000000000035,spawned_2,20.0,0,137.6587200000049,False,137.6587200000049,False,,False,137.6587200000049,True,camera,vehicle,False,,False,0.0
43.80000000000035,spawned_2,20.0,0,137.6587200000049,False,137.6587200000049,False,,False,137.6587200000049,True,camera,vehicle,False,,False,0.0
43.900000000000354,spawned_2,20.0,0,137.6587200000049,False,137.6587200000049,False,,False,137.6587200000049,True,camera,vehicle,False,,False,0.0
44.000000000000355,spawned_2,20.0,0,137.6587200000049,False,137.6587200000049,False,,False,137.6587200000049,True,camera,vehicle,False,,False,0.0
44.10000000000036,spawned_2,20.0,0,137.6587200000049,False,137.6587200000049,False,,False,137.6587200000049,True,camera,vehicle,False,,False,0.0
44.20000000000036,spawned_2,20.0,0,137.6587200000049,False,137.6587200000049,False,,False,137.6587200000049,True,camera,vehicle,False,,False,0.0
44.30000000000036,spawned_2,20.0,0,137.6587200000049,False,137.6587200000049,False,,False,137.6587200000049,True,camera,vehicle,False,,False,0.0
44.40000000000036,spawned_2,20.0,0,137.6587200000049,False,137.6587200000049,False,,False,137.6587200000049,True,camera,vehicle,False,,False,0.0
44.50000000000036,spawned_2,20.0,0,137.6587200000049,False,137.6587200000049,False,,False,137.6587200000049,True,camera,vehicle,False,,False,0.0
44.600000000000364,spawned_2,20.0,0,137.6587200000049,False,137.6587200000049,False,,False,137.6587200000049,True,camera,vehicle,False,,False,0.0
44.700000000000365,spawned_2,20.0,0,137.6587200000049,False,137.6587200000049,False,,False,137.6587200000049,True,camera,vehicle,False,,False,0.0
44.80000000000037,spawned_2,20.0,0,137.6587200000049,False,137.6587200000049,False,,False,137.6587200000049,True,camera,vehicle,False,,False,0.0
44.90000000000037,spawned_2,20.0,0,137.6587200000049,False,137.6587200000049,False,,False,137.6587200000049,True,camera,vehicle,False,,False,0.0
45.00000000000037,spawned_2,20.0,0,137.6587200000049,False,137.6587200000049,False,,False,137.6587200000049,True,camera,vehicle,False,,False,0.0
45.10000000000037,spawned_2,20.0,0,137.6587200000049,False,137.6587200000049,False,,False,137.6587200000049,True,camera,vehicle,False,,False,0.0
45.20000000000037,spawned_2,20.0,0,137.6587200000049,False,137.6587200000049,False,,False,137.6587200000049,True,camera,vehicle,False,,False,0.0
45.300000000000374,spawned_2,20.0,0,137.6587200000049,False,137.6587200000049,False,,False,137.6587200000049,True,camera,vehicle,False,,False,0.0
45.400000000000375,spawned_2,20.0,0,137.6587200000049,False,137.6587200000049,False,,False,137.6587200000049,True,camera,vehicle,False,,False,0.0
45.50000000000038,spawned_2,20.0,0,137.6587200000049,False,137.6587200000049,False,,False,137.6587200000049,True,camera,vehicle,False,,False,0.0
45.60000000000038,spawned_2,20.0,0,137.6587200000049,False,137.6587200000049,False,,False,137.6587200000049,True,camera,vehicle,False,,False,0.0
45.70000000000038,spawned_2,20.0,0,137.6587200000049,False,137.6587200000049,False,,False,137.6587200000049,True,camera,vehicle,False,,False,0.0
45.80000000000038,spawned_2,20.0,0,137.6587200000049,False,137.6587200000049,False,,False,137.6587200000049,True,camera,vehicle,False,,False,0.0
45.90000000000038,spawned_2,20.0,0,137.6587200000049,False,137.6587200000049,False,,False,137.6587200000049,True,camera,vehicle,False,,False,0.0
46.000000000000384,spawned_2,20.0,0,137.6587200000049,False,137.6587200000049,False,,False,137.6587200000049,True,camera,vehicle,False,,False,0.0
46.100000000000385,spawned_2,20.0,0,137.6587200000049,False,137.6587200000049,False,,False,137.6587200000049,True,camera,vehicle,False,,False,0.0
46.20000000000039,spawned_2,20.0,0,137.6587200000049,False,137.6587200000049,False,,False,137.6587200000049,True,camera,vehicle,False,,False,0.0
46.30000000000039,spawned_2,20.0,0,137.6587200000049,False,137.6587200000049,False,,False,137.6587200000049,True,camera,vehicle,False,,False,0.0
46.40000000000039,spawned_2,20.0,0,137.6587200000049,False,137.6587200000049,False,,False,137.6587200000049,True,camera,vehicle,False,,False,0.0
46.50000000000039,spawned_2,20.0,0,137.6587200000049,False,137.6587200000049,False,,False,137.6587200000049,True,camera,vehicle,False,,False,0.0
46.60000000000039,spawned_2,20.0,0,137.6587200000049,False,137.6587200000049,False,,False,137.6587200000049,True,camera,vehicle,False,,False,0.0
46.700000000000394,spawned_2,20.0,0,137.6587200000049,False,137.6587200000049,False,,False,137.6587200000049,True,camera,vehicle,False,,False,0.0
46.800000000000395,spawned_2,20.0,0,137.6587200000049,False,137.6587200000049,False,,False,137.6587200000049,True,camera,vehicle,False,,False,0.0
46.9000000000004,spawned_2,20.0,0,137.6587200000049,False,137.6587200000049,False,,False,137.6587200000049,True,camera,vehicle,False,,False,0.0
47.0000000000004,spawned_2,20.0,0,137.6587200000049,False,137.6587200000049,False,,False,137.6587200000049,True,camera,vehicle,False,,False,0.0
47.1000000000004,spawned_2,20.0,0,137.6587200000049,False,137.6587200000049,False,,False,137.6587200000049,True,camera,vehicle,False,,False,0.0
47.2000000000004,spawned_2,20.0,0,137.6587200000049,False,137.6587200000049,False,,False,137.6587200000049,True,camera,vehicle,False,,False,0.0
47.3000000000004,spawned_2,20.0,0,137.6587200000049,False,137.6587200000049,False,,False,137.6587200000049,True,camera,vehicle,False,,False,0.0
47.400000000000404,spawned_2,20.0,0,137.6587200000049,False,137.6587200000049,False,,False,137.6587200000049,True,camera,vehicle,False,,False,0.0
47.500000000000405,spawned_2,20.0,0,137.6587200000049,False,137.6587200000049,False,,False,137.6587200000049,True,camera,vehicle,False,,False,0.0
47.600000000000406,spawned_2,20.0,0,137.6587200000049,False,137.6587200000049,False,,False,137.6587200000049,True,camera,vehicle,False,,False,0.0
47.70000000000041,spawned_2,20.0,0,137.6587200000049,False,137.6587200000049,False,,False,137.6587200000049,True,camera,vehicle,False,,False,0.0
47.80000000000041,spawned_2,20.0,0,137.6587200000049,False,137.6587200000049,False,,False,137.6587200000049,True,camera,vehicle,False,,False,0.0
47.90000000000041,spawned_2,20.0,0,137.6587200000049,False,137.6587200000049,False,,False,137.6587200000049,True,camera,vehicle,False,,False,0.0
48.00000000000041,spawned_2,20.0,0,137.6587200000049,False,137.6587200000049,False,,False,137.6587200000049,True,camera,vehicle,False,,False,0.0
48.10000000000041,spawned_2,20.0,0,137.6587200000049,False,137.6587200000049,False,,False,137.6587200000049,True,camera,vehicle,False,,False,0.0
48.200000000000415,spawned_2,20.0,0,137.6587200000049,False,137.6587200000049,False,,False,137.6587200000049,True,camera,vehicle,False,,False,0.0
48.300000000000416,spawned_2,20.0,0,137.6587200000049,False,137.6587200000049,False,,False,137.6587200000049,True,camera,vehicle,False,,False,0.0
48.40000000000042,spawned_2,20.0,0,137.6587200000049,False,137.6587200000049,False,,False,137.6587200000049,True,camera,vehicle,False,,False,0.0
48.50000000000042,spawned_2,20.0,0,137.6587200000049,False,137.6587200000049,False,,False,137.6587200000049,True,camera,vehicle,False,,False,0.0
48.60000000000042,spawned_2,20.0,0,137.6587200000049,False,137.6587200000049,False,,False,137.6587200000049,True,camera,vehicle,False,,False,0.0
48.70000000000042,spawned_2,20.0,0,137.6587200000049,False,137.6587200000049,False,,False,137.6587200000049,True,camera,vehicle,False,,False,0.0
48.80000000000042,spawned_2,20.0,0,137.6587200000049,False,137.6587200000049,False,,False,137.6587200000049,True,camera,vehicle,False,,False,0.0
48.900000000000425,spawned_2,20.0,0,137.6587200000049,False,137.6587200000049,False,,False,137.6587200000049,True,camera,vehicle,False,,False,0.0
49.000000000000426,spawned_2,20.0,0,137.6587200000049,False,137.6587200000049,False,,False,137.6587200000049,True,camera,vehicle,False,,False,0.0
49.10000000000043,spawned_2,20.0,0,137.6587200000049,False,137.6587200000049,False,,False,137.6587200000049,True,camera,vehicle,False,,False,0.0
49.20000000000043,spawned_2,20.0,0,137.6587200000049,False,137.6587200000049,False,,False,137.6587200000049,True,camera,vehicle,False,,False,0.0
49.30000000000043,spawned_2,20.0,0,137.6587200000049,False,137.6587200000049,False,,False,137.6587200000049,True,camera,vehicle,False,,False,0.0
49.40000000000043,spawned_2,20.0,0,137.6587200000049,False,137.6587200000049,False,,False,137.6587200000049,True,camera,vehicle,False,,False,0.0
49.50000000000043,spawned_2,20.0,0,137.6587200000049,False,137.6587200000049,False,,False,137.6587200000049,True,camera,vehicle,False,,False,0.0
49.600000000000435,spawned_2,20.0,0,137.6587200000049,False,137.6587200000049,False,,False,137.6587200000049,True,camera,vehicle,False,,False,0.0
49.700000000000436,spawned_2,20.0,0,137.6587200000049,False,137.6587200000049,False,,False,137.6587200000049,True,camera,vehicle,False,,False,0.0
49.80000000000044,spawned_2,20.0,0,137.6587200000049,False,137.6587200000049,False,,False,137.6587200000049,True,camera,vehicle,False,,False,0.0
49.90000000000044,spawned_2,20.0,0,137.6587200000049,False,137.6587200000049,False,,False,137.6587200000049,True,camera,vehicle,False,,False,0.0
50.00000000000044,spawned_2,20.0,0,137.6587200000049,False,137.6587200000049,False,,False,137.6587200000049,True,camera,vehicle,False,,False,0.0
50.10000000000044,spawned_2,20.0,0,137.6587200000049,False,137.6587200000049,False,,False,137.6587200000049,True,camera,vehicle,False,,False,0.0
50.20000000000044,spawned_2,20.0,0,137.6587200000049,False,137.6587200000049,False,,False,137.6587200000049,True,camera,vehicle,False,,False,0.0
50.300000000000445,spawned_2,20.0,0,137.6587200000049,False,137.6587200000049,False,,False,137.6587200000049,True,camera,vehicle,False,,False,0.0
50.400000000000446,spawned_2,20.0,0,137.6587200000049,False,137.6587200000049,False,,False,137.6587200000049,True,camera,vehicle,False,,False,0.0
50.50000000000045,spawned_2,20.0,0,137.6587200000049,False,137.6587200000049,False,,False,137.6587200000049,True,camera,vehicle,False,,False,0.0
50.60000000000045,spawned_2,20.0,0,137.6587200000049,False,137.6587200000049,False,,False,137.6587200000049,True,camera,vehicle,False,,False,0.0
50.70000000000045,spawned_2,20.0,0,137.6587200000049,False,137.6587200000049,False,,False,137.6587200000049,True,camera,vehicle,False,,False,0.0
50.80000000000045,spawned_2,20.0,0,137.6587200000049,False,137.6587200000049,False,,False,137.6587200000049,True,camera,vehicle,False,,False,0.0
50.90000000000045,spawned_2,20.0,0,137.6587200000049,False,137.6587200000049,False,,False,137.6587200000049,True,camera,vehicle,False,,False,0.0
51.000000000000455,spawned_2,20.0,0,137.6587200000049,False,137.6587200000049,False,,False,137.6587200000049,True,camera,vehicle,False,,False,0.0
51.100000000000456,spawned_2,20.0,0,137.6587200000049,False,137.6587200000049,False,,False,137.6587200000049,True,camera,vehicle,False,,False,0.0
51.20000000000046,spawned_2,20.0,0,137.6587200000049,False,137.6587200000049,False,,False,137.6587200000049,True,camera,vehicle,False,,False,0.0
51.30000000000046,spawned_2,20.0,0,137.6587200000049,False,137.6587200000049,False,,False,137.6587200000049,True,camera,vehicle,False,,False,0.0
51.40000000000046,spawned_2,20.0,0,137.6587200000049,False,137.6587200000049,False,,False,137.6587200000049,True,camera,vehicle,False,,False,0.0
51.50000000000046,spawned_2,20.0,0,137.6587200000049,False,137.6587200000049,False,,False,137.6587200000049,True,camera,vehicle,False,,False,0.0
51.60000000000046,spawned_2,20.0,0,137.6587200000049,False,137.6587200000049,False,,False,137.6587200000049,True,camera,vehicle,False,,False,0.0
51.700000000000465,spawned_2,20.0,0,137.6587200000049,False,137.6587200000049,False,,False,137.6587200000049,True,camera,vehicle,False,,False,0.0
51.800000000000466,spawned_2,20.0,0,137.6587200000049,False,137.6587200000049,False,,False,137.6587200000049,True,camera,vehicle,False,,False,0.0
51.90000000000047,spawned_2,20.0,0,137.6587200000049,False,137.6587200000049,False,,False,137.6587200000049,True,camera,vehicle,False,,False,0.0
52.00000000000047,spawned_2,20.0,0,137.6587200000049,False,137.6587200000049,False,,False,137.6587200000049,True,camera,vehicle,False,,False,0.0
52.10000000000047,spawned_2,20.0,0,137.6587200000049,False,137.6587200000049,False,,False,137.6587200000049,True,camera,vehicle,False,,False,0.0
52.20000000000047,spawned_2,20.0,0,137.6587200000049,False,137.6587200000049,False,,False,137.6587200000049,True,camera,vehicle,False,,False,0.0
52.30000000000047,spawned_2,20.0,0,137.6587200000049,False,137.6587200000049,False,,False,137.6587200000049,True,camera,vehicle,False,,False,0.0
52.400000000000475,spawned_2,20.0,0,137.6587200000049,False,137.6587200000049,False,,False,137.6587200000049,True,camera,vehicle,False,,False,0.0
52.500000000000476,spawned_2,20.0,0,137.6587200000049,False,137.6587200000049,False,,False,137.6587200000049,True,camera,vehicle,False,,False,0.0
52.60000000000048,spawned_2,20.0,0,137.6587200000049,False,137.6587200000049,False,,False,137.6587200000049,True,camera,vehicle,False,,False,0.0
52.70000000000048,spawned_2,20.0,0,137.6587200000049,False,137.6587200000049,False,,False,137.6587200000049,True,camera,vehicle,False,,False,0.0
52.80000000000048,spawned_2,20.0,0,137.6587200000049,False,137.6587200000049,False,,False,137.6587200000049,True,camera,vehicle,False,,False,0.0
52.90000000000048,spawned_2,20.0,0,137.6587200000049,False,137.6587200000049,False,,False,137.6587200000049,True,camera,vehicle,False,,False,0.0
53.00000000000048,spawned_2,20.0,0,137.6587200000049,False,137.6587200000049,False,,False,137.6587200000049,True,camera,vehicle,False,,False,0.0
53.100000000000485,spawned_2,20.0,0,137.6587200000049,False,137.6587200000049,False,,False,137.6587200000049,True,camera,vehicle,False,,False,0.0
53.200000000000486,spawned_2,20.0,0,137.6587200000049,False,137.6587200000049,False,,False,137.6587200000049,True,camera,vehicle,False,,False,0.0
53.30000000000049,spawned_2,20.0,0,137.6587200000049,False,137.6587200000049,False,,False,137.6587200000049,True,camera,vehicle,False,,False,0.0
53.40000000000049,spawned_2,20.0,0,137.6587200000049,False,137.6587200000049,False,,False,137.6587200000049,True,camera,vehicle,False,,False,0.0
53.50000000000049,spawned_2,20.0,0,137.6587200000049,False,137.6587200000049,False,,False,137.6587200000049,True,camera,vehicle,False,,False,0.0
53.60000000000049,spawned_2,20.0,0,137.6587200000049,False,137.6587200000049,False,,False,137.6587200000049,True,camera,vehicle,False,,False,0.0
53.70000000000049,spawned_2,20.0,0,137.6587200000049,False,137.6587200000049,False,,False,137.6587200000049,True,camera,vehicle,False,,False,0.0
53.800000000000495,spawned_2,20.0,0,137.6587200000049,False,137.6587200000049,False,,False,137.6587200000049,True,camera,vehicle,False,,False,0.0
53.900000000000496,spawned_2,20.0,0,137.6587200000049,False,137.6587200000049,False,,False,137.6587200000049,True,camera,vehicle,False,,False,0.0
54.0000000000005,spawned_2,20.0,0,137.6587200000049,False,137.6587200000049,False,,False,137.6587200000049,True,camera,vehicle,False,,False,0.0
54.1000000000005,spawned_2,20.0,0,137.6587200000049,False,137.6587200000049,False,,False,137.6587200000049,True,camera,vehicle,False,,False,0.0
54.2000000000005,spawned_2,20.0,0,137.6587200000049,False,137.6587200000049,False,,False,137.6587200000049,True,camera,vehicle,False,,False,0.0
54.3000000000005,spawned_2,20.0,0,137.6587200000049,False,137.6587200000049,False,,False,137.6587200000049,True,camera,vehicle,False,,False,0.0
54.4000000000005,spawned_2,20.0,0,137.6587200000049,False,137.6587200000049,False,,False,137.6587200000049,True,camera,vehicle,False,,False,0.0
54.500000000000504,spawned_2,20.0,0,137.6587200000049,False,137.6587200000049,False,,False,137.6587200000049,True,camera,vehicle,False,,False,0.0
54.600000000000506,spawned_2,20.0,0,137.6587200000049,False,137.6587200000049,False,,False,137.6587200000049,True,camera,vehicle,False,,False,0.0
54.70000000000051,spawned_2,20.0,0,137.6587200000049,False,137.6587200000049,False,,False,137.6587200000049,True,camera,vehicle,False,,False,0.0
54.80000000000051,spawned_2,20.0,0,137.6587200000049,False,137.6587200000049,False,,False,137.6587200000049,True,camera,vehicle,False,,False,0.0
54.90000000000051,spawned_2,20.0,0,137.6587200000049,False,137.6587200000049,False,,False,137.6587200000049,True,camera,vehicle,False,,False,0.0
55.00000000000051,spawned_2,20.0,0,137.6587200000049,False,137.6587200000049,False,,False,137.6587200000049,True,camera,vehicle,False,,False,0.0
55.10000000000051,spawned_2,20.0,0,137.6587200000049,False,137.6587200000049,False,,False,137.6587200000049,True,camera,vehicle,False,,False,0.0
55.200000000000514,spawned_2,20.0,0,137.6587200000049,False,137.6587200000049,False,,False,137.6587200000049,True,camera,vehicle,False,,False,0.0
55.300000000000516,spawned_2,20.0,0,137.6587200000049,False,137.6587200000049,False,,False,137.6587200000049,True,camera,vehicle,False,,False,0.0
55.40000000000052,spawned_2,20.0,0,137.6587200000049,False,137.6587200000049,False,,False,137.6587200000049,True,camera,vehicle,False,,False,0.0
55.50000000000052,spawned_2,20.0,0,137.6587200000049,False,137.6587200000049,False,,False,137.6587200000049,True,camera,vehicle,False,,False,0.0
55.60000000000052,spawned_2,20.0,0,137.6587200000049,False,137.6587200000049,False,,False,137.6587200000049,True,camera,vehicle,False,,False,0.0
55.70000000000052,spawned_2,20.0,0,137.6587200000049,False,137.6587200000049,False,,False,137.6587200000049,True,camera,vehicle,False,,False,0.0
55.80000000000052,spawned_2,20.0,0,137.6587200000049,False,137.6587200000049,False,,False,137.6587200000049,True,camera,vehicle,False,,False,0.0
55.900000000000524,spawned_2,20.0,0,137.6587200000049,False,137.6587200000049,False,,False,137.6587200000049,True,camera,vehicle,False,,False,0.0
56.000000000000526,spawned_2,20.0,0,137.6587200000049,False,137.6587200000049,False,,False,137.6587200000049,True,camera,vehicle,False,,False,0.0
56.10000000000053,spawned_2,20.0,0,137.6587200000049,False,137.6587200000049,False,,False,137.6587200000049,True,camera,vehicle,False,,False,0.0
56.20000000000053,spawned_2,20.0,0,137.6587200000049,False,137.6587200000049,False,,False,137.6587200000049,True,camera,vehicle,False,,False,0.0
56.30000000000053,spawned_2,20.0,0,137.6587200000049,False,137.6587200000049,False,,False,137.6587200000049,True,camera,vehicle,False,,False,0.0
56.40000000000053,spawned_2,20.0,0,137.6587200000049,False,137.6587200000049,False,,False,137.6587200000049,True,camera,vehicle,False,,False,0.0
56.50000000000053,spawned_2,20.0,0,137.6587200000049,False,137.6587200000049,False,,False,137.6587200000049,True,camera,vehicle,False,,False,0.0
56.600000000000534,spawned_2,20.0,0,137.6587200000049,False,137.6587200000049,False,,False,137.6587200000049,True,camera,vehicle,False,,False,0.0
56.700000000000536,spawned_2,20.0,0,137.6587200000049,False,137.6587200000049,False,,False,137.6587200000049,True,camera,vehicle,False,,False,0.0
56.80000000000054,spawned_2,20.0,0,137.6587200000049,False,137.6587200000049,False,,False,137.6587200000049,True,camera,vehicle,False,,False,0.0
56.90000000000054,spawned_2,20.0,0,137.6587200000049,False,137.6587200000049,False,,False,137.6587200000049,True,camera,vehicle,False,,False,0.0
57.00000000000054,spawned_2,20.0,0,137.6587200000049,False,137.6587200000049,False,,False,137.6587200000049,True,camera,vehicle,False,,False,0.0
57.10000000000054,spawned_2,20.0,0,137.6587200000049,False,137.6587200000049,False,,False,137.6587200000049,True,camera,vehicle,False,,False,0.0
57.20000000000054,spawned_2,20.0,0,137.6587200000049,False,137.6587200000049,False,,False,137.6587200000049,True,camera,vehicle,False,,False,0.0
57.300000000000544,spawned_2,20.0,0,137.6587200000049,False,137.6587200000049,False,,False,137.6587200000049,True,camera,vehicle,False,,False,0.0
57.400000000000546,spawned_2,20.0,0,137.6587200000049,False,137.6587200000049,False,,False,137.6587200000049,True,camera,vehicle,False,,False,0.0
57.50000000000055,spawned_2,20.0,0,137.6587200000049,False,137.6587200000049,False,,False,137.6587200000049,True,camera,vehicle,False,,False,0.0
57.60000000000055,spawned_2,20.0,0,137.6587200000049,False,137.6587200000049,False,,False,137.6587200000049,True,camera,vehicle,False,,False,0.0
57.70000000000055,spawned_2,20.0,0,137.6587200000049,False,137.6587200000049,False,,False,137.6587200000049,True,camera,vehicle,False,,False,0.0
57.80000000000055,spawned_2,20.0,0,137.6587200000049,False,137.6587200000049,False,,False,137.6587200000049,True,camera,vehicle,False,,False,0.0
57.90000000000055,spawned_2,20.0,0,137.6587200000049,False,137.6587200000049,False,,False,137.6587200000049,True,camera,vehicle,False,,False,0.0
58.000000000000554,spawned_2,20.0,0,137.6587200000049,False,137.6587200000049,False,,False,137.6587200000049,True,camera,vehicle,False,,False,0.0
58.100000000000556,spawned_2,20.0,0,137.6587200000049,False,137.6587200000049,False,,False,137.6587200000049,True,camera,vehicle,False,,False,0.0
58.20000000000056,spawned_2,20.0,0,137.6587200000049,False,137.6587200000049,False,,False,137.6587200000049,True,camera,vehicle,False,,False,0.0
58.30000000000056,spawned_2,20.0,0,137.6587200000049,False,137.6587200000049,False,,False,137.6587200000049,True,camera,vehicle,False,,False,0.0
58.40000000000056,spawned_2,20.0,0,137.6587200000049,False,137.6587200000049,False,,False,137.6587200000049,True,camera,vehicle,False,,False,0.0
58.50000000000056,spawned_2,20.0,0,137.6587200000049,False,137.6587200000049,False,,False,137.6587200000049,True,camera,vehicle,False,,False,0.0
58.60000000000056,spawned_2,20.0,0,137.6587200000049,False,137.6587200000049,False,,False,137.6587200000049,True,camera,vehicle,False,,False,0.0
58.700000000000564,spawned_2,20.0,0,137.6587200000049,False,137.6587200000049,False,,False,137.6587200000049,True,camera,vehicle,False,,False,0.0
58.800000000000566,spawned_2,20.0,0,137.6587200000049,False,137.6587200000049,False,,False,137.6587200000049,True,camera,vehicle,False,,False,0.0
58.90000000000057,spawned_2,20.0,0,137.6587200000049,False,137.6587200000049,False,,False,137.6587200000049,True,camera,vehicle,False,,False,0.0
59.00000000000057,spawned_2,20.0,0,137.6587200000049,False,137.6587200000049,False,,False,137.6587200000049,True,camera,vehicle,False,,False,0.0
59.10000000000057,spawned_2,20.0,0,137.6587200000049,False,137.6587200000049,False,,False,137.6587200000049,True,camera,vehicle,False,,False,0.0
59.20000000000057,spawned_2,20.0,0,137.6587200000049,False,137.6587200000049,False,,False,137.6587200000049,True,camera,vehicle,False,,False,0.0
59.30000000000057,spawned_2,20.0,0,137.6587200000049,False,137.6587200000049,False,,False,137.6587200000049,True,camera,vehicle,False,,False,0.0
59.400000000000574,spawned_2,20.0,0,137.6587200000049,False,137.6587200000049,False,,False,137.6587200000049,True,camera,vehicle,False,,False,0.0
59.500000000000576,spawned_2,20.0,0,137.6587200000049,False,137.6587200000049,False,,False,137.6587200000049,True,camera,vehicle,False,,False,0.0
59.60000000000058,spawned_2,20.0,0,137.6587200000049,False,137.6587200000049,False,,False,137.6587200000049,True,camera,vehicle,False,,False,0.0
59.70000000000058,spawned_2,20.0,0,137.6587200000049,False,137.6587200000049,False,,False,137.6587200000049,True,camera,vehicle,False,,False,0.0
59.80000000000058,spawned_2,20.0,0,137.6587200000049,False,137.6587200000049,False,,False,137.6587200000049,True,camera,vehicle,False,,False,0.0
59.90000000000058,spawned_2,20.0,0,137.6587200000049,False,137.6587200000049,False,,False,137.6587200000049,True,camera,vehicle,False,,False,0.0
60.00000000000058,spawned_2,20.0,0,137.6587200000049,False,137.6587200000049,False,,False,137.6587200000049,True,camera,vehicle,False,,False,0.0
60.100000000000584,spawned_2,20.0,0,137.6587200000049,False,137.6587200000049,False,,False,137.6587200000049,True,camera,vehicle,False,,False,0.0
60.200000000000585,spawned_2,20.0,0,137.6587200000049,False,137.6587200000049,False,,False,137.6587200000049,True,camera,vehicle,False,,False,0.0
60.30000000000059,spawned_2,20.0,0,137.6587200000049,False,137.6587200000049,False,,False,137.6587200000049,True,camera,vehicle,False,,False,0.0
60.40000000000059,spawned_2,20.0,0,137.6587200000049,False,137.6587200000049,False,,False,137.6587200000049,True,camera,vehicle,False,,False,0.0
60.50000000000059,spawned_2,20.0,0,137.6587200000049,False,137.6587200000049,False,,False,137.6587200000049,True,camera,vehicle,False,,False,0.0
60.60000000000059,spawned_2,20.0,0,137.6587200000049,False,137.6587200000049,False,,False,137.6587200000049,True,camera,vehicle,False,,False,0.0
60.70000000000059,spawned_2,20.0,0,137.6587200000049,False,137.6587200000049,False,,False,137.6587200000049,True,camera,vehicle,False,,False,0.0
60.800000000000594,spawned_2,20.0,0,137.6587200000049,False,137.6587200000049,False,,False,137.6587200000049,True,camera,vehicle,False,,False,0.0
60.900000000000595,spawned_2,20.0,0,137.6587200000049,False,137.6587200000049,False,,False,137.6587200000049,True,camera,vehicle,False,,False,0.0
61.0000000000006,spawned_2,20.0,0,137.6587200000049,False,137.6587200000049,False,,False,137.6587200000049,True,camera,vehicle,False,,False,0.0
61.1000000000006,spawned_2,20.0,0,137.6587200000049,False,137.6587200000049,False,,False,137.6587200000049,True,camera,vehicle,False,,False,0.0
61.2000000000006,spawned_2,20.0,0,137.6587200000049,False,137.6587200000049,False,,False,137.6587200000049,True,camera,vehicle,False,,False,0.0
61.3000000000006,spawned_2,20.0,0,137.6587200000049,False,137.6587200000049,False,,False,137.6587200000049,True,camera,vehicle,False,,False,0.0
61.4000000000006,spawned_2,20.0,0,137.6587200000049,False,137.6587200000049,False,,False,137.6587200000049,True,camera,vehicle,False,,False,0.0
61.500000000000604,spawned_2,20.0,0,137.6587200000049,False,137.6587200000049,False,,False,137.6587200000049,True,camera,vehicle,False,,False,0.0
61.600000000000605,spawned_2,20.0,0,137.6587200000049,False,137.6587200000049,False,,False,137.6587200000049,True,camera,vehicle,False,,False,0.0
61.70000000000061,spawned_2,20.0,0,137.6587200000049,False,137.6587200000049,False,,False,137.6587200000049,True,camera,vehicle,False,,False,0.0
61.80000000000061,spawned_2,20.0,0,137.6587200000049,False,137.6587200000049,False,,False,137.6587200000049,True,camera,vehicle,False,,False,0.0
61.90000000000061,spawned_2,20.0,0,137.6587200000049,False,137.6587200000049,False,,False,137.6587200000049,True,camera,vehicle,False,,False,0.0
62.00000000000061,spawned_2,20.0,0,137.6587200000049,False,137.6587200000049,False,,False,137.6587200000049,True,camera,vehicle,False,,False,0.0
62.10000000000061,spawned_2,20.0,0,137.6587200000049,False,137.6587200000049,False,,False,137.6587200000049,True,camera,vehicle,False,,False,0.0
62.200000000000614,spawned_2,20.0,0,137.6587200000049,False,137.6587200000049,False,,False,137.6587200000049,True,camera,vehicle,False,,False,0.0
62.300000000000615,spawned_2,20.0,0,137.6587200000049,False,137.6587200000049,False,,False,137.6587200000049,True,camera,vehicle,False,,False,0.0
62.40000000000062,spawned_2,20.0,0,137.6587200000049,False,137.6587200000049,False,,False,137.6587200000049,True,camera,vehicle,False,,False,0.0
62.50000000000062,spawned_2,20.0,0,137.6587200000049,False,137.6587200000049,False,,False,137.6587200000049,True,camera,vehicle,False,,False,0.0
62.60000000000062,spawned_2,20.0,0,137.6587200000049,False,137.6587200000049,False,,False,137.6587200000049,True,camera,vehicle,False,,False,0.0
62.70000000000062,spawned_2,20.0,0,137.6587200000049,False,137.6587200000049,False,,False,137.6587200000049,True,camera,vehicle,False,,False,0.0
62.80000000000062,spawned_2,20.0,0,137.6587200000049,False,137.6587200000049,False,,False,137.6587200000049,True,camera,vehicle,False,,False,0.0
62.900000000000624,spawned_2,20.0,0,137.6587200000049,False,137.6587200000049,False,,False,137.6587200000049,True,camera,vehicle,False,,False,0.0
63.000000000000625,spawned_2,20.0,0,137.6587200000049,False,137.6587200000049,False,,False,137.6587200000049,True,camera,vehicle,False,,False,0.0
63.10000000000063,spawned_2,20.0,0,137.6587200000049,False,137.6587200000049,False,,False,137.6587200000049,True,camera,vehicle,False,,False,0.0
63.20000000000063,spawned_2,20.0,0,137.6587200000049,False,137.6587200000049,False,,False,137.6587200000049,True,camera,vehicle,False,,False,0.0
63.30000000000063,spawned_2,20.0,0,137.6587200000049,False,137.6587200000049,False,,False,137.6587200000049,True,camera,vehicle,False,,False,0.0
63.40000000000063,spawned_2,20.0,0,137.6587200000049,False,137.6587200000049,False,,False,137.6587200000049,True,camera,vehicle,False,,False,0.0
63.50000000000063,spawned_2,20.0,0,137.6587200000049,False,137.6587200000049,False,,False,137.6587200000049,True,camera,vehicle,False,,False,0.0
63.600000000000634,spawned_2,20.0,0,137.6587200000049,False,137.6587200000049,False,,False,137.6587200000049,True,camera,vehicle,False,,False,0.0
63.700000000000635,spawned_2,20.0,0,137.6587200000049,False,137.6587200000049,False,,False,137.6587200000049,True,camera,vehicle,False,,False,0.0
63.80000000000064,spawned_2,20.0,0,137.6587200000049,False,137.6587200000049,False,,False,137.6587200000049,True,camera,vehicle,False,,False,0.0
63.90000000000064,spawned_2,20.0,0,137.6587200000049,False,137.6587200000049,False,,False,137.6587200000049,True,camera,vehicle,False,,False,0.0
64.00000000000064,spawned_2,20.0,0,137.38995921537924,False,137.38995921537924,False,,False,137.38995921537924,True,camera,roundabout_giveway,False,,False,0.0
64.10000000000063,spawned_2,20.0,0,136.4958792153792,False,136.4958792153792,False,,False,136.4958792153792,True,camera,roundabout_giveway,False,,False,0.0
64.20000000000063,spawned_2,20.0,0,135.60179921537917,False,135.60179921537917,False,,False,135.60179921537917,True,camera,roundabout_giveway,False,,False,0.0
64.30000000000062,spawned_2,20.0,0,134.70771921537914,False,134.70771921537914,False,,False,134.70771921537914,True,camera,roundabout_giveway,False,,False,0.0
64.40000000000062,spawned_2,20.0,0,133.8136392153791,False,133.8136392153791,False,,False,133.8136392153791,True,camera,roundabout_giveway,False,,False,0.0
64.50000000000061,spawned_2,20.0,0,132.91955921537908,False,132.91955921537908,False,,False,132.91955921537908,True,camera,roundabout_giveway,False,,False,0.0
64.6000000000006,spawned_2,20.0,0,132.02547921537905,False,132.02547921537905,False,,False,132.02547921537905,True,camera,roundabout_giveway,False,,False,0.0
64.7000000000006,spawned_2,20.0,0,131.13139921537902,False,131.13139921537902,False,,False,131.13139921537902,True,camera,roundabout_giveway,False,,False,0.0
64.8000000000006,spawned_2,20.0,0,130.237319215379,False,130.237319215379,False,,False,130.237319215379,True,camera,roundabout_giveway,False,,False,0.0
64.90000000000059,spawned_2,20.0,0,129.34323921537896,False,129.34323921537896,False,,False,129.34323921537896,True,camera,roundabout_giveway,False,,False,0.0
65.00000000000058,spawned_2,20.0,0,128.44915921537893,False,128.44915921537893,False,,False,128.44915921537893,True,camera,roundabout_giveway,False,,False,0.0
65.10000000000058,spawned_2,20.0,0,127.5550792153789,False,127.5550792153789,False,,False,127.5550792153789,True,camera,roundabout_giveway,False,,False,0.0
65.20000000000057,spawned_2,20.0,0,126.66099921537887,False,126.66099921537887,False,,False,126.66099921537887,True,camera,roundabout_giveway,False,,False,0.0
65.30000000000057,spawned_2,20.0,0,125.76691921537883,False,125.76691921537883,False,,False,125.76691921537883,True,camera,roundabout_giveway,False,,False,0.0
65.40000000000056,spawned_2,20.0,0,124.8728392153788,False,124.8728392153788,False,,False,124.8728392153788,True,camera,roundabout_giveway,False,,False,0.0
65.50000000000055,spawned_2,20.0,0,123.97875921537877,False,123.97875921537877,False,,False,123.97875921537877,True,camera,roundabout_giveway,False,,False,0.0
65.60000000000055,spawned_2,20.0,0,123.08467921537874,False,123.08467921537874,False,,False,123.08467921537874,True,camera,roundabout_giveway,False,,False,0.0
65.70000000000054,spawned_2,20.0,0,122.19059921537871,False,122.19059921537871,False,,False,122.19059921537871,True,camera,roundabout_giveway,False,,False,0.0
65.80000000000054,spawned_2,20.0,0,121.29651921537868,False,121.29651921537868,False,,False,121.29651921537868,True,camera,roundabout_giveway,False,,False,0.0
65.90000000000053,spawned_2,20.0,0,120.40243921537865,False,120.40243921537865,False,,False,120.40243921537865,True,camera,roundabout_giveway,False,,False,0.0
66.00000000000053,spawned_2,20.0,0,119.50835921537862,False,119.50835921537862,False,,False,119.50835921537862,True,camera,roundabout_giveway,False,,False,0.0
66.10000000000052,spawned_2,20.0,0,118.61427921537859,False,118.61427921537859,False,,False,118.61427921537859,True,camera,roundabout_giveway,False,,False,0.0
66.20000000000051,spawned_2,20.0,0,117.72019921537856,False,117.72019921537856,False,,False,117.72019921537856,True,camera,roundabout_giveway,False,,False,0.0
66.30000000000051,spawned_2,20.0,0,116.82611921537853,False,116.82611921537853,False,,False,116.82611921537853,True,camera,roundabout_giveway,False,,False,0.0
66.4000000000005,spawned_2,20.0,0,115.9320392153785,False,115.9320392153785,False,,False,115.9320392153785,True,camera,roundabout_giveway,False,,False,0.0
66.5000000000005,spawned_2,20.0,0,115.03795921537846,False,115.03795921537846,False,,False,115.03795921537846,True,camera,roundabout_giveway,False,,False,0.0
66.60000000000049,spawned_2,20.0,0,114.14387921537843,False,114.14387921537843,False,,False,114.14387921537843,True,camera,roundabout_giveway,False,,False,0.0
66.70000000000049,spawned_2,20.0,0,113.2497992153784,False,113.2497992153784,False,,False,113.2497992153784,True,camera,roundabout_giveway,False,,False,0.0
66.80000000000048,spawned_2,20.0,0,112.35571921537837,False,112.35571921537837,False,,False,112.35571921537837,True,camera,roundabout_giveway,False,,False,0.0
66.90000000000047,spawned_2,20.0,0,137.6587200000049,False,137.6587200000049,False,,False,137.6587200000049,True,camera,vehicle,False,,False,0.0
67.00000000000047,spawned_2,20.0,0,137.6587200000049,False,137.6587200000049,False,,False,137.6587200000049,True,camera,vehicle,False,,False,0.0
67.10000000000046,spawned_2,20.0,0,137.6587200000049,False,137.6587200000049,False,,False,137.6587200000049,True,camera,vehicle,False,,False,0.0
67.20000000000046,spawned_2,20.0,0,137.6587200000049,False,137.6587200000049,False,,False,137.6587200000049,True,camera,vehicle,False,,False,0.0
67.30000000000045,spawned_2,20.0,0,137.6587200000049,False,137.6587200000049,False,,False,137.6587200000049,True,camera,vehicle,False,,False,0.0
67.40000000000045,spawned_2,20.0,0,137.6587200000049,False,137.6587200000049,False,,False,137.6587200000049,True,camera,vehicle,False,,False,0.0
67.50000000000044,spawned_2,20.0,0,137.6587200000049,False,137.6587200000049,False,,False,137.6587200000049,True,camera,vehicle,False,,False,0.0
67.60000000000043,spawned_2,20.0,0,137.6587200000049,False,137.6587200000049,False,,False,137.6587200000049,True,camera,vehicle,False,,False,0.0
67.70000000000043,spawned_2,20.0,0,137.6587200000049,False,137.6587200000049,False,,False,137.6587200000049,True,camera,vehicle,False,,False,0.0
67.80000000000042,spawned_2,20.0,0,137.6587200000049,False,137.6587200000049,False,,False,137.6587200000049,True,camera,vehicle,False,,False,0.0
67.90000000000042,spawned_2,20.0,0,137.6587200000049,False,137.6587200000049,False,,False,137.6587200000049,True,camera,vehicle,False,,False,0.0
68.00000000000041,spawned_2,20.0,0,137.6587200000049,False,137.6587200000049,False,,False,137.6587200000049,True,camera,vehicle,False,,False,0.0
68.1000000000004,spawned_2,20.0,0,137.6587200000049,False,137.6587200000049,False,,False,137.6587200000049,True,camera,vehicle,False,,False,0.0
68.2000000000004,spawned_2,20.0,0,137.6587200000049,False,137.6587200000049,False,,False,137.6587200000049,True,camera,vehicle,False,,False,0.0
68.3000000000004,spawned_2,20.0,0,137.6587200000049,False,137.6587200000049,False,,False,137.6587200000049,True,camera,vehicle,False,,False,0.0
68.40000000000039,spawned_2,20.0,0,137.6587200000049,False,137.6587200000049,False,,False,137.6587200000049,True,camera,vehicle,False,,False,0.0
68.50000000000038,spawned_2,20.0,0,137.6587200000049,False,137.6587200000049,False,,False,137.6587200000049,True,camera,vehicle,False,,False,0.0
68.60000000000038,spawned_2,20.0,0,137.6587200000049,False,137.6587200000049,False,,False,137.6587200000049,True,camera,vehicle,False,,False,0.0
68.70000000000037,spawned_2,20.0,0,137.6587200000049,False,137.6587200000049,False,,False,137.6587200000049,True,camera,vehicle,False,,False,0.0
68.80000000000037,spawned_2,20.0,0,137.6587200000049,False,137.6587200000049,False,,False,137.6587200000049,True,camera,vehicle,False,,False,0.0
68.90000000000036,spawned_2,20.0,0,137.6587200000049,False,137.6587200000049,False,,False,137.6587200000049,True,camera,vehicle,False,,False,0.0
69.00000000000036,spawned_2,20.0,0,137.6587200000049,False,137.6587200000049,False,,False,137.6587200000049,True,camera,vehicle,False,,False,0.0
69.10000000000035,spawned_2,20.0,0,137.6587200000049,False,137.6587200000049,False,,False,137.6587200000049,True,camera,vehicle,False,,False,0.0
69.20000000000034,spawned_2,20.0,0,137.6587200000049,False,137.6587200000049,False,,False,137.6587200000049,True,camera,vehicle,False,,False,0.0
69.30000000000034,spawned_2,20.0,0,137.6587200000049,False,137.6587200000049,False,,False,137.6587200000049,True,camera,vehicle,False,,False,0.0
69.40000000000033,spawned_2,20.0,0,137.6587200000049,False,137.6587200000049,False,,False,137.6587200000049,True,camera,vehicle,False,,False,0.0
69.50000000000033,spawned_2,20.0,0,137.6587200000049,False,137.6587200000049,False,,False,137.6587200000049,True,camera,vehicle,False,,False,0.0
69.60000000000032,spawned_2,20.0,0,137.6587200000049,False,137.6587200000049,False,,False,137.6587200000049,True,camera,vehicle,False,,False,0.0
69.70000000000032,spawned_2,20.0,0,137.6587200000049,False,137.6587200000049,False,,False,137.6587200000049,True,camera,vehicle,False,,False,0.0
69.80000000000031,spawned_2,20.0,0,137.6587200000049,False,137.6587200000049,False,,False,137.6587200000049,True,camera,vehicle,False,,False,0.0
69.9000000000003,spawned_2,20.0,0,137.6587200000049,False,137.6587200000049,False,,False,137.6587200000049,True,camera,vehicle,False,,False,0.0
70.0000000000003,spawned_2,20.0,0,137.6587200000049,False,137.6587200000049,False,,False,137.6587200000049,True,camera,vehicle,False,,False,0.0
70.10000000000029,spawned_2,20.0,0,137.6587200000049,False,137.6587200000049,False,,False,137.6587200000049,True,camera,vehicle,False,,False,0.0
70.20000000000029,spawned_2,20.0,0,137.6587200000049,False,137.6587200000049,False,,False,137.6587200000049,True,camera,vehicle,False,,False,0.0
70.30000000000028,spawned_2,20.0,0,137.6587200000049,False,137.6587200000049,False,,False,137.6587200000049,True,camera,vehicle,False,,False,0.0
70.40000000000028,spawned_2,20.0,0,137.6587200000049,False,137.6587200000049,False,,False,137.6587200000049,True,camera,vehicle,False,,False,0.0
70.50000000000027,spawned_2,20.0,0,137.6587200000049,False,137.6587200000049,False,,False,137.6587200000049,True,camera,vehicle,False,,False,0.0
70.60000000000026,spawned_2,20.0,0,137.6587200000049,False,137.6587200000049,False,,False,137.6587200000049,True,camera,vehicle,False,,False,0.0
70.70000000000026,spawned_2,20.0,0,137.6587200000049,False,137.6587200000049,False,,False,137.6587200000049,True,camera,vehicle,False,,False,0.0
70.80000000000025,spawned_2,20.0,0,137.6587200000049,False,137.6587200000049,False,,False,137.6587200000049,True,camera,vehicle,False,,False,0.0
70.90000000000025,spawned_2,20.0,0,137.6587200000049,False,137.6587200000049,False,,False,137.6587200000049,True,camera,vehicle,False,,False,0.0
71.00000000000024,spawned_2,20.0,0,137.6587200000049,False,137.6587200000049,False,,False,137.6587200000049,True,camera,vehicle,False,,False,0.0
71.10000000000024,spawned_2,20.0,0,137.6587200000049,False,137.6587200000049,False,,False,137.6587200000049,True,camera,vehicle,False,,False,0.0
71.20000000000023,spawned_2,20.0,0,137.6587200000049,False,137.6587200000049,False,,False,137.6587200000049,True,camera,vehicle,False,,False,0.0
71.30000000000022,spawned_2,20.0,0,137.6587200000049,False,137.6587200000049,False,,False,137.6587200000049,True,camera,vehicle,False,,False,0.0
71.40000000000022,spawned_2,20.0,0,137.6587200000049,False,137.6587200000049,False,,False,137.6587200000049,True,camera,vehicle,False,,False,0.0
71.50000000000021,spawned_2,20.0,0,137.6587200000049,False,137.6587200000049,False,,False,137.6587200000049,True,camera,vehicle,False,,False,0.0
71.60000000000021,spawned_2,20.0,0,137.6587200000049,False,137.6587200000049,False,,False,137.6587200000049,True,camera,vehicle,False,,False,0.0
71.7000000000002,spawned_2,20.0,0,137.6587200000049,False,137.6587200000049,False,,False,137.6587200000049,True,camera,vehicle,False,,False,0.0
71.8000000000002,spawned_2,20.0,0,137.6587200000049,False,137.6587200000049,False,,False,137.6587200000049,True,camera,vehicle,False,,False,0.0
71.90000000000019,spawned_2,20.0,0,137.6587200000049,False,137.6587200000049,False,,False,137.6587200000049,True,camera,vehicle,False,,False,0.0
72.00000000000018,spawned_2,20.0,0,137.6587200000049,False,137.6587200000049,False,,False,137.6587200000049,True,camera,vehicle,False,,False,0.0
72.10000000000018,spawned_2,20.0,0,137.6587200000049,False,137.6587200000049,False,,False,137.6587200000049,True,camera,vehicle,False,,False,0.0
72.20000000000017,spawned_2,20.0,0,137.6587200000049,False,137.6587200000049,False,,False,137.6587200000049,True,camera,vehicle,False,,False,0.0
72.30000000000017,spawned_2,20.0,0,137.6587200000049,False,137.6587200000049,False,,False,137.6587200000049,True,camera,vehicle,False,,False,0.0
72.40000000000016,spawned_2,20.0,0,137.6587200000049,False,137.6587200000049,False,,False,137.6587200000049,True,camera,vehicle,False,,False,0.0
72.50000000000016,spawned_2,20.0,0,137.6587200000049,False,137.6587200000049,False,,False,137.6587200000049,True,camera,vehicle,False,,False,0.0
72.60000000000015,spawned_2,20.0,0,137.6587200000049,False,137.6587200000049,False,,False,137.6587200000049,True,camera,vehicle,False,,False,0.0
72.70000000000014,spawned_2,20.0,0,137.6587200000049,False,137.6587200000049,False,,False,137.6587200000049,True,camera,vehicle,False,,False,0.0
72.80000000000014,spawned_2,20.0,0,137.6587200000049,False,137.6587200000049,False,,False,137.6587200000049,True,camera,vehicle,False,,False,0.0
72.90000000000013,spawned_2,20.0,0,137.6587200000049,False,137.6587200000049,False,,False,137.6587200000049,True,camera,vehicle,False,,False,0.0
73.00000000000013,spawned_2,20.0,0,137.6587200000049,False,137.6587200000049,False,,False,137.6587200000049,True,camera,vehicle,False,,False,0.0
73.10000000000012,spawned_2,20.0,0,137.6587200000049,False,137.6587200000049,False,,False,137.6587200000049,True,camera,vehicle,False,,False,0.0
73.20000000000012,spawned_2,20.0,0,137.6587200000049,False,137.6587200000049,False,,False,137.6587200000049,True,camera,vehicle,False,,False,0.0
73.30000000000011,spawned_2,20.0,0,137.6587200000049,False,137.6587200000049,False,,False,137.6587200000049,True,camera,vehicle,False,,False,0.0
73.4000000000001,spawned_2,20.0,0,137.6587200000049,False,137.6587200000049,False,,False,137.6587200000049,True,camera,vehicle,False,,False,0.0
73.5000000000001,spawned_2,20.0,0,137.6587200000049,False,137.6587200000049,False,,False,137.6587200000049,True,camera,vehicle,False,,False,0.0
73.6000000000001,spawned_2,20.0,0,137.6587200000049,False,137.6587200000049,False,,False,137.6587200000049,True,camera,vehicle,False,,False,0.0
73.70000000000009,spawned_2,20.0,0,137.6587200000049,False,137.6587200000049,False,,False,137.6587200000049,True,camera,vehicle,False,,False,0.0
73.80000000000008,spawned_2,20.0,0,137.6587200000049,False,137.6587200000049,False,,False,137.6587200000049,True,camera,vehicle,False,,False,0.0
73.90000000000008,spawned_2,20.0,0,137.6587200000049,False,137.6587200000049,False,,False,137.6587200000049,True,camera,vehicle,False,,False,0.0
74.00000000000007,spawned_2,20.0,0,137.6587200000049,False,137.6587200000049,False,,False,137.6587200000049,True,camera,vehicle,False,,False,0.0
74.10000000000007,spawned_2,20.0,0,137.6587200000049,False,137.6587200000049,False,,False,137.6587200000049,True,camera,vehicle,False,,False,0.0
74.20000000000006,spawned_2,20.0,0,137.6587200000049,False,137.6587200000049,False,,False,137.6587200000049,True,camera,vehicle,False,,False,0.0
74.30000000000005,spawned_2,20.0,0,137.6587200000049,False,137.6587200000049,False,,False,137.6587200000049,True,camera,vehicle,False,,False,0.0
74.40000000000005,spawned_2,20.0,0,137.6587200000049,False,137.6587200000049,False,,False,137.6587200000049,True,camera,vehicle,False,,False,0.0
74.50000000000004,spawned_2,20.0,0,137.6587200000049,False,137.6587200000049,False,,False,137.6587200000049,True,camera,vehicle,False,,False,0.0
74.60000000000004,spawned_2,20.0,0,137.6587200000049,False,137.6587200000049,False,,False,137.6587200000049,True,camera,vehicle,False,,False,0.0
74.70000000000003,spawned_2,20.0,0,137.6587200000049,False,137.6587200000049,False,,False,137.6587200000049,True,camera,vehicle,False,,False,0.0
74.80000000000003,spawned_2,20.0,0,137.6587200000049,False,137.6587200000049,False,,False,137.6587200000049,True,camera,vehicle,False,,False,0.0
74.90000000000002,spawned_2,20.0,0,137.6587200000049,False,137.6587200000049,False,,False,137.6587200000049,True,camera,vehicle,False,,False,0.0
75.00000000000001,spawned_2,20.0,0,137.6587200000049,False,137.6587200000049,False,,False,137.6587200000049,True,camera,vehicle,False,,False,0.0
75.10000000000001,spawned_2,20.0,0,137.6587200000049,False,137.6587200000049,False,,False,137.6587200000049,True,camera,vehicle,False,,False,0.0
75.2,spawned_2,20.0,0,137.6587200000049,False,137.6587200000049,False,,False,137.6587200000049,True,camera,vehicle,False,,False,0.0
75.3,spawned_2,20.0,0,137.6587200000049,False,137.6587200000049,False,,False,137.6587200000049,True,camera,vehicle,False,,False,0.0
75.39999999999999,spawned_2,20.0,0,137.6587200000049,False,137.6587200000049,False,,False,137.6587200000049,True,camera,vehicle,False,,False,0.0
75.49999999999999,spawned_2,20.0,0,137.6587200000049,False,137.6587200000049,False,,False,137.6587200000049,True,camera,vehicle,False,,False,0.0
75.59999999999998,spawned_2,20.0,0,137.6587200000049,False,137.6587200000049,False,,False,137.6587200000049,True,camera,vehicle,False,,False,0.0
75.69999999999997,spawned_2,20.0,0,137.6587200000049,False,137.6587200000049,False,,False,137.6587200000049,True,camera,vehicle,False,,False,0.0
75.79999999999997,spawned_2,20.0,0,137.6587200000049,False,137.6587200000049,False,,False,137.6587200000049,True,camera,vehicle,False,,False,0.0
75.89999999999996,spawned_2,20.0,0,137.6587200000049,False,137.6587200000049,False,,False,137.6587200000049,True,camera,vehicle,False,,False,0.0
75.99999999999996,spawned_2,20.0,0,137.6587200000049,False,137.6587200000049,False,,False,137.6587200000049,True,camera,vehicle,False,,False,0.0
76.09999999999995,spawned_2,20.0,0,137.6587200000049,False,137.6587200000049,False,,False,137.6587200000049,True,camera,vehicle,False,,False,0.0
76.19999999999995,spawned_2,20.0,0,137.6587200000049,False,137.6587200000049,False,,False,137.6587200000049,True,camera,vehicle,False,,False,0.0
76.29999999999994,spawned_2,20.0,0,137.6587200000049,False,137.6587200000049,False,,False,137.6587200000049,True,camera,vehicle,False,,False,0.0
76.39999999999993,spawned_2,20.0,0,137.6587200000049,False,137.6587200000049,False,,False,137.6587200000049,True,camera,vehicle,False,,False,0.0
76.49999999999993,spawned_2,20.0,0,137.6587200000049,False,137.6587200000049,False,,False,137.6587200000049,True,camera,vehicle,False,,False,0.0
76.59999999999992,spawned_2,20.0,0,137.6587200000049,False,137.6587200000049,False,,False,137.6587200000049,True,camera,vehicle,False,,False,0.0
76.69999999999992,spawned_2,20.0,0,137.6587200000049,False,137.6587200000049,False,,False,137.6587200000049,True,camera,vehicle,False,,False,0.0
76.79999999999991,spawned_2,20.0,0,137.6587200000049,False,137.6587200000049,False,,False,137.6587200000049,True,camera,vehicle,False,,False,0.0
76.8999999999999,spawned_2,20.0,0,137.6587200000049,False,137.6587200000049,False,,False,137.6587200000049,True,camera,vehicle,False,,False,0.0
76.9999999999999,spawned_2,20.0,0,137.6587200000049,False,137.6587200000049,False,,False,137.6587200000049,True,camera,vehicle,False,,False,0.0
77.0999999999999,spawned_2,20.0,0,137.6587200000049,False,137.6587200000049,False,,False,137.6587200000049,True,camera,vehicle,False,,False,0.0
77.19999999999989,spawned_2,20.0,0,137.6587200000049,False,137.6587200000049,False,,False,137.6587200000049,True,camera,vehicle,False,,False,0.0
77.29999999999988,spawned_2,20.0,0,137.6587200000049,False,137.6587200000049,False,,False,137.6587200000049,True,camera,vehicle,False,,False,0.0
77.39999999999988,spawned_2,20.0,0,137.6587200000049,False,137.6587200000049,False,,False,137.6587200000049,True,camera,vehicle,False,,False,0.0
77.49999999999987,spawned_2,20.0,0,137.6587200000049,False,137.6587200000049,False,,False,137.6587200000049,True,camera,vehicle,False,,False,0.0
77.59999999999987,spawned_2,20.0,0,137.6587200000049,False,137.6587200000049,False,,False,137.6587200000049,True,camera,vehicle,False,,False,0.0
77.69999999999986,spawned_2,20.0,0,137.6587200000049,False,137.6587200000049,False,,False,137.6587200000049,True,camera,vehicle,False,,False,0.0
77.79999999999986,spawned_2,20.0,0,137.6587200000049,False,137.6587200000049,False,,False,137.6587200000049,True,camera,vehicle,False,,False,0.0
77.89999999999985,spawned_2,20.0,0,137.6587200000049,False,137.6587200000049,False,,False,137.6587200000049,True,camera,vehicle,False,,False,0.0
77.99999999999984,spawned_2,20.0,0,137.6587200000049,False,137.6587200000049,False,,False,137.6587200000049,True,camera,vehicle,False,,False,0.0
78.09999999999984,spawned_2,20.0,0,137.6587200000049,False,137.6587200000049,False,,False,137.6587200000049,True,camera,vehicle,False,,False,0.0
78.19999999999983,spawned_2,20.0,0,137.6587200000049,False,137.6587200000049,False,,False,137.6587200000049,True,camera,vehicle,False,,False,0.0
78.29999999999983,spawned_2,20.0,0,137.6587200000049,False,137.6587200000049,False,,False,137.6587200000049,True,camera,vehicle,False,,False,0.0
78.39999999999982,spawned_2,20.0,0,137.6587200000049,False,137.6587200000049,False,,False,137.6587200000049,True,camera,vehicle,False,,False,0.0
78.49999999999982,spawned_2,20.0,0,137.6587200000049,False,137.6587200000049,False,,False,137.6587200000049,True,camera,vehicle,False,,False,0.0
78.59999999999981,spawned_2,20.0,0,137.6587200000049,False,137.6587200000049,False,,False,137.6587200000049,True,camera,vehicle,False,,False,0.0
78.6999999999998,spawned_2,20.0,0,137.6587200000049,False,137.6587200000049,False,,False,137.6587200000049,True,camera,vehicle,False,,False,0.0
78.7999999999998,spawned_2,20.0,0,137.6587200000049,False,137.6587200000049,False,,False,137.6587200000049,True,camera,vehicle,False,,False,0.0
78.89999999999979,spawned_2,20.0,0,137.6587200000049,False,137.6587200000049,False,,False,137.6587200000049,True,camera,vehicle,False,,False,0.0
78.99999999999979,spawned_2,20.0,0,137.6587200000049,False,137.6587200000049,False,,False,137.6587200000049,True,camera,vehicle,False,,False,0.0
79.09999999999978,spawned_2,20.0,0,137.6587200000049,False,137.6587200000049,False,,False,137.6587200000049,True,camera,vehicle,False,,False,0.0
79.19999999999978,spawned_2,20.0,0,137.6587200000049,False,137.6587200000049,False,,False,137.6587200000049,True,camera,vehicle,False,,False,0.0
79.29999999999977,spawned_2,20.0,0,137.6587200000049,False,137.6587200000049,False,,False,137.6587200000049,True,camera,vehicle,False,,False,0.0
79.39999999999976,spawned_2,20.0,0,137.6587200000049,False,137.6587200000049,False,,False,137.6587200000049,True,camera,vehicle,False,,False,0.0
79.49999999999976,spawned_2,20.0,0,137.6587200000049,False,137.6587200000049,False,,False,137.6587200000049,True,camera,vehicle,False,,False,0.0
79.59999999999975,spawned_2,20.0,0,137.6587200000049,False,137.6587200000049,False,,False,137.6587200000049,True,camera,vehicle,False,,False,0.0
79.69999999999975,spawned_2,20.0,0,137.6587200000049,False,137.6587200000049,False,,False,137.6587200000049,True,camera,vehicle,False,,False,0.0
79.79999999999974,spawned_2,20.0,0,137.6587200000049,False,137.6587200000049,False,,False,137.6587200000049,True,camera,vehicle,False,,False,0.0
79.89999999999974,spawned_2,20.0,0,137.6587200000049,False,137.6587200000049,False,,False,137.6587200000049,True,camera,vehicle,False,,False,0.0
79.99999999999973,spawned_2,20.0,0,137.6587200000049,False,137.6587200000049,False,,False,137.6587200000049,True,camera,vehicle,False,,False,0.0
80.09999999999972,spawned_2,20.0,0,137.6587200000049,False,137.6587200000049,False,,False,137.6587200000049,True,camera,vehicle,False,,False,0.0
80.19999999999972,spawned_2,20.0,0,137.6587200000049,False,137.6587200000049,False,,False,137.6587200000049,True,camera,vehicle,False,,False,0.0
80.29999999999971,spawned_2,20.0,0,137.6587200000049,False,137.6587200000049,False,,False,137.6587200000049,True,camera,vehicle,False,,False,0.0
80.39999999999971,spawned_2,20.0,0,137.6587200000049,False,137.6587200000049,False,,False,137.6587200000049,True,camera,vehicle,False,,False,0.0
80.4999999999997,spawned_2,20.0,0,137.6587200000049,False,137.6587200000049,False,,False,137.6587200000049,True,camera,vehicle,False,,False,0.0
80.5999999999997,spawned_2,20.0,0,137.6587200000049,False,137.6587200000049,False,,False,137.6587200000049,True,camera,vehicle,False,,False,0.0
80.69999999999969,spawned_2,20.0,0,137.6587200000049,False,137.6587200000049,False,,False,137.6587200000049,True,camera,vehicle,False,,False,0.0
80.79999999999968,spawned_2,20.0,0,137.6587200000049,False,137.6587200000049,False,,False,137.6587200000049,True,camera,vehicle,False,,False,0.0
80.89999999999968,spawned_2,20.0,0,137.6587200000049,False,137.6587200000049,False,,False,137.6587200000049,True,camera,vehicle,False,,False,0.0
80.99999999999967,spawned_2,20.0,0,137.6587200000049,False,137.6587200000049,False,,False,137.6587200000049,True,camera,vehicle,False,,False,0.0
81.09999999999967,spawned_2,20.0,0,137.6587200000049,False,137.6587200000049,False,,False,137.6587200000049,True,camera,vehicle,False,,False,0.0
81.19999999999966,spawned_2,20.0,0,137.6587200000049,False,137.6587200000049,False,,False,137.6587200000049,True,camera,vehicle,False,,False,0.0
81.29999999999966,spawned_2,20.0,0,137.6587200000049,False,137.6587200000049,False,,False,137.6587200000049,True,camera,vehicle,False,,False,0.0
81.39999999999965,spawned_2,20.0,0,137.6587200000049,False,137.6587200000049,False,,False,137.6587200000049,True,camera,vehicle,False,,False,0.0
81.49999999999964,spawned_2,20.0,0,137.6587200000049,False,137.6587200000049,False,,False,137.6587200000049,True,camera,vehicle,False,,False,0.0
81.59999999999964,spawned_2,20.0,0,137.6587200000049,False,137.6587200000049,False,,False,137.6587200000049,True,camera,vehicle,False,,False,0.0
81.69999999999963,spawned_2,20.0,0,137.6587200000049,False,137.6587200000049,False,,False,137.6587200000049,True,camera,vehicle,False,,False,0.0
81.79999999999963,spawned_2,20.0,0,137.6587200000049,False,137.6587200000049,False,,False,137.6587200000049,True,camera,vehicle,False,,False,0.0
81.89999999999962,spawned_2,20.0,0,137.6587200000049,False,137.6587200000049,False,,False,137.6587200000049,True,camera,vehicle,False,,False,0.0
81.99999999999962,spawned_2,20.0,0,137.6587200000049,False,137.6587200000049,False,,False,137.6587200000049,True,camera,vehicle,False,,False,0.0
82.09999999999961,spawned_2,20.0,0,137.6587200000049,False,137.6587200000049,False,,False,137.6587200000049,True,camera,vehicle,False,,False,0.0
82.1999999999996,spawned_2,20.0,0,137.6587200000049,False,137.6587200000049,False,,False,137.6587200000049,True,camera,vehicle,False,,False,0.0
82.2999999999996,spawned_2,20.0,0,137.6587200000049,False,137.6587200000049,False,,False,137.6587200000049,True,camera,vehicle,False,,False,0.0
82.3999999999996,spawned_2,20.0,0,137.6587200000049,False,137.6587200000049,False,,False,137.6587200000049,True,camera,vehicle,False,,False,0.0
82.49999999999959,spawned_2,20.0,0,137.6587200000049,False,137.6587200000049,False,,False,137.6587200000049,True,camera,vehicle,False,,False,0.0
82.59999999999958,spawned_2,20.0,0,137.6587200000049,False,137.6587200000049,False,,False,137.6587200000049,True,camera,vehicle,False,,False,0.0
82.69999999999958,spawned_2,20.0,0,137.6587200000049,False,137.6587200000049,False,,False,137.6587200000049,True,camera,vehicle,False,,False,0.0
82.79999999999957,spawned_2,20.0,0,137.6587200000049,False,137.6587200000049,False,,False,137.6587200000049,True,camera,vehicle,False,,False,0.0
82.89999999999957,spawned_2,20.0,0,137.6587200000049,False,137.6587200000049,False,,False,137.6587200000049,True,camera,vehicle,False,,False,0.0
82.99999999999956,spawned_2,20.0,0,137.6587200000049,False,137.6587200000049,False,,False,137.6587200000049,True,camera,vehicle,False,,False,0.0
83.09999999999955,spawned_2,20.0,0,137.6587200000049,False,137.6587200000049,False,,False,137.6587200000049,True,camera,vehicle,False,,False,0.0
83.19999999999955,spawned_2,20.0,0,137.6587200000049,False,137.6587200000049,False,,False,137.6587200000049,True,camera,vehicle,False,,False,0.0
83.29999999999954,spawned_2,20.0,0,137.6587200000049,False,137.6587200000049,False,,False,137.6587200000049,True,camera,vehicle,False,,False,0.0
83.39999999999954,spawned_2,20.0,0,137.6587200000049,False,137.6587200000049,False,,False,137.6587200000049,True,camera,vehicle,False,,False,0.0
83.49999999999953,spawned_2,20.0,0,137.6587200000049,False,137.6587200000049,False,,False,137.6587200000049,True,camera,vehicle,False,,False,0.0
83.59999999999953,spawned_2,20.0,0,137.6587200000049,False,137.6587200000049,False,,False,137.6587200000049,True,camera,vehicle,False,,False,0.0
83.69999999999952,spawned_2,20.0,0,137.6587200000049,False,137.6587200000049,False,,False,137.6587200000049,True,camera,vehicle,False,,False,0.0
83.79999999999951,spawned_2,20.0,0,137.6587200000049,False,137.6587200000049,False,,False,137.6587200000049,True,camera,vehicle,False,,False,0.0
83.89999999999951,spawned_2,20.0,0,137.6587200000049,False,137.6587200000049,False,,False,137.6587200000049,True,camera,vehicle,False,,False,0.0
83.9999999999995,spawned_2,20.0,0,137.6587200000049,False,137.6587200000049,False,,False,137.6587200000049,True,camera,vehicle,False,,False,0.0
84.0999999999995,spawned_2,20.0,0,137.6587200000049,False,137.6587200000049,False,,False,137.6587200000049,True,camera,vehicle,False,,False,0.0
84.19999999999949,spawned_2,20.0,0,137.6587200000049,False,137.6587200000049,False,,False,137.6587200000049,True,camera,vehicle,False,,False,0.0
84.29999999999949,spawned_2,20.0,0,137.6587200000049,False,137.6587200000049,False,,False,137.6587200000049,True,camera,vehicle,False,,False,0.0
84.39999999999948,spawned_2,20.0,0,137.6587200000049,False,137.6587200000049,False,,False,137.6587200000049,True,camera,vehicle,False,,False,0.0
84.49999999999947,spawned_2,20.0,0,137.6587200000049,False,137.6587200000049,False,,False,137.6587200000049,True,camera,vehicle,False,,False,0.0
84.59999999999947,spawned_2,20.0,0,137.6587200000049,False,137.6587200000049,False,,False,137.6587200000049,True,camera,vehicle,False,,False,0.0
84.69999999999946,spawned_2,20.0,0,137.6587200000049,False,137.6587200000049,False,,False,137.6587200000049,True,camera,vehicle,False,,False,0.0
84.79999999999946,spawned_2,20.0,0,137.6587200000049,False,137.6587200000049,False,,False,137.6587200000049,True,camera,vehicle,False,,False,0.0
84.89999999999945,spawned_2,20.0,0,137.6587200000049,False,137.6587200000049,False,,False,137.6587200000049,True,camera,vehicle,False,,False,0.0
84.99999999999945,spawned_2,20.0,0,137.6587200000049,False,137.6587200000049,False,,False,137.6587200000049,True,camera,vehicle,False,,False,0.0
85.09999999999944,spawned_2,20.0,0,137.6587200000049,False,137.6587200000049,False,,False,137.6587200000049,True,camera,vehicle,False,,False,0.0
85.19999999999943,spawned_2,20.0,0,137.6587200000049,False,137.6587200000049,False,,False,137.6587200000049,True,camera,vehicle,False,,False,0.0
85.29999999999943,spawned_2,20.0,0,137.6587200000049,False,137.6587200000049,False,,False,137.6587200000049,True,camera,vehicle,False,,False,0.0
85.39999999999942,spawned_2,20.0,0,137.6587200000049,False,137.6587200000049,False,,False,137.6587200000049,True,camera,vehicle,False,,False,0.0
85.49999999999942,spawned_2,20.0,0,137.6587200000049,False,137.6587200000049,False,,False,137.6587200000049,True,camera,vehicle,False,,False,0.0
85.59999999999941,spawned_2,20.0,0,137.6587200000049,False,137.6587200000049,False,,False,137.6587200000049,True,camera,vehicle,False,,False,0.0
85.6999999999994,spawned_2,20.0,0,137.6587200000049,False,137.6587200000049,False,,False,137.6587200000049,True,camera,vehicle,False,,False,0.0
85.7999999999994,spawned_2,20.0,0,137.6587200000049,False,137.6587200000049,False,,False,137.6587200000049,True,camera,vehicle,False,,False,0.0
85.8999999999994,spawned_2,20.0,0,137.6587200000049,False,137.6587200000049,False,,False,137.6587200000049,True,camera,vehicle,False,,False,0.0
85.99999999999939,spawned_2,20.0,0,137.6587200000049,False,137.6587200000049,False,,False,137.6587200000049,True,camera,vehicle,False,,False,0.0
86.09999999999938,spawned_2,20.0,0,137.6587200000049,False,137.6587200000049,False,,False,137.6587200000049,True,camera,vehicle,False,,False,0.0
86.19999999999938,spawned_2,20.0,0,137.6587200000049,False,137.6587200000049,False,,False,137.6587200000049,True,camera,vehicle,False,,False,0.0
86.29999999999937,spawned_2,20.0,0,137.6587200000049,False,137.6587200000049,False,,False,137.6587200000049,True,camera,vehicle,False,,False,0.0
86.39999999999937,spawned_2,20.0,0,137.6587200000049,False,137.6587200000049,False,,False,137.6587200000049,True,camera,vehicle,False,,False,0.0
86.49999999999936,spawned_2,20.0,0,137.6587200000049,False,137.6587200000049,False,,False,137.6587200000049,True,camera,vehicle,False,,False,0.0
86.59999999999935,spawned_2,20.0,0,137.6587200000049,False,137.6587200000049,False,,False,137.6587200000049,True,camera,vehicle,False,,False,0.0
86.69999999999935,spawned_2,20.0,0,137.6587200000049,False,137.6587200000049,False,,False,137.6587200000049,True,camera,vehicle,False,,False,0.0
86.79999999999934,spawned_2,20.0,0,137.6587200000049,False,137.6587200000049,False,,False,137.6587200000049,True,camera,vehicle,False,,False,0.0
86.89999999999934,spawned_2,20.0,0,137.6587200000049,False,137.6587200000049,False,,False,137.6587200000049,True,camera,vehicle,False,,False,0.0
86.99999999999933,spawned_2,20.0,0,137.6587200000049,False,137.6587200000049,False,,False,137.6587200000049,True,camera,vehicle,False,,False,0.0
87.09999999999933,spawned_2,20.0,0,137.6587200000049,False,137.6587200000049,False,,False,137.6587200000049,True,camera,vehicle,False,,False,0.0
87.19999999999932,spawned_2,20.0,0,137.6587200000049,False,137.6587200000049,False,,False,137.6587200000049,True,camera,vehicle,False,,False,0.0
87.29999999999932,spawned_2,20.0,0,137.6587200000049,False,137.6587200000049,False,,False,137.6587200000049,True,camera,vehicle,False,,False,0.0
87.39999999999931,spawned_2,20.0,0,137.6587200000049,False,137.6587200000049,False,,False,137.6587200000049,True,camera,vehicle,False,,False,0.0
87.4999999999993,spawned_2,20.0,0,137.6587200000049,False,137.6587200000049,False,,False,137.6587200000049,True,camera,vehicle,False,,False,0.0
87.5999999999993,spawned_2,20.0,0,137.6587200000049,False,137.6587200000049,False,,False,137.6587200000049,True,camera,vehicle,False,,False,0.0
87.69999999999929,spawned_2,20.0,0,137.6587200000049,False,137.6587200000049,False,,False,137.6587200000049,True,camera,vehicle,False,,False,0.0
87.79999999999929,spawned_2,20.0,0,137.6587200000049,False,137.6587200000049,False,,False,137.6587200000049,True,camera,vehicle,False,,False,0.0
87.89999999999928,spawned_2,20.0,0,137.6587200000049,False,137.6587200000049,False,,False,137.6587200000049,True,camera,vehicle,False,,False,0.0
87.99999999999928,spawned_2,20.0,0,137.6587200000049,False,137.6587200000049,False,,False,137.6587200000049,True,camera,vehicle,False,,False,0.0
88.09999999999927,spawned_2,20.0,0,137.6587200000049,False,137.6587200000049,False,,False,137.6587200000049,True,camera,vehicle,False,,False,0.0
88.19999999999926,spawned_2,20.0,0,137.6587200000049,False,137.6587200000049,False,,False,137.6587200000049,True,camera,vehicle,False,,False,0.0
88.29999999999926,spawned_2,20.0,0,137.6587200000049,False,137.6587200000049,False,,False,137.6587200000049,True,camera,vehicle,False,,False,0.0
88.39999999999925,spawned_2,20.0,0,137.6587200000049,False,137.6587200000049,False,,False,137.6587200000049,True,camera,vehicle,False,,False,0.0
88.49999999999925,spawned_2,20.0,0,137.6587200000049,False,137.6587200000049,False,,False,137.6587200000049,True,camera,vehicle,False,,False,0.0
88.59999999999924,spawned_2,20.0,0,137.6587200000049,False,137.6587200000049,False,,False,137.6587200000049,True,camera,vehicle,False,,False,0.0
88.69999999999924,spawned_2,20.0,0,137.6587200000049,False,137.6587200000049,False,,False,137.6587200000049,True,camera,vehicle,False,,False,0.0
88.79999999999923,spawned_2,20.0,0,137.6587200000049,False,137.6587200000049,False,,False,137.6587200000049,True,camera,vehicle,False,,False,0.0
88.89999999999922,spawned_2,20.0,0,137.6587200000049,False,137.6587200000049,False,,False,137.6587200000049,True,camera,vehicle,False,,False,0.0
88.99999999999922,spawned_2,20.0,0,137.6587200000049,False,137.6587200000049,False,,False,137.6587200000049,True,camera,vehicle,False,,False,0.0
89.09999999999921,spawned_2,20.0,0,137.6587200000049,False,137.6587200000049,False,,False,137.6587200000049,True,camera,vehicle,False,,False,0.0
89.1999999999992,spawned_2,20.0,0,137.6587200000049,False,137.6587200000049,False,,False,137.6587200000049,True,camera,vehicle,False,,False,0.0
89.2999999999992,spawned_2,20.0,0,137.6587200000049,False,137.6587200000049,False,,False,137.6587200000049,True,camera,vehicle,False,,False,0.0
89.3999999999992,spawned_2,20.0,0,137.6587200000049,False,137.6587200000049,False,,False,137.6587200000049,True,camera,vehicle,False,,False,0.0
89.49999999999919,spawned_2,20.0,0,137.6587200000049,False,137.6587200000049,False,,False,137.6587200000049,True,camera,vehicle,False,,False,0.0
89.59999999999918,spawned_2,20.0,0,137.6587200000049,False,137.6587200000049,False,,False,137.6587200000049,True,camera,vehicle,False,,False,0.0
89.69999999999918,spawned_2,20.0,0,137.6587200000049,False,137.6587200000049,False,,False,137.6587200000049,True,camera,vehicle,False,,False,0.0
89.79999999999917,spawned_2,20.0,0,137.6587200000049,False,137.6587200000049,False,,False,137.6587200000049,True,camera,vehicle,False,,False,0.0
89.89999999999917,spawned_2,20.0,0,137.6587200000049,False,137.6587200000049,False,,False,137.6587200000049,True,camera,vehicle,False,,False,0.0
89.99999999999916,spawned_2,20.0,0,137.6587200000049,False,137.6587200000049,False,,False,137.6587200000049,True,camera,vehicle,False,,False,0.0
90.09999999999916,spawned_2,20.0,0,137.6587200000049,False,137.6587200000049,False,,False,137.6587200000049,True,camera,vehicle,False,,False,0.0
90.19999999999915,spawned_2,20.0,0,137.6587200000049,False,137.6587200000049,False,,False,137.6587200000049,True,camera,vehicle,False,,False,0.0
90.29999999999914,spawned_2,20.0,0,137.6587200000049,False,137.6587200000049,False,,False,137.6587200000049,True,camera,vehicle,False,,False,0.0
90.39999999999914,spawned_2,20.0,0,137.6587200000049,False,137.6587200000049,False,,False,137.6587200000049,True,camera,vehicle,False,,False,0.0
90.49999999999913,spawned_2,20.0,0,137.6587200000049,False,137.6587200000049,False,,False,137.6587200000049,True,camera,vehicle,False,,False,0.0
90.59999999999913,spawned_2,20.0,0,137.6587200000049,False,137.6587200000049,False,,False,137.6587200000049,True,camera,vehicle,False,,False,0.0
90.69999999999912,spawned_2,20.0,0,137.6587200000049,False,137.6587200000049,False,,False,137.6587200000049,True,camera,vehicle,False,,False,0.0
90.79999999999912,spawned_2,20.0,0,137.6587200000049,False,137.6587200000049,False,,False,137.6587200000049,True,camera,vehicle,False,,False,0.0
90.89999999999911,spawned_2,20.0,0,137.6587200000049,False,137.6587200000049,False,,False,137.6587200000049,True,camera,vehicle,False,,False,0.0
90.9999999999991,spawned_2,20.0,0,137.6587200000049,False,137.6587200000049,False,,False,137.6587200000049,True,camera,vehicle,False,,False,0.0
91.0999999999991,spawned_2,20.0,0,137.6587200000049,False,137.6587200000049,False,,False,137.6587200000049,True,camera,vehicle,False,,False,0.0
91.1999999999991,spawned_2,20.0,0,137.6587200000049,False,137.6587200000049,False,,False,137.6587200000049,True,camera,vehicle,False,,False,0.0
91.29999999999909,spawned_2,20.0,0,137.6587200000049,False,137.6587200000049,False,,False,137.6587200000049,True,camera,vehicle,False,,False,0.0
91.39999999999908,spawned_2,20.0,0,137.6587200000049,False,137.6587200000049,False,,False,137.6587200000049,True,camera,vehicle,False,,False,0.0
91.49999999999908,spawned_2,20.0,0,137.6587200000049,False,137.6587200000049,False,,False,137.6587200000049,True,camera,vehicle,False,,False,0.0
91.59999999999907,spawned_2,20.0,0,137.6587200000049,False,137.6587200000049,False,,False,137.6587200000049,True,camera,vehicle,False,,False,0.0
91.69999999999906,spawned_2,20.0,0,137.6587200000049,False,137.6587200000049,False,,False,137.6587200000049,True,camera,vehicle,False,,False,0.0
91.79999999999906,spawned_2,20.0,0,137.6587200000049,False,137.6587200000049,False,,False,137.6587200000049,True,camera,vehicle,False,,False,0.0
91.89999999999905,spawned_2,20.0,0,137.6587200000049,False,137.6587200000049,False,,False,137.6587200000049,True,camera,vehicle,False,,False,0.0
91.99999999999905,spawned_2,20.0,0,137.6587200000049,False,137.6587200000049,False,,False,137.6587200000049,True,camera,vehicle,False,,False,0.0
92.09999999999904,spawned_2,20.0,0,137.6587200000049,False,137.6587200000049,False,,False,137.6587200000049,True,camera,vehicle,False,,False,0.0
92.19999999999904,spawned_2,20.0,0,137.6587200000049,False,137.6587200000049,False,,False,137.6587200000049,True,camera,vehicle,False,,False,0.0
92.29999999999903,spawned_2,20.0,0,137.6587200000049,False,137.6587200000049,False,,False,137.6587200000049,True,camera,vehicle,False,,False,0.0
92.39999999999903,spawned_2,20.0,0,137.6587200000049,False,137.6587200000049,False,,False,137.6587200000049,True,camera,vehicle,False,,False,0.0
92.49999999999902,spawned_2,20.0,0,137.6587200000049,False,137.6587200000049,False,,False,137.6587200000049,True,camera,vehicle,False,,False,0.0
92.59999999999901,spawned_2,20.0,0,137.6587200000049,False,137.6587200000049,False,,False,137.6587200000049,True,camera,vehicle,False,,False,0.0
92.69999999999901,spawned_2,20.0,0,137.6587200000049,False,137.6587200000049,False,,False,137.6587200000049,True,camera,vehicle,False,,False,0.0
92.799999999999,spawned_2,20.0,0,137.6587200000049,False,137.6587200000049,False,,False,137.6587200000049,True,camera,vehicle,False,,False,0.0
92.899999999999,spawned_2,20.0,0,137.6587200000049,False,137.6587200000049,False,,False,137.6587200000049,True,camera,vehicle,False,,False,0.0
92.99999999999899,spawned_2,20.0,0,137.6587200000049,False,137.6587200000049,False,,False,137.6587200000049,True,camera,vehicle,False,,False,0.0
93.09999999999899,spawned_2,20.0,0,137.6587200000049,False,137.6587200000049,False,,False,137.6587200000049,True,camera,vehicle,False,,False,0.0
93.19999999999898,spawned_2,20.0,0,137.6587200000049,False,137.6587200000049,False,,False,137.6587200000049,True,camera,vehicle,False,,False,0.0
93.29999999999897,spawned_2,20.0,0,137.6587200000049,False,137.6587200000049,False,,False,137.6587200000049,True,camera,vehicle,False,,False,0.0
93.39999999999897,spawned_2,20.0,0,137.6587200000049,False,137.6587200000049,False,,False,137.6587200000049,True,camera,vehicle,False,,False,0.0
93.49999999999896,spawned_2,20.0,0,137.6587200000049,False,137.6587200000049,False,,False,137.6587200000049,True,camera,vehicle,False,,False,0.0
93.59999999999896,spawned_2,20.0,0,137.6587200000049,False,137.6587200000049,False,,False,137.6587200000049,True,camera,vehicle,False,,False,0.0
93.69999999999895,spawned_2,20.0,0,137.6587200000049,False,137.6587200000049,False,,False,137.6587200000049,True,camera,vehicle,False,,False,0.0
93.79999999999895,spawned_2,20.0,0,137.6587200000049,False,137.6587200000049,False,,False,137.6587200000049,True,camera,vehicle,False,,False,0.0
93.89999999999894,spawned_2,20.0,0,137.6587200000049,False,137.6587200000049,False,,False,137.6587200000049,True,camera,vehicle,False,,False,0.0
93.99999999999893,spawned_2,20.0,0,137.6587200000049,False,137.6587200000049,False,,False,137.6587200000049,True,camera,vehicle,False,,False,0.0
94.09999999999893,spawned_2,20.0,0,137.6587200000049,False,137.6587200000049,False,,False,137.6587200000049,True,camera,vehicle,False,,False,0.0
94.19999999999892,spawned_2,20.0,0,137.6587200000049,False,137.6587200000049,False,,False,137.6587200000049,True,camera,vehicle,False,,False,0.0
94.29999999999892,spawned_2,20.0,0,137.6587200000049,False,137.6587200000049,False,,False,137.6587200000049,True,camera,vehicle,False,,False,0.0
94.39999999999891,spawned_2,20.0,0,137.6587200000049,False,137.6587200000049,False,,False,137.6587200000049,True,camera,vehicle,False,,False,0.0
94.4999999999989,spawned_2,20.0,0,137.6587200000049,False,137.6587200000049,False,,False,137.6587200000049,True,camera,vehicle,False,,False,0.0
94.5999999999989,spawned_2,20.0,0,137.6587200000049,False,137.6587200000049,False,,False,137.6587200000049,True,camera,vehicle,False,,False,0.0
94.6999999999989,spawned_2,20.0,0,137.6587200000049,False,137.6587200000049,False,,False,137.6587200000049,True,camera,vehicle,False,,False,0.0
94.79999999999889,spawned_2,20.0,0,137.6587200000049,False,137.6587200000049,False,,False,137.6587200000049,True,camera,vehicle,False,,False,0.0
94.89999999999888,spawned_2,20.0,0,137.6587200000049,False,137.6587200000049,False,,False,137.6587200000049,True,camera,vehicle,False,,False,0.0
94.99999999999888,spawned_2,20.0,0,137.6587200000049,False,137.6587200000049,False,,False,137.6587200000049,True,camera,vehicle,False,,False,0.0
95.09999999999887,spawned_2,20.0,0,137.6587200000049,False,137.6587200000049,False,,False,137.6587200000049,True,camera,vehicle,False,,False,0.0
95.19999999999887,spawned_2,20.0,0,137.6587200000049,False,137.6587200000049,False,,False,137.6587200000049,True,camera,vehicle,False,,False,0.0
95.29999999999886,spawned_2,20.0,0,137.6587200000049,False,137.6587200000049,False,,False,137.6587200000049,True,camera,vehicle,False,,False,0.0
95.39999999999885,spawned_2,20.0,0,137.6587200000049,False,137.6587200000049,False,,False,137.6587200000049,True,camera,vehicle,False,,False,0.0
95.49999999999885,spawned_2,20.0,0,137.6587200000049,False,137.6587200000049,False,,False,137.6587200000049,True,camera,vehicle,False,,False,0.0
95.59999999999884,spawned_2,20.0,0,137.6587200000049,False,137.6587200000049,False,,False,137.6587200000049,True,camera,vehicle,False,,False,0.0
95.69999999999884,spawned_2,20.0,0,137.6587200000049,False,137.6587200000049,False,,False,137.6587200000049,True,camera,vehicle,False,,False,0.0
95.79999999999883,spawned_2,20.0,0,137.6587200000049,False,137.6587200000049,False,,False,137.6587200000049,True,camera,vehicle,False,,False,0.0
95.89999999999883,spawned_2,20.0,0,137.6587200000049,False,137.6587200000049,False,,False,137.6587200000049,True,camera,vehicle,False,,False,0.0
95.99999999999882,spawned_2,20.0,0,137.6587200000049,False,137.6587200000049,False,,False,137.6587200000049,True,camera,vehicle,False,,False,0.0
96.09999999999881,spawned_2,20.0,0,137.6587200000049,False,137.6587200000049,False,,False,137.6587200000049,True,camera,vehicle,False,,False,0.0
96.19999999999881,spawned_2,20.0,0,137.6587200000049,False,137.6587200000049,False,,False,137.6587200000049,True,camera,vehicle,False,,False,0.0
96.2999999999988,spawned_2,20.0,0,137.6587200000049,False,137.6587200000049,False,,False,137.6587200000049,True,camera,vehicle,False,,False,0.0
96.3999999999988,spawned_2,20.0,0,137.6587200000049,False,137.6587200000049,False,,False,137.6587200000049,True,camera,vehicle,False,,False,0.0
96.49999999999879,spawned_2,20.0,0,137.6587200000049,False,137.6587200000049,False,,False,137.6587200000049,True,camera,vehicle,False,,False,0.0
96.59999999999879,spawned_2,20.0,0,137.6587200000049,False,137.6587200000049,False,,False,137.6587200000049,True,camera,vehicle,False,,False,0.0
96.69999999999878,spawned_2,20.0,0,137.6587200000049,False,137.6587200000049,False,,False,137.6587200000049,True,camera,vehicle,False,,False,0.0
96.79999999999878,spawned_2,20.0,0,137.6587200000049,False,137.6587200000049,False,,False,137.6587200000049,True,camera,vehicle,False,,False,0.0
96.89999999999877,spawned_2,20.0,0,137.6587200000049,False,137.6587200000049,False,,False,137.6587200000049,True,camera,vehicle,False,,False,0.0
96.99999999999876,spawned_2,20.0,0,137.6587200000049,False,137.6587200000049,False,,False,137.6587200000049,True,camera,vehicle,False,,False,0.0
97.09999999999876,spawned_2,20.0,0,137.6587200000049,False,137.6587200000049,False,,False,137.6587200000049,True,camera,vehicle,False,,False,0.0
97.19999999999875,spawned_2,20.0,0,137.6587200000049,False,137.6587200000049,False,,False,137.6587200000049,True,camera,vehicle,False,,False,0.0
97.29999999999875,spawned_2,20.0,0,137.6587200000049,False,137.6587200000049,False,,False,137.6587200000049,True,camera,vehicle,False,,False,0.0
97.39999999999874,spawned_2,20.0,0,137.6587200000049,False,137.6587200000049,False,,False,137.6587200000049,True,camera,vehicle,False,,False,0.0
97.49999999999874,spawned_2,20.0,0,137.6587200000049,False,137.6587200000049,False,,False,137.6587200000049,True,camera,vehicle,False,,False,0.0
97.59999999999873,spawned_2,20.0,0,137.6587200000049,False,137.6587200000049,False,,False,137.6587200000049,True,camera,vehicle,False,,False,0.0
97.69999999999872,spawned_2,20.0,0,137.6587200000049,False,137.6587200000049,False,,False,137.6587200000049,True,camera,vehicle,False,,False,0.0
97.79999999999872,spawned_2,20.0,0,137.6587200000049,False,137.6587200000049,False,,False,137.6587200000049,True,camera,vehicle,False,,False,0.0
97.89999999999871,spawned_2,20.0,0,137.6587200000049,False,137.6587200000049,False,,False,137.6587200000049,True,camera,vehicle,False,,False,0.0
97.9999999999987,spawned_2,20.0,0,137.6587200000049,False,137.6587200000049,False,,False,137.6587200000049,True,camera,vehicle,False,,False,0.0
98.0999999999987,spawned_2,20.0,0,137.6587200000049,False,137.6587200000049,False,,False,137.6587200000049,True,camera,vehicle,False,,False,0.0
98.1999999999987,spawned_2,20.0,0,137.6587200000049,False,137.6587200000049,False,,False,137.6587200000049,True,camera,vehicle,False,,False,0.0
98.29999999999869,spawned_2,20.0,0,137.6587200000049,False,137.6587200000049,False,,False,137.6587200000049,True,camera,vehicle,False,,False,0.0
98.39999999999868,spawned_2,20.0,0,137.6587200000049,False,137.6587200000049,False,,False,137.6587200000049,True,camera,vehicle,False,,False,0.0
98.49999999999868,spawned_2,20.0,0,137.6587200000049,False,137.6587200000049,False,,False,137.6587200000049,True,camera,vehicle,False,,False,0.0
98.59999999999867,spawned_2,20.0,0,137.6587200000049,False,137.6587200000049,False,,False,137.6587200000049,True,camera,vehicle,False,,False,0.0
98.69999999999867,spawned_2,20.0,0,137.6587200000049,False,137.6587200000049,False,,False,137.6587200000049,True,camera,vehicle,False,,False,0.0
98.79999999999866,spawned_2,20.0,0,137.6587200000049,False,137.6587200000049,False,,False,137.6587200000049,True,camera,vehicle,False,,False,0.0
98.89999999999866,spawned_2,20.0,0,137.6587200000049,False,137.6587200000049,False,,False,137.6587200000049,True,camera,vehicle,False,,False,0.0
98.99999999999865,spawned_2,20.0,0,137.6587200000049,False,137.6587200000049,False,,False,137.6587200000049,True,camera,vehicle,False,,False,0.0
99.09999999999864,spawned_2,20.0,0,137.6587200000049,False,137.6587200000049,False,,False,137.6587200000049,True,camera,vehicle,False,,False,0.0
99.19999999999864,spawned_2,20.0,0,137.6587200000049,False,137.6587200000049,False,,False,137.6587200000049,True,camera,vehicle,False,,False,0.0
99.29999999999863,spawned_2,20.0,0,137.6587200000049,False,137.6587200000049,False,,False,137.6587200000049,True,camera,vehicle,False,,False,0.0
99.39999999999863,spawned_2,20.0,0,137.6587200000049,False,137.6587200000049,False,,False,137.6587200000049,True,camera,vehicle,False,,False,0.0
99.49999999999862,spawned_2,20.0,0,137.6587200000049,False,137.6587200000049,False,,False,137.6587200000049,True,camera,vehicle,False,,False,0.0
99.59999999999862,spawned_2,20.0,0,137.6587200000049,False,137.6587200000049,False,,False,137.6587200000049,True,camera,vehicle,False,,False,0.0
99.69999999999861,spawned_2,20.0,0,137.6587200000049,False,137.6587200000049,False,,False,137.6587200000049,True,camera,vehicle,False,,False,0.0
99.7999999999986,spawned_2,20.0,0,137.6587200000049,False,137.6587200000049,False,,False,137.6587200000049,True,camera,vehicle,False,,False,0.0
99.8999999999986,spawned_2,20.0,0,137.6587200000049,False,137.6587200000049,False,,False,137.6587200000049,True,camera,vehicle,False,,False,0.0
99.9999999999986,spawned_2,20.0,0,137.6587200000049,False,137.6587200000049,False,,False,137.6587200000049,True,camera,vehicle,False,,False,0.0
100.09999999999859,spawned_2,20.0,0,137.6587200000049,False,137.6587200000049,False,,False,137.6587200000049,True,camera,vehicle,False,,False,0.0
100.19999999999858,spawned_2,20.0,0,137.6587200000049,False,137.6587200000049,False,,False,137.6587200000049,True,camera,vehicle,False,,False,0.0
100.29999999999858,spawned_2,20.0,0,137.6587200000049,False,137.6587200000049,False,,False,137.6587200000049,True,camera,vehicle,False,,False,0.0
100.39999999999857,spawned_2,20.0,0,137.6587200000049,False,137.6587200000049,False,,False,137.6587200000049,True,camera,vehicle,False,,False,0.0
100.49999999999856,spawned_2,20.0,0,137.6587200000049,False,137.6587200000049,False,,False,137.6587200000049,True,camera,vehicle,False,,False,0.0
100.59999999999856,spawned_2,20.0,0,137.6587200000049,False,137.6587200000049,False,,False,137.6587200000049,True,camera,vehicle,False,,False,0.0
100.69999999999855,spawned_2,20.0,0,137.6587200000049,False,137.6587200000049,False,,False,137.6587200000049,True,camera,vehicle,False,,False,0.0
100.79999999999855,spawned_2,20.0,0,137.6587200000049,False,137.6587200000049,False,,False,137.6587200000049,True,camera,vehicle,False,,False,0.0
100.89999999999854,spawned_2,20.0,0,137.6587200000049,False,137.6587200000049,False,,False,137.6587200000049,True,camera,vehicle,False,,False,0.0
100.99999999999854,spawned_2,20.0,0,137.6587200000049,False,137.6587200000049,False,,False,137.6587200000049,True,camera,vehicle,False,,False,0.0
101.09999999999853,spawned_2,20.0,0,137.6587200000049,False,137.6587200000049,False,,False,137.6587200000049,True,camera,vehicle,False,,False,0.0
101.19999999999852,spawned_2,20.0,0,137.6587200000049,False,137.6587200000049,False,,False,137.6587200000049,True,camera,vehicle,False,,False,0.0
101.29999999999852,spawned_2,20.0,0,137.6587200000049,False,137.6587200000049,False,,False,137.6587200000049,True,camera,vehicle,False,,False,0.0
101.39999999999851,spawned_2,20.0,0,137.6587200000049,False,137.6587200000049,False,,False,137.6587200000049,True,camera,vehicle,False,,False,0.0
101.49999999999851,spawned_2,20.0,0,137.6587200000049,False,137.6587200000049,False,,False,137.6587200000049,True,camera,vehicle,False,,False,0.0
101.5999999999985,spawned_2,20.0,0,137.6587200000049,False,137.6587200000049,False,,False,137.6587200000049,True,camera,vehicle,False,,False,0.0
101.6999999999985,spawned_2,20.0,0,137.6587200000049,False,137.6587200000049,False,,False,137.6587200000049,True,camera,vehicle,False,,False,0.0
101.79999999999849,spawned_2,20.0,0,137.6587200000049,False,137.6587200000049,False,,False,137.6587200000049,True,camera,vehicle,False,,False,0.0
101.89999999999849,spawned_2,20.0,0,137.6587200000049,False,137.6587200000049,False,,False,137.6587200000049,True,camera,vehicle,False,,False,0.0
101.99999999999848,spawned_2,20.0,0,137.6587200000049,False,137.6587200000049,False,,False,137.6587200000049,True,camera,vehicle,False,,False,0.0
102.09999999999847,spawned_2,20.0,0,137.6587200000049,False,137.6587200000049,False,,False,137.6587200000049,True,camera,vehicle,False,,False,0.0
102.19999999999847,spawned_2,20.0,0,137.62622000000488,False,137.62622000000488,False,,False,137.62622000000488,True,camera,vehicle,False,,False,0.0
102.29999999999846,spawned_2,20.0,0,137.5287200000048,False,137.5287200000048,False,,False,137.5287200000048,True,camera,vehicle,False,,False,0.0
102.39999999999846,spawned_2,20.0,0,137.36622000000466,False,137.36622000000466,False,,False,137.36622000000466,True,camera,vehicle,False,,False,0.0
102.49999999999845,spawned_2,20.0,0,137.1387200000047,False,137.1387200000047,False,,False,137.1387200000047,True,camera,vehicle,False,,False,0.0
102.59999999999845,spawned_2,20.0,0,136.84622000000468,False,136.84622000000468,False,,False,136.84622000000468,True,camera,vehicle,False,,False,0.0
102.69999999999844,spawned_2,20.0,0,136.4887200000046,False,136.4887200000046,False,,False,136.4887200000046,True,camera,vehicle,False,,False,0.0
102.79999999999843,spawned_2,20.0,0,136.06622000000448,False,136.06622000000448,False,,False,136.06622000000448,True,camera,vehicle,False,,False,0.0
102.89999999999843,spawned_2,20.0,0,135.57872000000452,False,135.57872000000452,False,,False,135.57872000000452,True,camera,vehicle,False,,False,0.0
102.99999999999842,spawned_2,20.0,0,135.0262200000045,False,135.0262200000045,False,,False,135.0262200000045,True,camera,vehicle,False,,False,0.0
103.09999999999842,spawned_2,20.0,0,134.45122000000447,False,134.45122000000447,False,,False,134.45122000000447,True,camera,vehicle,False,,False,0.0
103.19999999999841,spawned_2,20.0,0,133.8962200000044,False,133.8962200000044,False,,False,133.8962200000044,True,camera,vehicle,False,,False,0.0
103.2999999999984,spawned_2,20.0,0,133.36122000000432,False,133.36122000000432,False,,False,133.36122000000432,True,camera,vehicle,False,,False,0.0
103.3999999999984,spawned_2,20.0,0,132.84622000000422,False,132.84622000000422,False,,False,132.84622000000422,True,camera,vehicle,False,,False,0.0
103.4999999999984,spawned_2,20.0,0,132.3512200000041,False,132.3512200000041,False,,False,132.3512200000041,True,camera,vehicle,False,,False,0.0
103.59999999999839,spawned_2,20.0,0,131.87622000000397,False,131.87622000000397,False,,False,131.87622000000397,True,camera,vehicle,False,,False,0.0
103.69999999999838,spawned_2,20.0,0,131.42122000000404,False,131.42122000000404,False,,False,131.42122000000404,True,camera,vehicle,False,,False,0.0
103.79999999999838,spawned_2,20.0,0,132.0416784307546,False,132.0416784307546,False,,False,132.0416784307546,True,camera,traffic_light,False,,False,0.0
103.89999999999837,spawned_2,20.0,0,131.14759843075456,False,131.14759843075456,False,,False,131.14759843075456,True,camera,traffic_light,False,,False,0.0
103.99999999999837,spawned_2,20.0,0,130.25351843075453,False,130.25351843075453,False,,False,130.25351843075453,True,camera,traffic_light,False,,False,0.0
104.09999999999836,spawned_2,20.0,0,129.3594384307545,False,129.3594384307545,False,,False,129.3594384307545,True,camera,traffic_light,False,,False,0.0
104.19999999999835,spawned_2,20.0,0,128.46535843075446,False,128.46535843075446,False,,False,128.46535843075446,True,camera,traffic_light,False,,False,0.0
104.29999999999835,spawned_2,20.0,0,127.57127843075443,False,127.57127843075443,False,,False,127.57127843075443,True,camera,traffic_light,False,,False,0.0
104.39999999999834,spawned_2,20.0,0,126.6771984307544,False,126.6771984307544,False,,False,126.6771984307544,True,camera,traffic_light,False,,False,0.0
104.49999999999834,spawned_2,20.0,0,125.78311843075437,False,125.78311843075437,False,,False,125.78311843075437,True,camera,traffic_light,False,,False,0.0
104.59999999999833,spawned_2,20.0,0,124.88903843075434,False,124.88903843075434,False,,False,124.88903843075434,True,camera,traffic_light,False,,False,0.0
104.69999999999833,spawned_2,20.0,0,123.99495843075431,False,123.99495843075431,False,,False,123.99495843075431,True,camera,traffic_light,False,,False,0.0
104.79999999999832,spawned_2,20.0,0,123.10087843075428,False,123.10087843075428,False,,False,123.10087843075428,True,camera,traffic_light,False,,False,0.0
104.89999999999831,spawned_2,20.0,0,122.20679843075425,False,122.20679843075425,False,,False,122.20679843075425,True,camera,traffic_light,False,,False,0.0
104.99999999999831,spawned_2,20.0,0,121.31271843075422,False,121.31271843075422,False,,False,121.31271843075422,True,camera,traffic_light,False,,False,0.0
105.0999999999983,spawned_2,20.0,0,120.41863843075419,False,120.41863843075419,False,,False,120.41863843075419,True,camera,traffic_light,False,,False,0.0
105.1999999999983,spawned_2,20.0,0,119.52455843075415,False,119.52455843075415,False,,False,119.52455843075415,True,camera,traffic_light,False,,False,0.0
105.29999999999829,spawned_2,20.0,0,118.63047843075412,False,118.63047843075412,False,,False,118.63047843075412,True,camera,traffic_light,False,,False,0.0
105.39999999999829,spawned_2,20.0,0,117.7363984307541,False,117.7363984307541,False,,False,117.7363984307541,True,camera,traffic_light,False,,False,0.0
105.49999999999828,spawned_2,20.0,0,116.84231843075406,False,116.84231843075406,False,,False,116.84231843075406,True,camera,traffic_light,False,,False,0.0
105.59999999999827,spawned_2,20.0,0,115.94823843075403,False,115.94823843075403,False,,False,115.94823843075403,True,camera,traffic_light,False,,False,0.0
105.69999999999827,spawned_2,20.0,0,115.054158430754,False,115.054158430754,False,,False,115.054158430754,True,camera,traffic_light,False,,False,0.0
105.79999999999826,spawned_2,20.0,0,114.16007843075397,False,114.16007843075397,False,,False,114.16007843075397,True,camera,traffic_light,False,,False,0.0
105.89999999999826,spawned_2,20.0,0,113.26599843075394,False,113.26599843075394,False,,False,113.26599843075394,True,camera,traffic_light,False,,False,0.0
105.99999999999825,spawned_2,20.0,0,112.37191843075391,False,112.37191843075391,False,,False,112.37191843075391,True,camera,traffic_light,False,,False,0.0
106.09999999999825,spawned_2,20.0,0,111.47783843075388,False,111.47783843075388,False,,False,111.47783843075388,True,camera,traffic_light,False,,False,0.0
106.19999999999824,spawned_2,20.0,0,110.58375843075385,False,110.58375843075385,False,,False,110.58375843075385,True,camera,traffic_light,False,,False,0.0
106.29999999999824,spawned_2,20.0,0,109.68967843075382,False,109.68967843075382,False,,False,109.68967843075382,True,camera,traffic_light,False,,False,0.0
106.39999999999823,spawned_2,20.0,0,108.79559843075378,False,108.79559843075378,False,,False,108.79559843075378,True,camera,traffic_light,False,,False,0.0
106.49999999999822,spawned_2,20.0,0,107.90151843075375,False,107.90151843075375,False,,False,107.90151843075375,True,camera,traffic_light,False,,False,0.0
106.59999999999822,spawned_2,20.0,0,107.00743843075372,False,107.00743843075372,False,,False,107.00743843075372,True,camera,traffic_light,False,,False,0.0
106.69999999999821,spawned_2,20.0,0,106.11335843075369,False,106.11335843075369,False,,False,106.11335843075369,True,camera,traffic_light,False,,False,0.0
106.7999999999982,spawned_2,20.0,0,105.21927843075366,False,105.21927843075366,False,,False,105.21927843075366,True,camera,traffic_light,False,,False,0.0
106.8999999999982,spawned_2,20.0,0,104.32519843075363,False,104.32519843075363,False,,False,104.32519843075363,True,camera,traffic_light,False,,False,0.0
106.9999999999982,spawned_2,20.0,0,103.4311184307536,False,103.4311184307536,False,,False,103.4311184307536,True,camera,traffic_light,False,,False,0.0
107.09999999999819,spawned_2,20.0,0,102.53703843075357,False,102.53703843075357,False,,False,102.53703843075357,True,camera,traffic_light,False,,False,0.0
107.19999999999818,spawned_2,20.0,0,101.64295843075354,False,101.64295843075354,False,,False,101.64295843075354,True,camera,traffic_light,False,,False,0.0
107.29999999999818,spawned_2,20.0,0,100.7488784307535,False,100.7488784307535,False,,False,100.7488784307535,True,camera,traffic_light,False,,False,0.0
107.39999999999817,spawned_2,20.0,0,99.85479843075348,False,99.85479843075348,False,,False,99.85479843075348,True,camera,traffic_light,False,,False,0.0
107.49999999999817,spawned_2,20.0,0,98.96071843075345,False,98.96071843075345,False,,False,98.96071843075345,True,camera,traffic_light,False,,False,0.0
107.59999999999816,spawned_2,20.0,0,98.06663843075341,False,98.06663843075341,False,,False,98.06663843075341,True,camera,traffic_light,False,,False,0.0
107.69999999999816,spawned_2,20.0,0,97.17255843075338,False,97.17255843075338,False,,False,97.17255843075338,True,camera,traffic_light,False,,False,0.0
107.79999999999815,spawned_2,20.0,0,96.27847843075335,False,96.27847843075335,False,,False,96.27847843075335,True,camera,traffic_light,False,,False,0.0
107.89999999999814,spawned_2,20.0,0,95.38439843075332,False,95.38439843075332,False,,False,95.38439843075332,True,camera,traffic_light,False,,False,0.0
107.99999999999814,spawned_2,20.0,0,94.49031843075329,False,94.49031843075329,False,,False,94.49031843075329,True,camera,traffic_light,False,,False,0.0
108.09999999999813,spawned_2,20.0,0,93.59623843075326,False,93.59623843075326,False,,False,93.59623843075326,True,camera,traffic_light,False,,False,0.0
108.19999999999813,spawned_2,20.0,0,92.70215843075323,False,92.70215843075323,False,,False,92.70215843075323,True,camera,traffic_light,False,,False,0.0
108.29999999999812,spawned_2,20.0,0,91.8080784307532,False,91.8080784307532,False,,False,91.8080784307532,True,camera,traffic_light,False,,False,0.0
108.39999999999812,spawned_2,20.0,0,90.91399843075317,False,90.91399843075317,False,,False,90.91399843075317,True,camera,traffic_light,False,,False,0.0
108.49999999999811,spawned_2,20.0,0,90.01991843075314,False,90.01991843075314,False,,False,90.01991843075314,True,camera,traffic_light,False,,False,0.0
108.5999999999981,spawned_2,20.0,0,89.1258384307531,False,89.1258384307531,False,,False,89.1258384307531,True,camera,traffic_light,False,,False,0.0
108.6999999999981,spawned_2,20.0,0,88.23175843075308,False,88.23175843075308,False,,False,88.23175843075308,True,camera,traffic_light,False,,False,0.0
108.7999999999981,spawned_2,20.0,0,87.33767843075304,False,87.33767843075304,False,,False,87.33767843075304,True,camera,traffic_light,False,,False,0.0
108.89999999999809,spawned_2,20.0,0,86.44359843075301,False,86.44359843075301,False,,False,86.44359843075301,True,camera,traffic_light,False,,False,0.0
108.99999999999808,spawned_2,20.0,0,85.54951843075298,False,85.54951843075298,False,,False,85.54951843075298,True,camera,traffic_light,False,,False,0.0
109.09999999999808,spawned_2,20.0,0,84.65543843075295,False,84.65543843075295,False,,False,84.65543843075295,True,camera,traffic_light,False,,False,0.0
109.19999999999807,spawned_2,20.0,0,83.76135843075292,False,83.76135843075292,False,,False,83.76135843075292,True,camera,traffic_light,False,,False,0.0
109.29999999999806,spawned_2,20.0,0,82.86727843075289,False,82.86727843075289,False,,False,82.86727843075289,True,camera,traffic_light,False,,False,0.0
109.39999999999806,spawned_2,20.0,0,81.97319843075286,False,81.97319843075286,False,,False,81.97319843075286,True,camera,traffic_light,False,,False,0.0
109.49999999999805,spawned_2,20.0,0,81.07911843075283,False,81.07911843075283,False,,False,81.07911843075283,True,camera,traffic_light,False,,False,0.0
109.59999999999805,spawned_2,20.0,0,80.1850384307528,False,80.1850384307528,False,,False,80.1850384307528,True,camera,traffic_light,False,,False,0.0
109.69999999999804,spawned_2,20.0,0,79.29095843075277,False,79.29095843075277,False,79.29095843075277,False,79.29095843075277,True,camera,traffic_light,False,,False,0.0
109.79999999999804,spawned_2,20.0,0,78.39687843075274,False,78.39687843075274,False,78.39687843075274,False,78.39687843075274,True,camera,traffic_light,False,,False,0.0
109.89999999999803,spawned_2,20.0,0,77.5027984307527,False,77.5027984307527,False,77.5027984307527,False,77.5027984307527,True,camera,traffic_light,False,,False,0.0
109.99999999999802,spawned_2,20.0,0,76.60871843075267,False,76.60871843075267,False,76.60871843075267,False,76.60871843075267,True,camera,traffic_light,False,,False,0.0
110.09999999999802,spawned_2,20.0,0,75.71463843075264,False,75.71463843075264,False,75.71463843075264,False,75.71463843075264,True,camera,traffic_light,False,,False,0.0
110.19999999999801,spawned_2,20.0,0,74.82055843075261,False,74.82055843075261,False,74.82055843075261,False,74.82055843075261,True,camera,traffic_light,False,,False,0.0
110.29999999999801,spawned_2,20.0,0,73.92647843075258,False,73.92647843075258,False,73.92647843075258,False,73.92647843075258,True,camera,traffic_light,False,,False,0.0
110.399999999998,spawned_2,20.0,0,73.03239843075255,False,73.03239843075255,False,73.03239843075255,False,73.03239843075255,True,camera,traffic_light,False,,False,0.0
110.499999999998,spawned_2,20.0,0,72.13831843075252,False,72.13831843075252,False,72.13831843075252,False,72.13831843075252,True,camera,traffic_light,False,,False,0.0
110.59999999999799,spawned_2,20.0,0,71.24423843075249,False,71.24423843075249,False,71.24423843075249,False,71.24423843075249,True,camera,traffic_light,False,,False,0.0
110.69999999999798,spawned_2,20.0,0,70.35015843075246,False,70.35015843075246,False,70.35015843075246,False,70.35015843075246,True,camera,traffic_light,False,,False,0.0
110.79999999999798,spawned_2,20.0,0,69.45607843075243,False,69.45607843075243,False,69.45607843075243,False,69.45607843075243,True,camera,traffic_light,False,,False,0.0
110.89999999999797,spawned_2,20.0,0,68.5619984307524,False,68.5619984307524,False,68.5619984307524,False,68.5619984307524,True,camera,traffic_light,False,,False,0.0
110.99999999999797,spawned_2,20.0,0,67.66791843075237,False,67.66791843075237,False,67.66791843075237,False,67.66791843075237,True,camera,traffic_light,False,,False,0.0
111.09999999999796,spawned_2,20.0,0,66.77383843075233,False,66.77383843075233,False,66.77383843075233,False,66.77383843075233,True,camera,traffic_light,False,,False,0.0
111.19999999999796,spawned_2,20.0,0,65.8797584307523,False,65.8797584307523,False,65.8797584307523,False,65.8797584307523,True,camera,traffic_light,False,,False,0.0
111.29999999999795,spawned_2,20.0,0,64.98567843075227,False,64.98567843075227,False,64.98567843075227,False,64.98567843075227,True,camera,traffic_light,False,,False,0.0
111.39999999999795,spawned_2,20.0,0,64.09159843075224,False,64.09159843075224,False,64.09159843075224,False,64.09159843075224,True,camera,traffic_light,False,,False,0.0
111.49999999999794,spawned_2,20.0,0,63.19751843075221,False,63.19751843075221,False,63.19751843075221,False,63.19751843075221,True,camera,traffic_light,False,,False,0.0
111.59999999999793,spawned_2,20.0,0,62.30343843075218,False,62.30343843075218,False,62.30343843075218,False,62.30343843075218,True,camera,traffic_light,False,,False,0.0
111.69999999999793,spawned_2,20.0,0,61.40935843075215,False,61.40935843075215,False,61.40935843075215,False,61.40935843075215,True,camera,traffic_light,False,,False,0.0
111.79999999999792,spawned_2,20.0,0,60.51527843075212,False,60.51527843075212,False,60.51527843075212,False,60.51527843075212,True,camera,traffic_light,False,,False,0.0
111.89999999999792,spawned_2,20.0,0,59.62119843075209,False,59.62119843075209,False,59.62119843075209,False,59.62119843075209,True,camera,traffic_light,False,,False,0.0
111.99999999999791,spawned_2,20.0,0,58.72711843075206,False,58.72711843075206,False,58.72711843075206,False,58.72711843075206,True,camera,traffic_light,False,,False,0.0
112.0999999999979,spawned_2,20.0,0,56.333038430752026,False,56.333038430752026,False,56.333038430752026,False,56.333038430752026,True,camera,vehicle,False,,False,0.0
112.1999999999979,spawned_2,20.0,0,56.33303843075191,False,56.33303843075191,False,56.33303843075191,False,56.33303843075191,True,camera,vehicle,False,,False,0.0
112.2999999999979,spawned_2,20.0,0,56.3330384307518,False,56.3330384307518,False,56.3330384307518,False,56.3330384307518,True,camera,vehicle,False,,False,0.0
112.39999999999789,spawned_2,20.0,0,56.3330384307518,False,56.3330384307518,False,56.3330384307518,False,56.3330384307518,True,camera,vehicle,False,,False,0.0
112.49999999999788,spawned_2,20.0,0,56.3330384307518,False,56.3330384307518,False,56.3330384307518,False,56.3330384307518,True,camera,vehicle,False,,False,0.0
112.59999999999788,spawned_2,20.0,0,56.333038430751685,False,56.333038430751685,False,56.333038430751685,False,56.333038430751685,True,camera,vehicle,False,,False,0.0
112.69999999999787,spawned_2,20.0,0,56.33303843075157,False,56.33303843075157,False,56.33303843075157,False,56.33303843075157,True,camera,vehicle,False,,False,0.0
112.79999999999787,spawned_2,20.0,0,56.33303843075157,False,56.33303843075157,False,56.33303843075157,False,56.33303843075157,True,camera,vehicle,False,,False,0.0
112.89999999999786,spawned_2,20.0,0,56.33303843075157,False,56.33303843075157,False,56.33303843075157,False,56.33303843075157,True,camera,vehicle,False,,False,0.0
112.99999999999785,spawned_2,20.0,0,56.33303843075146,False,56.33303843075146,False,56.33303843075146,False,56.33303843075146,True,camera,vehicle,False,,False,0.0
113.09999999999785,spawned_2,20.0,0,56.333038430751344,False,56.333038430751344,False,56.333038430751344,False,56.333038430751344,True,camera,vehicle,False,,False,0.0
113.19999999999784,spawned_2,20.0,0,56.333038430751344,False,56.333038430751344,False,56.333038430751344,False,56.333038430751344,True,camera,vehicle,False,,False,0.0
113.29999999999784,spawned_2,20.0,0,56.333038430751344,False,56.333038430751344,False,56.333038430751344,False,56.333038430751344,True,camera,vehicle,False,,False,0.0
113.39999999999783,spawned_2,20.0,0,56.33303843075123,False,56.33303843075123,False,56.33303843075123,False,56.33303843075123,True,camera,vehicle,False,,False,0.0
113.49999999999783,spawned_2,20.0,0,56.33303843075112,False,56.33303843075112,False,56.33303843075112,False,56.33303843075112,True,camera,vehicle,False,,False,0.0
113.59999999999782,spawned_2,20.0,0,56.33303843075112,False,56.33303843075112,False,56.33303843075112,False,56.33303843075112,True,camera,vehicle,False,,False,0.0
113.69999999999781,spawned_2,20.0,0,56.33303843075112,False,56.33303843075112,False,56.33303843075112,False,56.33303843075112,True,camera,vehicle,False,,False,0.0
113.79999999999781,spawned_2,20.0,0,56.333038430751,False,56.333038430751,False,56.333038430751,False,56.333038430751,True,camera,vehicle,False,,False,0.0
113.8999999999978,spawned_2,20.0,0,56.33303843075089,False,56.33303843075089,False,56.33303843075089,False,56.33303843075089,True,camera,vehicle,False,,False,0.0
113.9999999999978,spawned_2,20.0,0,56.33303843075089,False,56.33303843075089,False,56.33303843075089,False,56.33303843075089,True,camera,vehicle,False,,False,0.0
114.09999999999779,spawned_2,20.0,0,56.33303843075089,False,56.33303843075089,False,56.33303843075089,False,56.33303843075089,True,camera,vehicle,False,,False,0.0
114.19999999999779,spawned_2,20.0,0,56.333038430750776,False,56.333038430750776,False,56.333038430750776,False,56.333038430750776,True,camera,vehicle,False,,False,0.0
114.29999999999778,spawned_2,20.0,0,56.33303843075066,False,56.33303843075066,False,56.33303843075066,False,56.33303843075066,True,camera,vehicle,False,,False,0.0
114.39999999999777,spawned_2,20.0,0,56.33303843075066,False,56.33303843075066,False,56.33303843075066,False,56.33303843075066,True,camera,vehicle,False,,False,0.0
114.49999999999777,spawned_2,20.0,0,56.33303843075066,False,56.33303843075066,False,56.33303843075066,False,56.33303843075066,True,camera,vehicle,False,,False,0.0
114.59999999999776,spawned_2,20.0,0,56.33303843075055,False,56.33303843075055,False,56.33303843075055,False,56.33303843075055,True,camera,vehicle,False,,False,0.0
114.69999999999776,spawned_2,20.0,0,56.333038430750435,False,56.333038430750435,False,56.333038430750435,False,56.333038430750435,True,camera,vehicle,False,,False,0.0
114.79999999999775,spawned_2,20.0,0,56.333038430750435,False,56.333038430750435,False,56.333038430750435,False,56.333038430750435,True,camera,vehicle,False,,False,0.0
114.89999999999775,spawned_2,20.0,0,56.333038430750435,False,56.333038430750435,False,56.333038430750435,False,56.333038430750435,True,camera,vehicle,False,,False,0.0
114.99999999999774,spawned_2,20.0,0,56.333038430750435,False,56.333038430750435,False,56.333038430750435,False,56.333038430750435,True,camera,vehicle,False,,False,0.0
115.09999999999773,spawned_2,20.0,0,56.333038430750435,False,56.333038430750435,False,56.333038430750435,False,56.333038430750435,True,camera,vehicle,False,,False,0.0
115.19999999999773,spawned_2,20.0,0,56.333038430750435,False,56.333038430750435,False,56.333038430750435,False,56.333038430750435,True,camera,vehicle,False,,False,0.0
115.29999999999772,spawned_2,20.0,0,56.333038430750435,False,56.333038430750435,False,56.333038430750435,False,56.333038430750435,True,camera,vehicle,False,,False,0.0
115.39999999999772,spawned_2,20.0,0,56.333038430750435,False,56.333038430750435,False,56.333038430750435,False,56.333038430750435,True,camera,vehicle,False,,False,0.0
115.49999999999771,spawned_2,20.0,0,56.333038430750435,False,56.333038430750435,False,56.333038430750435,False,56.333038430750435,True,camera,vehicle,False,,False,0.0
115.5999999999977,spawned_2,20.0,0,56.333038430750435,False,56.333038430750435,False,56.333038430750435,False,56.333038430750435,True,camera,vehicle,False,,False,0.0
115.6999999999977,spawned_2,20.0,0,56.333038430750435,False,56.333038430750435,False,56.333038430750435,False,56.333038430750435,True,camera,vehicle,False,,False,0.0
115.7999999999977,spawned_2,20.0,0,56.333038430750435,False,56.333038430750435,False,56.333038430750435,False,56.333038430750435,True,camera,vehicle,False,,False,0.0
115.89999999999769,spawned_2,20.0,0,56.333038430750435,False,56.333038430750435,False,56.333038430750435,False,56.333038430750435,True,camera,vehicle,False,,False,0.0
115.99999999999768,spawned_2,20.0,0,56.333038430750435,False,56.333038430750435,False,56.333038430750435,False,56.333038430750435,True,camera,vehicle,False,,False,0.0
116.09999999999768,spawned_2,20.0,0,56.333038430750435,False,56.333038430750435,False,56.333038430750435,False,56.333038430750435,True,camera,vehicle,False,,False,0.0
116.19999999999767,spawned_2,20.0,0,56.333038430750435,False,56.333038430750435,False,56.333038430750435,False,56.333038430750435,True,camera,vehicle,False,,False,0.0
116.29999999999767,spawned_2,20.0,0,56.333038430750435,False,56.333038430750435,False,56.333038430750435,False,56.333038430750435,True,camera,vehicle,False,,False,0.0
116.39999999999766,spawned_2,20.0,0,56.333038430750435,False,56.333038430750435,False,56.333038430750435,False,56.333038430750435,True,camera,vehicle,False,,False,0.0
116.49999999999766,spawned_2,20.0,0,56.333038430750435,False,56.333038430750435,False,56.333038430750435,False,56.333038430750435,True,camera,vehicle,False,,False,0.0
116.59999999999765,spawned_2,20.0,0,56.333038430750435,False,56.333038430750435,False,56.333038430750435,False,56.333038430750435,True,camera,vehicle,False,,False,0.0
116.69999999999764,spawned_2,20.0,0,56.333038430750435,False,56.333038430750435,False,56.333038430750435,False,56.333038430750435,True,camera,vehicle,False,,False,0.0
116.79999999999764,spawned_2,20.0,0,56.333038430750435,False,56.333038430750435,False,56.333038430750435,False,56.333038430750435,True,camera,vehicle,False,,False,0.0
116.89999999999763,spawned_2,20.0,0,56.333038430750435,False,56.333038430750435,False,56.333038430750435,False,56.333038430750435,True,camera,vehicle,False,,False,0.0
116.99999999999763,spawned_2,20.0,0,56.333038430750435,False,56.333038430750435,False,56.333038430750435,False,56.333038430750435,True,camera,vehicle,False,,False,0.0
117.09999999999762,spawned_2,20.0,0,56.333038430750435,False,56.333038430750435,False,56.333038430750435,False,56.333038430750435,True,camera,vehicle,False,,False,0.0
117.19999999999762,spawned_2,20.0,0,56.333038430750435,False,56.333038430750435,False,56.333038430750435,False,56.333038430750435,True,camera,vehicle,False,,False,0.0
117.29999999999761,spawned_2,20.0,0,56.333038430750435,False,56.333038430750435,False,56.333038430750435,False,56.333038430750435,True,camera,vehicle,False,,False,0.0
117.3999999999976,spawned_2,20.0,0,56.333038430750435,False,56.333038430750435,False,56.333038430750435,False,56.333038430750435,True,camera,vehicle,False,,False,0.0
117.4999999999976,spawned_2,20.0,0,56.333038430750435,False,56.333038430750435,False,56.333038430750435,False,56.333038430750435,True,camera,vehicle,False,,False,0.0
117.59999999999759,spawned_2,20.0,0,56.333038430750435,False,56.333038430750435,False,56.333038430750435,False,56.333038430750435,True,camera,vehicle,False,,False,0.0
117.69999999999759,spawned_2,20.0,0,56.333038430750435,False,56.333038430750435,False,56.333038430750435,False,56.333038430750435,True,camera,vehicle,False,,False,0.0
117.79999999999758,spawned_2,20.0,0,56.333038430750435,False,56.333038430750435,False,56.333038430750435,False,56.333038430750435,True,camera,vehicle,False,,False,0.0
117.89999999999758,spawned_2,20.0,0,56.333038430750435,False,56.333038430750435,False,56.333038430750435,False,56.333038430750435,True,camera,vehicle,False,,False,0.0
117.99999999999757,spawned_2,20.0,0,56.333038430750435,False,56.333038430750435,False,56.333038430750435,False,56.333038430750435,True,camera,vehicle,False,,False,0.0
118.09999999999756,spawned_2,20.0,0,4.188238430750175,False,4.188238430750175,False,4.188238430750175,False,4.188238430750175,True,camera,traffic_light,False,,False,0.0
118.19999999999756,spawned_2,18.545991410164635,0,3.3266584307501716,False,3.3266584307501716,False,3.3266584307501716,False,3.3266584307501716,True,camera,traffic_light,False,,False,0.0
118.29999999999755,spawned_2,17.091982820329275,0,2.5300784307502227,False,2.5300784307502227,False,2.5300784307502227,False,2.5300784307502227,True,camera,traffic_light,False,,False,0.0
118.39999999999755,spawned_2,15.637974230493912,0,1.7984984307503282,False,1.7984984307503282,False,1.7984984307503282,False,1.7984984307503282,True,camera,traffic_light,False,,False,0.0
118.49999999999754,spawned_2,14.183965640658549,0,1.131918430750261,False,1.131918430750261,False,1.131918430750261,False,1.131918430750261,True,camera,traffic_light,False,,False,0.0
118.59999999999754,spawned_2,12.729957050823188,0,0.5303384307502483,False,0.5303384307502483,False,0.5303384307502483,False,0.5303384307502483,True,camera,traffic_light,False,,False,0.0
118.69999999999753,spawned_2,11.275948460987825,0,57.503038430750735,False,57.503038430750735,False,57.503038430750735,False,57.503038430750735,True,camera,vehicle,False,,False,0.0
118.79999999999752,spawned_2,11.723335719398706,0,57.883038430750844,False,57.883038430750844,False,57.883038430750844,False,57.883038430750844,True,camera,vehicle,False,,False,0.0
118.89999999999752,spawned_2,12.170722977809588,0,58.24303843075097,False,58.24303843075097,False,58.24303843075097,False,58.24303843075097,True,camera,vehicle,False,,False,0.0
118.99999999999751,spawned_2,12.618110236220467,0,58.58303843075089,False,58.58303843075089,False,58.58303843075089,False,58.58303843075089,True,camera,vehicle,False,,False,0.0
119.09999999999751,spawned_2,13.065497494631348,0,58.903038430750826,False,58.903038430750826,False,58.903038430750826,False,58.903038430750826,True,camera,vehicle,False,,False,0.0
119.1999999999975,spawned_2,13.51288475304223,0,59.20303843075078,False,59.20303843075078,False,59.20303843075078,False,59.20303843075078,True,camera,vehicle,False,,False,0.0
48.00000000000041,spawned_3,20.0,0,113.74727343505441,False,113.74727343505441,False,,False,113.74727343505441,True,camera,vehicle,False,,False,0.0
48.10000000000041,spawned_3,20.0,0,113.75147531346931,False,113.75147531346931,False,,False,113.75147531346931,True,camera,vehicle,False,,False,0.0
48.200000000000415,spawned_3,20.0,0,113.75549352591571,False,113.75549352591571,False,,False,113.75549352591571,True,camera,vehicle,False,,False,0.0
48.300000000000416,spawned_3,20.0,0,113.7593361488997,False,113.7593361488997,False,,False,113.7593361488997,True,camera,vehicle,False,,False,0.0
48.40000000000042,spawned_3,20.0,0,113.76301089952057,False,113.76301089952057,False,,False,113.76301089952057,True,camera,vehicle,False,,False,0.0
48.50000000000042,spawned_3,20.0,0,113.76652515183366,False,113.76652515183366,False,,False,113.76652515183366,True,camera,vehicle,False,,False,0.0
48.60000000000042,spawned_3,20.0,0,113.76988595243716,False,113.76988595243716,False,,False,113.76988595243716,True,camera,vehicle,False,,False,0.0
48.70000000000042,spawned_3,20.0,0,113.77310003532193,False,113.77310003532193,False,,False,113.77310003532193,True,camera,vehicle,False,,False,0.0
48.80000000000042,spawned_3,20.0,0,113.77617383602177,False,113.77617383602177,False,,False,113.77617383602177,True,camera,vehicle,False,,False,0.0
48.900000000000425,spawned_3,20.0,0,113.77911350509942,False,113.77911350509942,False,,False,113.77911350509942,True,camera,vehicle,False,,False,0.0
49.000000000000426,spawned_3,20.0,0,113.78192492100032,False,113.78192492100032,False,,False,113.78192492100032,True,camera,vehicle,False,,False,0.0
49.10000000000043,spawned_3,20.0,0,113.78461370230718,False,113.78461370230718,False,,False,113.78461370230718,True,camera,vehicle,False,,False,0.0
49.20000000000043,spawned_3,20.0,0,113.78718521942363,False,113.78718521942363,False,,False,113.78718521942363,True,camera,vehicle,False,,False,0.0
49.30000000000043,spawned_3,20.0,0,113.7896446057157,False,113.7896446057157,False,,False,113.7896446057157,True,camera,vehicle,False,,False,0.0
49.40000000000043,spawned_3,20.0,0,113.7919967681375,False,113.7919967681375,False,,False,113.7919967681375,True,camera,vehicle,False,,False,0.0
49.50000000000043,spawned_3,20.0,0,113.79424639736658,False,113.79424639736658,False,,False,113.79424639736658,True,camera,vehicle,False,,False,0.0
49.600000000000435,spawned_3,20.0,0,113.79639797747251,False,113.79639797747251,False,,False,113.79639797747251,True,camera,vehicle,False,,False,0.0
49.700000000000436,spawned_3,20.0,0,113.7984557951412,False,113.7984557951412,False,,False,113.7984557951412,True,camera,vehicle,False,,False,0.0
49.80000000000044,spawned_3,20.0,0,113.80042394847663,False,113.80042394847663,False,,False,113.80042394847663,True,camera,vehicle,False,,False,0.0
49.90000000000044,spawned_3,20.0,0,113.80230635540022,False,113.80230635540022,False,,False,113.80230635540022,True,camera,vehicle,False,,False,0.0
50.00000000000044,spawned_3,20.0,0,113.80410676166701,False,113.80410676166701,False,,False,113.80410676166701,True,camera,vehicle,False,,False,0.0
50.10000000000044,spawned_3,20.0,0,113.805828748517,False,113.805828748517,False,,False,113.805828748517,True,camera,vehicle,False,,False,0.0
50.20000000000044,spawned_3,20.0,0,113.80747573997888,False,113.80747573997888,False,,False,113.80747573997888,True,camera,vehicle,False,,False,0.0
50.300000000000445,spawned_3,20.0,0,113.80905100984262,False,113.80905100984262,False,,False,113.80905100984262,True,camera,vehicle,False,,False,0.0
50.400000000000446,spawned_3,20.0,0,113.81055768831635,False,113.81055768831635,False,,False,113.81055768831635,True,camera,vehicle,False,,False,0.0
50.50000000000045,spawned_3,20.0,0,113.81199876838298,False,113.81199876838298,False,,False,113.81199876838298,True,camera,vehicle,False,,False,0.0
50.60000000000045,spawned_3,20.0,0,113.8133771118699,False,113.8133771118699,False,,False,113.8133771118699,True,camera,vehicle,False,,False,0.0
50.70000000000045,spawned_3,20.0,0,113.81469545524533,False,113.81469545524533,False,,False,113.81469545524533,True,camera,vehicle,False,,False,0.0
50.80000000000045,spawned_3,20.0,0,113.81595641515457,False,113.81595641515457,False,,False,113.81595641515457,True,camera,vehicle,False,,False,0.0
50.90000000000045,spawned_3,20.0,0,113.81716249370731,False,113.81716249370731,False,,False,113.81716249370731,True,camera,vehicle,False,,False,0.0
51.000000000000455,spawned_3,20.0,0,113.81831608352854,False,113.81831608352854,False,,False,113.81831608352854,True,camera,vehicle,False,,False,0.0
51.100000000000456,spawned_3,20.0,0,113.81941947258304,False,113.81941947258304,False,,False,113.81941947258304,True,camera,vehicle,False,,False,0.0
51.20000000000046,spawned_3,20.0,0,113.82047484878422,False,113.82047484878422,False,,False,113.82047484878422,True,camera,vehicle,False,,False,0.0
51.30000000000046,spawned_3,20.0,0,113.82148430439781,False,113.82148430439781,False,,False,113.82148430439781,True,camera,vehicle,False,,False,0.0
51.40000000000046,spawned_3,20.0,0,113.82244984024862,False,113.82244984024862,False,,False,113.82244984024862,True,camera,vehicle,False,,False,0.0
51.50000000000046,spawned_3,20.0,0,113.82337336974035,False,113.82337336974035,False,,False,113.82337336974035,True,camera,vehicle,False,,False,0.0
51.60000000000046,spawned_3,20.0,0,113.82425672269676,False,113.82425672269676,False,,False,113.82425672269676,True,camera,vehicle,False,,False,0.0
51.700000000000465,spawned_3,20.0,0,113.8251016490317,False,113.8251016490317,False,,False,113.8251016490317,True,camera,vehicle,False,,False,0.0
51.800000000000466,spawned_3,20.0,0,113.82590982225656,False,113.82590982225656,False,,False,113.82590982225656,True,camera,vehicle,False,,False,0.0
51.90000000000047,spawned_3,20.0,0,113.8266828428325,False,113.8266828428325,False,,False,113.8266828428325,True,camera,vehicle,False,,False,0.0
52.00000000000047,spawned_3,20.0,0,113.82742224137348,False,113.82742224137348,False,,False,113.82742224137348,True,camera,vehicle,False,,False,0.0
52.10000000000047,spawned_3,20.0,0,113.82812948170817,False,113.82812948170817,False,,False,113.82812948170817,True,camera,vehicle,False,,False,0.0
52.20000000000047,spawned_3,20.0,0,113.8288059638063,False,113.8288059638063,False,,False,113.8288059638063,True,camera,vehicle,False,,False,0.0
52.30000000000047,spawned_3,20.0,0,113.82945302657527,False,113.82945302657527,False,,False,113.82945302657527,True,camera,vehicle,False,,False,0.0
52.400000000000475,spawned_3,20.0,0,113.83007195053403,False,113.83007195053403,False,,False,113.83007195053403,True,camera,vehicle,False,,False,0.0
52.500000000000476,spawned_3,20.0,0,113.83066396036838,False,113.83066396036838,False,,False,113.83066396036838,True,camera,vehicle,False,,False,0.0
52.60000000000048,spawned_3,20.0,0,113.83123022737414,False,113.83123022737414,False,,False,113.83123022737414,True,camera,vehicle,False,,False,0.0
52.70000000000048,spawned_3,20.0,0,113.83177187179194,False,113.83177187179194,False,,False,113.83177187179194,True,camera,vehicle,False,,False,0.0
52.80000000000048,spawned_3,20.0,0,113.8322899650401,False,113.8322899650401,False,,False,113.8322899650401,True,camera,vehicle,False,,False,0.0
52.90000000000048,spawned_3,20.0,0,113.83278553184869,False,113.83278553184869,False,,False,113.83278553184869,True,camera,vehicle,False,,False,0.0
53.00000000000048,spawned_3,20.0,0,113.83325955229964,False,113.83325955229964,False,,False,113.83325955229964,True,camera,vehicle,False,,False,0.0
53.100000000000485,spawned_3,20.0,0,113.83371296377766,False,113.83371296377766,False,,False,113.83371296377766,True,camera,vehicle,False,,False,0.0
53.200000000000486,spawned_3,20.0,0,113.83414666283522,False,113.83414666283522,False,,False,113.83414666283522,True,camera,vehicle,False,,False,0.0
53.30000000000049,spawned_3,20.0,0,113.83456150697555,False,113.83456150697555,False,,False,113.83456150697555,True,camera,vehicle,False,,False,0.0
53.40000000000049,spawned_3,20.0,0,113.8349583163573,False,113.8349583163573,False,,False,113.8349583163573,True,camera,vehicle,False,,False,0.0
53.50000000000049,spawned_3,20.0,0,113.83533787542501,False,113.83533787542501,False,,False,113.83533787542501,True,camera,vehicle,False,,False,0.0
53.60000000000049,spawned_3,20.0,0,113.83570093446735,False,113.83570093446735,False,,False,113.83570093446735,True,camera,vehicle,False,,False,0.0
53.70000000000049,spawned_3,20.0,0,113.83604821110748,False,113.83604821110748,False,,False,113.83604821110748,True,camera,vehicle,False,,False,0.0
53.800000000000495,spawned_3,20.0,0,113.83638039172808,False,113.83638039172808,False,,False,113.83638039172808,True,camera,vehicle,False,,False,0.0
53.900000000000496,spawned_3,20.0,0,113.8366981328337,False,113.8366981328337,False,,False,113.8366981328337,True,camera,vehicle,False,,False,0.0
54.0000000000005,spawned_3,20.0,0,113.83700206235392,False,113.83700206235392,False,,False,113.83700206235392,True,camera,vehicle,False,,False,0.0
54.1000000000005,spawned_3,20.0,0,113.83729278088924,False,113.83729278088924,False,,False,113.83729278088924,True,camera,vehicle,False,,False,0.0
54.2000000000005,spawned_3,20.0,0,113.83757086290223,False,113.83757086290223,False,,False,113.83757086290223,True,camera,vehicle,False,,False,0.0
54.3000000000005,spawned_3,20.0,0,113.83783685785704,False,113.83783685785704,False,,False,113.83783685785704,True,camera,vehicle,False,,False,0.0
54.4000000000005,spawned_3,20.0,0,113.83809129130884,False,113.83809129130884,False,,False,113.83809129130884,True,camera,vehicle,False,,False,0.0
54.500000000000504,spawned_3,20.0,0,113.83833466594558,False,113.83833466594558,False,,False,113.83833466594558,True,camera,vehicle,False,,False,0.0
54.600000000000506,spawned_3,20.0,0,113.83856746258414,False,113.83856746258414,False,,False,113.83856746258414,True,camera,vehicle,False,,False,0.0
54.70000000000051,spawned_3,20.0,0,113.83879014112358,False,113.83879014112358,False,,False,113.83879014112358,True,camera,vehicle,False,,False,0.0
54.80000000000051,spawned_3,20.0,0,113.83900314145592,False,113.83900314145592,False,,False,113.83900314145592,True,camera,vehicle,False,,False,0.0
54.90000000000051,spawned_3,20.0,0,113.83920688433761,False,113.83920688433761,False,,False,113.83920688433761,True,camera,vehicle,False,,False,0.0
55.00000000000051,spawned_3,20.0,0,113.83940177222303,False,113.83940177222303,False,,False,113.83940177222303,True,camera,vehicle,False,,False,0.0
55.10000000000051,spawned_3,20.0,0,113.83958819006125,False,113.83958819006125,False,,False,113.83958819006125,True,camera,vehicle,False,,False,0.0
55.200000000000514,spawned_3,20.0,0,113.83976650605837,False,113.83976650605837,False,,False,113.83976650605837,True,camera,vehicle,False,,False,0.0
55.300000000000516,spawned_3,20.0,0,113.83993707240654,False,113.83993707240654,False,,False,113.83993707240654,True,camera,vehicle,False,,False,0.0
55.40000000000052,spawned_3,20.0,0,113.84010022598068,False,113.84010022598068,False,,False,113.84010022598068,True,camera,vehicle,False,,False,0.0
55.50000000000052,spawned_3,20.0,0,113.84025628900577,False,113.84025628900577,False,,False,113.84025628900577,True,camera,vehicle,False,,False,0.0
55.60000000000052,spawned_3,20.0,0,113.84040556969421,False,113.84040556969421,False,,False,113.84040556969421,True,camera,vehicle,False,,False,0.0
55.70000000000052,spawned_3,20.0,0,113.84054836285554,False,113.84054836285554,False,,False,113.84054836285554,True,camera,vehicle,False,,False,0.0
55.80000000000052,spawned_3,20.0,0,113.84068495048007,False,113.84068495048007,False,,False,113.84068495048007,True,camera,vehicle,False,,False,0.0
55.900000000000524,spawned_3,20.0,0,113.84081560229652,False,113.84081560229652,False,,False,113.84081560229652,True,camera,vehicle,False,,False,0.0
56.000000000000526,spawned_3,20.0,0,113.84094057630557,False,113.84094057630557,False,,False,113.84094057630557,True,camera,vehicle,False,,False,0.0
56.10000000000053,spawned_3,20.0,0,113.8410601192902,False,113.8410601192902,False,,False,113.8410601192902,True,camera,vehicle,False,,False,0.0
56.20000000000053,spawned_3,20.0,0,113.84117446730363,False,113.84117446730363,False,,False,113.84117446730363,True,camera,vehicle,False,,False,0.0
56.30000000000053,spawned_3,20.0,0,113.84128384613632,False,113.84128384613632,False,,False,113.84128384613632,True,camera,vehicle,False,,False,0.0
56.40000000000053,spawned_3,20.0,0,113.84138847176234,False,113.84138847176234,False,,False,113.84138847176234,True,camera,vehicle,False,,False,0.0
56.50000000000053,spawned_3,20.0,0,113.84148855076626,False,113.84148855076626,False,,False,113.84148855076626,True,camera,vehicle,False,,False,0.0
56.600000000000534,spawned_3,20.0,0,113.8415842807517,False,113.8415842807517,False,,False,113.8415842807517,True,camera,vehicle,False,,False,0.0
56.700000000000536,spawned_3,20.0,0,113.84167585073203,False,113.84167585073203,False,,False,113.84167585073203,True,camera,vehicle,False,,False,0.0
56.80000000000054,spawned_3,20.0,0,113.84176344150387,False,113.84176344150387,False,,False,113.84176344150387,True,camera,vehicle,False,,False,0.0
56.90000000000054,spawned_3,20.0,0,113.84184722600446,False,113.84184722600446,False,,False,113.84184722600446,True,camera,vehicle,False,,False,0.0
57.00000000000054,spawned_3,20.0,0,113.84192736965349,False,113.84192736965349,False,,False,113.84192736965349,True,camera,vehicle,False,,False,0.0
57.10000000000054,spawned_3,20.0,0,113.84200403068019,False,113.84200403068019,False,,False,113.84200403068019,True,camera,vehicle,False,,False,0.0
57.20000000000054,spawned_3,20.0,0,113.84207736043561,False,113.84207736043561,False,,False,113.84207736043561,True,camera,vehicle,False,,False,0.0
57.300000000000544,spawned_3,20.0,0,113.84214750369233,False,113.84214750369233,False,,False,113.84214750369233,True,camera,vehicle,False,,False,0.0
57.400000000000546,spawned_3,20.0,0,113.84221459892979,False,113.84221459892979,False,,False,113.84221459892979,True,camera,vehicle,False,,False,0.0
57.50000000000055,spawned_3,20.0,0,113.8422787786086,False,113.8422787786086,False,,False,113.8422787786086,True,camera,vehicle,False,,False,0.0
57.60000000000055,spawned_3,20.0,0,113.84234016943185,False,113.84234016943185,False,,False,113.84234016943185,True,camera,vehicle,False,,False,0.0
57.70000000000055,spawned_3,20.0,0,113.8423988925955,False,113.8423988925955,False,,False,113.8423988925955,True,camera,vehicle,False,,False,0.0
57.80000000000055,spawned_3,20.0,0,113.84245506402783,False,113.84245506402783,False,,False,113.84245506402783,True,camera,vehicle,False,,False,0.0
57.90000000000055,spawned_3,20.0,0,113.84250879461865,False,113.84250879461865,False,,False,113.84250879461865,True,camera,vehicle,False,,False,0.0
58.000000000000554,spawned_3,20.0,0,113.84256019043812,False,113.84256019043812,False,,False,113.84256019043812,True,camera,vehicle,False,,False,0.0
58.100000000000556,spawned_3,20.0,0,113.84260935294628,False,113.84260935294628,False,,False,113.84260935294628,True,camera,vehicle,False,,False,0.0
58.20000000000056,spawned_3,20.0,0,113.84265637919361,False,113.84265637919361,False,,False,113.84265637919361,True,camera,vehicle,False,,False,0.0
58.30000000000056,spawned_3,20.0,0,113.84270136201269,False,113.84270136201269,False,,False,113.84270136201269,True,camera,vehicle,False,,False,0.0
58.40000000000056,spawned_3,20.0,0,113.84274439020146,False,113.84274439020146,False,,False,113.84274439020146,True,camera,vehicle,False,,False,0.0
58.50000000000056,spawned_3,20.0,0,113.84278554869877,False,113.84278554869877,False,,False,113.84278554869877,True,camera,vehicle,False,,False,0.0
58.60000000000056,spawned_3,20.0,0,113.84282491875206,False,113.84282491875206,False,,False,113.84282491875206,True,camera,vehicle,False,,False,0.0
58.700000000000564,spawned_3,20.0,0,113.84286257807764,False,113.84286257807764,False,,False,113.84286257807764,True,camera,vehicle,False,,False,0.0
58.800000000000566,spawned_3,20.0,0,113.84289860101444,False,113.84289860101444,False,,False,113.84289860101444,True,camera,vehicle,False,,False,0.0
58.90000000000057,spawned_3,20.0,0,113.84293305867084,False,113.84293305867084,False,,False,113.84293305867084,True,camera,vehicle,False,,False,0.0
59.00000000000057,spawned_3,20.0,0,113.84296601906476,False,113.84296601906476,False,,False,113.84296601906476,True,camera,vehicle,False,,False,0.0
59.10000000000057,spawned_3,20.0,0,113.84299754725839,False,113.84299754725839,False,,False,113.84299754725839,True,camera,vehicle,False,,False,0.0
59.20000000000057,spawned_3,20.0,0,113.8430277054864,False,113.8430277054864,False,,False,113.8430277054864,True,camera,vehicle,False,,False,0.0
59.30000000000057,spawned_3,20.0,0,113.84305655327887,False,113.84305655327887,False,,False,113.84305655327887,True,camera,vehicle,False,,False,0.0
59.400000000000574,spawned_3,20.0,0,113.84308414757902,False,113.84308414757902,False,,False,113.84308414757902,True,camera,vehicle,False,,False,0.0
59.500000000000576,spawned_3,20.0,0,113.84311054285524,False,113.84311054285524,False,,False,113.84311054285524,True,camera,vehicle,False,,False,0.0
59.60000000000058,spawned_3,20.0,0,113.84313579120919,False,113.84313579120919,False,,False,113.84313579120919,True,camera,vehicle,False,,False,0.0
59.70000000000058,spawned_3,20.0,0,113.84315994247834,False,113.84315994247834,False,,False,113.84315994247834,True,camera,vehicle,False,,False,0.0
59.80000000000058,spawned_3,20.0,0,113.8431830443343,False,113.8431830443343,False,,False,113.8431830443343,True,camera,vehicle,False,,False,0.0
59.90000000000058,spawned_3,20.0,0,113.8432051423772,False,113.8432051423772,False,,False,113.8432051423772,True,camera,vehicle,False,,False,0.0
60.00000000000058,spawned_3,20.0,0,113.84322628022551,False,113.84322628022551,False,,False,113.84322628022551,True,camera,vehicle,False,,False,0.0
60.100000000000584,spawned_3,20.0,0,113.84324649960229,False,113.84324649960229,False,,False,113.84324649960229,True,camera,vehicle,False,,False,0.0
60.200000000000585,spawned_3,20.0,0,113.84326584041753,False,113.84326584041753,False,,False,113.84326584041753,True,camera,vehicle,False,,False,0.0
60.30000000000059,spawned_3,20.0,0,113.84328434084705,False,113.84328434084705,False,,False,113.84328434084705,True,camera,vehicle,False,,False,0.0
60.40000000000059,spawned_3,20.0,0,113.84330203740751,False,113.84330203740751,False,,False,113.84330203740751,True,camera,vehicle,False,,False,0.0
60.50000000000059,spawned_3,20.0,0,113.84331896502897,False,113.84331896502897,False,,False,113.84331896502897,True,camera,vehicle,False,,False,0.0
60.60000000000059,spawned_3,20.0,0,113.84333515712353,False,113.84333515712353,False,,False,113.84333515712353,True,camera,vehicle,False,,False,0.0
60.70000000000059,spawned_3,20.0,0,113.84335064565141,False,113.84335064565141,False,,False,113.84335064565141,True,camera,vehicle,False,,False,0.0
60.800000000000594,spawned_3,20.0,0,113.84336546118413,False,113.84336546118413,False,,False,113.84336546118413,True,camera,vehicle,False,,False,0.0
60.900000000000595,spawned_3,20.0,0,113.84337963296468,False,113.84337963296468,False,,False,113.84337963296468,True,camera,vehicle,False,,False,0.0
61.0000000000006,spawned_3,20.0,0,113.84339318896525,False,113.84339318896525,False,,False,113.84339318896525,True,camera,vehicle,False,,False,0.0
61.1000000000006,spawned_3,20.0,0,113.84340615594272,False,113.84340615594272,False,,False,113.84340615594272,True,camera,vehicle,False,,False,0.0
61.2000000000006,spawned_3,20.0,0,113.84341855949117,False,113.84341855949117,False,,False,113.84341855949117,True,camera,vehicle,False,,False,0.0
61.3000000000006,spawned_3,20.0,0,113.8434304240925,False,113.8434304240925,False,,False,113.8434304240925,True,camera,vehicle,False,,False,0.0
61.4000000000006,spawned_3,20.0,0,113.84344177316495,False,113.84344177316495,False,,False,113.84344177316495,True,camera,vehicle,False,,False,0.0
61.500000000000604,spawned_3,20.0,0,113.84345262910915,False,113.84345262910915,False,,False,113.84345262910915,True,camera,vehicle,False,,False,0.0
61.600000000000605,spawned_3,20.0,0,113.84346301335222,False,113.84346301335222,False,,False,113.84346301335222,True,camera,vehicle,False,,False,0.0
61.70000000000061,spawned_3,20.0,0,113.8434729463903,False,113.8434729463903,False,,False,113.8434729463903,True,camera,vehicle,False,,False,0.0
61.80000000000061,spawned_3,20.0,0,113.84348244782893,False,113.84348244782893,False,,False,113.84348244782893,True,camera,vehicle,False,,False,0.0
61.90000000000061,spawned_3,20.0,0,113.84349153642165,False,113.84349153642165,False,,False,113.84349153642165,True,camera,vehicle,False,,False,0.0
62.00000000000061,spawned_3,20.0,0,113.84350023010722,False,113.84350023010722,False,,False,113.84350023010722,True,camera,vehicle,False,,False,0.0
62.10000000000061,spawned_3,20.0,0,113.84350854604497,False,113.84350854604497,False,,False,113.84350854604497,True,camera,vehicle,False,,False,0.0
62.200000000000614,spawned_3,20.0,0,113.84351650064843,False,113.84351650064843,False,,False,113.84351650064843,True,camera,vehicle,False,,False,0.0
62.300000000000615,spawned_3,20.0,0,113.84352410961799,False,113.84352410961799,False,,False,113.84352410961799,True,camera,vehicle,False,,False,0.0
62.40000000000062,spawned_3,20.0,0,113.8435313879719,False,113.8435313879719,False,,False,113.8435313879719,True,camera,vehicle,False,,False,0.0
62.50000000000062,spawned_3,20.0,0,113.84353835007585,False,113.84353835007585,False,,False,113.84353835007585,True,camera,vehicle,False,,False,0.0
62.60000000000062,spawned_3,20.0,0,113.84354500967129,False,113.84354500967129,False,,False,113.84354500967129,True,camera,vehicle,False,,False,0.0
62.70000000000062,spawned_3,20.0,0,113.84355137990246,False,113.84355137990246,False,,False,113.84355137990246,True,camera,vehicle,False,,False,0.0
62.80000000000062,spawned_3,20.0,0,113.84355747334257,False,113.84355747334257,False,,False,113.84355747334257,True,camera,vehicle,False,,False,0.0
62.900000000000624,spawned_3,20.0,0,113.84356330201842,False,113.84356330201842,False,,False,113.84356330201842,True,camera,vehicle,False,,False,0.0
63.000000000000625,spawned_3,20.0,0,113.84356887743434,False,113.84356887743434,False,,False,113.84356887743434,True,camera,vehicle,False,,False,0.0
63.10000000000063,spawned_3,20.0,0,113.84357421059474,False,113.84357421059474,False,,False,113.84357421059474,True,camera,vehicle,False,,False,0.0
63.20000000000063,spawned_3,20.0,0,113.8435793120259,False,113.8435793120259,False,,False,113.8435793120259,True,camera,vehicle,False,,False,0.0
63.30000000000063,spawned_3,20.0,0,113.8435841917966,False,113.8435841917966,False,,False,113.8435841917966,True,camera,vehicle,False,,False,0.0
63.40000000000063,spawned_3,20.0,0,113.84358885953816,False,113.84358885953816,False,,False,113.84358885953816,True,camera,vehicle,False,,False,0.0
63.50000000000063,spawned_3,20.0,0,113.84359332446354,False,113.84359332446354,False,,False,113.84359332446354,True,camera,vehicle,False,,False,0.0
63.600000000000634,spawned_3,20.0,0,113.84359759538518,False,113.84359759538518,False,,False,113.84359759538518,True,camera,vehicle,False,,False,0.0
63.700000000000635,spawned_3,20.0,0,113.84360168073272,False,113.84360168073272,False,,False,113.84360168073272,True,camera,vehicle,False,,False,0.0
63.80000000000064,spawned_3,20.0,0,113.84360558856952,False,113.84360558856952,False,,False,113.84360558856952,True,camera,vehicle,False,,False,0.0
63.90000000000064,spawned_3,20.0,0,113.84360932660854,False,113.84360932660854,False,,False,113.84360932660854,True,camera,vehicle,False,,False,0.0
64.00000000000064,spawned_3,20.0,0,113.84361290222773,False,113.84361290222773,False,,False,113.84361290222773,True,camera,vehicle,False,,False,0.0
64.10000000000063,spawned_3,20.0,0,113.8436163224842,False,113.8436163224842,False,,False,113.8436163224842,True,camera,vehicle,False,,False,0.0
64.20000000000063,spawned_3,20.0,0,113.84361959412865,False,113.84361959412865,False,,False,113.84361959412865,True,camera,vehicle,False,,False,0.0
64.30000000000062,spawned_3,20.0,0,113.84362272361841,False,113.84362272361841,False,,False,113.84362272361841,True,camera,vehicle,False,,False,0.0
64.40000000000062,spawned_3,20.0,0,113.84362571713018,False,113.84362571713018,False,,False,113.84362571713018,True,camera,vehicle,False,,False,0.0
64.50000000000061,spawned_3,20.0,0,113.84362858057227,False,113.84362858057227,False,,False,113.84362858057227,True,camera,vehicle,False,,False,0.0
64.6000000000006,spawned_3,20.0,0,113.8436313195964,False,113.8436313195964,False,,False,113.8436313195964,True,camera,vehicle,False,,False,0.0
64.7000000000006,spawned_3,20.0,0,113.84363393960848,False,113.84363393960848,False,,False,113.84363393960848,True,camera,vehicle,False,,False,0.0
64.8000000000006,spawned_3,20.0,0,113.84363644577968,False,113.84363644577968,False,,False,113.84363644577968,True,camera,vehicle,False,,False,0.0
64.90000000000059,spawned_3,20.0,0,113.84363884305651,False,113.84363884305651,False,,False,113.84363884305651,True,camera,vehicle,False,,False,0.0
65.00000000000058,spawned_3,20.0,0,113.8436411361705,False,113.8436411361705,False,,False,113.8436411361705,True,camera,vehicle,False,,False,0.0
65.10000000000058,spawned_3,20.0,0,113.84364332964753,False,113.84364332964753,False,,False,113.84364332964753,True,camera,vehicle,False,,False,0.0
65.20000000000057,spawned_3,20.0,0,113.84364542781702,False,113.84364542781702,False,,False,113.84364542781702,True,camera,vehicle,False,,False,0.0
65.30000000000057,spawned_3,20.0,0,113.84364743482001,False,113.84364743482001,False,,False,113.84364743482001,True,camera,vehicle,False,,False,0.0
65.40000000000056,spawned_3,20.0,0,113.84364935461781,False,113.84364935461781,False,,False,113.84364935461781,True,camera,vehicle,False,,False,0.0
65.50000000000055,spawned_3,20.0,0,113.84365119099948,False,113.84365119099948,False,,False,113.84365119099948,True,camera,vehicle,False,,False,0.0
65.60000000000055,spawned_3,20.0,0,113.84365294758948,False,113.84365294758948,False,,False,113.84365294758948,True,camera,vehicle,False,,False,0.0
65.70000000000054,spawned_3,20.0,0,113.8436546278549,False,113.8436546278549,False,,False,113.8436546278549,True,camera,vehicle,False,,False,0.0
65.80000000000054,spawned_3,20.0,0,113.84365623511201,False,113.84365623511201,False,,False,113.84365623511201,True,camera,vehicle,False,,False,0.0
65.90000000000053,spawned_3,20.0,0,113.84365777253299,False,113.84365777253299,False,,False,113.84365777253299,True,camera,vehicle,False,,False,0.0
66.00000000000053,spawned_3,20.0,0,113.84365924315239,False,113.84365924315239,False,,False,113.84365924315239,True,camera,vehicle,False,,False,0.0
66.10000000000052,spawned_3,20.0,0,113.84366064987273,False,113.84366064987273,False,,False,113.84366064987273,True,camera,vehicle,False,,False,0.0
66.20000000000051,spawned_3,20.0,0,113.84366199547048,False,113.84366199547048,False,,False,113.84366199547048,True,camera,vehicle,False,,False,0.0
66.30000000000051,spawned_3,20.0,0,113.84366328260137,False,113.84366328260137,False,,False,113.84366328260137,True,camera,vehicle,False,,False,0.0
66.4000000000005,spawned_3,20.0,0,113.84366451380595,False,113.84366451380595,False,,False,113.84366451380595,True,camera,vehicle,False,,False,0.0
66.5000000000005,spawned_3,20.0,0,113.84366569151416,False,113.84366569151416,False,,False,113.84366569151416,True,camera,vehicle,False,,False,0.0
66.60000000000049,spawned_3,20.0,0,113.84366681805045,False,113.84366681805045,False,,False,113.84366681805045,True,camera,vehicle,False,,False,0.0
66.70000000000049,spawned_3,20.0,0,113.84366789563819,False,113.84366789563819,False,,False,113.84366789563819,True,camera,vehicle,False,,False,0.0
66.80000000000048,spawned_3,20.0,0,113.84366892640435,False,113.84366892640435,False,,False,113.84366892640435,True,camera,vehicle,False,,False,0.0
66.90000000000047,spawned_3,20.0,0,113.84366991238323,False,113.84366991238323,False,,False,113.84366991238323,True,camera,vehicle,False,,False,0.0
67.00000000000047,spawned_3,20.0,0,113.84367085552094,False,113.84367085552094,False,,False,113.84367085552094,True,camera,vehicle,False,,False,0.0
67.10000000000046,spawned_3,20.0,0,113.84367175767898,False,113.84367175767898,False,,False,113.84367175767898,True,camera,vehicle,False,,False,0.0
67.20000000000046,spawned_3,20.0,0,113.84367262063779,False,113.84367262063779,False,,False,113.84367262063779,True,camera,vehicle,False,,False,0.0
67.30000000000045,spawned_3,20.0,0,113.84367344610075,False,113.84367344610075,False,,False,113.84367344610075,True,camera,vehicle,False,,False,0.0
67.40000000000045,spawned_3,20.0,0,113.843674235697,False,113.843674235697,False,,False,113.843674235697,True,camera,vehicle,False,,False,0.0
67.50000000000044,spawned_3,20.0,0,113.84367499098494,False,113.84367499098494,False,,False,113.84367499098494,True,camera,vehicle,False,,False,0.0
67.60000000000043,spawned_3,20.0,0,113.84367571345535,False,113.84367571345535,False,,False,113.84367571345535,True,camera,vehicle,False,,False,0.0
67.70000000000043,spawned_3,20.0,0,113.84367640453411,False,113.84367640453411,False,,False,113.84367640453411,True,camera,vehicle,False,,False,0.0
67.80000000000042,spawned_3,20.0,0,113.84367706558521,False,113.84367706558521,False,,False,113.84367706558521,True,camera,vehicle,False,,False,0.0
67.90000000000042,spawned_3,20.0,0,113.84367769791334,False,113.84367769791334,False,,False,113.84367769791334,True,camera,vehicle,False,,False,0.0
68.00000000000041,spawned_3,20.0,0,113.84367830276665,False,113.84367830276665,False,,False,113.84367830276665,True,camera,vehicle,False,,False,0.0
68.1000000000004,spawned_3,20.0,0,113.84367888133875,False,113.84367888133875,False,,False,113.84367888133875,True,camera,vehicle,False,,False,0.0
68.2000000000004,spawned_3,20.0,0,113.84367943477173,False,113.84367943477173,False,,False,113.84367943477173,True,camera,vehicle,False,,False,0.0
68.3000000000004,spawned_3,20.0,0,113.84367996415779,False,113.84367996415779,False,,False,113.84367996415779,True,camera,vehicle,False,,False,0.0
68.40000000000039,spawned_3,20.0,0,113.84368047054181,False,113.84368047054181,False,,False,113.84368047054181,True,camera,vehicle,False,,False,0.0
68.50000000000038,spawned_3,20.0,0,113.84368095492323,False,113.84368095492323,False,,False,113.84368095492323,True,camera,vehicle,False,,False,0.0
68.60000000000038,spawned_3,20.0,0,113.84368141825814,False,113.84368141825814,False,,False,113.84368141825814,True,camera,vehicle,False,,False,0.0
68.70000000000037,spawned_3,20.0,0,113.84368186146094,False,113.84368186146094,False,,False,113.84368186146094,True,camera,vehicle,False,,False,0.0
68.80000000000037,spawned_3,20.0,0,113.84368228540643,False,113.84368228540643,False,,False,113.84368228540643,True,camera,vehicle,False,,False,0.0
68.90000000000036,spawned_3,20.0,0,113.84368269093136,False,113.84368269093136,False,,False,113.84368269093136,True,camera,vehicle,False,,False,0.0
69.00000000000036,spawned_3,20.0,0,113.84368307883608,False,113.84368307883608,False,,False,113.84368307883608,True,camera,vehicle,False,,False,0.0
69.10000000000035,spawned_3,20.0,0,113.84368344988616,False,113.84368344988616,False,,False,113.84368344988616,True,camera,vehicle,False,,False,0.0
69.20000000000034,spawned_3,20.0,0,113.84368380481396,False,113.84368380481396,False,,False,113.84368380481396,True,camera,vehicle,False,,False,0.0
69.30000000000034,spawned_3,20.0,0,113.84368414432004,False,113.84368414432004,False,,False,113.84368414432004,True,camera,vehicle,False,,False,0.0
69.40000000000033,spawned_3,20.0,0,113.84368446907445,False,113.84368446907445,False,,False,113.84368446907445,True,camera,vehicle,False,,False,0.0
69.50000000000033,spawned_3,20.0,0,113.84368477971816,False,113.84368477971816,False,,False,113.84368477971816,True,camera,vehicle,False,,False,0.0
69.60000000000032,spawned_3,20.0,0,113.84368507686429,False,113.84368507686429,False,,False,113.84368507686429,True,camera,vehicle,False,,False,0.0
69.70000000000032,spawned_3,20.0,0,113.84368536109923,False,113.84368536109923,False,,False,113.84368536109923,True,camera,vehicle,False,,False,0.0
69.80000000000031,spawned_3,20.0,0,113.84368563298415,False,113.84368563298415,False,,False,113.84368563298415,True,camera,vehicle,False,,False,0.0
69.9000000000003,spawned_3,20.0,0,113.84368589305552,False,113.84368589305552,False,,False,113.84368589305552,True,camera,vehicle,False,,False,0.0
70.0000000000003,spawned_3,20.0,0,113.84368614182665,False,113.84368614182665,False,,False,113.84368614182665,True,camera,vehicle,False,,False,0.0
70.10000000000029,spawned_3,20.0,0,113.84368637978866,False,113.84368637978866,False,,False,113.84368637978866,True,camera,vehicle,False,,False,0.0
70.20000000000029,spawned_3,20.0,0,113.84368660741109,False,113.84368660741109,False,,False,113.84368660741109,True,camera,vehicle,False,,False,0.0
70.30000000000028,spawned_3,20.0,0,113.84368682514321,False,113.84368682514321,False,,False,113.84368682514321,True,camera,vehicle,False,,False,0.0
70.40000000000028,spawned_3,20.0,0,113.84368703341488,False,113.84368703341488,False,,False,113.84368703341488,True,camera,vehicle,False,,False,0.0
70.50000000000027,spawned_3,20.0,0,113.84368723263697,False,113.84368723263697,False,,False,113.84368723263697,True,camera,vehicle,False,,False,0.0
70.60000000000026,spawned_3,20.0,0,113.84368742320282,False,113.84368742320282,False,,False,113.84368742320282,True,camera,vehicle,False,,False,0.0
70.70000000000026,spawned_3,20.0,0,113.84368760548853,False,113.84368760548853,False,,False,113.84368760548853,True,camera,vehicle,False,,False,0.0
70.80000000000025,spawned_3,20.0,0,113.8436877798539,False,113.8436877798539,False,,False,113.8436877798539,True,camera,vehicle,False,,False,0.0
70.90000000000025,spawned_3,20.0,0,113.84368794664294,False,113.84368794664294,False,,False,113.84368794664294,True,camera,vehicle,False,,False,0.0
71.00000000000024,spawned_3,20.0,0,113.84368810618503,False,113.84368810618503,False,,False,113.84368810618503,True,camera,vehicle,False,,False,0.0
71.10000000000024,spawned_3,20.0,0,113.84368825879494,False,113.84368825879494,False,,False,113.84368825879494,True,camera,vehicle,False,,False,0.0
71.20000000000023,spawned_3,20.0,0,113.84368840477384,False,113.84368840477384,False,,False,113.84368840477384,True,camera,vehicle,False,,False,0.0
71.30000000000022,spawned_3,20.0,0,113.84368854440993,False,113.84368854440993,False,,False,113.84368854440993,True,camera,vehicle,False,,False,0.0
71.40000000000022,spawned_3,20.0,0,113.84368867797878,False,113.84368867797878,False,,False,113.84368867797878,True,camera,vehicle,False,,False,0.0
71.50000000000021,spawned_3,20.0,0,113.84368880574402,False,113.84368880574402,False,,False,113.84368880574402,True,camera,vehicle,False,,False,0.0
71.60000000000021,spawned_3,20.0,0,113.84368892795783,False,113.84368892795783,False,,False,113.84368892795783,True,camera,vehicle,False,,False,0.0
71.7000000000002,spawned_3,20.0,0,113.84368904486132,False,113.84368904486132,False,,False,113.84368904486132,True,camera,vehicle,False,,False,0.0
71.8000000000002,spawned_3,20.0,0,113.8436891566854,False,113.8436891566854,False,,False,113.8436891566854,True,camera,vehicle,False,,False,0.0
71.90000000000019,spawned_3,20.0,0,113.84368926365062,False,113.84368926365062,False,,False,113.84368926365062,True,camera,vehicle,False,,False,0.0
72.00000000000018,spawned_3,20.0,0,113.8436893659682,False,113.8436893659682,False,,False,113.8436893659682,True,camera,vehicle,False,,False,0.0
72.10000000000018,spawned_3,20.0,0,113.84368946384006,False,113.84368946384006,False,,False,113.84368946384006,True,camera,vehicle,False,,False,0.0
72.20000000000017,spawned_3,20.0,0,113.84368955745936,False,113.84368955745936,False,,False,113.84368955745936,True,camera,vehicle,False,,False,0.0
72.30000000000017,spawned_3,20.0,0,113.84368964701082,False,113.84368964701082,False,,False,113.84368964701082,True,camera,vehicle,False,,False,0.0
72.40000000000016,spawned_3,20.0,0,113.84368973267124,False,113.84368973267124,False,,False,113.84368973267124,True,camera,vehicle,False,,False,0.0
72.50000000000016,spawned_3,20.0,0,113.84368981460966,False,113.84368981460966,False,,False,113.84368981460966,True,camera,vehicle,False,,False,0.0
72.60000000000015,spawned_3,20.0,0,113.84368989298787,False,113.84368989298787,False,,False,113.84368989298787,True,camera,vehicle,False,,False,0.0
72.70000000000014,spawned_3,20.0,0,113.84368996796047,False,113.84368996796047,False,,False,113.84368996796047,True,camera,vehicle,False,,False,0.0
72.80000000000014,spawned_3,20.0,0,113.8436900396755,False,113.8436900396755,False,,False,113.8436900396755,True,camera,vehicle,False,,False,0.0
72.90000000000013,spawned_3,20.0,0,113.84369010827447,False,113.84369010827447,False,,False,113.84369010827447,True,camera,vehicle,False,,False,0.0
73.00000000000013,spawned_3,20.0,0,113.84369017389281,False,113.84369017389281,False,,False,113.84369017389281,True,camera,vehicle,False,,False,0.0
73.10000000000012,spawned_3,20.0,0,113.84369023666,False,113.84369023666,False,,False,113.84369023666,True,camera,vehicle,False,,False,0.0
73.20000000000012,spawned_3,20.0,0,113.84369029669995,False,113.84369029669995,False,,False,113.84369029669995,True,camera,vehicle,False,,False,0.0
73.30000000000011,spawned_3,20.0,0,113.84369035413113,False,113.84369035413113,False,,False,113.84369035413113,True,camera,vehicle,False,,False,0.0
73.4000000000001,spawned_3,20.0,0,113.84369040906688,False,113.84369040906688,False,,False,113.84369040906688,True,camera,vehicle,False,,False,0.0
73.5000000000001,spawned_3,20.0,0,113.84369046161567,False,113.84369046161567,False,,False,113.84369046161567,True,camera,vehicle,False,,False,0.0
73.6000000000001,spawned_3,20.0,0,113.84369051188116,False,113.84369051188116,False,,False,113.84369051188116,True,camera,vehicle,False,,False,0.0
73.70000000000009,spawned_3,20.0,0,113.84369055996262,False,113.84369055996262,False,,False,113.84369055996262,True,camera,vehicle,False,,False,0.0
73.80000000000008,spawned_3,20.0,0,113.84369060595498,False,113.84369060595498,False,,False,113.84369060595498,True,camera,vehicle,False,,False,0.0
73.90000000000008,spawned_3,20.0,0,113.84369064994894,False,113.84369064994894,False,,False,113.84369064994894,True,camera,vehicle,False,,False,0.0
74.00000000000007,spawned_3,20.0,0,113.84369069203137,False,113.84369069203137,False,,False,113.84369069203137,True,camera,vehicle,False,,False,0.0
74.10000000000007,spawned_3,20.0,0,113.84369073228527,False,113.84369073228527,False,,False,113.84369073228527,True,camera,vehicle,False,,False,0.0
74.20000000000006,spawned_3,20.0,0,113.84369077079009,False,113.84369077079009,False,,False,113.84369077079009,True,camera,vehicle,False,,False,0.0
74.30000000000005,spawned_3,20.0,0,113.8436908076219,False,113.8436908076219,False,,False,113.8436908076219,True,camera,vehicle,False,,False,0.0
74.40000000000005,spawned_3,20.0,0,113.84369084285333,False,113.84369084285333,False,,False,113.84369084285333,True,camera,vehicle,False,,False,0.0
74.50000000000004,spawned_3,20.0,0,113.84369087655398,False,113.84369087655398,False,,False,113.84369087655398,True,camera,vehicle,False,,False,0.0
74.60000000000004,spawned_3,20.0,0,113.84369090879034,False,113.84369090879034,False,,False,113.84369090879034,True,camera,vehicle,False,,False,0.0
74.70000000000003,spawned_3,20.0,0,113.84369093962596,False,113.84369093962596,False,,False,113.84369093962596,True,camera,vehicle,False,,False,0.0
74.80000000000003,spawned_3,20.0,0,113.84369096912178,False,113.84369096912178,False,,False,113.84369096912178,True,camera,vehicle,False,,False,0.0
74.90000000000002,spawned_3,20.0,0,113.84369099733601,False,113.84369099733601,False,,False,113.84369099733601,True,camera,vehicle,False,,False,0.0
75.00000000000001,spawned_3,20.0,0,113.84369102432436,False,113.84369102432436,False,,False,113.84369102432436,True,camera,vehicle,False,,False,0.0
75.10000000000001,spawned_3,20.0,0,113.84369105014002,False,113.84369105014002,False,,False,113.84369105014002,True,camera,vehicle,False,,False,0.0
75.2,spawned_3,20.0,0,113.84369107483394,False,113.84369107483394,False,,False,113.84369107483394,True,camera,vehicle,False,,False,0.0
75.3,spawned_3,20.0,0,113.84369109845488,False,113.84369109845488,False,,False,113.84369109845488,True,camera,vehicle,False,,False,0.0
75.39999999999999,spawned_3,20.0,0,113.84369112104957,False,113.84369112104957,False,,False,113.84369112104957,True,camera,vehicle,False,,False,0.0
75.49999999999999,spawned_3,20.0,0,113.84369114266246,False,113.84369114266246,False,,False,113.84369114266246,True,camera,vehicle,False,,False,0.0
75.59999999999998,spawned_3,20.0,0,113.8436911633363,False,113.8436911633363,False,,False,113.8436911633363,True,camera,vehicle,False,,False,0.0
75.69999999999997,spawned_3,20.0,0,113.84369118311179,False,113.84369118311179,False,,False,113.84369118311179,True,camera,vehicle,False,,False,0.0
75.79999999999997,spawned_3,20.0,0,113.84369120202803,False,113.84369120202803,False,,False,113.84369120202803,True,camera,vehicle,False,,False,0.0
75.89999999999996,spawned_3,20.0,0,113.84369122012242,False,113.84369122012242,False,,False,113.84369122012242,True,camera,vehicle,False,,False,0.0
75.99999999999996,spawned_3,20.0,0,113.84369123743056,False,113.84369123743056,False,,False,113.84369123743056,True,camera,vehicle,False,,False,0.0
76.09999999999995,spawned_3,20.0,0,113.84369125398666,False,113.84369125398666,False,,False,113.84369125398666,True,camera,vehicle,False,,False,0.0
76.19999999999995,spawned_3,20.0,0,113.84369126982335,False,113.84369126982335,False,,False,113.84369126982335,True,camera,vehicle,False,,False,0.0
76.29999999999994,spawned_3,20.0,0,113.84369128497201,False,113.84369128497201,False,,False,113.84369128497201,True,camera,vehicle,False,,False,0.0
76.39999999999993,spawned_3,20.0,0,113.84369129946242,False,113.84369129946242,False,,False,113.84369129946242,True,camera,vehicle,False,,False,0.0
76.49999999999993,spawned_3,20.0,0,113.84369131332323,False,113.84369131332323,False,,False,113.84369131332323,True,camera,vehicle,False,,False,0.0
76.59999999999992,spawned_3,20.0,0,113.84369132658173,False,113.84369132658173,False,,False,113.84369132658173,True,camera,vehicle,False,,False,0.0
76.69999999999992,spawned_3,20.0,0,113.84369133926418,False,113.84369133926418,False,,False,113.84369133926418,True,camera,vehicle,False,,False,0.0
76.79999999999991,spawned_3,20.0,0,113.84369135139559,False,113.84369135139559,False,,False,113.84369135139559,True,camera,vehicle,False,,False,0.0
76.8999999999999,spawned_3,20.0,0,113.84369136299983,False,113.84369136299983,False,,False,113.84369136299983,True,camera,vehicle,False,,False,0.0
76.9999999999999,spawned_3,20.0,0,113.84369137409988,False,113.84369137409988,False,,False,113.84369137409988,True,camera,vehicle,False,,False,0.0
77.0999999999999,spawned_3,20.0,0,113.84369138471766,False,113.84369138471766,False,,False,113.84369138471766,True,camera,vehicle,False,,False,0.0
77.19999999999989,spawned_3,20.0,0,113.8436913948741,False,113.8436913948741,False,,False,113.8436913948741,True,camera,vehicle,False,,False,0.0
77.29999999999988,spawned_3,20.0,0,113.84369140458921,False,113.84369140458921,False,,False,113.84369140458921,True,camera,vehicle,False,,False,0.0
77.39999999999988,spawned_3,20.0,0,113.8436914138822,False,113.8436914138822,False,,False,113.8436914138822,True,camera,vehicle,False,,False,0.0
77.49999999999987,spawned_3,20.0,0,113.84369142277137,False,113.84369142277137,False,,False,113.84369142277137,True,camera,vehicle,False,,False,0.0
77.59999999999987,spawned_3,20.0,0,113.84369143127435,False,113.84369143127435,False,,False,113.84369143127435,True,camera,vehicle,False,,False,0.0
77.69999999999986,spawned_3,20.0,0,113.84369143940785,False,113.84369143940785,False,,False,113.84369143940785,True,camera,vehicle,False,,False,0.0
77.79999999999986,spawned_3,20.0,0,113.84369144718801,False,113.84369144718801,False,,False,113.84369144718801,True,camera,vehicle,False,,False,0.0
77.89999999999985,spawned_3,20.0,0,113.84369145463006,False,113.84369145463006,False,,False,113.84369145463006,True,camera,vehicle,False,,False,0.0
77.99999999999984,spawned_3,20.0,0,113.84369146174879,False,113.84369146174879,False,,False,113.84369146174879,True,camera,vehicle,False,,False,0.0
78.09999999999984,spawned_3,20.0,0,113.84369146855818,False,113.84369146855818,False,,False,113.84369146855818,True,camera,vehicle,False,,False,0.0
78.19999999999983,spawned_3,20.0,0,113.84369147507175,False,113.84369147507175,False,,False,113.84369147507175,True,camera,vehicle,False,,False,0.0
78.29999999999983,spawned_3,20.0,0,113.84369148130224,False,113.84369148130224,False,,False,113.84369148130224,True,camera,vehicle,False,,False,0.0
78.39999999999982,spawned_3,20.0,0,113.84369148726205,False,113.84369148726205,False,,False,113.84369148726205,True,camera,vehicle,False,,False,0.0
78.49999999999982,spawned_3,20.0,0,113.84369149296288,False,113.84369149296288,False,,False,113.84369149296288,True,camera,vehicle,False,,False,0.0
78.59999999999981,spawned_3,20.0,0,113.84369149841598,False,113.84369149841598,False,,False,113.84369149841598,True,camera,vehicle,False,,False,0.0
78.6999999999998,spawned_3,20.0,0,113.84369150363216,False,113.84369150363216,False,,False,113.84369150363216,True,camera,vehicle,False,,False,0.0
78.7999999999998,spawned_3,20.0,0,113.84369150862176,False,113.84369150862176,False,,False,113.84369150862176,True,camera,vehicle,False,,False,0.0
78.89999999999979,spawned_3,20.0,0,113.84369151339456,False,113.84369151339456,False,,False,113.84369151339456,True,camera,vehicle,False,,False,0.0
78.99999999999979,spawned_3,20.0,0,113.84369151795988,False,113.84369151795988,False,,False,113.84369151795988,True,camera,vehicle,False,,False,0.0
79.09999999999978,spawned_3,20.0,0,113.84369152232694,False,113.84369152232694,False,,False,113.84369152232694,True,camera,vehicle,False,,False,0.0
79.19999999999978,spawned_3,20.0,0,113.84369152650424,False,113.84369152650424,False,,False,113.84369152650424,True,camera,vehicle,False,,False,0.0
79.29999999999977,spawned_3,20.0,0,113.8436915305,False,113.8436915305,False,,False,113.8436915305,True,camera,vehicle,False,,False,0.0
79.39999999999976,spawned_3,20.0,0,113.84369153432215,False,113.84369153432215,False,,False,113.84369153432215,True,camera,vehicle,False,,False,0.0
79.49999999999976,spawned_3,20.0,0,113.8436915379782,False,113.8436915379782,False,,False,113.8436915379782,True,camera,vehicle,False,,False,0.0
79.59999999999975,spawned_3,20.0,0,113.84369154147544,False,113.84369154147544,False,,False,113.84369154147544,True,camera,vehicle,False,,False,0.0
79.69999999999975,spawned_3,20.0,0,113.84369154482067,False,113.84369154482067,False,,False,113.84369154482067,True,camera,vehicle,False,,False,0.0
79.79999999999974,spawned_3,20.0,0,113.84369154802062,False,113.84369154802062,False,,False,113.84369154802062,True,camera,vehicle,False,,False,0.0
79.89999999999974,spawned_3,20.0,0,113.84369155108152,False,113.84369155108152,False,,False,113.84369155108152,True,camera,vehicle,False,,False,0.0
79.99999999999973,spawned_3,20.0,0,113.84297669287798,False,113.84297669287798,False,,False,113.84297669287798,True,camera,vehicle,False,,False,0.0
80.09999999999972,spawned_3,20.0,0,113.83856415599064,False,113.83856415599064,False,,False,113.83856415599064,True,camera,vehicle,False,,False,0.0
80.19999999999972,spawned_3,20.0,0,113.82624195877838,False,113.82624195877838,False,,False,113.82624195877838,True,camera,vehicle,False,,False,0.0
80.29999999999971,spawned_3,20.0,0,113.80236622495624,False,113.80236622495624,False,,False,113.80236622495624,True,camera,vehicle,False,,False,0.0
80.39999999999971,spawned_3,20.0,0,113.7637272039575,False,113.7637272039575,False,,False,113.7637272039575,True,camera,vehicle,False,,False,0.0
80.4999999999997,spawned_3,20.0,0,113.70745704092428,False,113.70745704092428,False,,False,113.70745704092428,True,camera,vehicle,False,,False,0.0
80.5999999999997,spawned_3,20.0,0,113.63096461546445,False,113.63096461546445,False,,False,113.63096461546445,True,camera,vehicle,False,,False,0.0
80.69999999999969,spawned_3,20.0,0,113.5318888697966,False,113.5318888697966,False,,False,113.5318888697966,True,camera,vehicle,False,,False,0.0
80.79999999999968,spawned_3,20.0,0,113.40806543938459,False,113.40806543938459,False,,False,113.40806543938459,True,camera,vehicle,False,,False,0.0
80.89999999999968,spawned_3,20.0,0,113.25750341185403,False,113.25750341185403,False,,False,113.25750341185403,True,camera,vehicle,False,,False,0.0
80.99999999999967,spawned_3,20.0,0,113.07837031656413,False,113.07837031656413,False,,False,113.07837031656413,True,camera,vehicle,False,,False,0.0
81.09999999999967,spawned_3,20.0,0,112.86898432126691,False,112.86898432126691,False,,False,112.86898432126691,True,camera,vehicle,False,,False,0.0
81.19999999999966,spawned_3,20.0,0,112.62781326726315,False,112.62781326726315,False,,False,112.62781326726315,True,camera,vehicle,False,,False,0.0
81.29999999999966,spawned_3,20.0,0,112.3534807152173,False,112.3534807152173,False,,False,112.3534807152173,True,camera,vehicle,False,,False,0.0
81.39999999999965,spawned_3,20.0,0,112.04477965744218,False,112.04477965744218,False,,False,112.04477965744218,True,camera,vehicle,False,,False,0.0
81.49999999999964,spawned_3,20.0,0,111.70069499591204,False,111.70069499591204,False,,False,111.70069499591204,True,camera,vehicle,False,,False,0.0
81.59999999999964,spawned_3,20.0,0,111.3204362528179,False,111.3204362528179,False,,False,111.3204362528179,True,camera,vehicle,False,,False,0.0
81.69999999999963,spawned_3,20.0,0,110.90348214656603,False,110.90348214656603,False,,False,110.90348214656603,True,camera,vehicle,False,,False,0.0
81.79999999999963,spawned_3,20.0,0,110.44963834236808,False,110.44963834236808,False,,False,110.44963834236808,True,camera,vehicle,False,,False,0.0
81.89999999999962,spawned_3,20.0,0,109.95910830608307,False,109.95910830608307,False,,False,109.95910830608307,True,camera,vehicle,False,,False,0.0
81.99999999999962,spawned_3,20.0,0,109.4325737791263,False,109.4325737791263,False,,False,109.4325737791263,True,camera,vehicle,False,,False,0.0
82.09999999999961,spawned_3,20.0,0,108.8712745959474,False,108.8712745959474,False,,False,108.8712745959474,True,camera,vehicle,False,,False,0.0
82.1999999999996,spawned_3,20.0,0,108.27706632485524,False,108.27706632485524,False,,False,108.27706632485524,True,camera,vehicle,False,,False,0.0
82.2999999999996,spawned_3,20.0,0,107.6524200646204,False,107.6524200646204,False,,False,107.6524200646204,True,camera,vehicle,False,,False,0.0
82.3999999999996,spawned_3,20.0,0,107.00032029036413,False,107.00032029036413,False,,False,107.00032029036413,True,camera,vehicle,False,,False,0.0
82.49999999999959,spawned_3,20.0,0,106.32403254543237,False,106.32403254543237,False,,False,106.32403254543237,True,camera,vehicle,False,,False,0.0
82.59999999999958,spawned_3,20.0,0,105.62677012954464,False,105.62677012954464,False,,False,105.62677012954464,True,camera,vehicle,False,,False,0.0
82.69999999999958,spawned_3,20.0,0,104.91136842486458,False,104.91136842486458,False,,False,104.91136842486458,True,camera,vehicle,False,,False,0.0
82.79999999999957,spawned_3,20.0,0,104.18010339775753,False,104.18010339775753,False,,False,104.18010339775753,True,camera,vehicle,False,,False,0.0
82.89999999999957,spawned_3,20.0,0,103.4514008936244,False,103.4514008936244,False,,False,103.4514008936244,True,camera,vehicle,False,,False,0.0
82.99999999999956,spawned_3,20.0,0,102.74269838949124,False,102.74269838949124,False,,False,102.74269838949124,True,camera,vehicle,False,,False,0.0
83.09999999999955,spawned_3,20.0,0,102.05399588535806,False,102.05399588535806,False,,False,102.05399588535806,True,camera,vehicle,False,,False,0.0
83.19999999999955,spawned_3,20.0,0,101.38529338122487,False,101.38529338122487,False,,False,101.38529338122487,True,camera,vehicle,False,,False,0.0
83.29999999999954,spawned_3,20.0,0,100.73659087709166,False,100.73659087709166,False,,False,100.73659087709166,True,camera,vehicle,False,,False,0.0
83.39999999999954,spawned_3,20.0,0,100.10788837295854,False,100.10788837295854,False,,False,100.10788837295854,True,camera,vehicle,False,,False,0.0
83.49999999999953,spawned_3,20.0,0,99.4991858688254,False,99.4991858688254,False,,False,99.4991858688254,True,camera,vehicle,False,,False,0.0
83.59999999999953,spawned_3,20.0,0,98.91048336469225,False,98.91048336469225,False,,False,98.91048336469225,True,camera,vehicle,False,,False,0.0
83.69999999999952,spawned_3,20.0,0,98.34178086055908,False,98.34178086055908,False,,False,98.34178086055908,True,camera,vehicle,False,,False,0.0
83.79999999999951,spawned_3,20.0,0,97.7930783564259,False,97.7930783564259,False,,False,97.7930783564259,True,camera,vehicle,False,,False,0.0
83.89999999999951,spawned_3,20.0,0,97.26437585229269,False,97.26437585229269,False,,False,97.26437585229269,True,camera,vehicle,False,,False,0.0
83.9999999999995,spawned_3,20.0,0,96.75567334815958,False,96.75567334815958,False,,False,96.75567334815958,True,camera,vehicle,False,,False,0.0
84.0999999999995,spawned_3,20.0,0,96.26697084402645,False,96.26697084402645,False,,False,96.26697084402645,True,camera,vehicle,False,,False,0.0
84.19999999999949,spawned_3,20.0,0,95.7982683398933,False,95.7982683398933,False,,False,95.7982683398933,True,camera,vehicle,False,,False,0.0
84.29999999999949,spawned_3,20.0,0,95.34956583576013,False,95.34956583576013,False,,False,95.34956583576013,True,camera,vehicle,False,,False,0.0
84.39999999999948,spawned_3,20.0,0,94.92086333162695,False,94.92086333162695,False,,False,94.92086333162695,True,camera,vehicle,False,,False,0.0
84.49999999999947,spawned_3,20.0,0,94.51216082749374,False,94.51216082749374,False,,False,94.51216082749374,True,camera,vehicle,False,,False,0.0
84.59999999999947,spawned_3,20.0,0,94.12345832336064,False,94.12345832336064,False,,False,94.12345832336064,True,camera,vehicle,False,,False,0.0
84.69999999999946,spawned_3,20.0,0,93.75475581922751,False,93.75475581922751,False,,False,93.75475581922751,True,camera,vehicle,False,,False,0.0
84.79999999999946,spawned_3,20.0,0,93.40605331509437,False,93.40605331509437,False,,False,93.40605331509437,True,camera,vehicle,False,,False,0.0
84.89999999999945,spawned_3,20.0,0,93.0773508109612,False,93.0773508109612,False,,False,93.0773508109612,True,camera,vehicle,False,,False,0.0
84.99999999999945,spawned_3,20.0,0,92.6859592153777,False,92.6859592153777,False,,False,92.6859592153777,True,camera,roundabout_giveway,False,,False,0.0
85.09999999999944,spawned_3,20.0,0,91.79187921537766,False,91.79187921537766,False,,False,91.79187921537766,True,camera,roundabout_giveway,False,,False,0.0
85.19999999999943,spawned_3,20.0,0,90.89779921537763,False,90.89779921537763,False,,False,90.89779921537763,True,camera,roundabout_giveway,False,,False,0.0
85.29999999999943,spawned_3,20.0,0,90.0037192153776,False,90.0037192153776,False,,False,90.0037192153776,True,camera,roundabout_giveway,False,,False,0.0
85.39999999999942,spawned_3,20.0,0,89.10963921537757,False,89.10963921537757,False,,False,89.10963921537757,True,camera,roundabout_giveway,False,,False,0.0
85.49999999999942,spawned_3,20.0,0,88.21555921537754,False,88.21555921537754,False,,False,88.21555921537754,True,camera,roundabout_giveway,False,,False,0.0
85.59999999999941,spawned_3,20.0,0,87.32147921537751,False,87.32147921537751,False,,False,87.32147921537751,True,camera,roundabout_giveway,False,,False,0.0
85.6999999999994,spawned_3,20.0,0,86.42739921537748,False,86.42739921537748,False,,False,86.42739921537748,True,camera,roundabout_giveway,False,,False,0.0
85.7999999999994,spawned_3,20.0,0,85.53331921537745,False,85.53331921537745,False,,False,85.53331921537745,True,camera,roundabout_giveway,False,,False,0.0
85.8999999999994,spawned_3,20.0,0,84.63923921537742,False,84.63923921537742,False,,False,84.63923921537742,True,camera,roundabout_giveway,False,,False,0.0
85.99999999999939,spawned_3,20.0,0,83.74515921537738,False,83.74515921537738,False,,False,83.74515921537738,True,camera,roundabout_giveway,False,,False,0.0
86.09999999999938,spawned_3,20.0,0,82.85107921537735,False,82.85107921537735,False,,False,82.85107921537735,True,camera,roundabout_giveway,False,,False,0.0
86.19999999999938,spawned_3,20.0,0,81.95699921537732,False,81.95699921537732,False,,False,81.95699921537732,True,camera,roundabout_giveway,False,,False,0.0
86.29999999999937,spawned_3,20.0,0,81.06291921537729,False,81.06291921537729,False,,False,81.06291921537729,True,camera,roundabout_giveway,False,,False,0.0
86.39999999999937,spawned_3,20.0,0,80.16883921537726,False,80.16883921537726,False,,False,80.16883921537726,True,camera,roundabout_giveway,False,,False,0.0
86.49999999999936,spawned_3,20.0,0,79.27475921537723,False,79.27475921537723,False,79.27475921537723,False,79.27475921537723,True,camera,roundabout_giveway,False,,False,0.0
86.59999999999935,spawned_3,20.0,0,78.3806792153772,False,78.3806792153772,False,78.3806792153772,False,78.3806792153772,True,camera,roundabout_giveway,False,,False,0.0
86.69999999999935,spawned_3,20.0,0,77.48659921537717,False,77.48659921537717,False,77.48659921537717,False,77.48659921537717,True,camera,roundabout_giveway,False,,False,0.0
86.79999999999934,spawned_3,20.0,0,76.59251921537714,False,76.59251921537714,False,76.59251921537714,False,76.59251921537714,True,camera,roundabout_giveway,False,,False,0.0
86.89999999999934,spawned_3,20.0,0,75.6984392153771,False,75.6984392153771,False,75.6984392153771,False,75.6984392153771,True,camera,roundabout_giveway,False,,False,0.0
86.99999999999933,spawned_3,20.0,0,74.80435921537708,False,74.80435921537708,False,74.80435921537708,False,74.80435921537708,True,camera,roundabout_giveway,False,,False,0.0
87.09999999999933,spawned_3,20.0,0,73.91027921537705,False,73.91027921537705,False,73.91027921537705,False,73.91027921537705,True,camera,roundabout_giveway,False,,False,0.0
87.19999999999932,spawned_3,20.0,0,73.01619921537701,False,73.01619921537701,False,73.01619921537701,False,73.01619921537701,True,camera,roundabout_giveway,False,,False,0.0
87.29999999999932,spawned_3,20.0,0,72.12211921537698,False,72.12211921537698,False,72.12211921537698,False,72.12211921537698,True,camera,roundabout_giveway,False,,False,0.0
87.39999999999931,spawned_3,20.0,0,71.22803921537695,False,71.22803921537695,False,71.22803921537695,False,71.22803921537695,True,camera,roundabout_giveway,False,,False,0.0
87.4999999999993,spawned_3,20.0,0,70.33395921537692,False,70.33395921537692,False,70.33395921537692,False,70.33395921537692,True,camera,roundabout_giveway,False,,False,0.0
87.5999999999993,spawned_3,20.0,0,69.43987921537689,False,69.43987921537689,False,69.43987921537689,False,69.43987921537689,True,camera,roundabout_giveway,False,,False,0.0
87.69999999999929,spawned_3,20.0,0,68.54579921537686,False,68.54579921537686,False,68.54579921537686,False,68.54579921537686,True,camera,roundabout_giveway,False,,False,0.0
87.79999999999929,spawned_3,20.0,0,67.65171921537683,False,67.65171921537683,False,67.65171921537683,False,67.65171921537683,True,camera,roundabout_giveway,False,,False,0.0
87.89999999999928,spawned_3,20.0,0,92.51627568696654,False,92.51627568696654,False,,False,92.51627568696654,True,camera,vehicle,False,,False,0.0
87.99999999999928,spawned_3,20.0,0,92.80757318283338,False,92.80757318283338,False,,False,92.80757318283338,True,camera,vehicle,False,,False,0.0
88.09999999999927,spawned_3,20.0,0,93.1188706787002,False,93.1188706787002,False,,False,93.1188706787002,True,camera,vehicle,False,,False,0.0
88.19999999999926,spawned_3,20.0,0,93.45016817456701,False,93.45016817456701,False,,False,93.45016817456701,True,camera,vehicle,False,,False,0.0
88.29999999999926,spawned_3,20.0,0,93.8014656704338,False,93.8014656704338,False,,False,93.8014656704338,True,camera,vehicle,False,,False,0.0
88.39999999999925,spawned_3,20.0,0,94.17276316630068,False,94.17276316630068,False,,False,94.17276316630068,True,camera,vehicle,False,,False,0.0
88.49999999999925,spawned_3,20.0,0,94.56406066216755,False,94.56406066216755,False,,False,94.56406066216755,True,camera,vehicle,False,,False,0.0
88.59999999999924,spawned_3,20.0,0,94.9753581580344,False,94.9753581580344,False,,False,94.9753581580344,True,camera,vehicle,False,,False,0.0
88.69999999999924,spawned_3,20.0,0,95.40665565390123,False,95.40665565390123,False,,False,95.40665565390123,True,camera,vehicle,False,,False,0.0
88.79999999999923,spawned_3,20.0,0,95.85082440183464,False,95.85082440183464,False,,False,95.85082440183464,True,camera,vehicle,False,,False,0.0
88.89999999999922,spawned_3,20.0,0,96.29786440183466,False,96.29786440183466,False,,False,96.29786440183466,True,camera,vehicle,False,,False,0.0
88.99999999999922,spawned_3,20.0,0,96.74490440183467,False,96.74490440183467,False,,False,96.74490440183467,True,camera,vehicle,False,,False,0.0
89.09999999999921,spawned_3,20.0,0,97.19194440183469,False,97.19194440183469,False,,False,97.19194440183469,True,camera,vehicle,False,,False,0.0
89.1999999999992,spawned_3,20.0,0,97.6389844018347,False,97.6389844018347,False,,False,97.6389844018347,True,camera,vehicle,False,,False,0.0
89.2999999999992,spawned_3,20.0,0,98.08602440183472,False,98.08602440183472,False,,False,98.08602440183472,True,camera,vehicle,False,,False,0.0
89.3999999999992,spawned_3,20.0,0,98.53272378429085,False,98.53272378429085,False,,False,98.53272378429085,True,camera,vehicle,False,,False,0.0
89.49999999999919,spawned_3,20.0,0,98.97820201142474,False,98.97820201142474,False,,False,98.97820201142474,True,camera,vehicle,False,,False,0.0
89.59999999999918,spawned_3,20.0,0,99.42143483797281,False,99.42143483797281,False,,False,99.42143483797281,True,camera,vehicle,False,,False,0.0
89.69999999999918,spawned_3,20.0,0,99.86150301308612,False,99.86150301308612,False,,False,99.86150301308612,True,camera,vehicle,False,,False,0.0
89.79999999999917,spawned_3,20.0,0,100.29758092982888,False,100.29758092982888,False,,False,100.29758092982888,True,camera,vehicle,False,,False,0.0
89.89999999999917,spawned_3,20.0,0,100.7289271425168,False,100.7289271425168,False,,False,100.7289271425168,True,camera,vehicle,False,,False,0.0
89.99999999999916,spawned_3,20.0,0,101.15487637227045,False,101.15487637227045,False,,False,101.15487637227045,True,camera,vehicle,False,,False,0.0
90.09999999999916,spawned_3,20.0,0,101.57483270888065,False,101.57483270888065,False,,False,101.57483270888065,True,camera,vehicle,False,,False,0.0
90.19999999999915,spawned_3,20.0,0,138.55280000000494,False,138.55280000000494,False,,False,138.55280000000494,True,camera,vehicle,False,,False,0.0
90.29999999999914,spawned_3,20.0,0,138.55280000000494,False,138.55280000000494,False,,False,138.55280000000494,True,camera,vehicle,False,,False,0.0
90.39999999999914,spawned_3,20.0,0,138.55280000000494,False,138.55280000000494,False,,False,138.55280000000494,True,camera,vehicle,False,,False,0.0
90.49999999999913,spawned_3,20.0,0,138.55280000000494,False,138.55280000000494,False,,False,138.55280000000494,True,camera,vehicle,False,,False,0.0
90.59999999999913,spawned_3,20.0,0,138.55280000000494,False,138.55280000000494,False,,False,138.55280000000494,True,camera,vehicle,False,,False,0.0
90.69999999999912,spawned_3,20.0,0,138.55280000000494,False,138.55280000000494,False,,False,138.55280000000494,True,camera,vehicle,False,,False,0.0
90.79999999999912,spawned_3,20.0,0,138.55280000000494,False,138.55280000000494,False,,False,138.55280000000494,True,camera,vehicle,False,,False,0.0
90.89999999999911,spawned_3,20.0,0,138.55280000000494,False,138.55280000000494,False,,False,138.55280000000494,True,camera,vehicle,False,,False,0.0
90.9999999999991,spawned_3,20.0,0,138.55280000000494,False,138.55280000000494,False,,False,138.55280000000494,True,camera,vehicle,False,,False,0.0
91.0999999999991,spawned_3,20.0,0,138.55280000000494,False,138.55280000000494,False,,False,138.55280000000494,True,camera,vehicle,False,,False,0.0
91.1999999999991,spawned_3,20.0,0,138.55280000000494,False,138.55280000000494,False,,False,138.55280000000494,True,camera,vehicle,False,,False,0.0
91.29999999999909,spawned_3,20.0,0,138.55280000000494,False,138.55280000000494,False,,False,138.55280000000494,True,camera,vehicle,False,,False,0.0
91.39999999999908,spawned_3,20.0,0,138.55280000000494,False,138.55280000000494,False,,False,138.55280000000494,True,camera,vehicle,False,,False,0.0
91.49999999999908,spawned_3,20.0,0,138.55280000000494,False,138.55280000000494,False,,False,138.55280000000494,True,camera,vehicle,False,,False,0.0
91.59999999999907,spawned_3,20.0,0,138.55280000000494,False,138.55280000000494,False,,False,138.55280000000494,True,camera,vehicle,False,,False,0.0
91.69999999999906,spawned_3,20.0,0,138.55280000000494,False,138.55280000000494,False,,False,138.55280000000494,True,camera,vehicle,False,,False,0.0
91.79999999999906,spawned_3,20.0,0,138.55280000000494,False,138.55280000000494,False,,False,138.55280000000494,True,camera,vehicle,False,,False,0.0
91.89999999999905,spawned_3,20.0,0,138.55280000000494,False,138.55280000000494,False,,False,138.55280000000494,True,camera,vehicle,False,,False,0.0
91.99999999999905,spawned_3,20.0,0,138.55280000000494,False,138.55280000000494,False,,False,138.55280000000494,True,camera,vehicle,False,,False,0.0
92.09999999999904,spawned_3,20.0,0,138.55280000000494,False,138.55280000000494,False,,False,138.55280000000494,True,camera,vehicle,False,,False,0.0
92.19999999999904,spawned_3,20.0,0,138.55280000000494,False,138.55280000000494,False,,False,138.55280000000494,True,camera,vehicle,False,,False,0.0
92.29999999999903,spawned_3,20.0,0,138.55280000000494,False,138.55280000000494,False,,False,138.55280000000494,True,camera,vehicle,False,,False,0.0
92.39999999999903,spawned_3,20.0,0,138.55280000000494,False,138.55280000000494,False,,False,138.55280000000494,True,camera,vehicle,False,,False,0.0
92.49999999999902,spawned_3,20.0,0,101.6864812238789,False,101.6864812238789,False,,False,101.6864812238789,True,camera,vehicle,False,,False,0.0
92.59999999999901,spawned_3,20.0,0,101.51289232625004,False,101.51289232625004,False,,False,101.51289232625004,True,camera,vehicle,False,,False,0.0
92.69999999999901,spawned_3,20.0,0,101.33751983813045,False,101.33751983813045,False,,False,101.33751983813045,True,camera,vehicle,False,,False,0.0
92.799999999999,spawned_3,20.0,0,101.16072534748719,False,101.16072534748719,False,,False,101.16072534748719,True,camera,vehicle,False,,False,0.0
92.899999999999,spawned_3,20.0,0,100.98279896748284,False,100.98279896748284,False,,False,100.98279896748284,True,camera,vehicle,False,,False,0.0
92.99999999999899,spawned_3,20.0,0,100.80397279269232,False,100.80397279269232,False,,False,100.80397279269232,True,camera,vehicle,False,,False,0.0
93.09999999999899,spawned_3,20.0,0,100.62443207073841,False,100.62443207073841,False,,False,100.62443207073841,True,camera,vehicle,False,,False,0.0
93.19999999999898,spawned_3,20.0,0,100.45457516254748,False,100.45457516254748,False,,False,100.45457516254748,True,camera,vehicle,False,,False,0.0
93.29999999999897,spawned_3,20.0,0,100.30471825435654,False,100.30471825435654,False,,False,100.30471825435654,True,camera,vehicle,False,,False,0.0
93.39999999999897,spawned_3,20.0,0,100.17486134616559,False,100.17486134616559,False,,False,100.17486134616559,True,camera,vehicle,False,,False,0.0
93.49999999999896,spawned_3,20.0,0,100.06500443797461,False,100.06500443797461,False,,False,100.06500443797461,True,camera,vehicle,False,,False,0.0
93.59999999999896,spawned_3,20.0,0,99.97514752978361,False,99.97514752978361,False,,False,99.97514752978361,True,camera,vehicle,False,,False,0.0
93.69999999999895,spawned_3,20.0,0,99.9052906215926,False,99.9052906215926,False,,False,99.9052906215926,True,camera,vehicle,False,,False,0.0
93.79999999999895,spawned_3,20.0,0,99.85543371340168,False,99.85543371340168,False,,False,99.85543371340168,True,camera,vehicle,False,,False,0.0
93.89999999999894,spawned_3,20.0,0,99.82557680521074,False,99.82557680521074,False,,False,99.82557680521074,True,camera,vehicle,False,,False,0.0
93.99999999999893,spawned_3,20.0,0,99.81571989701979,False,99.81571989701979,False,,False,99.81571989701979,True,camera,vehicle,False,,False,0.0
94.09999999999893,spawned_3,20.0,0,99.82586298882882,False,99.82586298882882,False,,False,99.82586298882882,True,camera,vehicle,False,,False,0.0
94.19999999999892,spawned_3,20.0,0,99.85600608063783,False,99.85600608063783,False,,False,99.85600608063783,True,camera,vehicle,False,,False,0.0
94.29999999999892,spawned_3,20.0,0,99.90614917244682,False,99.90614917244682,False,,False,99.90614917244682,True,camera,vehicle,False,,False,0.0
94.39999999999891,spawned_3,20.0,0,99.9762922642559,False,99.9762922642559,False,,False,99.9762922642559,True,camera,vehicle,False,,False,0.0
94.4999999999989,spawned_3,20.0,0,100.06643535606497,False,100.06643535606497,False,,False,100.06643535606497,True,camera,vehicle,False,,False,0.0
94.5999999999989,spawned_3,20.0,0,100.17657844787402,False,100.17657844787402,False,,False,100.17657844787402,True,camera,vehicle,False,,False,0.0
94.6999999999989,spawned_3,20.0,0,100.30672153968305,False,100.30672153968305,False,,False,100.30672153968305,True,camera,vehicle,False,,False,0.0
94.79999999999889,spawned_3,20.0,0,100.45686463149207,False,100.45686463149207,False,,False,100.45686463149207,True,camera,vehicle,False,,False,0.0
94.89999999999888,spawned_3,20.0,0,100.62700772330106,False,100.62700772330106,False,,False,100.62700772330106,True,camera,vehicle,False,,False,0.0
94.99999999999888,spawned_3,20.0,0,100.81715081511015,False,100.81715081511015,False,,False,100.81715081511015,True,camera,vehicle,False,,False,0.0
95.09999999999887,spawned_3,20.0,0,101.02729390691923,False,101.02729390691923,False,,False,101.02729390691923,True,camera,vehicle,False,,False,0.0
95.19999999999887,spawned_3,20.0,0,101.25743699872828,False,101.25743699872828,False,,False,101.25743699872828,True,camera,vehicle,False,,False,0.0
95.29999999999886,spawned_3,20.0,0,101.50758009053732,False,101.50758009053732,False,,False,101.50758009053732,True,camera,vehicle,False,,False,0.0
95.39999999999885,spawned_3,20.0,0,101.77772318234634,False,101.77772318234634,False,,False,101.77772318234634,True,camera,vehicle,False,,False,0.0
95.49999999999885,spawned_3,20.0,0,102.06786627415534,False,102.06786627415534,False,,False,102.06786627415534,True,camera,vehicle,False,,False,0.0
95.59999999999884,spawned_3,20.0,0,102.37800936596443,False,102.37800936596443,False,,False,102.37800936596443,True,camera,vehicle,False,,False,0.0
95.69999999999884,spawned_3,20.0,0,102.70815245777351,False,102.70815245777351,False,,False,102.70815245777351,True,camera,vehicle,False,,False,0.0
95.79999999999883,spawned_3,20.0,0,103.0473436444397,False,103.0473436444397,False,,False,103.0473436444397,True,camera,vehicle,False,,False,0.0
95.89999999999883,spawned_3,20.0,0,103.38422925123791,False,103.38422925123791,False,,False,103.38422925123791,True,camera,vehicle,False,,False,0.0
95.99999999999882,spawned_3,20.0,0,103.71805130703069,False,103.71805130703069,False,,False,103.71805130703069,True,camera,vehicle,False,,False,0.0
96.09999999999881,spawned_3,20.0,0,104.04813817102922,False,104.04813817102922,False,,False,104.04813817102922,True,camera,vehicle,False,,False,0.0
96.19999999999881,spawned_3,20.0,0,104.3738956653574,False,104.3738956653574,False,,False,104.3738956653574,True,camera,vehicle,False,,False,0.0
96.2999999999988,spawned_3,20.0,0,104.69479954634244,False,104.69479954634244,False,,False,104.69479954634244,True,camera,vehicle,False,,False,0.0
96.3999999999988,spawned_3,20.0,0,105.01038904978805,False,105.01038904978805,False,,False,105.01038904978805,True,camera,vehicle,False,,False,0.0
96.49999999999879,spawned_3,20.0,0,105.32026130427084,False,105.32026130427084,False,,False,105.32026130427084,True,camera,vehicle,False,,False,0.0
96.59999999999879,spawned_3,20.0,0,105.62406645052874,False,105.62406645052874,False,,False,105.62406645052874,True,camera,vehicle,False,,False,0.0
96.69999999999878,spawned_3,20.0,0,105.92150333841983,False,105.92150333841983,False,,False,105.92150333841983,True,camera,vehicle,False,,False,0.0
96.79999999999878,spawned_3,20.0,0,106.2123156986163,False,106.2123156986163,False,,False,106.2123156986163,True,camera,vehicle,False,,False,0.0
96.89999999999877,spawned_3,20.0,0,106.49628870618972,False,106.49628870618972,False,,False,106.49628870618972,True,camera,vehicle,False,,False,0.0
96.99999999999876,spawned_3,20.0,0,106.77324586897953,False,106.77324586897953,False,,False,106.77324586897953,True,camera,vehicle,False,,False,0.0
97.09999999999876,spawned_3,20.0,0,107.04304618617152,False,107.04304618617152,False,,False,107.04304618617152,True,camera,vehicle,False,,False,0.0
97.19999999999875,spawned_3,20.0,0,107.30558153260085,False,107.30558153260085,False,,False,107.30558153260085,True,camera,vehicle,False,,False,0.0
97.29999999999875,spawned_3,20.0,0,107.56077423250122,False,107.56077423250122,False,,False,107.56077423250122,True,camera,vehicle,False,,False,0.0
97.39999999999874,spawned_3,20.0,0,107.8085747931625,False,107.8085747931625,False,,False,107.8085747931625,True,camera,vehicle,False,,False,0.0
97.49999999999874,spawned_3,20.0,0,108.04895977454134,False,108.04895977454134,False,,False,108.04895977454134,True,camera,vehicle,False,,False,0.0
97.59999999999873,spawned_3,20.0,0,108.28192977552726,False,108.28192977552726,False,,False,108.28192977552726,True,camera,vehicle,False,,False,0.0
97.69999999999872,spawned_3,20.0,0,108.5075075214786,False,108.5075075214786,False,,False,108.5075075214786,True,camera,vehicle,False,,False,0.0
97.79999999999872,spawned_3,20.0,0,108.72573604093691,False,108.72573604093691,False,,False,108.72573604093691,True,camera,vehicle,False,,False,0.0
97.89999999999871,spawned_3,20.0,0,108.93667692220401,False,108.93667692220401,False,,False,108.93667692220401,True,camera,vehicle,False,,False,0.0
97.9999999999987,spawned_3,20.0,0,109.14040864280514,False,109.14040864280514,False,,False,109.14040864280514,True,camera,vehicle,False,,False,0.0
98.0999999999987,spawned_3,20.0,0,109.33702496681622,False,109.33702496681622,False,,False,109.33702496681622,True,camera,vehicle,False,,False,0.0
98.1999999999987,spawned_3,20.0,0,109.52663340665868,False,109.52663340665868,False,,False,109.52663340665868,True,camera,vehicle,False,,False,0.0
98.29999999999869,spawned_3,20.0,0,109.70935374728174,False,109.70935374728174,False,,False,109.70935374728174,True,camera,vehicle,False,,False,0.0
98.39999999999868,spawned_3,20.0,0,109.88531663171216,False,109.88531663171216,False,,False,109.88531663171216,True,camera,vehicle,False,,False,0.0
98.49999999999868,spawned_3,20.0,0,110.05466220775861,False,110.05466220775861,False,,False,110.05466220775861,True,camera,vehicle,False,,False,0.0
98.59999999999867,spawned_3,20.0,0,110.21753883625615,False,110.21753883625615,False,,False,110.21753883625615,True,camera,vehicle,False,,False,0.0
98.69999999999867,spawned_3,20.0,0,110.37410186162606,False,110.37410186162606,False,,False,110.37410186162606,True,camera,vehicle,False,,False,0.0
98.79999999999866,spawned_3,20.0,0,110.52451244575536,False,110.52451244575536,False,,False,110.52451244575536,True,camera,vehicle,False,,False,0.0
98.89999999999866,spawned_3,20.0,0,110.66893646626022,False,110.66893646626022,False,,False,110.66893646626022,True,camera,vehicle,False,,False,0.0
98.99999999999865,spawned_3,20.0,0,110.80754348014011,False,110.80754348014011,False,,False,110.80754348014011,True,camera,vehicle,False,,False,0.0
99.09999999999864,spawned_3,20.0,0,110.94050575364713,False,110.94050575364713,False,,False,110.94050575364713,True,camera,vehicle,False,,False,0.0
99.19999999999864,spawned_3,20.0,0,111.06799735893719,False,111.06799735893719,False,,False,111.06799735893719,True,camera,vehicle,False,,False,0.0
99.29999999999863,spawned_3,20.0,0,111.19019333773167,False,111.19019333773167,False,,False,111.19019333773167,True,camera,vehicle,False,,False,0.0
99.39999999999863,spawned_3,20.0,0,111.30726893183987,False,111.30726893183987,False,,False,111.30726893183987,True,camera,vehicle,False,,False,0.0
99.49999999999862,spawned_3,20.0,0,111.41939887998524,False,111.41939887998524,False,,False,111.41939887998524,True,camera,vehicle,False,,False,0.0
99.59999999999862,spawned_3,20.0,0,111.52675677995285,False,111.52675677995285,False,,False,111.52675677995285,True,camera,vehicle,False,,False,0.0
99.69999999999861,spawned_3,20.0,0,111.6295145146662,False,111.6295145146662,False,,False,111.6295145146662,True,camera,vehicle,False,,False,0.0
99.7999999999986,spawned_3,20.0,0,111.72784174040112,False,111.72784174040112,False,,False,111.72784174040112,True,camera,vehicle,False,,False,0.0
99.8999999999986,spawned_3,20.0,0,111.82190543497563,False,111.82190543497563,False,,False,111.82190543497563,True,camera,vehicle,False,,False,0.0
99.9999999999986,spawned_3,20.0,0,111.91186950343103,False,111.91186950343103,False,,False,111.91186950343103,True,camera,vehicle,False,,False,0.0
100.09999999999859,spawned_3,20.0,0,111.9978944384327,False,111.9978944384327,False,,False,111.9978944384327,True,camera,vehicle,False,,False,0.0
100.19999999999858,spawned_3,20.0,0,112.08013703238612,False,112.08013703238612,False,,False,112.08013703238612,True,camera,vehicle,False,,False,0.0
100.29999999999858,spawned_3,20.0,0,112.15875013808568,False,112.15875013808568,False,,False,112.15875013808568,True,camera,vehicle,False,,False,0.0
100.39999999999857,spawned_3,20.0,0,112.23388247458047,False,112.23388247458047,False,,False,112.23388247458047,True,camera,vehicle,False,,False,0.0
100.49999999999856,spawned_3,20.0,0,112.30567847486645,False,112.30567847486645,False,,False,112.30567847486645,True,camera,vehicle,False,,False,0.0
100.59999999999856,spawned_3,20.0,0,112.37427817198454,False,112.37427817198454,False,,False,112.37427817198454,True,camera,vehicle,False,,False,0.0
100.69999999999855,spawned_3,20.0,0,112.43981712011714,False,112.43981712011714,False,,False,112.43981712011714,True,camera,vehicle,False,,False,0.0
100.79999999999855,spawned_3,20.0,0,112.50242634733172,False,112.50242634733172,False,,False,112.50242634733172,True,camera,vehicle,False,,False,0.0
100.89999999999854,spawned_3,20.0,0,112.56223233671062,False,112.56223233671062,False,,False,112.56223233671062,True,camera,vehicle,False,,False,0.0
100.99999999999854,spawned_3,20.0,0,112.61935703272161,False,112.61935703272161,False,,False,112.61935703272161,True,camera,vehicle,False,,False,0.0
101.09999999999853,spawned_3,20.0,0,112.67391786983126,False,112.67391786983126,False,,False,112.67391786983126,True,camera,vehicle,False,,False,0.0
101.19999999999852,spawned_3,20.0,0,112.7260278205215,False,112.7260278205215,False,,False,112.7260278205215,True,camera,vehicle,False,,False,0.0
101.29999999999852,spawned_3,20.0,0,112.77579546004813,False,112.77579546004813,False,,False,112.77579546004813,True,camera,vehicle,False,,False,0.0
101.39999999999851,spawned_3,20.0,0,112.82332504546298,False,112.82332504546298,False,,False,112.82332504546298,True,camera,vehicle,False,,False,0.0
101.49999999999851,spawned_3,20.0,0,112.86871660661222,False,112.86871660661222,False,,False,112.86871660661222,True,camera,vehicle,False,,False,0.0
101.5999999999985,spawned_3,20.0,0,112.91206604701597,False,112.91206604701597,False,,False,112.91206604701597,True,camera,vehicle,False,,False,0.0
101.6999999999985,spawned_3,20.0,0,112.95346525272157,False,112.95346525272157,False,,False,112.95346525272157,True,camera,vehicle,False,,False,0.0
101.79999999999849,spawned_3,20.0,0,112.99300220740929,False,112.99300220740929,False,,False,112.99300220740929,True,camera,vehicle,False,,False,0.0
101.89999999999849,spawned_3,20.0,0,113.03076111221071,False,113.03076111221071,False,,False,113.03076111221071,True,camera,vehicle,False,,False,0.0
101.99999999999848,spawned_3,20.0,0,113.06682250886502,False,113.06682250886502,False,,False,113.06682250886502,True,camera,vehicle,False,,False,0.0
102.09999999999847,spawned_3,20.0,0,113.1012634050046,False,113.1012634050046,False,,False,113.1012634050046,True,camera,vehicle,False,,False,0.0
102.19999999999847,spawned_3,20.0,0,113.13415740050937,False,113.13415740050937,False,,False,113.13415740050937,True,camera,vehicle,False,,False,0.0
102.29999999999846,spawned_3,20.0,0,113.16557481401196,False,113.16557481401196,False,,False,113.16557481401196,True,camera,vehicle,False,,False,0.0
102.39999999999846,spawned_3,20.0,0,113.19558280876049,False,113.19558280876049,False,,False,113.19558280876049,True,camera,vehicle,False,,False,0.0
102.49999999999845,spawned_3,20.0,0,113.22424551716813,False,113.22424551716813,False,,False,113.22424551716813,True,camera,vehicle,False,,False,0.0
102.59999999999845,spawned_3,20.0,0,113.25162416348303,False,113.25162416348303,False,,False,113.25162416348303,True,camera,vehicle,False,,False,0.0
102.69999999999844,spawned_3,20.0,0,113.27777718410903,False,113.27777718410903,False,,False,113.27777718410903,True,camera,vehicle,False,,False,0.0
102.79999999999843,spawned_3,20.0,0,113.30276034519375,False,113.30276034519375,False,,False,113.30276034519375,True,camera,vehicle,False,,False,0.0
102.89999999999843,spawned_3,20.0,0,113.32662685717855,False,113.32662685717855,False,,False,113.32662685717855,True,camera,vehicle,False,,False,0.0
102.99999999999842,spawned_3,20.0,0,113.34942748607136,False,113.34942748607136,False,,False,113.34942748607136,True,camera,vehicle,False,,False,0.0
103.09999999999842,spawned_3,20.0,0,113.37121066126133,False,113.37121066126133,False,,False,113.37121066126133,True,camera,vehicle,False,,False,0.0
103.19999999999841,spawned_3,20.0,0,113.39202257975194,False,113.39202257975194,False,,False,113.39202257975194,True,camera,vehicle,False,,False,0.0
103.2999999999984,spawned_3,20.0,0,113.41190730672565,False,113.41190730672565,False,,False,113.41190730672565,True,camera,vehicle,False,,False,0.0
103.3999999999984,spawned_3,20.0,0,113.43090687240033,False,113.43090687240033,False,,False,113.43090687240033,True,camera,vehicle,False,,False,0.0
103.4999999999984,spawned_3,20.0,0,113.44906136516192,False,113.44906136516192,False,,False,113.44906136516192,True,camera,vehicle,False,,False,0.0
103.59999999999839,spawned_3,20.0,0,113.46640902099375,False,113.46640902099375,False,,False,113.46640902099375,True,camera,vehicle,False,,False,0.0
103.69999999999838,spawned_3,20.0,0,113.48298630923887,False,113.48298630923887,False,,False,113.48298630923887,True,camera,vehicle,False,,False,0.0
103.79999999999838,spawned_3,20.0,0,113.4988280147561,False,113.4988280147561,False,,False,113.4988280147561,True,camera,vehicle,False,,False,0.0
103.89999999999837,spawned_3,20.0,0,113.51396731654245,False,113.51396731654245,False,,False,113.51396731654245,True,camera,vehicle,False,,False,0.0
103.99999999999837,spawned_3,20.0,0,113.5284358629076,False,113.5284358629076,False,,False,113.5284358629076,True,camera,vehicle,False,,False,0.0
104.09999999999836,spawned_3,20.0,0,113.542263843299,False,113.542263843299,False,,False,113.542263843299,True,camera,vehicle,False,,False,0.0
104.19999999999835,spawned_3,20.0,0,113.55548005687683,False,113.55548005687683,False,,False,113.55548005687683,True,camera,vehicle,False,,False,0.0
104.29999999999835,spawned_3,20.0,0,113.56811197795105,False,113.56811197795105,False,,False,113.56811197795105,True,camera,vehicle,False,,False,0.0
104.39999999999834,spawned_3,20.0,0,113.58018581838928,False,113.58018581838928,False,,False,113.58018581838928,True,camera,vehicle,False,,False,0.0
104.49999999999834,spawned_3,20.0,0,113.59172658711122,False,113.59172658711122,False,,False,113.59172658711122,True,camera,vehicle,False,,False,0.0
104.59999999999833,spawned_3,20.0,0,113.60275814678403,False,113.60275814678403,False,,False,113.60275814678403,True,camera,vehicle,False,,False,0.0
104.69999999999833,spawned_3,20.0,0,113.6133032678324,False,113.6133032678324,False,,False,113.6133032678324,True,camera,vehicle,False,,False,0.0
104.79999999999832,spawned_3,20.0,0,113.62338367987854,False,113.62338367987854,False,,False,113.62338367987854,True,camera,vehicle,False,,False,0.0
104.89999999999831,spawned_3,20.0,0,113.63302012072131,False,113.63302012072131,False,,False,113.63302012072131,True,camera,vehicle,False,,False,0.0
104.99999999999831,spawned_3,20.0,0,113.64223238296631,False,113.64223238296631,False,,False,113.64223238296631,True,camera,vehicle,False,,False,0.0
105.0999999999983,spawned_3,20.0,0,113.65103935841216,False,113.65103935841216,False,,False,113.65103935841216,True,camera,vehicle,False,,False,0.0
105.1999999999983,spawned_3,20.0,0,113.65945908029698,False,113.65945908029698,False,,False,113.65945908029698,True,camera,vehicle,False,,False,0.0
105.29999999999829,spawned_3,20.0,0,113.66750876350602,False,113.66750876350602,False,,False,113.66750876350602,True,camera,vehicle,False,,False,0.0
105.39999999999829,spawned_3,20.0,0,113.67520484283614,False,113.67520484283614,False,,False,113.67520484283614,True,camera,vehicle,False,,False,0.0
105.49999999999828,spawned_3,20.0,0,113.68256300941107,False,113.68256300941107,False,,False,113.68256300941107,True,camera,vehicle,False,,False,0.0
105.59999999999827,spawned_3,20.0,0,113.68959824533658,False,113.68959824533658,False,,False,113.68959824533658,True,camera,vehicle,False,,False,0.0
105.69999999999827,spawned_3,20.0,0,113.69632485668194,False,113.69632485668194,False,,False,113.69632485668194,True,camera,vehicle,False,,False,0.0
105.79999999999826,spawned_3,20.0,0,113.70275650486974,False,113.70275650486974,False,,False,113.70275650486974,True,camera,vehicle,False,,False,0.0
105.89999999999826,spawned_3,20.0,0,113.708906236551,False,113.708906236551,False,,False,113.708906236551,True,camera,vehicle,False,,False,0.0
105.99999999999825,spawned_3,20.0,0,113.71478651204325,False,113.71478651204325,False,,False,113.71478651204325,True,camera,vehicle,False,,False,0.0
106.09999999999825,spawned_3,20.0,0,113.7204092324007,False,113.7204092324007,False,,False,113.7204092324007,True,camera,vehicle,False,,False,0.0
106.19999999999824,spawned_3,20.0,0,113.72578576518504,False,113.72578576518504,False,,False,113.72578576518504,True,camera,vehicle,False,,False,0.0
106.29999999999824,spawned_3,20.0,0,113.73092696900267,False,113.73092696900267,False,,False,113.73092696900267,True,camera,vehicle,False,,False,0.0
106.39999999999823,spawned_3,20.0,0,113.73584321686826,False,113.73584321686826,False,,False,113.73584321686826,True,camera,vehicle,False,,False,0.0
106.49999999999822,spawned_3,20.0,0,113.7405444184551,False,113.7405444184551,False,,False,113.7405444184551,True,camera,vehicle,False,,False,0.0
106.59999999999822,spawned_3,20.0,0,113.74504004128494,False,113.74504004128494,False,,False,113.74504004128494,True,camera,vehicle,False,,False,0.0
106.69999999999821,spawned_3,20.0,0,113.74933913091331,False,113.74933913091331,False,,False,113.74933913091331,True,camera,vehicle,False,,False,0.0
106.7999999999982,spawned_3,20.0,0,113.7534503301581,False,113.7534503301581,False,,False,113.7534503301581,True,camera,vehicle,False,,False,0.0
106.8999999999982,spawned_3,20.0,0,113.75738189741969,False,113.75738189741969,False,,False,113.75738189741969,True,camera,vehicle,False,,False,0.0
106.9999999999982,spawned_3,20.0,0,113.76114172413804,False,113.76114172413804,False,,False,113.76114172413804,True,camera,vehicle,False,,False,0.0
107.09999999999819,spawned_3,20.0,0,113.76473735142827,False,113.76473735142827,False,,False,113.76473735142827,True,camera,vehicle,False,,False,0.0
107.19999999999818,spawned_3,20.0,0,113.76817598593652,False,113.76817598593652,False,,False,113.76817598593652,True,camera,vehicle,False,,False,0.0
107.29999999999818,spawned_3,20.0,0,113.77146451495446,False,113.77146451495446,False,,False,113.77146451495446,True,camera,vehicle,False,,False,0.0
107.39999999999817,spawned_3,20.0,0,113.77460952082765,False,113.77460952082765,False,,False,113.77460952082765,True,camera,vehicle,False,,False,0.0
107.49999999999817,spawned_3,20.0,0,113.77761729469285,False,113.77761729469285,False,,False,113.77761729469285,True,camera,vehicle,False,,False,0.0
107.59999999999816,spawned_3,20.0,0,113.78049384957899,False,113.78049384957899,False,,False,113.78049384957899,True,camera,vehicle,False,,False,0.0
107.69999999999816,spawned_3,20.0,0,113.78324493289915,False,113.78324493289915,False,,False,113.78324493289915,True,camera,vehicle,False,,False,0.0
107.79999999999815,spawned_3,20.0,0,113.7858760383665,False,113.7858760383665,False,,False,113.7858760383665,True,camera,vehicle,False,,False,0.0
107.89999999999814,spawned_3,20.0,0,113.78839241735955,False,113.78839241735955,False,,False,113.78839241735955,True,camera,vehicle,False,,False,0.0
107.99999999999814,spawned_3,20.0,0,113.79079908976564,False,113.79079908976564,False,,False,113.79079908976564,True,camera,vehicle,False,,False,0.0
108.09999999999813,spawned_3,20.0,0,113.79310085432508,False,113.79310085432508,False,,False,113.79310085432508,True,camera,vehicle,False,,False,0.0
108.19999999999813,spawned_3,20.0,0,113.79530229850275,False,113.79530229850275,False,,False,113.79530229850275,True,camera,vehicle,False,,False,0.0
108.29999999999812,spawned_3,20.0,0,113.79740780790712,False,113.79740780790712,False,,False,113.79740780790712,True,camera,vehicle,False,,False,0.0
108.39999999999812,spawned_3,20.0,0,113.7994215752799,False,113.7994215752799,False,,False,113.7994215752799,True,camera,vehicle,False,,False,0.0
108.49999999999811,spawned_3,20.0,0,113.80134760907686,False,113.80134760907686,False,,False,113.80134760907686,True,camera,vehicle,False,,False,0.0
108.5999999999981,spawned_3,20.0,0,113.8031897416572,False,113.8031897416572,False,,False,113.8031897416572,True,camera,vehicle,False,,False,0.0
108.6999999999981,spawned_3,20.0,0,113.8049516371027,False,113.8049516371027,False,,False,113.8049516371027,True,camera,vehicle,False,,False,0.0
108.7999999999981,spawned_3,20.0,0,113.8066367986819,False,113.8066367986819,False,,False,113.8066367986819,True,camera,vehicle,False,,False,0.0
108.89999999999809,spawned_3,20.0,0,113.80824857597668,False,113.80824857597668,False,,False,113.80824857597668,True,camera,vehicle,False,,False,0.0
108.99999999999808,spawned_3,20.0,0,113.80979017168761,False,113.80979017168761,False,,False,113.80979017168761,True,camera,vehicle,False,,False,0.0
109.09999999999808,spawned_3,20.0,0,113.81126464813269,False,113.81126464813269,False,,False,113.81126464813269,True,camera,vehicle,False,,False,0.0
109.19999999999807,spawned_3,20.0,0,113.81267493345263,False,113.81267493345263,False,,False,113.81267493345263,True,camera,vehicle,False,,False,0.0
109.29999999999806,spawned_3,20.0,0,113.81402382753845,False,113.81402382753845,False,,False,113.81402382753845,True,camera,vehicle,False,,False,0.0
109.39999999999806,spawned_3,20.0,0,113.81531400769245,False,113.81531400769245,False,,False,113.81531400769245,True,camera,vehicle,False,,False,0.0
109.49999999999805,spawned_3,20.0,0,113.81654803403558,False,113.81654803403558,False,,False,113.81654803403558,True,camera,vehicle,False,,False,0.0
109.59999999999805,spawned_3,20.0,0,113.81772835467314,False,113.81772835467314,False,,False,113.81772835467314,True,camera,vehicle,False,,False,0.0
109.69999999999804,spawned_3,20.0,0,113.81885731062926,False,113.81885731062926,False,,False,113.81885731062926,True,camera,vehicle,False,,False,0.0
109.79999999999804,spawned_3,20.0,0,113.81993714056125,False,113.81993714056125,False,,False,113.81993714056125,True,camera,vehicle,False,,False,0.0
109.89999999999803,spawned_3,20.0,0,113.8209699852639,False,113.8209699852639,False,,False,113.8209699852639,True,camera,vehicle,False,,False,0.0
109.99999999999802,spawned_3,20.0,0,113.82195789197272,False,113.82195789197272,False,,False,113.82195789197272,True,camera,vehicle,False,,False,0.0
110.09999999999802,spawned_3,20.0,0,113.82290281847645,False,113.82290281847645,False,,False,113.82290281847645,True,camera,vehicle,False,,False,0.0
110.19999999999801,spawned_3,20.0,0,113.82380663704612,False,113.82380663704612,False,,False,113.82380663704612,True,camera,vehicle,False,,False,0.0
110.29999999999801,spawned_3,20.0,0,113.82467113818961,False,113.82467113818961,False,,False,113.82467113818961,True,camera,vehicle,False,,False,0.0
110.399999999998,spawned_3,20.0,0,113.82549803424104,False,113.82549803424104,False,,False,113.82549803424104,True,camera,vehicle,False,,False,0.0
110.499999999998,spawned_3,20.0,0,113.8262889627888,False,113.8262889627888,False,,False,113.8262889627888,True,camera,vehicle,False,,False,0.0
110.59999999999799,spawned_3,20.0,0,113.82704548995389,False,113.82704548995389,False,,False,113.82704548995389,True,camera,vehicle,False,,False,0.0
110.69999999999798,spawned_3,20.0,0,113.82776911352221,False,113.82776911352221,False,,False,113.82776911352221,True,camera,vehicle,False,,False,0.0
110.79999999999798,spawned_3,20.0,0,113.82846126593859,False,113.82846126593859,False,,False,113.82846126593859,True,camera,vehicle,False,,False,0.0
110.89999999999797,spawned_3,20.0,0,113.8291233171683,False,113.8291233171683,False,,False,113.8291233171683,True,camera,vehicle,False,,False,0.0
110.99999999999797,spawned_3,20.0,0,113.82975657743282,False,113.82975657743282,False,,False,113.82975657743282,True,camera,vehicle,False,,False,0.0
111.09999999999796,spawned_3,20.0,0,113.8303622998244,False,113.8303622998244,False,,False,113.8303622998244,True,camera,vehicle,False,,False,0.0
111.19999999999796,spawned_3,20.0,0,113.83094168280559,False,113.83094168280559,False,,False,113.83094168280559,True,camera,vehicle,False,,False,0.0
111.29999999999795,spawned_3,20.0,0,113.83149587259913,False,113.83149587259913,False,,False,113.83149587259913,True,camera,vehicle,False,,False,0.0
111.39999999999795,spawned_3,20.0,0,113.83202596547153,False,113.83202596547153,False,,False,113.83202596547153,True,camera,vehicle,False,,False,0.0
111.49999999999794,spawned_3,20.0,0,113.83253300991737,False,113.83253300991737,False,,False,113.83253300991737,True,camera,vehicle,False,,False,0.0
111.59999999999793,spawned_3,20.0,0,113.83301800874688,False,113.83301800874688,False,,False,113.83301800874688,True,camera,vehicle,False,,False,0.0
111.69999999999793,spawned_3,20.0,0,113.83348192108156,False,113.83348192108156,False,,False,113.83348192108156,True,camera,vehicle,False,,False,0.0
111.79999999999792,spawned_3,20.0,0,113.833925664263,False,113.833925664263,False,,False,113.833925664263,True,camera,vehicle,False,,False,0.0
111.89999999999792,spawned_3,20.0,0,113.8343501156769,False,113.8343501156769,False,,False,113.8343501156769,True,camera,vehicle,False,,False,0.0
111.99999999999791,spawned_3,20.0,0,113.83475611449808,False,113.83475611449808,False,,False,113.83475611449808,True,camera,vehicle,False,,False,0.0
112.0999999999979,spawned_3,20.0,0,113.83514446335766,False,113.83514446335766,False,,False,113.83514446335766,True,camera,vehicle,False,,False,0.0
112.1999999999979,spawned_3,20.0,0,113.83551592993877,False,113.83551592993877,False,,False,113.83551592993877,True,camera,vehicle,False,,False,0.0
112.2999999999979,spawned_3,20.0,0,113.83587124850033,False,113.83587124850033,False,,False,113.83587124850033,True,camera,vehicle,False,,False,0.0
112.39999999999789,spawned_3,20.0,0,113.83621112133619,False,113.83621112133619,False,,False,113.83621112133619,True,camera,vehicle,False,,False,0.0
112.49999999999788,spawned_3,20.0,0,113.83653622016891,False,113.83653622016891,False,,False,113.83653622016891,True,camera,vehicle,False,,False,0.0
112.59999999999788,spawned_3,20.0,0,113.83684718748282,False,113.83684718748282,False,,False,113.83684718748282,True,camera,vehicle,False,,False,0.0
112.69999999999787,spawned_3,20.0,0,113.83714463779893,False,113.83714463779893,False,,False,113.83714463779893,True,camera,vehicle,False,,False,0.0
112.79999999999787,spawned_3,20.0,0,113.83742915889411,False,113.83742915889411,False,,False,113.83742915889411,True,camera,vehicle,False,,False,0.0
112.89999999999786,spawned_3,20.0,0,113.83770131296683,False,113.83770131296683,False,,False,113.83770131296683,True,camera,vehicle,False,,False,0.0
112.99999999999785,spawned_3,20.0,0,113.83796163775173,False,113.83796163775173,False,,False,113.83796163775173,True,camera,vehicle,False,,False,0.0
113.09999999999785,spawned_3,20.0,0,113.83821064758627,False,113.83821064758627,False,,False,113.83821064758627,True,camera,vehicle,False,,False,0.0
113.19999999999784,spawned_3,20.0,0,113.83844883442907,False,113.83844883442907,False,,False,113.83844883442907,True,camera,vehicle,False,,False,0.0
113.29999999999784,spawned_3,20.0,0,113.83867666883611,False,113.83867666883611,False,,False,113.83867666883611,True,camera,vehicle,False,,False,0.0
113.39999999999783,spawned_3,20.0,0,113.83889460089222,False,113.83889460089222,False,,False,113.83889460089222,True,camera,vehicle,False,,False,0.0
113.49999999999783,spawned_3,20.0,0,113.83910306110283,False,113.83910306110283,False,,False,113.83910306110283,True,camera,vehicle,False,,False,0.0
113.59999999999782,spawned_3,20.0,0,113.83930246124692,False,113.83930246124692,False,,False,113.83930246124692,True,camera,vehicle,False,,False,0.0
113.69999999999781,spawned_3,20.0,0,113.83949319519229,False,113.83949319519229,False,,False,113.83949319519229,True,camera,vehicle,False,,False,0.0
113.79999999999781,spawned_3,20.0,0,113.83967563967553,False,113.83967563967553,False,,False,113.83967563967553,True,camera,vehicle,False,,False,0.0
113.8999999999978,spawned_3,20.0,0,113.839850155048,False,113.839850155048,False,,False,113.839850155048,True,camera,vehicle,False,,False,0.0
113.9999999999978,spawned_3,20.0,0,113.84001708598885,False,113.84001708598885,False,,False,113.84001708598885,True,camera,vehicle,False,,False,0.0
114.09999999999779,spawned_3,20.0,0,113.84017676218764,False,113.84017676218764,False,,False,113.84017676218764,True,camera,vehicle,False,,False,0.0
114.19999999999779,spawned_3,20.0,0,113.8403294989962,False,113.8403294989962,False,,False,113.8403294989962,True,camera,vehicle,False,,False,0.0
114.29999999999778,spawned_3,20.0,0,113.84047559805344,False,113.84047559805344,False,,False,113.84047559805344,True,camera,vehicle,False,,False,0.0
114.39999999999777,spawned_3,20.0,0,113.84061534788134,False,113.84061534788134,False,,False,113.84061534788134,True,camera,vehicle,False,,False,0.0
114.49999999999777,spawned_3,20.0,0,113.84074902445627,False,113.84074902445627,False,,False,113.84074902445627,True,camera,vehicle,False,,False,0.0
114.59999999999776,spawned_3,20.0,0,113.84087689175476,False,113.84087689175476,False,,False,113.84087689175476,True,camera,vehicle,False,,False,0.0
114.69999999999776,spawned_3,20.0,0,113.84099920227573,False,113.84099920227573,False,,False,113.84099920227573,True,camera,vehicle,False,,False,0.0
114.79999999999775,spawned_3,20.0,0,113.8411161975398,False,113.8411161975398,False,,False,113.8411161975398,True,camera,vehicle,False,,False,0.0
114.89999999999775,spawned_3,20.0,0,113.84122810856684,False,113.84122810856684,False,,False,113.84122810856684,True,camera,vehicle,False,,False,0.0
114.99999999999774,spawned_3,20.0,0,113.84133515633266,False,113.84133515633266,False,,False,113.84133515633266,True,camera,vehicle,False,,False,0.0
115.09999999999773,spawned_3,20.0,0,113.84143755220634,False,113.84143755220634,False,,False,113.84143755220634,True,camera,vehicle,False,,False,0.0
115.19999999999773,spawned_3,20.0,0,113.84153549836788,False,113.84153549836788,False,,False,113.84153549836788,True,camera,vehicle,False,,False,0.0
115.29999999999772,spawned_3,20.0,0,113.84162918820789,False,113.84162918820789,False,,False,113.84162918820789,True,camera,vehicle,False,,False,0.0
115.39999999999772,spawned_3,20.0,0,113.84171880670965,False,113.84171880670965,False,,False,113.84171880670965,True,camera,vehicle,False,,False,0.0
115.49999999999771,spawned_3,20.0,0,113.84180453081558,False,113.84180453081558,False,,False,113.84180453081558,True,camera,vehicle,False,,False,0.0
115.5999999999977,spawned_3,20.0,0,113.84188652977582,False,113.84188652977582,False,,False,113.84188652977582,True,camera,vehicle,False,,False,0.0
115.6999999999977,spawned_3,20.0,0,113.84196496548384,False,113.84196496548384,False,,False,113.84196496548384,True,camera,vehicle,False,,False,0.0
115.7999999999977,spawned_3,20.0,0,113.84203999279543,False,113.84203999279543,False,,False,113.84203999279543,True,camera,vehicle,False,,False,0.0
115.89999999999769,spawned_3,20.0,0,113.84211175983523,False,113.84211175983523,False,,False,113.84211175983523,True,camera,vehicle,False,,False,0.0
115.99999999999768,spawned_3,20.0,0,113.84218040828955,False,113.84218040828955,False,,False,113.84218040828955,True,camera,vehicle,False,,False,0.0
116.09999999999768,spawned_3,20.0,0,113.84224607368606,False,113.84224607368606,False,,False,113.84224607368606,True,camera,vehicle,False,,False,0.0
116.19999999999767,spawned_3,20.0,0,113.84230888566185,False,113.84230888566185,False,,False,113.84230888566185,True,camera,vehicle,False,,False,0.0
116.29999999999767,spawned_3,20.0,0,113.8423689682188,False,113.8423689682188,False,,False,113.8423689682188,True,camera,vehicle,False,,False,0.0
116.39999999999766,spawned_3,20.0,0,113.84242643996981,False,113.84242643996981,False,,False,113.84242643996981,True,camera,vehicle,False,,False,0.0
116.49999999999766,spawned_3,20.0,0,113.84248141437206,False,113.84248141437206,False,,False,113.84248141437206,True,camera,vehicle,False,,False,0.0
116.59999999999765,spawned_3,20.0,0,113.84253399995146,False,113.84253399995146,False,,False,113.84253399995146,True,camera,vehicle,False,,False,0.0
116.69999999999764,spawned_3,20.0,0,113.8425843005175,False,113.8425843005175,False,,False,113.8425843005175,True,camera,vehicle,False,,False,0.0
116.79999999999764,spawned_3,20.0,0,113.84263241536769,False,113.84263241536769,False,,False,113.84263241536769,True,camera,vehicle,False,,False,0.0
116.89999999999763,spawned_3,20.0,0,113.84267843948373,False,113.84267843948373,False,,False,113.84267843948373,True,camera,vehicle,False,,False,0.0
116.99999999999763,spawned_3,20.0,0,113.84272246371984,False,113.84272246371984,False,,False,113.84272246371984,True,camera,vehicle,False,,False,0.0
117.09999999999762,spawned_3,20.0,0,113.84276457498117,False,113.84276457498117,False,,False,113.84276457498117,True,camera,vehicle,False,,False,0.0
117.19999999999762,spawned_3,20.0,0,113.84280485639624,False,113.84280485639624,False,,False,113.84280485639624,True,camera,vehicle,False,,False,0.0
117.29999999999761,spawned_3,20.0,0,113.84284338748057,False,113.84284338748057,False,,False,113.84284338748057,True,camera,vehicle,False,,False,0.0
117.3999999999976,spawned_3,20.0,0,113.84288024429452,False,113.84288024429452,False,,False,113.84288024429452,True,camera,vehicle,False,,False,0.0
117.4999999999976,spawned_3,20.0,0,113.84291549959244,False,113.84291549959244,False,,False,113.84291549959244,True,camera,vehicle,False,,False,0.0
117.59999999999759,spawned_3,20.0,0,113.84294922296704,False,113.84294922296704,False,,False,113.84294922296704,True,camera,vehicle,False,,False,0.0
117.69999999999759,spawned_3,20.0,0,113.84298148098674,False,113.84298148098674,False,,False,113.84298148098674,True,camera,vehicle,False,,False,0.0
117.79999999999758,spawned_3,20.0,0,113.84301233732708,False,113.84301233732708,False,,False,113.84301233732708,True,camera,vehicle,False,,False,0.0
117.89999999999758,spawned_3,20.0,0,113.84304185289648,False,113.84304185289648,False,,False,113.84304185289648,True,camera,vehicle,False,,False,0.0
117.99999999999757,spawned_3,20.0,0,113.84307008595624,False,113.84307008595624,False,,False,113.84307008595624,True,camera,vehicle,False,,False,0.0
118.09999999999756,spawned_3,20.0,0,113.8430970922359,False,113.8430970922359,False,,False,113.8430970922359,True,camera,vehicle,False,,False,0.0
118.19999999999756,spawned_3,20.0,0,113.84312292504319,False,113.84312292504319,False,,False,113.84312292504319,True,camera,vehicle,False,,False,0.0
118.29999999999755,spawned_3,20.0,0,113.84306119480038,False,113.84306119480038,False,,False,113.84306119480038,True,camera,vehicle,False,,False,0.0
118.39999999999755,spawned_3,20.0,0,113.84258041215958,False,113.84258041215958,False,,False,113.84258041215958,True,camera,vehicle,False,,False,0.0
118.49999999999754,spawned_3,20.0,0,113.84105770310612,False,113.84105770310612,False,,False,113.84105770310612,True,camera,vehicle,False,,False,0.0
118.59999999999754,spawned_3,20.0,0,113.83762581832093,False,113.83762581832093,False,,False,113.83762581832093,True,camera,vehicle,False,,False,0.0
118.69999999999753,spawned_3,20.0,0,113.83121075261192,False,113.83121075261192,False,,False,113.83121075261192,True,camera,vehicle,False,,False,0.0
118.79999999999752,spawned_3,20.0,0,113.82056077189077,False,113.82056077189077,False,,False,113.82056077189077,True,camera,vehicle,False,,False,0.0
118.89999999999752,spawned_3,20.0,0,113.80438383730075,False,113.80438383730075,False,,False,113.80438383730075,True,camera,vehicle,False,,False,0.0
118.99999999999751,spawned_3,20.0,0,113.78158225515017,False,113.78158225515017,False,,False,113.78158225515017,True,camera,vehicle,False,,False,0.0
119.09999999999751,spawned_3,20.0,0,113.75134307376516,False,113.75134307376516,False,,False,113.75134307376516,True,camera,vehicle,False,,False,0.0
119.1999999999975,spawned_3,20.0,0,113.71310345312781,False,113.71310345312781,False,,False,113.71310345312781,True,camera,vehicle,False,,False,0.0
119.2999999999975,spawned_3,20.0,0,113.66652270304007,False,113.66652270304007,False,,False,113.66652270304007,True,camera,vehicle,False,,False,0.0
119.39999999999749,spawned_3,20.0,0,113.61472724246846,False,113.61472724246846,False,,False,113.61472724246846,True,camera,vehicle,False,,False,0.0
119.49999999999748,spawned_3,20.0,0,113.55863737988852,False,113.55863737988852,False,,False,113.55863737988852,True,camera,vehicle,False,,False,0.0
119.59999999999748,spawned_3,20.0,0,113.49395300464539,False,113.49395300464539,False,,False,113.49395300464539,True,camera,vehicle,False,,False,0.0
119.69999999999747,spawned_3,20.0,0,113.41698217576891,False,113.41698217576891,False,,False,113.41698217576891,True,camera,vehicle,False,,False,0.0
119.79999999999747,spawned_3,20.0,0,113.32449449874866,False,113.32449449874866,False,,False,113.32449449874866,True,camera,vehicle,False,,False,0.0
119.89999999999746,spawned_3,20.0,0,113.21362202302589,False,113.21362202302589,False,,False,113.21362202302589,True,camera,vehicle,False,,False,0.0
64.00000000000064,spawned_4,20.0,1,,False,,False,,False,,False,none,,False,,False,0.0
64.10000000000063,spawned_4,20.0,1,,False,,False,,False,,False,none,,False,,False,0.0
64.20000000000063,spawned_4,20.0,1,,False,,False,,False,,False,none,,False,,False,0.0
64.30000000000062,spawned_4,20.0,1,,False,,False,,False,,False,none,,False,,False,0.0
64.40000000000062,spawned_4,20.0,1,,False,,False,,False,,False,none,,False,,False,0.0
64.50000000000061,spawned_4,20.0,1,,False,,False,,False,,False,none,,False,,False,0.0
64.6000000000006,spawned_4,20.0,1,,False,,False,,False,,False,none,,False,,False,0.0
64.7000000000006,spawned_4,20.0,1,,False,,False,,False,,False,none,,False,,False,0.0
64.8000000000006,spawned_4,20.0,1,,False,,False,,False,,False,none,,False,,False,0.0
64.90000000000059,spawned_4,20.0,1,,False,,False,,False,,False,none,,False,,False,0.0
65.00000000000058,spawned_4,20.0,1,,False,,False,,False,,False,none,,False,,False,0.0
65.10000000000058,spawned_4,20.0,1,,False,,False,,False,,False,none,,False,,False,0.0
65.20000000000057,spawned_4,20.0,1,,False,,False,,False,,False,none,,False,,False,0.0
65.30000000000057,spawned_4,20.0,1,,False,,False,,False,,False,none,,False,,False,0.0
65.40000000000056,spawned_4,20.0,1,,False,,False,,False,,False,none,,False,,False,0.0
65.50000000000055,spawned_4,20.0,1,,False,,False,,False,,False,none,,False,,False,0.0
65.60000000000055,spawned_4,20.0,1,,False,,False,,False,,False,none,,False,,False,0.0
65.70000000000054,spawned_4,20.0,1,,False,,False,,False,,False,none,,False,,False,0.0
65.80000000000054,spawned_4,20.0,1,,False,,False,,False,,False,none,,False,,False,0.0
65.90000000000053,spawned_4,20.0,1,,False,,False,,False,,False,none,,False,,False,0.0
66.00000000000053,spawned_4,20.0,1,,False,,False,,False,,False,none,,False,,False,0.0
66.10000000000052,spawned_4,20.0,1,,False,,False,,False,,False,none,,False,,False,0.0
66.20000000000051,spawned_4,20.0,1,,False,,False,,False,,False,none,,False,,False,0.0
66.30000000000051,spawned_4,20.0,1,,False,,False,,False,,False,none,,False,,False,0.0
66.4000000000005,spawned_4,20.0,1,,False,,False,,False,,False,none,,False,,False,0.0
66.5000000000005,spawned_4,20.0,1,,False,,False,,False,,False,none,,False,,False,0.0
66.60000000000049,spawned_4,20.0,1,,False,,False,,False,,False,none,,False,,False,0.0
66.70000000000049,spawned_4,20.0,1,,False,,False,,False,,False,none,,False,,False,0.0
66.80000000000048,spawned_4,20.0,1,,False,,False,,False,,False,none,,False,,False,0.0
66.90000000000047,spawned_4,20.0,1,,False,,False,,False,,False,none,,False,,False,0.0
67.00000000000047,spawned_4,20.0,1,,False,,False,,False,,False,none,,False,,False,0.0
67.10000000000046,spawned_4,20.0,1,,False,,False,,False,,False,none,,False,,False,0.0
67.20000000000046,spawned_4,20.0,1,,False,,False,,False,,False,none,,False,,False,0.0
67.30000000000045,spawned_4,20.0,1,,False,,False,,False,,False,none,,False,,False,0.0
67.40000000000045,spawned_4,20.0,1,,False,,False,,False,,False,none,,False,,False,0.0
67.50000000000044,spawned_4,20.0,1,,False,,False,,False,,False,none,,False,,False,0.0
67.60000000000043,spawned_4,20.0,1,,False,,False,,False,,False,none,,False,,False,0.0
67.70000000000043,spawned_4,20.0,1,,False,,False,,False,,False,none,,False,,False,0.0
67.80000000000042,spawned_4,20.0,1,,False,,False,,False,,False,none,,False,,False,0.0
67.90000000000042,spawned_4,20.0,1,,False,,False,,False,,False,none,,False,,False,0.0
68.00000000000041,spawned_4,20.0,1,,False,,False,,False,,False,none,,False,,False,0.0
68.1000000000004,spawned_4,20.0,1,,False,,False,,False,,False,none,,False,,False,0.0
68.2000000000004,spawned_4,20.0,1,,False,,False,,False,,False,none,,False,,False,0.0
68.3000000000004,spawned_4,20.0,1,,False,,False,,False,,False,none,,False,,False,0.0
68.40000000000039,spawned_4,20.0,1,,False,,False,,False,,False,none,,False,,False,0.0
68.50000000000038,spawned_4,20.0,1,,False,,False,,False,,False,none,,False,,False,0.0
68.60000000000038,spawned_4,20.0,1,,False,,False,,False,,False,none,,False,,False,0.0
68.70000000000037,spawned_4,20.0,1,,False,,False,,False,,False,none,,False,,False,0.0
68.80000000000037,spawned_4,20.0,1,,False,,False,,False,,False,none,,False,,False,0.0
68.90000000000036,spawned_4,20.0,1,,False,,False,,False,,False,none,,False,,False,0.0
69.00000000000036,spawned_4,20.0,1,,False,,False,,False,,False,none,,False,,False,0.0
69.10000000000035,spawned_4,20.0,1,,False,,False,,False,,False,none,,False,,False,0.0
69.20000000000034,spawned_4,20.0,1,,False,,False,,False,,False,none,,False,,False,0.0
69.30000000000034,spawned_4,20.0,1,,False,,False,,False,,False,none,,False,,False,0.0
69.40000000000033,spawned_4,20.0,1,,False,,False,,False,,False,none,,False,,False,0.0
69.50000000000033,spawned_4,20.0,1,,False,,False,,False,,False,none,,False,,False,0.0
69.60000000000032,spawned_4,20.0,1,,False,,False,,False,,False,none,,False,,False,0.0
69.70000000000032,spawned_4,20.0,1,,False,,False,,False,,False,none,,False,,False,0.0
69.80000000000031,spawned_4,20.0,1,,False,,False,,False,,False,none,,False,,False,0.0
69.9000000000003,spawned_4,20.0,1,,False,,False,,False,,False,none,,False,,False,0.0
70.0000000000003,spawned_4,20.0,1,,False,,False,,False,,False,none,,False,,False,0.0
70.10000000000029,spawned_4,20.0,1,,False,,False,,False,,False,none,,False,,False,0.0
70.20000000000029,spawned_4,20.0,1,,False,,False,,False,,False,none,,False,,False,0.0
70.30000000000028,spawned_4,20.0,1,,False,,False,,False,,False,none,,False,,False,0.0
70.40000000000028,spawned_4,20.0,1,,False,,False,,False,,False,none,,False,,False,0.0
70.50000000000027,spawned_4,20.0,1,,False,,False,,False,,False,none,,False,,False,0.0
70.60000000000026,spawned_4,20.0,1,,False,,False,,False,,False,none,,False,,False,0.0
70.70000000000026,spawned_4,20.0,1,,False,,False,,False,,False,none,,False,,False,0.0
70.80000000000025,spawned_4,20.0,1,,False,,False,,False,,False,none,,False,,False,0.0
70.90000000000025,spawned_4,20.0,1,,False,,False,,False,,False,none,,False,,False,0.0
71.00000000000024,spawned_4,20.0,1,,False,,False,,False,,False,none,,False,,False,0.0
71.10000000000024,spawned_4,20.0,1,,False,,False,,False,,False,none,,False,,False,0.0
71.20000000000023,spawned_4,20.0,1,,False,,False,,False,,False,none,,False,,False,0.0
71.30000000000022,spawned_4,20.0,1,,False,,False,,False,,False,none,,False,,False,0.0
71.40000000000022,spawned_4,20.0,1,,False,,False,,False,,False,none,,False,,False,0.0
71.50000000000021,spawned_4,20.0,1,,False,,False,,False,,False,none,,False,,False,0.0
71.60000000000021,spawned_4,20.0,1,,False,,False,,False,,False,none,,False,,False,0.0
71.7000000000002,spawned_4,20.0,1,,False,,False,,False,,False,none,,False,,False,0.0
71.8000000000002,spawned_4,20.0,1,,False,,False,,False,,False,none,,False,,False,0.0
71.90000000000019,spawned_4,20.0,1,,False,,False,,False,,False,none,,False,,False,0.0
72.00000000000018,spawned_4,20.0,1,,False,,False,,False,,False,none,,False,,False,0.0
72.10000000000018,spawned_4,20.0,1,,False,,False,,False,,False,none,,False,,False,0.0
72.20000000000017,spawned_4,20.0,1,,False,,False,,False,,False,none,,False,,False,0.0
72.30000000000017,spawned_4,20.0,1,,False,,False,,False,,False,none,,False,,False,0.0
72.40000000000016,spawned_4,20.0,1,,False,,False,,False,,False,none,,False,,False,0.0
72.50000000000016,spawned_4,20.0,1,,False,,False,,False,,False,none,,False,,False,0.0
72.60000000000015,spawned_4,20.0,1,,False,,False,,False,,False,none,,False,,False,0.0
72.70000000000014,spawned_4,20.0,1,,False,,False,,False,,False,none,,False,,False,0.0
72.80000000000014,spawned_4,20.0,1,,False,,False,,False,,False,none,,False,,False,0.0
72.90000000000013,spawned_4,20.0,1,,False,,False,,False,,False,none,,False,,False,0.0
73.00000000000013,spawned_4,20.0,1,,False,,False,,False,,False,none,,False,,False,0.0
73.10000000000012,spawned_4,20.0,1,,False,,False,,False,,False,none,,False,,False,0.0
73.20000000000012,spawned_4,20.0,1,,False,,False,,False,,False,none,,False,,False,0.0
73.30000000000011,spawned_4,20.0,1,,False,,False,,False,,False,none,,False,,False,0.0
73.4000000000001,spawned_4,20.0,1,,False,,False,,False,,False,none,,False,,False,0.0
73.5000000000001,spawned_4,20.0,1,,False,,False,,False,,False,none,,False,,False,0.0
73.6000000000001,spawned_4,20.0,1,,False,,False,,False,,False,none,,False,,False,0.0
73.70000000000009,spawned_4,20.0,1,,False,,False,,False,,False,none,,False,,False,0.0
73.80000000000008,spawned_4,20.0,1,,False,,False,,False,,False,none,,False,,False,0.0
73.90000000000008,spawned_4,20.0,1,,False,,False,,False,,False,none,,False,,False,0.0
74.00000000000007,spawned_4,20.0,1,,False,,False,,False,,False,none,,False,,False,0.0
74.10000000000007,spawned_4,20.0,1,,False,,False,,False,,False,none,,False,,False,0.0
74.20000000000006,spawned_4,20.0,1,,False,,False,,False,,False,none,,False,,False,0.0
74.30000000000005,spawned_4,20.0,1,,False,,False,,False,,False,none,,False,,False,0.0
74.40000000000005,spawned_4,20.0,1,,False,,False,,False,,False,none,,False,,False,0.0
74.50000000000004,spawned_4,20.0,1,,False,,False,,False,,False,none,,False,,False,0.0
74.60000000000004,spawned_4,20.0,1,,False,,False,,False,,False,none,,False,,False,0.0
74.70000000000003,spawned_4,20.0,1,,False,,False,,False,,False,none,,False,,False,0.0
74.80000000000003,spawned_4,20.0,1,,False,,False,,False,,False,none,,False,,False,0.0
74.90000000000002,spawned_4,20.0,1,,False,,False,,False,,False,none,,False,,False,0.0
75.00000000000001,spawned_4,20.0,1,,False,,False,,False,,False,none,,False,,False,0.0
75.10000000000001,spawned_4,20.0,1,,False,,False,,False,,False,none,,False,,False,0.0
75.2,spawned_4,20.0,1,,False,,False,,False,,False,none,,False,,False,0.0
75.3,spawned_4,20.0,1,,False,,False,,False,,False,none,,False,,False,0.0
75.39999999999999,spawned_4,20.0,1,,False,,False,,False,,False,none,,False,,False,0.0
75.49999999999999,spawned_4,20.0,1,,False,,False,,False,,False,none,,False,,False,0.0
75.59999999999998,spawned_4,20.0,1,,False,,False,,False,,False,none,,False,,False,0.0
75.69999999999997,spawned_4,20.0,1,,False,,False,,False,,False,none,,False,,False,0.0
75.79999999999997,spawned_4,20.0,1,,False,,False,,False,,False,none,,False,,False,0.0
75.89999999999996,spawned_4,20.0,1,,False,,False,,False,,False,none,,False,,False,0.0
75.99999999999996,spawned_4,20.0,1,,False,,False,,False,,False,none,,False,,False,0.0
76.09999999999995,spawned_4,20.0,1,,False,,False,,False,,False,none,,False,,False,0.0
76.19999999999995,spawned_4,20.0,1,,False,,False,,False,,False,none,,False,,False,0.0
76.29999999999994,spawned_4,20.0,1,,False,,False,,False,,False,none,,False,,False,0.0
76.39999999999993,spawned_4,20.0,1,,False,,False,,False,,False,none,,False,,False,0.0
76.49999999999993,spawned_4,20.0,1,,False,,False,,False,,False,none,,False,,False,0.0
76.59999999999992,spawned_4,20.0,1,,False,,False,,False,,False,none,,False,,False,0.0
76.69999999999992,spawned_4,20.0,1,,False,,False,,False,,False,none,,False,,False,0.0
76.79999999999991,spawned_4,20.0,1,,False,,False,,False,,False,none,,False,,False,0.0
76.8999999999999,spawned_4,20.0,1,,False,,False,,False,,False,none,,False,,False,0.0
76.9999999999999,spawned_4,20.0,1,,False,,False,,False,,False,none,,False,,False,0.0
77.0999999999999,spawned_4,20.0,1,,False,,False,,False,,False,none,,False,,False,0.0
77.19999999999989,spawned_4,20.0,1,,False,,False,,False,,False,none,,False,,False,0.0
77.29999999999988,spawned_4,20.0,1,,False,,False,,False,,False,none,,False,,False,0.0
77.39999999999988,spawned_4,20.0,1,,False,,False,,False,,False,none,,False,,False,0.0
77.49999999999987,spawned_4,20.0,1,,False,,False,,False,,False,none,,False,,False,0.0
77.59999999999987,spawned_4,20.0,1,,False,,False,,False,,False,none,,False,,False,0.0
77.69999999999986,spawned_4,20.0,1,,False,,False,,False,,False,none,,False,,False,0.0
77.79999999999986,spawned_4,20.0,1,,False,,False,,False,,False,none,,False,,False,0.0
77.89999999999985,spawned_4,20.0,1,,False,,False,,False,,False,none,,False,,False,0.0
77.99999999999984,spawned_4,20.0,1,,False,,False,,False,,False,none,,False,,False,0.0
78.09999999999984,spawned_4,20.0,1,,False,,False,,False,,False,none,,False,,False,0.0
78.19999999999983,spawned_4,20.0,1,,False,,False,,False,,False,none,,False,,False,0.0
78.29999999999983,spawned_4,20.0,1,,False,,False,,False,,False,none,,False,,False,0.0
78.39999999999982,spawned_4,20.0,1,,False,,False,,False,,False,none,,False,,False,0.0
78.49999999999982,spawned_4,20.0,1,,False,,False,,False,,False,none,,False,,False,0.0
78.59999999999981,spawned_4,20.0,1,,False,,False,,False,,False,none,,False,,False,0.0
78.6999999999998,spawned_4,20.0,1,,False,,False,,False,,False,none,,False,,False,0.0
78.7999999999998,spawned_4,20.0,1,,False,,False,,False,,False,none,,False,,False,0.0
78.89999999999979,spawned_4,20.0,1,,False,,False,,False,,False,none,,False,,False,0.0
78.99999999999979,spawned_4,20.0,1,,False,,False,,False,,False,none,,False,,False,0.0
79.09999999999978,spawned_4,20.0,1,,False,,False,,False,,False,none,,False,,False,0.0
79.19999999999978,spawned_4,20.0,1,,False,,False,,False,,False,none,,False,,False,0.0
79.29999999999977,spawned_4,20.0,1,,False,,False,,False,,False,none,,False,,False,0.0
79.39999999999976,spawned_4,20.0,1,,False,,False,,False,,False,none,,False,,False,0.0
79.49999999999976,spawned_4,20.0,1,,False,,False,,False,,False,none,,False,,False,0.0
79.59999999999975,spawned_4,20.0,1,,False,,False,,False,,False,none,,False,,False,0.0
79.69999999999975,spawned_4,20.0,1,,False,,False,,False,,False,none,,False,,False,0.0
79.79999999999974,spawned_4,20.0,1,,False,,False,,False,,False,none,,False,,False,0.0
79.89999999999974,spawned_4,20.0,1,,False,,False,,False,,False,none,,False,,False,0.0
79.99999999999973,spawned_4,20.0,1,,False,,False,,False,,False,none,,False,,False,0.0
80.09999999999972,spawned_4,20.0,1,,False,,False,,False,,False,none,,False,,False,0.0
80.19999999999972,spawned_4,20.0,1,,False,,False,,False,,False,none,,False,,False,0.0
80.29999999999971,spawned_4,20.0,1,,False,,False,,False,,False,none,,False,,False,0.0
80.39999999999971,spawned_4,20.0,1,,False,,False,,False,,False,none,,False,,False,0.0
80.4999999999997,spawned_4,20.0,1,,False,,False,,False,,False,none,,False,,False,0.0
80.5999999999997,spawned_4,20.0,1,,False,,False,,False,,False,none,,False,,False,0.0
80.69999999999969,spawned_4,20.0,1,,False,,False,,False,,False,none,,False,,False,0.0
80.79999999999968,spawned_4,20.0,1,,False,,False,,False,,False,none,,False,,False,0.0
80.89999999999968,spawned_4,20.0,1,,False,,False,,False,,False,none,,False,,False,0.0
80.99999999999967,spawned_4,20.0,1,,False,,False,,False,,False,none,,False,,False,0.0
81.09999999999967,spawned_4,20.0,1,,False,,False,,False,,False,none,,False,,False,0.0
81.19999999999966,spawned_4,20.0,1,,False,,False,,False,,False,none,,False,,False,0.0
81.29999999999966,spawned_4,20.0,1,,False,,False,,False,,False,none,,False,,False,0.0
81.39999999999965,spawned_4,20.0,1,,False,,False,,False,,False,none,,False,,False,0.0
81.49999999999964,spawned_4,20.0,1,,False,,False,,False,,False,none,,False,,False,0.0
81.59999999999964,spawned_4,20.0,1,,False,,False,,False,,False,none,,False,,False,0.0
81.69999999999963,spawned_4,20.0,1,,False,,False,,False,,False,none,,False,,False,0.0
81.79999999999963,spawned_4,20.0,1,,False,,False,,False,,False,none,,False,,False,0.0
81.89999999999962,spawned_4,20.0,1,,False,,False,,False,,False,none,,False,,False,0.0
81.99999999999962,spawned_4,20.0,1,,False,,False,,False,,False,none,,False,,False,0.0
82.09999999999961,spawned_4,20.0,1,,False,,False,,False,,False,none,,False,,False,0.0
82.1999999999996,spawned_4,20.0,1,,False,,False,,False,,False,none,,False,,False,0.0
82.2999999999996,spawned_4,20.0,1,,False,,False,,False,,False,none,,False,,False,0.0
82.3999999999996,spawned_4,20.0,1,,False,,False,,False,,False,none,,False,,False,0.0
82.49999999999959,spawned_4,20.0,1,,False,,False,,False,,False,none,,False,,False,0.0
82.59999999999958,spawned_4,20.0,1,,False,,False,,False,,False,none,,False,,False,0.0
82.69999999999958,spawned_4,20.0,1,,False,,False,,False,,False,none,,False,,False,0.0
82.79999999999957,spawned_4,20.0,1,,False,,False,,False,,False,none,,False,,False,0.0
82.89999999999957,spawned_4,20.0,1,,False,,False,,False,,False,none,,False,,False,0.0
82.99999999999956,spawned_4,20.0,1,,False,,False,,False,,False,none,,False,,False,0.0
83.09999999999955,spawned_4,20.0,1,,False,,False,,False,,False,none,,False,,False,0.0
83.19999999999955,spawned_4,20.0,1,,False,,False,,False,,False,none,,False,,False,0.0
83.29999999999954,spawned_4,20.0,1,,False,,False,,False,,False,none,,False,,False,0.0
83.39999999999954,spawned_4,20.0,1,,False,,False,,False,,False,none,,False,,False,0.0
83.49999999999953,spawned_4,20.0,1,,False,,False,,False,,False,none,,False,,False,0.0
83.59999999999953,spawned_4,20.0,1,,False,,False,,False,,False,none,,False,,False,0.0
83.69999999999952,spawned_4,20.0,1,,False,,False,,False,,False,none,,False,,False,0.0
83.79999999999951,spawned_4,20.0,1,,False,,False,,False,,False,none,,False,,False,0.0
83.89999999999951,spawned_4,20.0,1,,False,,False,,False,,False,none,,False,,False,0.0
83.9999999999995,spawned_4,20.0,1,,False,,False,,False,,False,none,,False,,False,0.0
84.0999999999995,spawned_4,20.0,1,,False,,False,,False,,False,none,,False,,False,0.0
84.19999999999949,spawned_4,20.0,1,,False,,False,,False,,False,none,,False,,False,0.0
84.29999999999949,spawned_4,20.0,1,,False,,False,,False,,False,none,,False,,False,0.0
84.39999999999948,spawned_4,20.0,1,,False,,False,,False,,False,none,,False,,False,0.0
84.49999999999947,spawned_4,20.0,1,,False,,False,,False,,False,none,,False,,False,0.0
84.59999999999947,spawned_4,20.0,1,,False,,False,,False,,False,none,,False,,False,0.0
84.69999999999946,spawned_4,20.0,1,,False,,False,,False,,False,none,,False,,False,0.0
84.79999999999946,spawned_4,20.0,1,,False,,False,,False,,False,none,,False,,False,0.0
84.89999999999945,spawned_4,20.0,1,,False,,False,,False,,False,none,,False,,False,0.0
84.99999999999945,spawned_4,20.0,1,,False,,False,,False,,False,none,,False,,False,0.0
85.09999999999944,spawned_4,20.0,1,,False,,False,,False,,False,none,,False,,False,0.0
85.19999999999943,spawned_4,20.0,1,,False,,False,,False,,False,none,,False,,False,0.0
85.29999999999943,spawned_4,20.0,1,,False,,False,,False,,False,none,,False,,False,0.0
85.39999999999942,spawned_4,20.0,1,,False,,False,,False,,False,none,,False,,False,0.0
85.49999999999942,spawned_4,20.0,1,,False,,False,,False,,False,none,,False,,False,0.0
85.59999999999941,spawned_4,20.0,1,,False,,False,,False,,False,none,,False,,False,0.0
85.6999999999994,spawned_4,20.0,1,,False,,False,,False,,False,none,,False,,False,0.0
85.7999999999994,spawned_4,20.0,1,,False,,False,,False,,False,none,,False,,False,0.0
85.8999999999994,spawned_4,20.0,1,,False,,False,,False,,False,none,,False,,False,0.0
85.99999999999939,spawned_4,20.0,1,,False,,False,,False,,False,none,,False,,False,0.0
86.09999999999938,spawned_4,20.0,1,,False,,False,,False,,False,none,,False,,False,0.0
86.19999999999938,spawned_4,20.0,1,,False,,False,,False,,False,none,,False,,False,0.0
86.29999999999937,spawned_4,20.0,1,,False,,False,,False,,False,none,,False,,False,0.0
86.39999999999937,spawned_4,20.0,1,,False,,False,,False,,False,none,,False,,False,0.0
86.49999999999936,spawned_4,20.0,1,,False,,False,,False,,False,none,,False,,False,0.0
86.59999999999935,spawned_4,20.0,1,,False,,False,,False,,False,none,,False,,False,0.0
86.69999999999935,spawned_4,20.0,1,,False,,False,,False,,False,none,,False,,False,0.0
86.79999999999934,spawned_4,20.0,1,,False,,False,,False,,False,none,,False,,False,0.0
86.89999999999934,spawned_4,20.0,1,,False,,False,,False,,False,none,,False,,False,0.0
86.99999999999933,spawned_4,20.0,1,,False,,False,,False,,False,none,,False,,False,0.0
87.09999999999933,spawned_4,20.0,1,,False,,False,,False,,False,none,,False,,False,0.0
87.19999999999932,spawned_4,20.0,1,,False,,False,,False,,False,none,,False,,False,0.0
87.29999999999932,spawned_4,20.0,1,,False,,False,,False,,False,none,,False,,False,0.0
87.39999999999931,spawned_4,20.0,1,,False,,False,,False,,False,none,,False,,False,0.0
87.4999999999993,spawned_4,20.0,1,,False,,False,,False,,False,none,,False,,False,0.0
87.5999999999993,spawned_4,20.0,1,,False,,False,,False,,False,none,,False,,False,0.0
87.69999999999929,spawned_4,20.0,1,,False,,False,,False,,False,none,,False,,False,0.0
87.79999999999929,spawned_4,20.0,1,,False,,False,,False,,False,none,,False,,False,0.0
87.89999999999928,spawned_4,20.0,1,,False,,False,,False,,False,none,,False,,False,0.0
87.99999999999928,spawned_4,20.0,1,,False,,False,,False,,False,none,,False,,False,0.0
88.09999999999927,spawned_4,20.0,1,,False,,False,,False,,False,none,,False,,False,0.0
88.19999999999926,spawned_4,20.0,1,,False,,False,,False,,False,none,,False,,False,0.0
88.29999999999926,spawned_4,20.0,1,,False,,False,,False,,False,none,,False,,False,0.0
88.39999999999925,spawned_4,20.0,1,,False,,False,,False,,False,none,,False,,False,0.0
88.49999999999925,spawned_4,20.0,1,,False,,False,,False,,False,none,,False,,False,0.0
88.59999999999924,spawned_4,20.0,1,,False,,False,,False,,False,none,,False,,False,0.0
88.69999999999924,spawned_4,20.0,1,,False,,False,,False,,False,none,,False,,False,0.0
88.79999999999923,spawned_4,20.0,1,,False,,False,,False,,False,none,,False,,False,0.0
88.89999999999922,spawned_4,20.0,1,,False,,False,,False,,False,none,,False,,False,0.0
88.99999999999922,spawned_4,20.0,1,,False,,False,,False,,False,none,,False,,False,0.0
89.09999999999921,spawned_4,20.0,1,,False,,False,,False,,False,none,,False,,False,0.0
89.1999999999992,spawned_4,20.0,1,,False,,False,,False,,False,none,,False,,False,0.0
89.2999999999992,spawned_4,20.0,1,,False,,False,,False,,False,none,,False,,False,0.0
89.3999999999992,spawned_4,20.0,1,,False,,False,,False,,False,none,,False,,False,0.0
89.49999999999919,spawned_4,20.0,1,,False,,False,,False,,False,none,,False,,False,0.0
89.59999999999918,spawned_4,20.0,1,,False,,False,,False,,False,none,,False,,False,0.0
89.69999999999918,spawned_4,20.0,1,,False,,False,,False,,False,none,,False,,False,0.0
89.79999999999917,spawned_4,20.0,1,,False,,False,,False,,False,none,,False,,False,0.0
89.89999999999917,spawned_4,20.0,1,,False,,False,,False,,False,none,,False,,False,0.0
89.99999999999916,spawned_4,20.0,1,,False,,False,,False,,False,none,,False,,False,0.0
90.09999999999916,spawned_4,20.0,1,,False,,False,,False,,False,none,,False,,False,0.0
90.19999999999915,spawned_4,20.0,1,58.97558787991272,False,58.97558787991272,False,58.97558787991272,False,58.97558787991272,True,camera,vehicle,False,,False,0.0
90.29999999999914,spawned_4,20.0,1,56.85016573945563,False,56.85016573945563,False,56.85016573945563,False,56.85016573945563,True,camera,vehicle,False,,False,0.0
90.39999999999914,spawned_4,20.0,1,54.77542721101747,False,54.77542721101747,False,54.77542721101747,False,54.77542721101747,True,camera,vehicle,False,,False,0.0
90.49999999999913,spawned_4,20.0,1,52.74914167481279,False,52.74914167481279,False,52.74914167481279,False,52.74914167481279,True,camera,vehicle,False,,False,0.0
90.59999999999913,spawned_4,20.0,1,50.768878226380366,False,50.768878226380366,False,50.768878226380366,False,50.768878226380366,True,camera,vehicle,False,,False,0.0
90.69999999999912,spawned_4,20.0,1,48.8320107045937,False,48.8320107045937,False,48.8320107045937,False,48.8320107045937,True,camera,vehicle,False,,False,0.0
90.79999999999912,spawned_4,20.0,1,46.93573125211731,False,46.93573125211731,False,46.93573125211731,False,46.93573125211731,True,camera,vehicle,False,,False,0.0
90.89999999999911,spawned_4,20.0,1,45.077073862292764,False,45.077073862292764,False,45.077073862292764,False,45.077073862292764,True,camera,vehicle,False,,False,0.0
90.9999999999991,spawned_4,20.0,1,43.2529486972619,False,43.2529486972619,False,43.2529486972619,False,43.2529486972619,True,camera,vehicle,False,,False,0.0
91.0999999999991,spawned_4,20.0,1,41.460186893148716,False,41.460186893148716,False,41.460186893148716,False,41.460186893148716,True,camera,vehicle,False,,False,0.0
91.1999999999991,spawned_4,20.0,1,39.695594183485014,False,39.695594183485014,False,39.695594183485014,False,39.695594183485014,True,camera,vehicle,False,,False,0.0
91.29999999999909,spawned_4,20.0,1,37.956010195689146,False,37.956010195689146,False,37.956010195689146,False,37.956010195689146,True,camera,vehicle,False,,False,0.0
91.39999999999908,spawned_4,20.0,1,36.23836904714892,False,36.23836904714892,False,36.23836904714892,False,36.23836904714892,True,camera,vehicle,False,,False,0.0
91.49999999999908,spawned_4,20.0,1,34.53975624994632,False,34.53975624994632,False,34.53975624994632,False,34.53975624994632,True,camera,vehicle,False,,False,0.0
91.59999999999907,spawned_4,20.0,1,32.85745717240354,False,32.85745717240354,False,32.85745717240354,False,32.85745717240354,True,camera,vehicle,False,,False,0.0
91.69999999999906,spawned_4,20.0,1,31.18899340984717,False,31.18899340984717,False,31.18899340984717,False,31.18899340984717,True,camera,vehicle,False,,False,0.0
91.79999999999906,spawned_4,20.0,1,29.532145128898264,False,29.532145128898264,False,29.532145128898264,False,29.532145128898264,True,camera,vehicle,False,,False,0.0
91.89999999999905,spawned_4,20.0,1,27.884959337662053,False,27.884959337662053,False,27.884959337662053,False,27.884959337662053,True,camera,vehicle,False,,False,0.0
91.99999999999905,spawned_4,20.0,1,26.245745659316185,False,26.245745659316185,False,26.245745659316185,False,26.245745659316185,True,camera,vehicle,False,,False,0.0
92.09999999999904,spawned_4,20.0,1,24.613062254054057,False,24.613062254054057,False,24.613062254054057,False,24.613062254054057,True,camera,vehicle,False,,False,0.0
92.19999999999904,spawned_4,20.0,1,22.98569496001585,False,22.98569496001585,False,22.98569496001585,False,22.98569496001585,True,camera,vehicle,False,,False,0.0
92.29999999999903,spawned_4,20.0,1,21.36263260414694,False,21.36263260414694,False,21.36263260414694,False,21.36263260414694,True,camera,vehicle,False,,False,0.0
92.39999999999903,spawned_4,20.0,1,19.74304096051958,False,19.74304096051958,False,19.74304096051958,False,19.74304096051958,True,camera,vehicle,False,,False,0.0
92.49999999999902,spawned_4,19.944538942829663,1,,False,,False,,False,,False,none,,False,,False,0.0
92.59999999999901,spawned_4,20.0,1,,False,,False,,False,,False,none,,False,,False,0.0
92.69999999999901,spawned_4,20.0,1,,False,,False,,False,,False,none,,False,,False,0.0
92.799999999999,spawned_4,20.0,1,,False,,False,,False,,False,none,,False,,False,0.0
92.899999999999,spawned_4,20.0,1,,False,,False,,False,,False,none,,False,,False,0.0
92.99999999999899,spawned_4,20.0,1,,False,,False,,False,,False,none,,False,,False,0.0
93.09999999999899,spawned_4,20.0,1,,False,,False,,False,,False,none,,False,,False,0.0
93.19999999999898,spawned_4,20.0,1,,False,,False,,False,,False,none,,False,,False,0.0
93.29999999999897,spawned_4,20.0,1,,False,,False,,False,,False,none,,False,,False,0.0
93.39999999999897,spawned_4,20.0,1,,False,,False,,False,,False,none,,False,,False,0.0
93.49999999999896,spawned_4,20.0,1,,False,,False,,False,,False,none,,False,,False,0.0
93.59999999999896,spawned_4,20.0,1,,False,,False,,False,,False,none,,False,,False,0.0
93.69999999999895,spawned_4,20.0,1,,False,,False,,False,,False,none,,False,,False,0.0
93.79999999999895,spawned_4,20.0,1,,False,,False,,False,,False,none,,False,,False,0.0
93.89999999999894,spawned_4,20.0,1,,False,,False,,False,,False,none,,False,,False,0.0
93.99999999999893,spawned_4,20.0,1,,False,,False,,False,,False,none,,False,,False,0.0
94.09999999999893,spawned_4,20.0,1,,False,,False,,False,,False,none,,False,,False,0.0
94.19999999999892,spawned_4,20.0,1,,False,,False,,False,,False,none,,False,,False,0.0
94.29999999999892,spawned_4,20.0,1,,False,,False,,False,,False,none,,False,,False,0.0
94.39999999999891,spawned_4,20.0,1,,False,,False,,False,,False,none,,False,,False,0.0
94.4999999999989,spawned_4,20.0,1,,False,,False,,False,,False,none,,False,,False,0.0
94.5999999999989,spawned_4,20.0,1,,False,,False,,False,,False,none,,False,,False,0.0
94.6999999999989,spawned_4,20.0,1,,False,,False,,False,,False,none,,False,,False,0.0
94.79999999999889,spawned_4,20.0,1,,False,,False,,False,,False,none,,False,,False,0.0
94.89999999999888,spawned_4,20.0,1,,False,,False,,False,,False,none,,False,,False,0.0
94.99999999999888,spawned_4,20.0,1,,False,,False,,False,,False,none,,False,,False,0.0
95.09999999999887,spawned_4,20.0,1,,False,,False,,False,,False,none,,False,,False,0.0
95.19999999999887,spawned_4,20.0,1,,False,,False,,False,,False,none,,False,,False,0.0
95.29999999999886,spawned_4,20.0,1,,False,,False,,False,,False,none,,False,,False,0.0
95.39999999999885,spawned_4,20.0,1,,False,,False,,False,,False,none,,False,,False,0.0
95.49999999999885,spawned_4,20.0,1,,False,,False,,False,,False,none,,False,,False,0.0
95.59999999999884,spawned_4,20.0,1,,False,,False,,False,,False,none,,False,,False,0.0
95.69999999999884,spawned_4,20.0,1,,False,,False,,False,,False,none,,False,,False,0.0
95.79999999999883,spawned_4,20.0,1,,False,,False,,False,,False,none,,False,,False,0.0
95.89999999999883,spawned_4,20.0,1,,False,,False,,False,,False,none,,False,,False,0.0
95.99999999999882,spawned_4,20.0,1,,False,,False,,False,,False,none,,False,,False,0.0
96.09999999999881,spawned_4,20.0,1,,False,,False,,False,,False,none,,False,,False,0.0
96.19999999999881,spawned_4,20.0,1,,False,,False,,False,,False,none,,False,,False,0.0
96.2999999999988,spawned_4,20.0,1,,False,,False,,False,,False,none,,False,,False,0.0
96.3999999999988,spawned_4,20.0,1,,False,,False,,False,,False,none,,False,,False,0.0
96.49999999999879,spawned_4,20.0,1,,False,,False,,False,,False,none,,False,,False,0.0
96.59999999999879,spawned_4,20.0,1,,False,,False,,False,,False,none,,False,,False,0.0
96.69999999999878,spawned_4,20.0,1,,False,,False,,False,,False,none,,False,,False,0.0
96.79999999999878,spawned_4,20.0,1,,False,,False,,False,,False,none,,False,,False,0.0
96.89999999999877,spawned_4,20.0,1,,False,,False,,False,,False,none,,False,,False,0.0
96.99999999999876,spawned_4,20.0,1,,False,,False,,False,,False,none,,False,,False,0.0
97.09999999999876,spawned_4,20.0,1,,False,,False,,False,,False,none,,False,,False,0.0
97.19999999999875,spawned_4,20.0,1,,False,,False,,False,,False,none,,False,,False,0.0
97.29999999999875,spawned_4,20.0,1,,False,,False,,False,,False,none,,False,,False,0.0
97.39999999999874,spawned_4,20.0,1,,False,,False,,False,,False,none,,False,,False,0.0
97.49999999999874,spawned_4,20.0,1,,False,,False,,False,,False,none,,False,,False,0.0
97.59999999999873,spawned_4,20.0,1,,False,,False,,False,,False,none,,False,,False,0.0
97.69999999999872,spawned_4,20.0,1,,False,,False,,False,,False,none,,False,,False,0.0
97.79999999999872,spawned_4,20.0,1,,False,,False,,False,,False,none,,False,,False,0.0
97.89999999999871,spawned_4,20.0,1,,False,,False,,False,,False,none,,False,,False,0.0
97.9999999999987,spawned_4,20.0,1,,False,,False,,False,,False,none,,False,,False,0.0
98.0999999999987,spawned_4,20.0,1,,False,,False,,False,,False,none,,False,,False,0.0
98.1999999999987,spawned_4,20.0,1,,False,,False,,False,,False,none,,False,,False,0.0
98.29999999999869,spawned_4,20.0,1,,False,,False,,False,,False,none,,False,,False,0.0
98.39999999999868,spawned_4,20.0,1,,False,,False,,False,,False,none,,False,,False,0.0
98.49999999999868,spawned_4,20.0,1,,False,,False,,False,,False,none,,False,,False,0.0
98.59999999999867,spawned_4,20.0,1,,False,,False,,False,,False,none,,False,,False,0.0
98.69999999999867,spawned_4,20.0,1,,False,,False,,False,,False,none,,False,,False,0.0
98.79999999999866,spawned_4,20.0,1,,False,,False,,False,,False,none,,False,,False,0.0
98.89999999999866,spawned_4,20.0,1,,False,,False,,False,,False,none,,False,,False,0.0
98.99999999999865,spawned_4,20.0,1,,False,,False,,False,,False,none,,False,,False,0.0
99.09999999999864,spawned_4,20.0,1,,False,,False,,False,,False,none,,False,,False,0.0
99.19999999999864,spawned_4,20.0,1,,False,,False,,False,,False,none,,False,,False,0.0
99.29999999999863,spawned_4,20.0,1,,False,,False,,False,,False,none,,False,,False,0.0
99.39999999999863,spawned_4,20.0,1,,False,,False,,False,,False,none,,False,,False,0.0
99.49999999999862,spawned_4,20.0,1,,False,,False,,False,,False,none,,False,,False,0.0
99.59999999999862,spawned_4,20.0,1,,False,,False,,False,,False,none,,False,,False,0.0
99.69999999999861,spawned_4,20.0,1,,False,,False,,False,,False,none,,False,,False,0.0
99.7999999999986,spawned_4,20.0,1,,False,,False,,False,,False,none,,False,,False,0.0
99.8999999999986,spawned_4,20.0,1,,False,,False,,False,,False,none,,False,,False,0.0
99.9999999999986,spawned_4,20.0,1,,False,,False,,False,,False,none,,False,,False,0.0
100.09999999999859,spawned_4,20.0,1,,False,,False,,False,,False,none,,False,,False,0.0
100.19999999999858,spawned_4,20.0,1,,False,,False,,False,,False,none,,False,,False,0.0
100.29999999999858,spawned_4,20.0,1,,False,,False,,False,,False,none,,False,,False,0.0
100.39999999999857,spawned_4,20.0,1,,False,,False,,False,,False,none,,False,,False,0.0
100.49999999999856,spawned_4,20.0,1,,False,,False,,False,,False,none,,False,,False,0.0
100.59999999999856,spawned_4,20.0,1,,False,,False,,False,,False,none,,False,,False,0.0
100.69999999999855,spawned_4,20.0,1,,False,,False,,False,,False,none,,False,,False,0.0
100.79999999999855,spawned_4,20.0,1,,False,,False,,False,,False,none,,False,,False,0.0
100.89999999999854,spawned_4,20.0,1,,False,,False,,False,,False,none,,False,,False,0.0
100.99999999999854,spawned_4,20.0,1,,False,,False,,False,,False,none,,False,,False,0.0
101.09999999999853,spawned_4,20.0,1,,False,,False,,False,,False,none,,False,,False,0.0
101.19999999999852,spawned_4,20.0,1,,False,,False,,False,,False,none,,False,,False,0.0
101.29999999999852,spawned_4,20.0,1,,False,,False,,False,,False,none,,False,,False,0.0
101.39999999999851,spawned_4,20.0,1,,False,,False,,False,,False,none,,False,,False,0.0
101.49999999999851,spawned_4,20.0,1,,False,,False,,False,,False,none,,False,,False,0.0
101.5999999999985,spawned_4,20.0,1,,False,,False,,False,,False,none,,False,,False,0.0
101.6999999999985,spawned_4,20.0,1,,False,,False,,False,,False,none,,False,,False,0.0
101.79999999999849,spawned_4,20.0,1,,False,,False,,False,,False,none,,False,,False,0.0
101.89999999999849,spawned_4,20.0,1,,False,,False,,False,,False,none,,False,,False,0.0
101.99999999999848,spawned_4,20.0,1,,False,,False,,False,,False,none,,False,,False,0.0
102.09999999999847,spawned_4,20.0,1,,False,,False,,False,,False,none,,False,,False,0.0
102.19999999999847,spawned_4,20.0,1,,False,,False,,False,,False,none,,False,,False,0.0
102.29999999999846,spawned_4,20.0,1,,False,,False,,False,,False,none,,False,,False,0.0
102.39999999999846,spawned_4,20.0,1,,False,,False,,False,,False,none,,False,,False,0.0
102.49999999999845,spawned_4,20.0,1,,False,,False,,False,,False,none,,False,,False,0.0
102.59999999999845,spawned_4,20.0,1,,False,,False,,False,,False,none,,False,,False,0.0
102.69999999999844,spawned_4,20.0,1,,False,,False,,False,,False,none,,False,,False,0.0
102.79999999999843,spawned_4,20.0,1,,False,,False,,False,,False,none,,False,,False,0.0
102.89999999999843,spawned_4,20.0,1,,False,,False,,False,,False,none,,False,,False,0.0
102.99999999999842,spawned_4,20.0,1,,False,,False,,False,,False,none,,False,,False,0.0
103.09999999999842,spawned_4,20.0,1,,False,,False,,False,,False,none,,False,,False,0.0
103.19999999999841,spawned_4,20.0,1,,False,,False,,False,,False,none,,False,,False,0.0
103.2999999999984,spawned_4,20.0,1,,False,,False,,False,,False,none,,False,,False,0.0
103.3999999999984,spawned_4,20.0,1,,False,,False,,False,,False,none,,False,,False,0.0
103.4999999999984,spawned_4,20.0,1,,False,,False,,False,,False,none,,False,,False,0.0
103.59999999999839,spawned_4,20.0,1,,False,,False,,False,,False,none,,False,,False,0.0
103.69999999999838,spawned_4,20.0,1,,False,,False,,False,,False,none,,False,,False,0.0
103.79999999999838,spawned_4,20.0,1,,False,,False,,False,,False,none,,False,,False,0.0
103.89999999999837,spawned_4,20.0,1,,False,,False,,False,,False,none,,False,,False,0.0
103.99999999999837,spawned_4,20.0,1,,False,,False,,False,,False,none,,False,,False,0.0
104.09999999999836,spawned_4,20.0,1,,False,,False,,False,,False,none,,False,,False,0.0
104.19999999999835,spawned_4,20.0,1,,False,,False,,False,,False,none,,False,,False,0.0
104.29999999999835,spawned_4,20.0,1,,False,,False,,False,,False,none,,False,,False,0.0
104.39999999999834,spawned_4,20.0,1,,False,,False,,False,,False,none,,False,,False,0.0
104.49999999999834,spawned_4,20.0,1,,False,,False,,False,,False,none,,False,,False,0.0
104.59999999999833,spawned_4,20.0,1,,False,,False,,False,,False,none,,False,,False,0.0
104.69999999999833,spawned_4,20.0,1,,False,,False,,False,,False,none,,False,,False,0.0
104.79999999999832,spawned_4,20.0,1,,False,,False,,False,,False,none,,False,,False,0.0
104.89999999999831,spawned_4,20.0,1,,False,,False,,False,,False,none,,False,,False,0.0
104.99999999999831,spawned_4,20.0,1,,False,,False,,False,,False,none,,False,,False,0.0
105.0999999999983,spawned_4,20.0,1,,False,,False,,False,,False,none,,False,,False,0.0
105.1999999999983,spawned_4,20.0,1,,False,,False,,False,,False,none,,False,,False,0.0
105.29999999999829,spawned_4,20.0,1,,False,,False,,False,,False,none,,False,,False,0.0
105.39999999999829,spawned_4,20.0,1,,False,,False,,False,,False,none,,False,,False,0.0
105.49999999999828,spawned_4,20.0,1,,False,,False,,False,,False,none,,False,,False,0.0
105.59999999999827,spawned_4,20.0,1,,False,,False,,False,,False,none,,False,,False,0.0
105.69999999999827,spawned_4,20.0,1,,False,,False,,False,,False,none,,False,,False,0.0
105.79999999999826,spawned_4,20.0,1,,False,,False,,False,,False,none,,False,,False,0.0
105.89999999999826,spawned_4,20.0,1,,False,,False,,False,,False,none,,False,,False,0.0
105.99999999999825,spawned_4,20.0,1,,False,,False,,False,,False,none,,False,,False,0.0
106.09999999999825,spawned_4,20.0,1,,False,,False,,False,,False,none,,False,,False,0.0
106.19999999999824,spawned_4,20.0,1,,False,,False,,False,,False,none,,False,,False,0.0
106.29999999999824,spawned_4,20.0,1,,False,,False,,False,,False,none,,False,,False,0.0
106.39999999999823,spawned_4,20.0,1,,False,,False,,False,,False,none,,False,,False,0.0
106.49999999999822,spawned_4,20.0,1,,False,,False,,False,,False,none,,False,,False,0.0
106.59999999999822,spawned_4,20.0,1,,False,,False,,False,,False,none,,False,,False,0.0
106.69999999999821,spawned_4,20.0,1,,False,,False,,False,,False,none,,False,,False,0.0
106.7999999999982,spawned_4,20.0,1,,False,,False,,False,,False,none,,False,,False,0.0
106.8999999999982,spawned_4,20.0,1,,False,,False,,False,,False,none,,False,,False,0.0
106.9999999999982,spawned_4,20.0,1,,False,,False,,False,,False,none,,False,,False,0.0
107.09999999999819,spawned_4,20.0,1,,False,,False,,False,,False,none,,False,,False,0.0
107.19999999999818,spawned_4,20.0,1,,False,,False,,False,,False,none,,False,,False,0.0
107.29999999999818,spawned_4,20.0,1,,False,,False,,False,,False,none,,False,,False,0.0
107.39999999999817,spawned_4,20.0,1,,False,,False,,False,,False,none,,False,,False,0.0
107.49999999999817,spawned_4,20.0,1,,False,,False,,False,,False,none,,False,,False,0.0
107.59999999999816,spawned_4,20.0,1,,False,,False,,False,,False,none,,False,,False,0.0
107.69999999999816,spawned_4,20.0,1,,False,,False,,False,,False,none,,False,,False,0.0
107.79999999999815,spawned_4,20.0,1,,False,,False,,False,,False,none,,False,,False,0.0
107.89999999999814,spawned_4,20.0,1,,False,,False,,False,,False,none,,False,,False,0.0
107.99999999999814,spawned_4,20.0,1,,False,,False,,False,,False,none,,False,,False,0.0
108.09999999999813,spawned_4,20.0,1,,False,,False,,False,,False,none,,False,,False,0.0
108.19999999999813,spawned_4,20.0,1,,False,,False,,False,,False,none,,False,,False,0.0
108.29999999999812,spawned_4,20.0,1,,False,,False,,False,,False,none,,False,,False,0.0
108.39999999999812,spawned_4,20.0,1,,False,,False,,False,,False,none,,False,,False,0.0
108.49999999999811,spawned_4,20.0,1,,False,,False,,False,,False,none,,False,,False,0.0
108.5999999999981,spawned_4,20.0,1,,False,,False,,False,,False,none,,False,,False,0.0
108.6999999999981,spawned_4,20.0,1,,False,,False,,False,,False,none,,False,,False,0.0
108.7999999999981,spawned_4,20.0,1,,False,,False,,False,,False,none,,False,,False,0.0
108.89999999999809,spawned_4,20.0,1,,False,,False,,False,,False,none,,False,,False,0.0
108.99999999999808,spawned_4,20.0,1,,False,,False,,False,,False,none,,False,,False,0.0
109.09999999999808,spawned_4,20.0,1,,False,,False,,False,,False,none,,False,,False,0.0
109.19999999999807,spawned_4,20.0,1,,False,,False,,False,,False,none,,False,,False,0.0
109.29999999999806,spawned_4,20.0,1,,False,,False,,False,,False,none,,False,,False,0.0
109.39999999999806,spawned_4,20.0,1,,False,,False,,False,,False,none,,False,,False,0.0
109.49999999999805,spawned_4,20.0,1,,False,,False,,False,,False,none,,False,,False,0.0
109.59999999999805,spawned_4,20.0,1,,False,,False,,False,,False,none,,False,,False,0.0
109.69999999999804,spawned_4,20.0,1,,False,,False,,False,,False,none,,False,,False,0.0
109.79999999999804,spawned_4,20.0,1,,False,,False,,False,,False,none,,False,,False,0.0
109.89999999999803,spawned_4,20.0,1,,False,,False,,False,,False,none,,False,,False,0.0
109.99999999999802,spawned_4,20.0,1,,False,,False,,False,,False,none,,False,,False,0.0
110.09999999999802,spawned_4,20.0,1,,False,,False,,False,,False,none,,False,,False,0.0
110.19999999999801,spawned_4,20.0,1,,False,,False,,False,,False,none,,False,,False,0.0
110.29999999999801,spawned_4,20.0,1,,False,,False,,False,,False,none,,False,,False,0.0
110.399999999998,spawned_4,20.0,1,,False,,False,,False,,False,none,,False,,False,0.0
110.499999999998,spawned_4,20.0,1,,False,,False,,False,,False,none,,False,,False,0.0
110.59999999999799,spawned_4,20.0,1,,False,,False,,False,,False,none,,False,,False,0.0
110.69999999999798,spawned_4,20.0,1,,False,,False,,False,,False,none,,False,,False,0.0
110.79999999999798,spawned_4,20.0,1,,False,,False,,False,,False,none,,False,,False,0.0
110.89999999999797,spawned_4,20.0,1,,False,,False,,False,,False,none,,False,,False,0.0
110.99999999999797,spawned_4,20.0,1,,False,,False,,False,,False,none,,False,,False,0.0
111.09999999999796,spawned_4,20.0,1,,False,,False,,False,,False,none,,False,,False,0.0
111.19999999999796,spawned_4,20.0,1,,False,,False,,False,,False,none,,False,,False,0.0
111.29999999999795,spawned_4,20.0,1,,False,,False,,False,,False,none,,False,,False,0.0
111.39999999999795,spawned_4,20.0,1,,False,,False,,False,,False,none,,False,,False,0.0
111.49999999999794,spawned_4,20.0,1,,False,,False,,False,,False,none,,False,,False,0.0
111.59999999999793,spawned_4,20.0,1,,False,,False,,False,,False,none,,False,,False,0.0
111.69999999999793,spawned_4,20.0,1,,False,,False,,False,,False,none,,False,,False,0.0
111.79999999999792,spawned_4,20.0,1,,False,,False,,False,,False,none,,False,,False,0.0
111.89999999999792,spawned_4,20.0,1,,False,,False,,False,,False,none,,False,,False,0.0
111.99999999999791,spawned_4,20.0,1,,False,,False,,False,,False,none,,False,,False,0.0
112.0999999999979,spawned_4,20.0,1,,False,,False,,False,,False,none,,False,,False,0.0
112.1999999999979,spawned_4,20.0,1,,False,,False,,False,,False,none,,False,,False,0.0
112.2999999999979,spawned_4,20.0,1,,False,,False,,False,,False,none,,False,,False,0.0
112.39999999999789,spawned_4,20.0,1,,False,,False,,False,,False,none,,False,,False,0.0
112.49999999999788,spawned_4,20.0,1,,False,,False,,False,,False,none,,False,,False,0.0
112.59999999999788,spawned_4,20.0,1,,False,,False,,False,,False,none,,False,,False,0.0
112.69999999999787,spawned_4,20.0,1,,False,,False,,False,,False,none,,False,,False,0.0
112.79999999999787,spawned_4,20.0,1,,False,,False,,False,,False,none,,False,,False,0.0
112.89999999999786,spawned_4,20.0,1,,False,,False,,False,,False,none,,False,,False,0.0
112.99999999999785,spawned_4,20.0,1,,False,,False,,False,,False,none,,False,,False,0.0
113.09999999999785,spawned_4,20.0,1,,False,,False,,False,,False,none,,False,,False,0.0
113.19999999999784,spawned_4,20.0,1,,False,,False,,False,,False,none,,False,,False,0.0
113.29999999999784,spawned_4,20.0,1,,False,,False,,False,,False,none,,False,,False,0.0
113.39999999999783,spawned_4,20.0,1,,False,,False,,False,,False,none,,False,,False,0.0
113.49999999999783,spawned_4,20.0,1,,False,,False,,False,,False,none,,False,,False,0.0
113.59999999999782,spawned_4,20.0,1,,False,,False,,False,,False,none,,False,,False,0.0
113.69999999999781,spawned_4,20.0,1,,False,,False,,False,,False,none,,False,,False,0.0
113.79999999999781,spawned_4,20.0,1,,False,,False,,False,,False,none,,False,,False,0.0
113.8999999999978,spawned_4,20.0,1,,False,,False,,False,,False,none,,False,,False,0.0
113.9999999999978,spawned_4,20.0,1,,False,,False,,False,,False,none,,False,,False,0.0
114.09999999999779,spawned_4,20.0,1,,False,,False,,False,,False,none,,False,,False,0.0
114.19999999999779,spawned_4,20.0,1,,False,,False,,False,,False,none,,False,,False,0.0
114.29999999999778,spawned_4,20.0,1,,False,,False,,False,,False,none,,False,,False,0.0
114.39999999999777,spawned_4,20.0,1,,False,,False,,False,,False,none,,False,,False,0.0
114.49999999999777,spawned_4,20.0,1,,False,,False,,False,,False,none,,False,,False,0.0
114.59999999999776,spawned_4,20.0,1,,False,,False,,False,,False,none,,False,,False,0.0
114.69999999999776,spawned_4,20.0,1,,False,,False,,False,,False,none,,False,,False,0.0
114.79999999999775,spawned_4,20.0,1,,False,,False,,False,,False,none,,False,,False,0.0
114.89999999999775,spawned_4,20.0,1,,False,,False,,False,,False,none,,False,,False,0.0
114.99999999999774,spawned_4,20.0,1,,False,,False,,False,,False,none,,False,,False,0.0
115.09999999999773,spawned_4,20.0,1,,False,,False,,False,,False,none,,False,,False,0.0
115.19999999999773,spawned_4,20.0,1,,False,,False,,False,,False,none,,False,,False,0.0
115.29999999999772,spawned_4,20.0,1,,False,,False,,False,,False,none,,False,,False,0.0
115.39999999999772,spawned_4,20.0,1,,False,,False,,False,,False,none,,False,,False,0.0
115.49999999999771,spawned_4,20.0,1,,False,,False,,False,,False,none,,False,,False,0.0
115.5999999999977,spawned_4,20.0,1,,False,,False,,False,,False,none,,False,,False,0.0
115.6999999999977,spawned_4,20.0,1,,False,,False,,False,,False,none,,False,,False,0.0
115.7999999999977,spawned_4,20.0,1,,False,,False,,False,,False,none,,False,,False,0.0
115.89999999999769,spawned_4,20.0,1,,False,,False,,False,,False,none,,False,,False,0.0
115.99999999999768,spawned_4,20.0,1,,False,,False,,False,,False,none,,False,,False,0.0
116.09999999999768,spawned_4,20.0,1,,False,,False,,False,,False,none,,False,,False,0.0
116.19999999999767,spawned_4,20.0,1,,False,,False,,False,,False,none,,False,,False,0.0
116.29999999999767,spawned_4,20.0,1,,False,,False,,False,,False,none,,False,,False,0.0
116.39999999999766,spawned_4,20.0,1,,False,,False,,False,,False,none,,False,,False,0.0
116.49999999999766,spawned_4,20.0,1,,False,,False,,False,,False,none,,False,,False,0.0
116.59999999999765,spawned_4,20.0,1,,False,,False,,False,,False,none,,False,,False,0.0
116.69999999999764,spawned_4,20.0,1,,False,,False,,False,,False,none,,False,,False,0.0
116.79999999999764,spawned_4,20.0,1,,False,,False,,False,,False,none,,False,,False,0.0
116.89999999999763,spawned_4,20.0,1,,False,,False,,False,,False,none,,False,,False,0.0
116.99999999999763,spawned_4,20.0,1,,False,,False,,False,,False,none,,False,,False,0.0
117.09999999999762,spawned_4,20.0,1,,False,,False,,False,,False,none,,False,,False,0.0
117.19999999999762,spawned_4,20.0,1,,False,,False,,False,,False,none,,False,,False,0.0
117.29999999999761,spawned_4,20.0,1,,False,,False,,False,,False,none,,False,,False,0.0
117.3999999999976,spawned_4,20.0,1,,False,,False,,False,,False,none,,False,,False,0.0
117.4999999999976,spawned_4,20.0,1,,False,,False,,False,,False,none,,False,,False,0.0
117.59999999999759,spawned_4,20.0,1,,False,,False,,False,,False,none,,False,,False,0.0
117.69999999999759,spawned_4,20.0,1,,False,,False,,False,,False,none,,False,,False,0.0
117.79999999999758,spawned_4,20.0,1,,False,,False,,False,,False,none,,False,,False,0.0
117.89999999999758,spawned_4,20.0,1,,False,,False,,False,,False,none,,False,,False,0.0
117.99999999999757,spawned_4,20.0,1,,False,,False,,False,,False,none,,False,,False,0.0
118.09999999999756,spawned_4,20.0,1,,False,,False,,False,,False,none,,False,,False,0.0
118.19999999999756,spawned_4,20.0,1,,False,,False,,False,,False,none,,False,,False,0.0
118.29999999999755,spawned_4,20.0,1,,False,,False,,False,,False,none,,False,,False,0.0
118.39999999999755,spawned_4,20.0,1,,False,,False,,False,,False,none,,False,,False,0.0
118.49999999999754,spawned_4,20.0,1,,False,,False,,False,,False,none,,False,,False,0.0
118.59999999999754,spawned_4,20.0,1,,False,,False,,False,,False,none,,False,,False,0.0
118.69999999999753,spawned_4,20.0,1,,False,,False,,False,,False,none,,False,,False,0.0
118.79999999999752,spawned_4,20.0,1,,False,,False,,False,,False,none,,False,,False,0.0
118.89999999999752,spawned_4,20.0,1,,False,,False,,False,,False,none,,False,,False,0.0
118.99999999999751,spawned_4,20.0,1,,False,,False,,False,,False,none,,False,,False,0.0
119.09999999999751,spawned_4,20.0,1,,False,,False,,False,,False,none,,False,,False,0.0
119.1999999999975,spawned_4,20.0,1,,False,,False,,False,,False,none,,False,,False,0.0
119.2999999999975,spawned_4,20.0,1,,False,,False,,False,,False,none,,False,,False,0.0
119.39999999999749,spawned_4,20.0,1,,False,,False,,False,,False,none,,False,,False,0.0
119.49999999999748,spawned_4,20.0,1,,False,,False,,False,,False,none,,False,,False,0.0
119.59999999999748,spawned_4,20.0,1,,False,,False,,False,,False,none,,False,,False,0.0
119.69999999999747,spawned_4,20.0,1,,False,,False,,False,,False,none,,False,,False,0.0
119.79999999999747,spawned_4,20.0,1,,False,,False,,False,,False,none,,False,,False,0.0
119.89999999999746,spawned_4,20.0,1,,False,,False,,False,,False,none,,False,,False,0.0
80.09999999999972,spawned_5,20.0,1,139.44687999999582,False,139.44687999999582,False,,False,139.44687999999582,True,camera,vehicle,False,,False,0.0
80.19999999999972,spawned_5,20.0,1,139.44687999999582,False,139.44687999999582,False,,False,139.44687999999582,True,camera,vehicle,False,,False,0.0
80.29999999999971,spawned_5,20.0,1,139.44687999999582,False,139.44687999999582,False,,False,139.44687999999582,True,camera,vehicle,False,,False,0.0
80.39999999999971,spawned_5,20.0,1,139.44687999999582,False,139.44687999999582,False,,False,139.44687999999582,True,camera,vehicle,False,,False,0.0
80.4999999999997,spawned_5,20.0,1,139.44687999999582,False,139.44687999999582,False,,False,139.44687999999582,True,camera,vehicle,False,,False,0.0
80.5999999999997,spawned_5,20.0,1,139.44687999999582,False,139.44687999999582,False,,False,139.44687999999582,True,camera,vehicle,False,,False,0.0
80.69999999999969,spawned_5,20.0,1,139.44687999999582,False,139.44687999999582,False,,False,139.44687999999582,True,camera,vehicle,False,,False,0.0
80.79999999999968,spawned_5,20.0,1,139.44687999999582,False,139.44687999999582,False,,False,139.44687999999582,True,camera,vehicle,False,,False,0.0
80.89999999999968,spawned_5,20.0,1,139.44687999999582,False,139.44687999999582,False,,False,139.44687999999582,True,camera,vehicle,False,,False,0.0
80.99999999999967,spawned_5,20.0,1,139.44687999999582,False,139.44687999999582,False,,False,139.44687999999582,True,camera,vehicle,False,,False,0.0
81.09999999999967,spawned_5,20.0,1,139.44687999999582,False,139.44687999999582,False,,False,139.44687999999582,True,camera,vehicle,False,,False,0.0
81.19999999999966,spawned_5,20.0,1,139.44687999999582,False,139.44687999999582,False,,False,139.44687999999582,True,camera,vehicle,False,,False,0.0
81.29999999999966,spawned_5,20.0,1,139.44687999999582,False,139.44687999999582,False,,False,139.44687999999582,True,camera,vehicle,False,,False,0.0
81.39999999999965,spawned_5,20.0,1,139.44687999999582,False,139.44687999999582,False,,False,139.44687999999582,True,camera,vehicle,False,,False,0.0
81.49999999999964,spawned_5,20.0,1,139.44687999999582,False,139.44687999999582,False,,False,139.44687999999582,True,camera,vehicle,False,,False,0.0
81.59999999999964,spawned_5,20.0,1,139.44687999999582,False,139.44687999999582,False,,False,139.44687999999582,True,camera,vehicle,False,,False,0.0
81.69999999999963,spawned_5,20.0,1,139.44687999999582,False,139.44687999999582,False,,False,139.44687999999582,True,camera,vehicle,False,,False,0.0
81.79999999999963,spawned_5,20.0,1,139.44687999999582,False,139.44687999999582,False,,False,139.44687999999582,True,camera,vehicle,False,,False,0.0
81.89999999999962,spawned_5,20.0,1,139.44687999999582,False,139.44687999999582,False,,False,139.44687999999582,True,camera,vehicle,False,,False,0.0
81.99999999999962,spawned_5,20.0,1,139.44687999999582,False,139.44687999999582,False,,False,139.44687999999582,True,camera,vehicle,False,,False,0.0
82.09999999999961,spawned_5,20.0,1,139.44687999999582,False,139.44687999999582,False,,False,139.44687999999582,True,camera,vehicle,False,,False,0.0
82.1999999999996,spawned_5,20.0,1,139.44687999999582,False,139.44687999999582,False,,False,139.44687999999582,True,camera,vehicle,False,,False,0.0
82.2999999999996,spawned_5,20.0,1,139.44687999999582,False,139.44687999999582,False,,False,139.44687999999582,True,camera,vehicle,False,,False,0.0
82.3999999999996,spawned_5,20.0,1,139.44687999999582,False,139.44687999999582,False,,False,139.44687999999582,True,camera,vehicle,False,,False,0.0
82.49999999999959,spawned_5,20.0,1,139.44687999999582,False,139.44687999999582,False,,False,139.44687999999582,True,camera,vehicle,False,,False,0.0
82.59999999999958,spawned_5,20.0,1,139.44687999999582,False,139.44687999999582,False,,False,139.44687999999582,True,camera,vehicle,False,,False,0.0
82.69999999999958,spawned_5,20.0,1,139.44687999999582,False,139.44687999999582,False,,False,139.44687999999582,True,camera,vehicle,False,,False,0.0
82.79999999999957,spawned_5,20.0,1,139.44687999999582,False,139.44687999999582,False,,False,139.44687999999582,True,camera,vehicle,False,,False,0.0
82.89999999999957,spawned_5,20.0,1,139.44687999999582,False,139.44687999999582,False,,False,139.44687999999582,True,camera,vehicle,False,,False,0.0
82.99999999999956,spawned_5,20.0,1,139.44687999999582,False,139.44687999999582,False,,False,139.44687999999582,True,camera,vehicle,False,,False,0.0
83.09999999999955,spawned_5,20.0,1,139.44687999999582,False,139.44687999999582,False,,False,139.44687999999582,True,camera,vehicle,False,,False,0.0
83.19999999999955,spawned_5,20.0,1,139.44687999999582,False,139.44687999999582,False,,False,139.44687999999582,True,camera,vehicle,False,,False,0.0
83.29999999999954,spawned_5,20.0,1,139.44687999999582,False,139.44687999999582,False,,False,139.44687999999582,True,camera,vehicle,False,,False,0.0
83.39999999999954,spawned_5,20.0,1,139.44687999999582,False,139.44687999999582,False,,False,139.44687999999582,True,camera,vehicle,False,,False,0.0
83.49999999999953,spawned_5,20.0,1,139.44687999999582,False,139.44687999999582,False,,False,139.44687999999582,True,camera,vehicle,False,,False,0.0
83.59999999999953,spawned_5,20.0,1,139.44687999999582,False,139.44687999999582,False,,False,139.44687999999582,True,camera,vehicle,False,,False,0.0
83.69999999999952,spawned_5,20.0,1,139.44687999999582,False,139.44687999999582,False,,False,139.44687999999582,True,camera,vehicle,False,,False,0.0
83.79999999999951,spawned_5,20.0,1,139.44687999999582,False,139.44687999999582,False,,False,139.44687999999582,True,camera,vehicle,False,,False,0.0
83.89999999999951,spawned_5,20.0,1,139.44687999999582,False,139.44687999999582,False,,False,139.44687999999582,True,camera,vehicle,False,,False,0.0
83.9999999999995,spawned_5,20.0,1,139.44687999999582,False,139.44687999999582,False,,False,139.44687999999582,True,camera,vehicle,False,,False,0.0
84.0999999999995,spawned_5,20.0,1,139.44687999999582,False,139.44687999999582,False,,False,139.44687999999582,True,camera,vehicle,False,,False,0.0
84.19999999999949,spawned_5,20.0,1,139.44687999999582,False,139.44687999999582,False,,False,139.44687999999582,True,camera,vehicle,False,,False,0.0
84.29999999999949,spawned_5,20.0,1,139.44687999999582,False,139.44687999999582,False,,False,139.44687999999582,True,camera,vehicle,False,,False,0.0
84.39999999999948,spawned_5,20.0,1,139.44687999999582,False,139.44687999999582,False,,False,139.44687999999582,True,camera,vehicle,False,,False,0.0
84.49999999999947,spawned_5,20.0,1,139.44687999999582,False,139.44687999999582,False,,False,139.44687999999582,True,camera,vehicle,False,,False,0.0
84.59999999999947,spawned_5,20.0,1,139.44687999999582,False,139.44687999999582,False,,False,139.44687999999582,True,camera,vehicle,False,,False,0.0
84.69999999999946,spawned_5,20.0,1,139.44687999999582,False,139.44687999999582,False,,False,139.44687999999582,True,camera,vehicle,False,,False,0.0
84.79999999999946,spawned_5,20.0,1,139.44687999999582,False,139.44687999999582,False,,False,139.44687999999582,True,camera,vehicle,False,,False,0.0
84.89999999999945,spawned_5,20.0,1,139.44687999999582,False,139.44687999999582,False,,False,139.44687999999582,True,camera,vehicle,False,,False,0.0
84.99999999999945,spawned_5,20.0,1,139.44687999999582,False,139.44687999999582,False,,False,139.44687999999582,True,camera,vehicle,False,,False,0.0
85.09999999999944,spawned_5,20.0,1,139.44687999999582,False,139.44687999999582,False,,False,139.44687999999582,True,camera,vehicle,False,,False,0.0
85.19999999999943,spawned_5,20.0,1,139.44687999999582,False,139.44687999999582,False,,False,139.44687999999582,True,camera,vehicle,False,,False,0.0
85.29999999999943,spawned_5,20.0,1,139.44687999999582,False,139.44687999999582,False,,False,139.44687999999582,True,camera,vehicle,False,,False,0.0
85.39999999999942,spawned_5,20.0,1,139.44687999999582,False,139.44687999999582,False,,False,139.44687999999582,True,camera,vehicle,False,,False,0.0
85.49999999999942,spawned_5,20.0,1,139.44687999999582,False,139.44687999999582,False,,False,139.44687999999582,True,camera,vehicle,False,,False,0.0
85.59999999999941,spawned_5,20.0,1,139.44687999999582,False,139.44687999999582,False,,False,139.44687999999582,True,camera,vehicle,False,,False,0.0
85.6999999999994,spawned_5,20.0,1,139.44687999999582,False,139.44687999999582,False,,False,139.44687999999582,True,camera,vehicle,False,,False,0.0
85.7999999999994,spawned_5,20.0,1,139.44687999999582,False,139.44687999999582,False,,False,139.44687999999582,True,camera,vehicle,False,,False,0.0
85.8999999999994,spawned_5,20.0,1,139.44687999999582,False,139.44687999999582,False,,False,139.44687999999582,True,camera,vehicle,False,,False,0.0
85.99999999999939,spawned_5,20.0,1,139.44687999999582,False,139.44687999999582,False,,False,139.44687999999582,True,camera,vehicle,False,,False,0.0
86.09999999999938,spawned_5,20.0,1,139.44687999999582,False,139.44687999999582,False,,False,139.44687999999582,True,camera,vehicle,False,,False,0.0
86.19999999999938,spawned_5,20.0,1,139.44687999999582,False,139.44687999999582,False,,False,139.44687999999582,True,camera,vehicle,False,,False,0.0
86.29999999999937,spawned_5,20.0,1,139.44687999999582,False,139.44687999999582,False,,False,139.44687999999582,True,camera,vehicle,False,,False,0.0
86.39999999999937,spawned_5,20.0,1,139.44687999999582,False,139.44687999999582,False,,False,139.44687999999582,True,camera,vehicle,False,,False,0.0
86.49999999999936,spawned_5,20.0,1,139.44687999999582,False,139.44687999999582,False,,False,139.44687999999582,True,camera,vehicle,False,,False,0.0
86.59999999999935,spawned_5,20.0,1,139.44687999999582,False,139.44687999999582,False,,False,139.44687999999582,True,camera,vehicle,False,,False,0.0
86.69999999999935,spawned_5,20.0,1,139.44687999999582,False,139.44687999999582,False,,False,139.44687999999582,True,camera,vehicle,False,,False,0.0
86.79999999999934,spawned_5,20.0,1,139.44687999999582,False,139.44687999999582,False,,False,139.44687999999582,True,camera,vehicle,False,,False,0.0
86.89999999999934,spawned_5,20.0,1,139.44687999999582,False,139.44687999999582,False,,False,139.44687999999582,True,camera,vehicle,False,,False,0.0
86.99999999999933,spawned_5,20.0,1,139.44687999999582,False,139.44687999999582,False,,False,139.44687999999582,True,camera,vehicle,False,,False,0.0
87.09999999999933,spawned_5,20.0,1,139.44687999999582,False,139.44687999999582,False,,False,139.44687999999582,True,camera,vehicle,False,,False,0.0
87.19999999999932,spawned_5,20.0,1,139.44687999999582,False,139.44687999999582,False,,False,139.44687999999582,True,camera,vehicle,False,,False,0.0
87.29999999999932,spawned_5,20.0,1,139.44687999999582,False,139.44687999999582,False,,False,139.44687999999582,True,camera,vehicle,False,,False,0.0
87.39999999999931,spawned_5,20.0,1,139.44687999999582,False,139.44687999999582,False,,False,139.44687999999582,True,camera,vehicle,False,,False,0.0
87.4999999999993,spawned_5,20.0,1,139.44687999999582,False,139.44687999999582,False,,False,139.44687999999582,True,camera,vehicle,False,,False,0.0
87.5999999999993,spawned_5,20.0,1,139.44687999999582,False,139.44687999999582,False,,False,139.44687999999582,True,camera,vehicle,False,,False,0.0
87.69999999999929,spawned_5,20.0,1,139.44687999999582,False,139.44687999999582,False,,False,139.44687999999582,True,camera,vehicle,False,,False,0.0
87.79999999999929,spawned_5,20.0,1,139.44687999999582,False,139.44687999999582,False,,False,139.44687999999582,True,camera,vehicle,False,,False,0.0
87.89999999999928,spawned_5,20.0,1,139.44687999999582,False,139.44687999999582,False,,False,139.44687999999582,True,camera,vehicle,False,,False,0.0
87.99999999999928,spawned_5,20.0,1,139.44687999999582,False,139.44687999999582,False,,False,139.44687999999582,True,camera,vehicle,False,,False,0.0
88.09999999999927,spawned_5,20.0,1,139.44687999999582,False,139.44687999999582,False,,False,139.44687999999582,True,camera,vehicle,False,,False,0.0
88.19999999999926,spawned_5,20.0,1,139.44687999999582,False,139.44687999999582,False,,False,139.44687999999582,True,camera,vehicle,False,,False,0.0
88.29999999999926,spawned_5,20.0,1,139.44687999999582,False,139.44687999999582,False,,False,139.44687999999582,True,camera,vehicle,False,,False,0.0
88.39999999999925,spawned_5,20.0,1,139.44687999999582,False,139.44687999999582,False,,False,139.44687999999582,True,camera,vehicle,False,,False,0.0
88.49999999999925,spawned_5,20.0,1,139.44687999999582,False,139.44687999999582,False,,False,139.44687999999582,True,camera,vehicle,False,,False,0.0
88.59999999999924,spawned_5,20.0,1,139.44687999999582,False,139.44687999999582,False,,False,139.44687999999582,True,camera,vehicle,False,,False,0.0
88.69999999999924,spawned_5,20.0,1,139.44687999999582,False,139.44687999999582,False,,False,139.44687999999582,True,camera,vehicle,False,,False,0.0
88.79999999999923,spawned_5,20.0,1,139.44687999999582,False,139.44687999999582,False,,False,139.44687999999582,True,camera,vehicle,False,,False,0.0
88.89999999999922,spawned_5,20.0,1,139.44687999999582,False,139.44687999999582,False,,False,139.44687999999582,True,camera,vehicle,False,,False,0.0
88.99999999999922,spawned_5,20.0,1,139.44687999999582,False,139.44687999999582,False,,False,139.44687999999582,True,camera,vehicle,False,,False,0.0
89.09999999999921,spawned_5,20.0,1,139.44687999999582,False,139.44687999999582,False,,False,139.44687999999582,True,camera,vehicle,False,,False,0.0
89.1999999999992,spawned_5,20.0,1,139.44687999999582,False,139.44687999999582,False,,False,139.44687999999582,True,camera,vehicle,False,,False,0.0
89.2999999999992,spawned_5,20.0,1,139.44687999999582,False,139.44687999999582,False,,False,139.44687999999582,True,camera,vehicle,False,,False,0.0
89.3999999999992,spawned_5,20.0,1,139.44687999999582,False,139.44687999999582,False,,False,139.44687999999582,True,camera,vehicle,False,,False,0.0
89.49999999999919,spawned_5,20.0,1,139.44687999999582,False,139.44687999999582,False,,False,139.44687999999582,True,camera,vehicle,False,,False,0.0
89.59999999999918,spawned_5,20.0,1,139.44687999999582,False,139.44687999999582,False,,False,139.44687999999582,True,camera,vehicle,False,,False,0.0
89.69999999999918,spawned_5,20.0,1,139.44687999999582,False,139.44687999999582,False,,False,139.44687999999582,True,camera,vehicle,False,,False,0.0
89.79999999999917,spawned_5,20.0,1,139.44687999999582,False,139.44687999999582,False,,False,139.44687999999582,True,camera,vehicle,False,,False,0.0
89.89999999999917,spawned_5,20.0,1,139.44687999999582,False,139.44687999999582,False,,False,139.44687999999582,True,camera,vehicle,False,,False,0.0
89.99999999999916,spawned_5,20.0,1,139.44687999999582,False,139.44687999999582,False,,False,139.44687999999582,True,camera,vehicle,False,,False,0.0
90.09999999999916,spawned_5,20.0,1,139.44687999999584,False,139.44687999999584,False,,False,139.44687999999584,True,camera,vehicle,False,,False,0.0
90.19999999999915,spawned_5,20.0,1,139.44687999999587,False,139.44687999999587,False,,False,139.44687999999587,True,camera,vehicle,False,,False,0.0
90.29999999999914,spawned_5,20.0,1,139.4468799999959,False,139.4468799999959,False,,False,139.4468799999959,True,camera,vehicle,False,,False,0.0
90.39999999999914,spawned_5,20.0,1,139.44687999999593,False,139.44687999999593,False,,False,139.44687999999593,True,camera,vehicle,False,,False,0.0
90.49999999999913,spawned_5,20.0,1,139.44687999999596,False,139.44687999999596,False,,False,139.44687999999596,True,camera,vehicle,False,,False,0.0
90.59999999999913,spawned_5,20.0,1,139.44687999999599,False,139.44687999999599,False,,False,139.44687999999599,True,camera,vehicle,False,,False,0.0
90.69999999999912,spawned_5,20.0,1,139.446879999996,False,139.446879999996,False,,False,139.446879999996,True,camera,vehicle,False,,False,0.0
90.79999999999912,spawned_5,20.0,1,139.44687999999604,False,139.44687999999604,False,,False,139.44687999999604,True,camera,vehicle,False,,False,0.0
90.89999999999911,spawned_5,20.0,1,139.44687999999607,False,139.44687999999607,False,,False,139.44687999999607,True,camera,vehicle,False,,False,0.0
90.9999999999991,spawned_5,20.0,1,139.4468799999961,False,139.4468799999961,False,,False,139.4468799999961,True,camera,vehicle,False,,False,0.0
91.0999999999991,spawned_5,20.0,1,139.44687999999613,False,139.44687999999613,False,,False,139.44687999999613,True,camera,vehicle,False,,False,0.0
91.1999999999991,spawned_5,20.0,1,139.44687999999616,False,139.44687999999616,False,,False,139.44687999999616,True,camera,vehicle,False,,False,0.0
91.29999999999909,spawned_5,20.0,1,139.44687999999618,False,139.44687999999618,False,,False,139.44687999999618,True,camera,vehicle,False,,False,0.0
91.39999999999908,spawned_5,20.0,1,139.4468799999962,False,139.4468799999962,False,,False,139.4468799999962,True,camera,vehicle,False,,False,0.0
91.49999999999908,spawned_5,20.0,1,139.44687999999624,False,139.44687999999624,False,,False,139.44687999999624,True,camera,vehicle,False,,False,0.0
91.59999999999907,spawned_5,20.0,1,139.44687999999627,False,139.44687999999627,False,,False,139.44687999999627,True,camera,vehicle,False,,False,0.0
91.69999999999906,spawned_5,20.0,1,139.4468799999963,False,139.4468799999963,False,,False,139.4468799999963,True,camera,vehicle,False,,False,0.0
91.79999999999906,spawned_5,20.0,1,139.44687999999633,False,139.44687999999633,False,,False,139.44687999999633,True,camera,vehicle,False,,False,0.0
91.89999999999905,spawned_5,20.0,1,139.44687999999636,False,139.44687999999636,False,,False,139.44687999999636,True,camera,vehicle,False,,False,0.0
91.99999999999905,spawned_5,20.0,1,139.44687999999638,False,139.44687999999638,False,,False,139.44687999999638,True,camera,vehicle,False,,False,0.0
92.09999999999904,spawned_5,20.0,1,139.4468799999964,False,139.4468799999964,False,,False,139.4468799999964,True,camera,vehicle,False,,False,0.0
92.19999999999904,spawned_5,20.0,1,139.44687999999644,False,139.44687999999644,False,,False,139.44687999999644,True,camera,vehicle,False,,False,0.0
92.29999999999903,spawned_5,20.0,1,139.44687999999647,False,139.44687999999647,False,,False,139.44687999999647,True,camera,vehicle,False,,False,0.0
92.39999999999903,spawned_5,20.0,1,139.4468799999965,False,139.4468799999965,False,,False,139.4468799999965,True,camera,vehicle,False,,False,0.0
92.49999999999902,spawned_5,20.0,1,139.44564033444667,False,139.44564033444667,False,,False,139.44564033444667,True,camera,vehicle,False,,False,0.0
92.59999999999901,spawned_5,20.0,1,139.44440066889683,False,139.44440066889683,False,,False,139.44440066889683,True,camera,vehicle,False,,False,0.0
92.69999999999901,spawned_5,20.0,1,139.44440066889686,False,139.44440066889686,False,,False,139.44440066889686,True,camera,vehicle,False,,False,0.0
92.799999999999,spawned_5,20.0,1,139.4444006688969,False,139.4444006688969,False,,False,139.4444006688969,True,camera,vehicle,False,,False,0.0
92.899999999999,spawned_5,20.0,1,139.44440066889692,False,139.44440066889692,False,,False,139.44440066889692,True,camera,vehicle,False,,False,0.0
92.99999999999899,spawned_5,20.0,1,139.44440066889695,False,139.44440066889695,False,,False,139.44440066889695,True,camera,vehicle,False,,False,0.0
93.09999999999899,spawned_5,20.0,1,139.44440066889698,False,139.44440066889698,False,,False,139.44440066889698,True,camera,vehicle,False,,False,0.0
93.19999999999898,spawned_5,20.0,1,139.444400668897,False,139.444400668897,False,,False,139.444400668897,True,camera,vehicle,False,,False,0.0
93.29999999999897,spawned_5,20.0,1,139.44440066889703,False,139.44440066889703,False,,False,139.44440066889703,True,camera,vehicle,False,,False,0.0
93.39999999999897,spawned_5,20.0,1,139.44440066889706,False,139.44440066889706,False,,False,139.44440066889706,True,camera,vehicle,False,,False,0.0
93.49999999999896,spawned_5,20.0,1,139.4444006688971,False,139.4444006688971,False,,False,139.4444006688971,True,camera,vehicle,False,,False,0.0
93.59999999999896,spawned_5,20.0,1,139.44440066889712,False,139.44440066889712,False,,False,139.44440066889712,True,camera,vehicle,False,,False,0.0
93.69999999999895,spawned_5,20.0,1,139.44440066889715,False,139.44440066889715,False,,False,139.44440066889715,True,camera,vehicle,False,,False,0.0
93.79999999999895,spawned_5,20.0,1,139.44440066889717,False,139.44440066889717,False,,False,139.44440066889717,True,camera,vehicle,False,,False,0.0
93.89999999999894,spawned_5,20.0,1,139.4444006688972,False,139.4444006688972,False,,False,139.4444006688972,True,camera,vehicle,False,,False,0.0
93.99999999999893,spawned_5,20.0,1,139.44440066889723,False,139.44440066889723,False,,False,139.44440066889723,True,camera,vehicle,False,,False,0.0
94.09999999999893,spawned_5,20.0,1,139.44440066889726,False,139.44440066889726,False,,False,139.44440066889726,True,camera,vehicle,False,,False,0.0
94.19999999999892,spawned_5,20.0,1,139.4444006688973,False,139.4444006688973,False,,False,139.4444006688973,True,camera,vehicle,False,,False,0.0
94.29999999999892,spawned_5,20.0,1,139.44440066889732,False,139.44440066889732,False,,False,139.44440066889732,True,camera,vehicle,False,,False,0.0
94.39999999999891,spawned_5,20.0,1,139.44440066889734,False,139.44440066889734,False,,False,139.44440066889734,True,camera,vehicle,False,,False,0.0
94.4999999999989,spawned_5,20.0,1,139.44440066889737,False,139.44440066889737,False,,False,139.44440066889737,True,camera,vehicle,False,,False,0.0
94.5999999999989,spawned_5,20.0,1,139.4444006688974,False,139.4444006688974,False,,False,139.4444006688974,True,camera,vehicle,False,,False,0.0
94.6999999999989,spawned_5,20.0,1,139.44440066889743,False,139.44440066889743,False,,False,139.44440066889743,True,camera,vehicle,False,,False,0.0
94.79999999999889,spawned_5,20.0,1,139.44440066889746,False,139.44440066889746,False,,False,139.44440066889746,True,camera,vehicle,False,,False,0.0
94.89999999999888,spawned_5,20.0,1,139.4444006688975,False,139.4444006688975,False,,False,139.4444006688975,True,camera,vehicle,False,,False,0.0
94.99999999999888,spawned_5,20.0,1,139.44440066889752,False,139.44440066889752,False,,False,139.44440066889752,True,camera,vehicle,False,,False,0.0
95.09999999999887,spawned_5,20.0,1,139.44440066889754,False,139.44440066889754,False,,False,139.44440066889754,True,camera,vehicle,False,,False,0.0
95.19999999999887,spawned_5,20.0,1,139.44440066889757,False,139.44440066889757,False,,False,139.44440066889757,True,camera,vehicle,False,,False,0.0
95.29999999999886,spawned_5,20.0,1,139.4444006688976,False,139.4444006688976,False,,False,139.4444006688976,True,camera,vehicle,False,,False,0.0
95.39999999999885,spawned_5,20.0,1,139.44440066889763,False,139.44440066889763,False,,False,139.44440066889763,True,camera,vehicle,False,,False,0.0
95.49999999999885,spawned_5,20.0,1,139.44440066889766,False,139.44440066889766,False,,False,139.44440066889766,True,camera,vehicle,False,,False,0.0
95.59999999999884,spawned_5,20.0,1,139.44440066889769,False,139.44440066889769,False,,False,139.44440066889769,True,camera,vehicle,False,,False,0.0
95.69999999999884,spawned_5,20.0,1,139.4444006688977,False,139.4444006688977,False,,False,139.4444006688977,True,camera,vehicle,False,,False,0.0
95.79999999999883,spawned_5,20.0,1,139.44440066889774,False,139.44440066889774,False,,False,139.44440066889774,True,camera,vehicle,False,,False,0.0
95.89999999999883,spawned_5,20.0,1,139.44440066889777,False,139.44440066889777,False,,False,139.44440066889777,True,camera,vehicle,False,,False,0.0
95.99999999999882,spawned_5,20.0,1,139.4444006688978,False,139.4444006688978,False,,False,139.4444006688978,True,camera,vehicle,False,,False,0.0
96.09999999999881,spawned_5,20.0,1,139.44440066889783,False,139.44440066889783,False,,False,139.44440066889783,True,camera,vehicle,False,,False,0.0
96.19999999999881,spawned_5,20.0,1,139.44440066889786,False,139.44440066889786,False,,False,139.44440066889786,True,camera,vehicle,False,,False,0.0
96.2999999999988,spawned_5,20.0,1,139.44440066889788,False,139.44440066889788,False,,False,139.44440066889788,True,camera,vehicle,False,,False,0.0
96.3999999999988,spawned_5,20.0,1,139.4444006688979,False,139.4444006688979,False,,False,139.4444006688979,True,camera,vehicle,False,,False,0.0
96.49999999999879,spawned_5,20.0,1,139.44440066889794,False,139.44440066889794,False,,False,139.44440066889794,True,camera,vehicle,False,,False,0.0
96.59999999999879,spawned_5,20.0,1,139.44440066889797,False,139.44440066889797,False,,False,139.44440066889797,True,camera,vehicle,False,,False,0.0
96.69999999999878,spawned_5,20.0,1,139.444400668898,False,139.444400668898,False,,False,139.444400668898,True,camera,vehicle,False,,False,0.0
96.79999999999878,spawned_5,20.0,1,139.44440066889803,False,139.44440066889803,False,,False,139.44440066889803,True,camera,vehicle,False,,False,0.0
96.89999999999877,spawned_5,20.0,1,139.44440066889806,False,139.44440066889806,False,,False,139.44440066889806,True,camera,vehicle,False,,False,0.0
96.99999999999876,spawned_5,20.0,1,139.44440066889808,False,139.44440066889808,False,,False,139.44440066889808,True,camera,vehicle,False,,False,0.0
97.09999999999876,spawned_5,20.0,1,139.4444006688981,False,139.4444006688981,False,,False,139.4444006688981,True,camera,vehicle,False,,False,0.0
97.19999999999875,spawned_5,20.0,1,139.44440066889814,False,139.44440066889814,False,,False,139.44440066889814,True,camera,vehicle,False,,False,0.0
97.29999999999875,spawned_5,20.0,1,139.44440066889817,False,139.44440066889817,False,,False,139.44440066889817,True,camera,vehicle,False,,False,0.0
97.39999999999874,spawned_5,20.0,1,139.4444006688982,False,139.4444006688982,False,,False,139.4444006688982,True,camera,vehicle,False,,False,0.0
97.49999999999874,spawned_5,20.0,1,139.44440066889823,False,139.44440066889823,False,,False,139.44440066889823,True,camera,vehicle,False,,False,0.0
97.59999999999873,spawned_5,20.0,1,139.44440066889825,False,139.44440066889825,False,,False,139.44440066889825,True,camera,vehicle,False,,False,0.0
97.69999999999872,spawned_5,20.0,1,139.44440066889828,False,139.44440066889828,False,,False,139.44440066889828,True,camera,vehicle,False,,False,0.0
97.79999999999872,spawned_5,20.0,1,139.4444006688983,False,139.4444006688983,False,,False,139.4444006688983,True,camera,vehicle,False,,False,0.0
97.89999999999871,spawned_5,20.0,1,139.44440066889834,False,139.44440066889834,False,,False,139.44440066889834,True,camera,vehicle,False,,False,0.0
97.9999999999987,spawned_5,20.0,1,139.44440066889837,False,139.44440066889837,False,,False,139.44440066889837,True,camera,vehicle,False,,False,0.0
98.0999999999987,spawned_5,20.0,1,139.4444006688984,False,139.4444006688984,False,,False,139.4444006688984,True,camera,vehicle,False,,False,0.0
98.1999999999987,spawned_5,20.0,1,139.44440066889842,False,139.44440066889842,False,,False,139.44440066889842,True,camera,vehicle,False,,False,0.0
98.29999999999869,spawned_5,20.0,1,139.44440066889845,False,139.44440066889845,False,,False,139.44440066889845,True,camera,vehicle,False,,False,0.0
98.39999999999868,spawned_5,20.0,1,139.44440066889848,False,139.44440066889848,False,,False,139.44440066889848,True,camera,vehicle,False,,False,0.0
98.49999999999868,spawned_5,20.0,1,139.4444006688985,False,139.4444006688985,False,,False,139.4444006688985,True,camera,vehicle,False,,False,0.0
98.59999999999867,spawned_5,20.0,1,139.44440066889854,False,139.44440066889854,False,,False,139.44440066889854,True,camera,vehicle,False,,False,0.0
98.69999999999867,spawned_5,20.0,1,139.44440066889857,False,139.44440066889857,False,,False,139.44440066889857,True,camera,vehicle,False,,False,0.0
98.79999999999866,spawned_5,20.0,1,139.4444006688986,False,139.4444006688986,False,,False,139.4444006688986,True,camera,vehicle,False,,False,0.0
98.89999999999866,spawned_5,20.0,1,139.44440066889862,False,139.44440066889862,False,,False,139.44440066889862,True,camera,vehicle,False,,False,0.0
98.99999999999865,spawned_5,20.0,1,139.44440066889865,False,139.44440066889865,False,,False,139.44440066889865,True,camera,vehicle,False,,False,0.0
99.09999999999864,spawned_5,20.0,1,139.44440066889868,False,139.44440066889868,False,,False,139.44440066889868,True,camera,vehicle,False,,False,0.0
99.19999999999864,spawned_5,20.0,1,139.4444006688987,False,139.4444006688987,False,,False,139.4444006688987,True,camera,vehicle,False,,False,0.0
99.29999999999863,spawned_5,20.0,1,139.44440066889874,False,139.44440066889874,False,,False,139.44440066889874,True,camera,vehicle,False,,False,0.0
99.39999999999863,spawned_5,20.0,1,139.44440066889877,False,139.44440066889877,False,,False,139.44440066889877,True,camera,vehicle,False,,False,0.0
99.49999999999862,spawned_5,20.0,1,139.4444006688988,False,139.4444006688988,False,,False,139.4444006688988,True,camera,vehicle,False,,False,0.0
99.59999999999862,spawned_5,20.0,1,139.44440066889882,False,139.44440066889882,False,,False,139.44440066889882,True,camera,vehicle,False,,False,0.0
99.69999999999861,spawned_5,20.0,1,139.44440066889885,False,139.44440066889885,False,,False,139.44440066889885,True,camera,vehicle,False,,False,0.0
99.7999999999986,spawned_5,20.0,1,139.44440066889888,False,139.44440066889888,False,,False,139.44440066889888,True,camera,vehicle,False,,False,0.0
99.8999999999986,spawned_5,20.0,1,139.4444006688989,False,139.4444006688989,False,,False,139.4444006688989,True,camera,vehicle,False,,False,0.0
99.9999999999986,spawned_5,20.0,1,139.44440066889894,False,139.44440066889894,False,,False,139.44440066889894,True,camera,vehicle,False,,False,0.0
100.09999999999859,spawned_5,20.0,1,139.44440066889896,False,139.44440066889896,False,,False,139.44440066889896,True,camera,vehicle,False,,False,0.0
100.19999999999858,spawned_5,20.0,1,139.444400668899,False,139.444400668899,False,,False,139.444400668899,True,camera,vehicle,False,,False,0.0
100.29999999999858,spawned_5,20.0,1,139.44440066889902,False,139.44440066889902,False,,False,139.44440066889902,True,camera,vehicle,False,,False,0.0
100.39999999999857,spawned_5,20.0,1,139.44440066889905,False,139.44440066889905,False,,False,139.44440066889905,True,camera,vehicle,False,,False,0.0
100.49999999999856,spawned_5,20.0,1,139.44440066889908,False,139.44440066889908,False,,False,139.44440066889908,True,camera,vehicle,False,,False,0.0
100.59999999999856,spawned_5,20.0,1,139.4444006688991,False,139.4444006688991,False,,False,139.4444006688991,True,camera,vehicle,False,,False,0.0
100.69999999999855,spawned_5,20.0,1,139.44440066889914,False,139.44440066889914,False,,False,139.44440066889914,True,camera,vehicle,False,,False,0.0
100.79999999999855,spawned_5,20.0,1,139.44440066889916,False,139.44440066889916,False,,False,139.44440066889916,True,camera,vehicle,False,,False,0.0
100.89999999999854,spawned_5,20.0,1,139.4444006688992,False,139.4444006688992,False,,False,139.4444006688992,True,camera,vehicle,False,,False,0.0
100.99999999999854,spawned_5,20.0,1,139.44440066889922,False,139.44440066889922,False,,False,139.44440066889922,True,camera,vehicle,False,,False,0.0
101.09999999999853,spawned_5,20.0,1,139.44440066889925,False,139.44440066889925,False,,False,139.44440066889925,True,camera,vehicle,False,,False,0.0
101.19999999999852,spawned_5,20.0,1,139.44440066889928,False,139.44440066889928,False,,False,139.44440066889928,True,camera,vehicle,False,,False,0.0
101.29999999999852,spawned_5,20.0,1,139.4444006688993,False,139.4444006688993,False,,False,139.4444006688993,True,camera,vehicle,False,,False,0.0
101.39999999999851,spawned_5,20.0,1,139.44440066889933,False,139.44440066889933,False,,False,139.44440066889933,True,camera,vehicle,False,,False,0.0
101.49999999999851,spawned_5,20.0,1,139.44440066889936,False,139.44440066889936,False,,False,139.44440066889936,True,camera,vehicle,False,,False,0.0
101.5999999999985,spawned_5,20.0,1,139.4444006688994,False,139.4444006688994,False,,False,139.4444006688994,True,camera,vehicle,False,,False,0.0
101.6999999999985,spawned_5,20.0,1,139.44440066889942,False,139.44440066889942,False,,False,139.44440066889942,True,camera,vehicle,False,,False,0.0
101.79999999999849,spawned_5,20.0,1,139.44440066889945,False,139.44440066889945,False,,False,139.44440066889945,True,camera,vehicle,False,,False,0.0
101.89999999999849,spawned_5,20.0,1,139.44440066889948,False,139.44440066889948,False,,False,139.44440066889948,True,camera,vehicle,False,,False,0.0
101.99999999999848,spawned_5,20.0,1,139.4444006688995,False,139.4444006688995,False,,False,139.4444006688995,True,camera,vehicle,False,,False,0.0
102.09999999999847,spawned_5,20.0,1,139.44440066889953,False,139.44440066889953,False,,False,139.44440066889953,True,camera,vehicle,False,,False,0.0
102.19999999999847,spawned_5,20.0,1,139.44440066889956,False,139.44440066889956,False,,False,139.44440066889956,True,camera,vehicle,False,,False,0.0
102.29999999999846,spawned_5,20.0,1,139.4444006688996,False,139.4444006688996,False,,False,139.4444006688996,True,camera,vehicle,False,,False,0.0
102.39999999999846,spawned_5,20.0,1,139.44440066889962,False,139.44440066889962,False,,False,139.44440066889962,True,camera,vehicle,False,,False,0.0
102.49999999999845,spawned_5,20.0,1,139.44440066889965,False,139.44440066889965,False,,False,139.44440066889965,True,camera,vehicle,False,,False,0.0
102.59999999999845,spawned_5,20.0,1,139.44440066889968,False,139.44440066889968,False,,False,139.44440066889968,True,camera,vehicle,False,,False,0.0
102.69999999999844,spawned_5,20.0,1,139.4444006688997,False,139.4444006688997,False,,False,139.4444006688997,True,camera,vehicle,False,,False,0.0
102.79999999999843,spawned_5,20.0,1,139.44440066889973,False,139.44440066889973,False,,False,139.44440066889973,True,camera,vehicle,False,,False,0.0
102.89999999999843,spawned_5,20.0,1,139.44440066889976,False,139.44440066889976,False,,False,139.44440066889976,True,camera,vehicle,False,,False,0.0
102.99999999999842,spawned_5,20.0,1,139.4444006688998,False,139.4444006688998,False,,False,139.4444006688998,True,camera,vehicle,False,,False,0.0
103.09999999999842,spawned_5,20.0,1,139.44440066889982,False,139.44440066889982,False,,False,139.44440066889982,True,camera,vehicle,False,,False,0.0
103.19999999999841,spawned_5,20.0,1,139.44440066889985,False,139.44440066889985,False,,False,139.44440066889985,True,camera,vehicle,False,,False,0.0
103.2999999999984,spawned_5,20.0,1,139.44440066889987,False,139.44440066889987,False,,False,139.44440066889987,True,camera,vehicle,False,,False,0.0
103.3999999999984,spawned_5,20.0,1,139.4444006688999,False,139.4444006688999,False,,False,139.4444006688999,True,camera,vehicle,False,,False,0.0
103.4999999999984,spawned_5,20.0,1,139.44440066889993,False,139.44440066889993,False,,False,139.44440066889993,True,camera,vehicle,False,,False,0.0
103.59999999999839,spawned_5,20.0,1,139.44440066889996,False,139.44440066889996,False,,False,139.44440066889996,True,camera,vehicle,False,,False,0.0
103.69999999999838,spawned_5,20.0,1,139.4444006689,False,139.4444006689,False,,False,139.4444006689,True,camera,vehicle,False,,False,0.0
103.79999999999838,spawned_5,20.0,1,139.44440066890002,False,139.44440066890002,False,,False,139.44440066890002,True,camera,vehicle,False,,False,0.0
103.89999999999837,spawned_5,20.0,1,139.44440066890004,False,139.44440066890004,False,,False,139.44440066890004,True,camera,vehicle,False,,False,0.0
103.99999999999837,spawned_5,20.0,1,139.44440066890007,False,139.44440066890007,False,,False,139.44440066890007,True,camera,vehicle,False,,False,0.0
104.09999999999836,spawned_5,20.0,1,139.4444006689001,False,139.4444006689001,False,,False,139.4444006689001,True,camera,vehicle,False,,False,0.0
104.19999999999835,spawned_5,20.0,1,139.44440066890013,False,139.44440066890013,False,,False,139.44440066890013,True,camera,vehicle,False,,False,0.0
104.29999999999835,spawned_5,20.0,1,139.44440066890016,False,139.44440066890016,False,,False,139.44440066890016,True,camera,vehicle,False,,False,0.0
104.39999999999834,spawned_5,20.0,1,139.4444006689002,False,139.4444006689002,False,,False,139.4444006689002,True,camera,vehicle,False,,False,0.0
104.49999999999834,spawned_5,20.0,1,139.44440066890022,False,139.44440066890022,False,,False,139.44440066890022,True,camera,vehicle,False,,False,0.0
104.59999999999833,spawned_5,20.0,1,139.44440066890024,False,139.44440066890024,False,,False,139.44440066890024,True,camera,vehicle,False,,False,0.0
104.69999999999833,spawned_5,20.0,1,139.44440066890027,False,139.44440066890027,False,,False,139.44440066890027,True,camera,vehicle,False,,False,0.0
104.79999999999832,spawned_5,20.0,1,139.4444006689003,False,139.4444006689003,False,,False,139.4444006689003,True,camera,vehicle,False,,False,0.0
104.89999999999831,spawned_5,20.0,1,139.44440066890033,False,139.44440066890033,False,,False,139.44440066890033,True,camera,vehicle,False,,False,0.0
104.99999999999831,spawned_5,20.0,1,139.44440066890036,False,139.44440066890036,False,,False,139.44440066890036,True,camera,vehicle,False,,False,0.0
105.0999999999983,spawned_5,20.0,1,139.44440066890039,False,139.44440066890039,False,,False,139.44440066890039,True,camera,vehicle,False,,False,0.0
105.1999999999983,spawned_5,20.0,1,139.4444006689004,False,139.4444006689004,False,,False,139.4444006689004,True,camera,vehicle,False,,False,0.0
105.29999999999829,spawned_5,20.0,1,139.44440066890044,False,139.44440066890044,False,,False,139.44440066890044,True,camera,vehicle,False,,False,0.0
105.39999999999829,spawned_5,20.0,1,139.44440066890047,False,139.44440066890047,False,,False,139.44440066890047,True,camera,vehicle,False,,False,0.0
105.49999999999828,spawned_5,20.0,1,139.4444006689005,False,139.4444006689005,False,,False,139.4444006689005,True,camera,vehicle,False,,False,0.0
105.59999999999827,spawned_5,20.0,1,139.44440066890053,False,139.44440066890053,False,,False,139.44440066890053,True,camera,vehicle,False,,False,0.0
105.69999999999827,spawned_5,20.0,1,139.44440066890056,False,139.44440066890056,False,,False,139.44440066890056,True,camera,vehicle,False,,False,0.0
105.79999999999826,spawned_5,20.0,1,139.44440066890058,False,139.44440066890058,False,,False,139.44440066890058,True,camera,vehicle,False,,False,0.0
105.89999999999826,spawned_5,20.0,1,139.4444006689006,False,139.4444006689006,False,,False,139.4444006689006,True,camera,vehicle,False,,False,0.0
105.99999999999825,spawned_5,20.0,1,139.44440066890064,False,139.44440066890064,False,,False,139.44440066890064,True,camera,vehicle,False,,False,0.0
106.09999999999825,spawned_5,20.0,1,139.44440066890067,False,139.44440066890067,False,,False,139.44440066890067,True,camera,vehicle,False,,False,0.0
106.19999999999824,spawned_5,20.0,1,139.44440066890067,False,139.44440066890067,False,,False,139.44440066890067,True,camera,vehicle,False,,False,0.0
106.29999999999824,spawned_5,20.0,1,139.44440066890067,False,139.44440066890067,False,,False,139.44440066890067,True,camera,vehicle,False,,False,0.0
106.39999999999823,spawned_5,20.0,1,139.44440066890067,False,139.44440066890067,False,,False,139.44440066890067,True,camera,vehicle,False,,False,0.0
106.49999999999822,spawned_5,20.0,1,139.44440066890067,False,139.44440066890067,False,,False,139.44440066890067,True,camera,vehicle,False,,False,0.0
106.59999999999822,spawned_5,20.0,1,139.44440066890067,False,139.44440066890067,False,,False,139.44440066890067,True,camera,vehicle,False,,False,0.0
106.69999999999821,spawned_5,20.0,1,139.44440066890067,False,139.44440066890067,False,,False,139.44440066890067,True,camera,vehicle,False,,False,0.0
106.7999999999982,spawned_5,20.0,1,139.44440066890067,False,139.44440066890067,False,,False,139.44440066890067,True,camera,vehicle,False,,False,0.0
106.8999999999982,spawned_5,20.0,1,139.44440066890067,False,139.44440066890067,False,,False,139.44440066890067,True,camera,vehicle,False,,False,0.0
106.9999999999982,spawned_5,20.0,1,139.44440066890067,False,139.44440066890067,False,,False,139.44440066890067,True,camera,vehicle,False,,False,0.0
107.09999999999819,spawned_5,20.0,1,139.44440066890067,False,139.44440066890067,False,,False,139.44440066890067,True,camera,vehicle,False,,False,0.0
107.19999999999818,spawned_5,20.0,1,139.44440066890067,False,139.44440066890067,False,,False,139.44440066890067,True,camera,vehicle,False,,False,0.0
107.29999999999818,spawned_5,20.0,1,139.44440066890067,False,139.44440066890067,False,,False,139.44440066890067,True,camera,vehicle,False,,False,0.0
107.39999999999817,spawned_5,20.0,1,139.44440066890067,False,139.44440066890067,False,,False,139.44440066890067,True,camera,vehicle,False,,False,0.0
107.49999999999817,spawned_5,20.0,1,139.44440066890067,False,139.44440066890067,False,,False,139.44440066890067,True,camera,vehicle,False,,False,0.0
107.59999999999816,spawned_5,20.0,1,139.44440066890067,False,139.44440066890067,False,,False,139.44440066890067,True,camera,vehicle,False,,False,0.0
107.69999999999816,spawned_5,20.0,1,139.44440066890067,False,139.44440066890067,False,,False,139.44440066890067,True,camera,vehicle,False,,False,0.0
107.79999999999815,spawned_5,20.0,1,139.44440066890067,False,139.44440066890067,False,,False,139.44440066890067,True,camera,vehicle,False,,False,0.0
107.89999999999814,spawned_5,20.0,1,139.44440066890067,False,139.44440066890067,False,,False,139.44440066890067,True,camera,vehicle,False,,False,0.0
107.99999999999814,spawned_5,20.0,1,139.44440066890067,False,139.44440066890067,False,,False,139.44440066890067,True,camera,vehicle,False,,False,0.0
108.09999999999813,spawned_5,20.0,1,139.44440066890067,False,139.44440066890067,False,,False,139.44440066890067,True,camera,vehicle,False,,False,0.0
108.19999999999813,spawned_5,20.0,1,139.44440066890067,False,139.44440066890067,False,,False,139.44440066890067,True,camera,vehicle,False,,False,0.0
108.29999999999812,spawned_5,20.0,1,139.44440066890067,False,139.44440066890067,False,,False,139.44440066890067,True,camera,vehicle,False,,False,0.0
108.39999999999812,spawned_5,20.0,1,139.44440066890067,False,139.44440066890067,False,,False,139.44440066890067,True,camera,vehicle,False,,False,0.0
108.49999999999811,spawned_5,20.0,1,139.44440066890067,False,139.44440066890067,False,,False,139.44440066890067,True,camera,vehicle,False,,False,0.0
108.5999999999981,spawned_5,20.0,1,139.44440066890067,False,139.44440066890067,False,,False,139.44440066890067,True,camera,vehicle,False,,False,0.0
108.6999999999981,spawned_5,20.0,1,139.44440066890067,False,139.44440066890067,False,,False,139.44440066890067,True,camera,vehicle,False,,False,0.0
108.7999999999981,spawned_5,20.0,1,139.44440066890067,False,139.44440066890067,False,,False,139.44440066890067,True,camera,vehicle,False,,False,0.0
108.89999999999809,spawned_5,20.0,1,139.44440066890067,False,139.44440066890067,False,,False,139.44440066890067,True,camera,vehicle,False,,False,0.0
108.99999999999808,spawned_5,20.0,1,139.44440066890067,False,139.44440066890067,False,,False,139.44440066890067,True,camera,vehicle,False,,False,0.0
109.09999999999808,spawned_5,20.0,1,139.44440066890067,False,139.44440066890067,False,,False,139.44440066890067,True,camera,vehicle,False,,False,0.0
109.19999999999807,spawned_5,20.0,1,139.44440066890067,False,139.44440066890067,False,,False,139.44440066890067,True,camera,vehicle,False,,False,0.0
109.29999999999806,spawned_5,20.0,1,139.44440066890067,False,139.44440066890067,False,,False,139.44440066890067,True,camera,vehicle,False,,False,0.0
109.39999999999806,spawned_5,20.0,1,139.44440066890067,False,139.44440066890067,False,,False,139.44440066890067,True,camera,vehicle,False,,False,0.0
109.49999999999805,spawned_5,20.0,1,139.44440066890067,False,139.44440066890067,False,,False,139.44440066890067,True,camera,vehicle,False,,False,0.0
109.59999999999805,spawned_5,20.0,1,139.44440066890067,False,139.44440066890067,False,,False,139.44440066890067,True,camera,vehicle,False,,False,0.0
109.69999999999804,spawned_5,20.0,1,139.44440066890067,False,139.44440066890067,False,,False,139.44440066890067,True,camera,vehicle,False,,False,0.0
109.79999999999804,spawned_5,20.0,1,139.44440066890067,False,139.44440066890067,False,,False,139.44440066890067,True,camera,vehicle,False,,False,0.0
109.89999999999803,spawned_5,20.0,1,139.44440066890067,False,139.44440066890067,False,,False,139.44440066890067,True,camera,vehicle,False,,False,0.0
109.99999999999802,spawned_5,20.0,1,139.44440066890067,False,139.44440066890067,False,,False,139.44440066890067,True,camera,vehicle,False,,False,0.0
110.09999999999802,spawned_5,20.0,1,139.44440066890067,False,139.44440066890067,False,,False,139.44440066890067,True,camera,vehicle,False,,False,0.0
110.19999999999801,spawned_5,20.0,1,139.44440066890067,False,139.44440066890067,False,,False,139.44440066890067,True,camera,vehicle,False,,False,0.0
110.29999999999801,spawned_5,20.0,1,139.44440066890067,False,139.44440066890067,False,,False,139.44440066890067,True,camera,vehicle,False,,False,0.0
110.399999999998,spawned_5,20.0,1,139.44440066890067,False,139.44440066890067,False,,False,139.44440066890067,True,camera,vehicle,False,,False,0.0
110.499999999998,spawned_5,20.0,1,139.44440066890067,False,139.44440066890067,False,,False,139.44440066890067,True,camera,vehicle,False,,False,0.0
110.59999999999799,spawned_5,20.0,1,139.44440066890067,False,139.44440066890067,False,,False,139.44440066890067,True,camera,vehicle,False,,False,0.0
110.69999999999798,spawned_5,20.0,1,139.44440066890067,False,139.44440066890067,False,,False,139.44440066890067,True,camera,vehicle,False,,False,0.0
110.79999999999798,spawned_5,20.0,1,139.44440066890067,False,139.44440066890067,False,,False,139.44440066890067,True,camera,vehicle,False,,False,0.0
110.89999999999797,spawned_5,20.0,1,139.44440066890067,False,139.44440066890067,False,,False,139.44440066890067,True,camera,vehicle,False,,False,0.0
110.99999999999797,spawned_5,20.0,1,139.44440066890067,False,139.44440066890067,False,,False,139.44440066890067,True,camera,vehicle,False,,False,0.0
111.09999999999796,spawned_5,20.0,1,139.44440066890067,False,139.44440066890067,False,,False,139.44440066890067,True,camera,vehicle,False,,False,0.0
111.19999999999796,spawned_5,20.0,1,139.44440066890067,False,139.44440066890067,False,,False,139.44440066890067,True,camera,vehicle,False,,False,0.0
111.29999999999795,spawned_5,20.0,1,139.44440066890067,False,139.44440066890067,False,,False,139.44440066890067,True,camera,vehicle,False,,False,0.0
111.39999999999795,spawned_5,20.0,1,139.44440066890067,False,139.44440066890067,False,,False,139.44440066890067,True,camera,vehicle,False,,False,0.0
111.49999999999794,spawned_5,20.0,1,139.44440066890067,False,139.44440066890067,False,,False,139.44440066890067,True,camera,vehicle,False,,False,0.0
111.59999999999793,spawned_5,20.0,1,139.44440066890067,False,139.44440066890067,False,,False,139.44440066890067,True,camera,vehicle,False,,False,0.0
111.69999999999793,spawned_5,20.0,1,139.44440066890067,False,139.44440066890067,False,,False,139.44440066890067,True,camera,vehicle,False,,False,0.0
111.79999999999792,spawned_5,20.0,1,139.44440066890067,False,139.44440066890067,False,,False,139.44440066890067,True,camera,vehicle,False,,False,0.0
111.89999999999792,spawned_5,20.0,1,139.44440066890067,False,139.44440066890067,False,,False,139.44440066890067,True,camera,vehicle,False,,False,0.0
111.99999999999791,spawned_5,20.0,1,139.44440066890067,False,139.44440066890067,False,,False,139.44440066890067,True,camera,vehicle,False,,False,0.0
112.0999999999979,spawned_5,20.0,1,139.44440066890067,False,139.44440066890067,False,,False,139.44440066890067,True,camera,vehicle,False,,False,0.0
112.1999999999979,spawned_5,20.0,1,139.44440066890067,False,139.44440066890067,False,,False,139.44440066890067,True,camera,vehicle,False,,False,0.0
112.2999999999979,spawned_5,20.0,1,139.44440066890067,False,139.44440066890067,False,,False,139.44440066890067,True,camera,vehicle,False,,False,0.0
112.39999999999789,spawned_5,20.0,1,139.44440066890067,False,139.44440066890067,False,,False,139.44440066890067,True,camera,vehicle,False,,False,0.0
112.49999999999788,spawned_5,20.0,1,139.44440066890067,False,139.44440066890067,False,,False,139.44440066890067,True,camera,vehicle,False,,False,0.0
112.59999999999788,spawned_5,20.0,1,139.44440066890067,False,139.44440066890067,False,,False,139.44440066890067,True,camera,vehicle,False,,False,0.0
112.69999999999787,spawned_5,20.0,1,139.44440066890067,False,139.44440066890067,False,,False,139.44440066890067,True,camera,vehicle,False,,False,0.0
112.79999999999787,spawned_5,20.0,1,139.44440066890067,False,139.44440066890067,False,,False,139.44440066890067,True,camera,vehicle,False,,False,0.0
112.89999999999786,spawned_5,20.0,1,139.44440066890067,False,139.44440066890067,False,,False,139.44440066890067,True,camera,vehicle,False,,False,0.0
112.99999999999785,spawned_5,20.0,1,139.44440066890067,False,139.44440066890067,False,,False,139.44440066890067,True,camera,vehicle,False,,False,0.0
113.09999999999785,spawned_5,20.0,1,139.44440066890067,False,139.44440066890067,False,,False,139.44440066890067,True,camera,vehicle,False,,False,0.0
113.19999999999784,spawned_5,20.0,1,139.44440066890067,False,139.44440066890067,False,,False,139.44440066890067,True,camera,vehicle,False,,False,0.0
113.29999999999784,spawned_5,20.0,1,139.44440066890067,False,139.44440066890067,False,,False,139.44440066890067,True,camera,vehicle,False,,False,0.0
113.39999999999783,spawned_5,20.0,1,139.44440066890067,False,139.44440066890067,False,,False,139.44440066890067,True,camera,vehicle,False,,False,0.0
113.49999999999783,spawned_5,20.0,1,139.44440066890067,False,139.44440066890067,False,,False,139.44440066890067,True,camera,vehicle,False,,False,0.0
113.59999999999782,spawned_5,20.0,1,139.44440066890067,False,139.44440066890067,False,,False,139.44440066890067,True,camera,vehicle,False,,False,0.0
113.69999999999781,spawned_5,20.0,1,139.44440066890067,False,139.44440066890067,False,,False,139.44440066890067,True,camera,vehicle,False,,False,0.0
113.79999999999781,spawned_5,20.0,1,139.44440066890067,False,139.44440066890067,False,,False,139.44440066890067,True,camera,vehicle,False,,False,0.0
113.8999999999978,spawned_5,20.0,1,139.44440066890067,False,139.44440066890067,False,,False,139.44440066890067,True,camera,vehicle,False,,False,0.0
113.9999999999978,spawned_5,20.0,1,139.44440066890067,False,139.44440066890067,False,,False,139.44440066890067,True,camera,vehicle,False,,False,0.0
114.09999999999779,spawned_5,20.0,1,139.44440066890067,False,139.44440066890067,False,,False,139.44440066890067,True,camera,vehicle,False,,False,0.0
114.19999999999779,spawned_5,20.0,1,139.44440066890067,False,139.44440066890067,False,,False,139.44440066890067,True,camera,vehicle,False,,False,0.0
114.29999999999778,spawned_5,20.0,1,139.44440066890067,False,139.44440066890067,False,,False,139.44440066890067,True,camera,vehicle,False,,False,0.0
114.39999999999777,spawned_5,20.0,1,139.44440066890067,False,139.44440066890067,False,,False,139.44440066890067,True,camera,vehicle,False,,False,0.0
114.49999999999777,spawned_5,20.0,1,139.44440066890067,False,139.44440066890067,False,,False,139.44440066890067,True,camera,vehicle,False,,False,0.0
114.59999999999776,spawned_5,20.0,1,139.44440066890067,False,139.44440066890067,False,,False,139.44440066890067,True,camera,vehicle,False,,False,0.0
114.69999999999776,spawned_5,20.0,1,139.44440066890067,False,139.44440066890067,False,,False,139.44440066890067,True,camera,vehicle,False,,False,0.0
114.79999999999775,spawned_5,20.0,1,139.44440066890067,False,139.44440066890067,False,,False,139.44440066890067,True,camera,vehicle,False,,False,0.0
114.89999999999775,spawned_5,20.0,1,139.44440066890067,False,139.44440066890067,False,,False,139.44440066890067,True,camera,vehicle,False,,False,0.0
114.99999999999774,spawned_5,20.0,1,139.44440066890067,False,139.44440066890067,False,,False,139.44440066890067,True,camera,vehicle,False,,False,0.0
115.09999999999773,spawned_5,20.0,1,139.44440066890067,False,139.44440066890067,False,,False,139.44440066890067,True,camera,vehicle,False,,False,0.0
115.19999999999773,spawned_5,20.0,1,139.44440066890067,False,139.44440066890067,False,,False,139.44440066890067,True,camera,vehicle,False,,False,0.0
115.29999999999772,spawned_5,20.0,1,139.44440066890067,False,139.44440066890067,False,,False,139.44440066890067,True,camera,vehicle,False,,False,0.0
115.39999999999772,spawned_5,20.0,1,139.44440066890064,False,139.44440066890064,False,,False,139.44440066890064,True,camera,vehicle,False,,False,0.0
115.49999999999771,spawned_5,20.0,1,139.44440066890064,False,139.44440066890064,False,,False,139.44440066890064,True,camera,vehicle,False,,False,0.0
115.5999999999977,spawned_5,20.0,1,139.44440066890064,False,139.44440066890064,False,,False,139.44440066890064,True,camera,vehicle,False,,False,0.0
115.6999999999977,spawned_5,20.0,1,139.44440066890064,False,139.44440066890064,False,,False,139.44440066890064,True,camera,vehicle,False,,False,0.0
115.7999999999977,spawned_5,20.0,1,139.44440066890064,False,139.44440066890064,False,,False,139.44440066890064,True,camera,vehicle,False,,False,0.0
115.89999999999769,spawned_5,20.0,1,139.44440066890064,False,139.44440066890064,False,,False,139.44440066890064,True,camera,vehicle,False,,False,0.0
115.99999999999768,spawned_5,20.0,1,139.44440066890064,False,139.44440066890064,False,,False,139.44440066890064,True,camera,vehicle,False,,False,0.0
116.09999999999768,spawned_5,20.0,1,139.44440066890064,False,139.44440066890064,False,,False,139.44440066890064,True,camera,vehicle,False,,False,0.0
116.19999999999767,spawned_5,20.0,1,139.44440066890064,False,139.44440066890064,False,,False,139.44440066890064,True,camera,vehicle,False,,False,0.0
116.29999999999767,spawned_5,20.0,1,139.4444006689006,False,139.4444006689006,False,,False,139.4444006689006,True,camera,vehicle,False,,False,0.0
116.39999999999766,spawned_5,20.0,1,139.4444006689006,False,139.4444006689006,False,,False,139.4444006689006,True,camera,vehicle,False,,False,0.0
116.49999999999766,spawned_5,20.0,1,139.4444006689006,False,139.4444006689006,False,,False,139.4444006689006,True,camera,vehicle,False,,False,0.0
116.59999999999765,spawned_5,20.0,1,139.4444006689006,False,139.4444006689006,False,,False,139.4444006689006,True,camera,vehicle,False,,False,0.0
116.69999999999764,spawned_5,20.0,1,139.4444006689006,False,139.4444006689006,False,,False,139.4444006689006,True,camera,vehicle,False,,False,0.0
116.79999999999764,spawned_5,20.0,1,139.4444006689006,False,139.4444006689006,False,,False,139.4444006689006,True,camera,vehicle,False,,False,0.0
116.89999999999763,spawned_5,20.0,1,139.4444006689006,False,139.4444006689006,False,,False,139.4444006689006,True,camera,vehicle,False,,False,0.0
116.99999999999763,spawned_5,20.0,1,139.4444006689006,False,139.4444006689006,False,,False,139.4444006689006,True,camera,vehicle,False,,False,0.0
117.09999999999762,spawned_5,20.0,1,139.4444006689006,False,139.4444006689006,False,,False,139.4444006689006,True,camera,vehicle,False,,False,0.0
117.19999999999762,spawned_5,20.0,1,139.44440066890058,False,139.44440066890058,False,,False,139.44440066890058,True,camera,vehicle,False,,False,0.0
117.29999999999761,spawned_5,20.0,1,139.44440066890058,False,139.44440066890058,False,,False,139.44440066890058,True,camera,vehicle,False,,False,0.0
117.3999999999976,spawned_5,20.0,1,139.44440066890058,False,139.44440066890058,False,,False,139.44440066890058,True,camera,vehicle,False,,False,0.0
117.4999999999976,spawned_5,20.0,1,139.44440066890058,False,139.44440066890058,False,,False,139.44440066890058,True,camera,vehicle,False,,False,0.0
117.59999999999759,spawned_5,20.0,1,139.44440066890058,False,139.44440066890058,False,,False,139.44440066890058,True,camera,vehicle,False,,False,0.0
117.69999999999759,spawned_5,20.0,1,139.44440066890058,False,139.44440066890058,False,,False,139.44440066890058,True,camera,vehicle,False,,False,0.0
117.79999999999758,spawned_5,20.0,1,139.44440066890058,False,139.44440066890058,False,,False,139.44440066890058,True,camera,vehicle,False,,False,0.0
117.89999999999758,spawned_5,20.0,1,139.44440066890058,False,139.44440066890058,False,,False,139.44440066890058,True,camera,vehicle,False,,False,0.0
117.99999999999757,spawned_5,20.0,1,139.44440066890058,False,139.44440066890058,False,,False,139.44440066890058,True,camera,vehicle,False,,False,0.0
118.09999999999756,spawned_5,20.0,1,139.44440066890058,False,139.44440066890058,False,,False,139.44440066890058,True,camera,vehicle,False,,False,0.0
118.19999999999756,spawned_5,20.0,1,139.44440066890058,False,139.44440066890058,False,,False,139.44440066890058,True,camera,vehicle,False,,False,0.0
118.29999999999755,spawned_5,20.0,1,139.44440066890058,False,139.44440066890058,False,,False,139.44440066890058,True,camera,vehicle,False,,False,0.0
118.39999999999755,spawned_5,20.0,1,139.44440066890058,False,139.44440066890058,False,,False,139.44440066890058,True,camera,vehicle,False,,False,0.0
118.49999999999754,spawned_5,20.0,1,139.44440066890056,False,139.44440066890056,False,,False,139.44440066890056,True,camera,vehicle,False,,False,0.0
118.59999999999754,spawned_5,20.0,1,139.44440066890056,False,139.44440066890056,False,,False,139.44440066890056,True,camera,vehicle,False,,False,0.0
118.69999999999753,spawned_5,20.0,1,139.44440066890056,False,139.44440066890056,False,,False,139.44440066890056,True,camera,vehicle,False,,False,0.0
118.79999999999752,spawned_5,20.0,1,139.44440066890056,False,139.44440066890056,False,,False,139.44440066890056,True,camera,vehicle,False,,False,0.0
118.89999999999752,spawned_5,20.0,1,139.44440066890056,False,139.44440066890056,False,,False,139.44440066890056,True,camera,vehicle,False,,False,0.0
118.99999999999751,spawned_5,20.0,1,139.44440066890056,False,139.44440066890056,False,,False,139.44440066890056,True,camera,vehicle,False,,False,0.0
119.09999999999751,spawned_5,20.0,1,139.44440066890056,False,139.44440066890056,False,,False,139.44440066890056,True,camera,vehicle,False,,False,0.0
119.1999999999975,spawned_5,20.0,1,139.44440066890056,False,139.44440066890056,False,,False,139.44440066890056,True,camera,vehicle,False,,False,0.0
119.2999999999975,spawned_5,20.0,1,139.44440066890056,False,139.44440066890056,False,,False,139.44440066890056,True,camera,vehicle,False,,False,0.0
119.39999999999749,spawned_5,20.0,1,139.44440066890056,False,139.44440066890056,False,,False,139.44440066890056,True,camera,vehicle,False,,False,0.0
119.49999999999748,spawned_5,20.0,1,139.44440066890056,False,139.44440066890056,False,,False,139.44440066890056,True,camera,vehicle,False,,False,0.0
119.59999999999748,spawned_5,20.0,1,139.44440066890053,False,139.44440066890053,False,,False,139.44440066890053,True,camera,vehicle,False,,False,0.0
119.69999999999747,spawned_5,20.0,1,139.44440066890053,False,139.44440066890053,False,,False,139.44440066890053,True,camera,vehicle,False,,False,0.0
119.79999999999747,spawned_5,20.0,1,139.44440066890053,False,139.44440066890053,False,,False,139.44440066890053,True,camera,vehicle,False,,False,0.0
119.89999999999746,spawned_5,20.0,1,139.44440066890053,False,139.44440066890053,False,,False,139.44440066890053,True,camera,vehicle,False,,False,0.0
96.09999999999881,spawned_6,20.0,1,138.55279999999584,False,138.55279999999584,False,,False,138.55279999999584,True,camera,vehicle,False,,False,0.0
96.19999999999881,spawned_6,20.0,1,138.55279999999584,False,138.55279999999584,False,,False,138.55279999999584,True,camera,vehicle,False,,False,0.0
96.2999999999988,spawned_6,20.0,1,138.55279999999584,False,138.55279999999584,False,,False,138.55279999999584,True,camera,vehicle,False,,False,0.0
96.3999999999988,spawned_6,20.0,1,138.55279999999584,False,138.55279999999584,False,,False,138.55279999999584,True,camera,vehicle,False,,False,0.0
96.49999999999879,spawned_6,20.0,1,138.55279999999584,False,138.55279999999584,False,,False,138.55279999999584,True,camera,vehicle,False,,False,0.0
96.59999999999879,spawned_6,20.0,1,138.55279999999584,False,138.55279999999584,False,,False,138.55279999999584,True,camera,vehicle,False,,False,0.0
96.69999999999878,spawned_6,20.0,1,138.55279999999584,False,138.55279999999584,False,,False,138.55279999999584,True,camera,vehicle,False,,False,0.0
96.79999999999878,spawned_6,20.0,1,138.55279999999584,False,138.55279999999584,False,,False,138.55279999999584,True,camera,vehicle,False,,False,0.0
96.89999999999877,spawned_6,20.0,1,138.55279999999584,False,138.55279999999584,False,,False,138.55279999999584,True,camera,vehicle,False,,False,0.0
96.99999999999876,spawned_6,20.0,1,138.55279999999584,False,138.55279999999584,False,,False,138.55279999999584,True,camera,vehicle,False,,False,0.0
97.09999999999876,spawned_6,20.0,1,138.55279999999584,False,138.55279999999584,False,,False,138.55279999999584,True,camera,vehicle,False,,False,0.0
97.19999999999875,spawned_6,20.0,1,138.55279999999584,False,138.55279999999584,False,,False,138.55279999999584,True,camera,vehicle,False,,False,0.0
97.29999999999875,spawned_6,20.0,1,138.55279999999584,False,138.55279999999584,False,,False,138.55279999999584,True,camera,vehicle,False,,False,0.0
97.39999999999874,spawned_6,20.0,1,138.55279999999584,False,138.55279999999584,False,,False,138.55279999999584,True,camera,vehicle,False,,False,0.0
97.49999999999874,spawned_6,20.0,1,138.55279999999584,False,138.55279999999584,False,,False,138.55279999999584,True,camera,vehicle,False,,False,0.0
97.59999999999873,spawned_6,20.0,1,138.55279999999584,False,138.55279999999584,False,,False,138.55279999999584,True,camera,vehicle,False,,False,0.0
97.69999999999872,spawned_6,20.0,1,138.55279999999584,False,138.55279999999584,False,,False,138.55279999999584,True,camera,vehicle,False,,False,0.0
97.79999999999872,spawned_6,20.0,1,138.55279999999584,False,138.55279999999584,False,,False,138.55279999999584,True,camera,vehicle,False,,False,0.0
97.89999999999871,spawned_6,20.0,1,138.55279999999584,False,138.55279999999584,False,,False,138.55279999999584,True,camera,vehicle,False,,False,0.0
97.9999999999987,spawned_6,20.0,1,138.55279999999584,False,138.55279999999584,False,,False,138.55279999999584,True,camera,vehicle,False,,False,0.0
98.0999999999987,spawned_6,20.0,1,138.55279999999584,False,138.55279999999584,False,,False,138.55279999999584,True,camera,vehicle,False,,False,0.0
98.1999999999987,spawned_6,20.0,1,138.55279999999584,False,138.55279999999584,False,,False,138.55279999999584,True,camera,vehicle,False,,False,0.0
98.29999999999869,spawned_6,20.0,1,138.55279999999584,False,138.55279999999584,False,,False,138.55279999999584,True,camera,vehicle,False,,False,0.0
98.39999999999868,spawned_6,20.0,1,138.55279999999584,False,138.55279999999584,False,,False,138.55279999999584,True,camera,vehicle,False,,False,0.0
98.49999999999868,spawned_6,20.0,1,138.55279999999584,False,138.55279999999584,False,,False,138.55279999999584,True,camera,vehicle,False,,False,0.0
98.59999999999867,spawned_6,20.0,1,138.55279999999584,False,138.55279999999584,False,,False,138.55279999999584,True,camera,vehicle,False,,False,0.0
98.69999999999867,spawned_6,20.0,1,138.55279999999584,False,138.55279999999584,False,,False,138.55279999999584,True,camera,vehicle,False,,False,0.0
98.79999999999866,spawned_6,20.0,1,138.55279999999584,False,138.55279999999584,False,,False,138.55279999999584,True,camera,vehicle,False,,False,0.0
98.89999999999866,spawned_6,20.0,1,138.55279999999584,False,138.55279999999584,False,,False,138.55279999999584,True,camera,vehicle,False,,False,0.0
98.99999999999865,spawned_6,20.0,1,138.55279999999584,False,138.55279999999584,False,,False,138.55279999999584,True,camera,vehicle,False,,False,0.0
99.09999999999864,spawned_6,20.0,1,138.55279999999584,False,138.55279999999584,False,,False,138.55279999999584,True,camera,vehicle,False,,False,0.0
99.19999999999864,spawned_6,20.0,1,138.55279999999584,False,138.55279999999584,False,,False,138.55279999999584,True,camera,vehicle,False,,False,0.0
99.29999999999863,spawned_6,20.0,1,138.55279999999584,False,138.55279999999584,False,,False,138.55279999999584,True,camera,vehicle,False,,False,0.0
99.39999999999863,spawned_6,20.0,1,138.55279999999584,False,138.55279999999584,False,,False,138.55279999999584,True,camera,vehicle,False,,False,0.0
99.49999999999862,spawned_6,20.0,1,138.55279999999584,False,138.55279999999584,False,,False,138.55279999999584,True,camera,vehicle,False,,False,0.0
99.59999999999862,spawned_6,20.0,1,138.55279999999584,False,138.55279999999584,False,,False,138.55279999999584,True,camera,vehicle,False,,False,0.0
99.69999999999861,spawned_6,20.0,1,138.55279999999584,False,138.55279999999584,False,,False,138.55279999999584,True,camera,vehicle,False,,False,0.0
99.7999999999986,spawned_6,20.0,1,138.55279999999584,False,138.55279999999584,False,,False,138.55279999999584,True,camera,vehicle,False,,False,0.0
99.8999999999986,spawned_6,20.0,1,138.55279999999584,False,138.55279999999584,False,,False,138.55279999999584,True,camera,vehicle,False,,False,0.0
99.9999999999986,spawned_6,20.0,1,138.55279999999584,False,138.55279999999584,False,,False,138.55279999999584,True,camera,vehicle,False,,False,0.0
100.09999999999859,spawned_6,20.0,1,138.55279999999584,False,138.55279999999584,False,,False,138.55279999999584,True,camera,vehicle,False,,False,0.0
100.19999999999858,spawned_6,20.0,1,138.55279999999584,False,138.55279999999584,False,,False,138.55279999999584,True,camera,vehicle,False,,False,0.0
100.29999999999858,spawned_6,20.0,1,138.55279999999584,False,138.55279999999584,False,,False,138.55279999999584,True,camera,vehicle,False,,False,0.0
100.39999999999857,spawned_6,20.0,1,138.55279999999584,False,138.55279999999584,False,,False,138.55279999999584,True,camera,vehicle,False,,False,0.0
100.49999999999856,spawned_6,20.0,1,138.55279999999584,False,138.55279999999584,False,,False,138.55279999999584,True,camera,vehicle,False,,False,0.0
100.59999999999856,spawned_6,20.0,1,138.55279999999584,False,138.55279999999584,False,,False,138.55279999999584,True,camera,vehicle,False,,False,0.0
100.69999999999855,spawned_6,20.0,1,138.55279999999584,False,138.55279999999584,False,,False,138.55279999999584,True,camera,vehicle,False,,False,0.0
100.79999999999855,spawned_6,20.0,1,138.55279999999584,False,138.55279999999584,False,,False,138.55279999999584,True,camera,vehicle,False,,False,0.0
100.89999999999854,spawned_6,20.0,1,138.55279999999584,False,138.55279999999584,False,,False,138.55279999999584,True,camera,vehicle,False,,False,0.0
100.99999999999854,spawned_6,20.0,1,138.55279999999584,False,138.55279999999584,False,,False,138.55279999999584,True,camera,vehicle,False,,False,0.0
101.09999999999853,spawned_6,20.0,1,138.55279999999584,False,138.55279999999584,False,,False,138.55279999999584,True,camera,vehicle,False,,False,0.0
101.19999999999852,spawned_6,20.0,1,138.55279999999584,False,138.55279999999584,False,,False,138.55279999999584,True,camera,vehicle,False,,False,0.0
101.29999999999852,spawned_6,20.0,1,138.55279999999584,False,138.55279999999584,False,,False,138.55279999999584,True,camera,vehicle,False,,False,0.0
101.39999999999851,spawned_6,20.0,1,138.55279999999584,False,138.55279999999584,False,,False,138.55279999999584,True,camera,vehicle,False,,False,0.0
101.49999999999851,spawned_6,20.0,1,138.55279999999584,False,138.55279999999584,False,,False,138.55279999999584,True,camera,vehicle,False,,False,0.0
101.5999999999985,spawned_6,20.0,1,138.55279999999584,False,138.55279999999584,False,,False,138.55279999999584,True,camera,vehicle,False,,False,0.0
101.6999999999985,spawned_6,20.0,1,138.55279999999584,False,138.55279999999584,False,,False,138.55279999999584,True,camera,vehicle,False,,False,0.0
101.79999999999849,spawned_6,20.0,1,138.55279999999584,False,138.55279999999584,False,,False,138.55279999999584,True,camera,vehicle,False,,False,0.0
101.89999999999849,spawned_6,20.0,1,138.55279999999584,False,138.55279999999584,False,,False,138.55279999999584,True,camera,vehicle,False,,False,0.0
101.99999999999848,spawned_6,20.0,1,138.55279999999584,False,138.55279999999584,False,,False,138.55279999999584,True,camera,vehicle,False,,False,0.0
102.09999999999847,spawned_6,20.0,1,138.55279999999584,False,138.55279999999584,False,,False,138.55279999999584,True,camera,vehicle,False,,False,0.0
102.19999999999847,spawned_6,20.0,1,138.55279999999584,False,138.55279999999584,False,,False,138.55279999999584,True,camera,vehicle,False,,False,0.0
102.29999999999846,spawned_6,20.0,1,138.55279999999584,False,138.55279999999584,False,,False,138.55279999999584,True,camera,vehicle,False,,False,0.0
102.39999999999846,spawned_6,20.0,1,138.55279999999584,False,138.55279999999584,False,,False,138.55279999999584,True,camera,vehicle,False,,False,0.0
102.49999999999845,spawned_6,20.0,1,138.55279999999584,False,138.55279999999584,False,,False,138.55279999999584,True,camera,vehicle,False,,False,0.0
102.59999999999845,spawned_6,20.0,1,138.55279999999584,False,138.55279999999584,False,,False,138.55279999999584,True,camera,vehicle,False,,False,0.0
102.69999999999844,spawned_6,20.0,1,138.55279999999584,False,138.55279999999584,False,,False,138.55279999999584,True,camera,vehicle,False,,False,0.0
102.79999999999843,spawned_6,20.0,1,138.55279999999584,False,138.55279999999584,False,,False,138.55279999999584,True,camera,vehicle,False,,False,0.0
102.89999999999843,spawned_6,20.0,1,138.55279999999584,False,138.55279999999584,False,,False,138.55279999999584,True,camera,vehicle,False,,False,0.0
102.99999999999842,spawned_6,20.0,1,138.55279999999584,False,138.55279999999584,False,,False,138.55279999999584,True,camera,vehicle,False,,False,0.0
103.09999999999842,spawned_6,20.0,1,138.55279999999584,False,138.55279999999584,False,,False,138.55279999999584,True,camera,vehicle,False,,False,0.0
103.19999999999841,spawned_6,20.0,1,138.55279999999584,False,138.55279999999584,False,,False,138.55279999999584,True,camera,vehicle,False,,False,0.0
103.2999999999984,spawned_6,20.0,1,138.55279999999584,False,138.55279999999584,False,,False,138.55279999999584,True,camera,vehicle,False,,False,0.0
103.3999999999984,spawned_6,20.0,1,138.55279999999584,False,138.55279999999584,False,,False,138.55279999999584,True,camera,vehicle,False,,False,0.0
103.4999999999984,spawned_6,20.0,1,138.55279999999584,False,138.55279999999584,False,,False,138.55279999999584,True,camera,vehicle,False,,False,0.0
103.59999999999839,spawned_6,20.0,1,138.55279999999584,False,138.55279999999584,False,,False,138.55279999999584,True,camera,vehicle,False,,False,0.0
103.69999999999838,spawned_6,20.0,1,138.55279999999584,False,138.55279999999584,False,,False,138.55279999999584,True,camera,vehicle,False,,False,0.0
103.79999999999838,spawned_6,20.0,1,138.55279999999584,False,138.55279999999584,False,,False,138.55279999999584,True,camera,vehicle,False,,False,0.0
103.89999999999837,spawned_6,20.0,1,138.55279999999584,False,138.55279999999584,False,,False,138.55279999999584,True,camera,vehicle,False,,False,0.0
103.99999999999837,spawned_6,20.0,1,138.55279999999584,False,138.55279999999584,False,,False,138.55279999999584,True,camera,vehicle,False,,False,0.0
104.09999999999836,spawned_6,20.0,1,138.55279999999584,False,138.55279999999584,False,,False,138.55279999999584,True,camera,vehicle,False,,False,0.0
104.19999999999835,spawned_6,20.0,1,138.55279999999584,False,138.55279999999584,False,,False,138.55279999999584,True,camera,vehicle,False,,False,0.0
104.29999999999835,spawned_6,20.0,1,138.55279999999584,False,138.55279999999584,False,,False,138.55279999999584,True,camera,vehicle,False,,False,0.0
104.39999999999834,spawned_6,20.0,1,138.55279999999584,False,138.55279999999584,False,,False,138.55279999999584,True,camera,vehicle,False,,False,0.0
104.49999999999834,spawned_6,20.0,1,138.55279999999584,False,138.55279999999584,False,,False,138.55279999999584,True,camera,vehicle,False,,False,0.0
104.59999999999833,spawned_6,20.0,1,138.55279999999584,False,138.55279999999584,False,,False,138.55279999999584,True,camera,vehicle,False,,False,0.0
104.69999999999833,spawned_6,20.0,1,138.55279999999584,False,138.55279999999584,False,,False,138.55279999999584,True,camera,vehicle,False,,False,0.0
104.79999999999832,spawned_6,20.0,1,138.55279999999584,False,138.55279999999584,False,,False,138.55279999999584,True,camera,vehicle,False,,False,0.0
104.89999999999831,spawned_6,20.0,1,138.55279999999584,False,138.55279999999584,False,,False,138.55279999999584,True,camera,vehicle,False,,False,0.0
104.99999999999831,spawned_6,20.0,1,138.55279999999584,False,138.55279999999584,False,,False,138.55279999999584,True,camera,vehicle,False,,False,0.0
105.0999999999983,spawned_6,20.0,1,138.55279999999584,False,138.55279999999584,False,,False,138.55279999999584,True,camera,vehicle,False,,False,0.0
105.1999999999983,spawned_6,20.0,1,138.55279999999584,False,138.55279999999584,False,,False,138.55279999999584,True,camera,vehicle,False,,False,0.0
105.29999999999829,spawned_6,20.0,1,138.55279999999584,False,138.55279999999584,False,,False,138.55279999999584,True,camera,vehicle,False,,False,0.0
105.39999999999829,spawned_6,20.0,1,138.55279999999584,False,138.55279999999584,False,,False,138.55279999999584,True,camera,vehicle,False,,False,0.0
105.49999999999828,spawned_6,20.0,1,138.55279999999584,False,138.55279999999584,False,,False,138.55279999999584,True,camera,vehicle,False,,False,0.0
105.59999999999827,spawned_6,20.0,1,138.55279999999584,False,138.55279999999584,False,,False,138.55279999999584,True,camera,vehicle,False,,False,0.0
105.69999999999827,spawned_6,20.0,1,138.55279999999584,False,138.55279999999584,False,,False,138.55279999999584,True,camera,vehicle,False,,False,0.0
105.79999999999826,spawned_6,20.0,1,138.55279999999584,False,138.55279999999584,False,,False,138.55279999999584,True,camera,vehicle,False,,False,0.0
105.89999999999826,spawned_6,20.0,1,138.55279999999584,False,138.55279999999584,False,,False,138.55279999999584,True,camera,vehicle,False,,False,0.0
105.99999999999825,spawned_6,20.0,1,138.55279999999584,False,138.55279999999584,False,,False,138.55279999999584,True,camera,vehicle,False,,False,0.0
106.09999999999825,spawned_6,20.0,1,138.55279999999584,False,138.55279999999584,False,,False,138.55279999999584,True,camera,vehicle,False,,False,0.0
106.19999999999824,spawned_6,20.0,1,138.55279999999587,False,138.55279999999587,False,,False,138.55279999999587,True,camera,vehicle,False,,False,0.0
106.29999999999824,spawned_6,20.0,1,138.5527999999959,False,138.5527999999959,False,,False,138.5527999999959,True,camera,vehicle,False,,False,0.0
106.39999999999823,spawned_6,20.0,1,138.55279999999593,False,138.55279999999593,False,,False,138.55279999999593,True,camera,vehicle,False,,False,0.0
106.49999999999822,spawned_6,20.0,1,138.55279999999595,False,138.55279999999595,False,,False,138.55279999999595,True,camera,vehicle,False,,False,0.0
106.59999999999822,spawned_6,20.0,1,138.55279999999598,False,138.55279999999598,False,,False,138.55279999999598,True,camera,vehicle,False,,False,0.0
106.69999999999821,spawned_6,20.0,1,138.552799999996,False,138.552799999996,False,,False,138.552799999996,True,camera,vehicle,False,,False,0.0
106.7999999999982,spawned_6,20.0,1,138.55279999999604,False,138.55279999999604,False,,False,138.55279999999604,True,camera,vehicle,False,,False,0.0
106.8999999999982,spawned_6,20.0,1,138.55279999999607,False,138.55279999999607,False,,False,138.55279999999607,True,camera,vehicle,False,,False,0.0
106.9999999999982,spawned_6,20.0,1,138.5527999999961,False,138.5527999999961,False,,False,138.5527999999961,True,camera,vehicle,False,,False,0.0
107.09999999999819,spawned_6,20.0,1,138.55279999999613,False,138.55279999999613,False,,False,138.55279999999613,True,camera,vehicle,False,,False,0.0
107.19999999999818,spawned_6,20.0,1,138.55279999999615,False,138.55279999999615,False,,False,138.55279999999615,True,camera,vehicle,False,,False,0.0
107.29999999999818,spawned_6,20.0,1,138.55279999999618,False,138.55279999999618,False,,False,138.55279999999618,True,camera,vehicle,False,,False,0.0
107.39999999999817,spawned_6,20.0,1,138.5527999999962,False,138.5527999999962,False,,False,138.5527999999962,True,camera,vehicle,False,,False,0.0
107.49999999999817,spawned_6,20.0,1,138.55279999999624,False,138.55279999999624,False,,False,138.55279999999624,True,camera,vehicle,False,,False,0.0
107.59999999999816,spawned_6,20.0,1,138.55279999999627,False,138.55279999999627,False,,False,138.55279999999627,True,camera,vehicle,False,,False,0.0
107.69999999999816,spawned_6,20.0,1,138.5527999999963,False,138.5527999999963,False,,False,138.5527999999963,True,camera,vehicle,False,,False,0.0
107.79999999999815,spawned_6,20.0,1,138.55279999999632,False,138.55279999999632,False,,False,138.55279999999632,True,camera,vehicle,False,,False,0.0
107.89999999999814,spawned_6,20.0,1,138.55279999999635,False,138.55279999999635,False,,False,138.55279999999635,True,camera,vehicle,False,,False,0.0
107.99999999999814,spawned_6,20.0,1,138.55279999999638,False,138.55279999999638,False,,False,138.55279999999638,True,camera,vehicle,False,,False,0.0
108.09999999999813,spawned_6,20.0,1,138.5527999999964,False,138.5527999999964,False,,False,138.5527999999964,True,camera,vehicle,False,,False,0.0
108.19999999999813,spawned_6,20.0,1,138.55279999999644,False,138.55279999999644,False,,False,138.55279999999644,True,camera,vehicle,False,,False,0.0
108.29999999999812,spawned_6,20.0,1,138.55279999999647,False,138.55279999999647,False,,False,138.55279999999647,True,camera,vehicle,False,,False,0.0
108.39999999999812,spawned_6,20.0,1,138.5527999999965,False,138.5527999999965,False,,False,138.5527999999965,True,camera,vehicle,False,,False,0.0
108.49999999999811,spawned_6,20.0,1,138.55279999999652,False,138.55279999999652,False,,False,138.55279999999652,True,camera,vehicle,False,,False,0.0
108.5999999999981,spawned_6,20.0,1,138.55279999999655,False,138.55279999999655,False,,False,138.55279999999655,True,camera,vehicle,False,,False,0.0
108.6999999999981,spawned_6,20.0,1,138.55279999999658,False,138.55279999999658,False,,False,138.55279999999658,True,camera,vehicle,False,,False,0.0
108.7999999999981,spawned_6,20.0,1,138.5527999999966,False,138.5527999999966,False,,False,138.5527999999966,True,camera,vehicle,False,,False,0.0
108.89999999999809,spawned_6,20.0,1,138.55279999999664,False,138.55279999999664,False,,False,138.55279999999664,True,camera,vehicle,False,,False,0.0
108.99999999999808,spawned_6,20.0,1,138.55279999999667,False,138.55279999999667,False,,False,138.55279999999667,True,camera,vehicle,False,,False,0.0
109.09999999999808,spawned_6,20.0,1,138.5527999999967,False,138.5527999999967,False,,False,138.5527999999967,True,camera,vehicle,False,,False,0.0
109.19999999999807,spawned_6,20.0,1,138.55279999999672,False,138.55279999999672,False,,False,138.55279999999672,True,camera,vehicle,False,,False,0.0
109.29999999999806,spawned_6,20.0,1,138.55279999999675,False,138.55279999999675,False,,False,138.55279999999675,True,camera,vehicle,False,,False,0.0
109.39999999999806,spawned_6,20.0,1,138.55279999999678,False,138.55279999999678,False,,False,138.55279999999678,True,camera,vehicle,False,,False,0.0
109.49999999999805,spawned_6,20.0,1,138.5527999999968,False,138.5527999999968,False,,False,138.5527999999968,True,camera,vehicle,False,,False,0.0
109.59999999999805,spawned_6,20.0,1,138.55279999999684,False,138.55279999999684,False,,False,138.55279999999684,True,camera,vehicle,False,,False,0.0
109.69999999999804,spawned_6,20.0,1,138.55279999999686,False,138.55279999999686,False,,False,138.55279999999686,True,camera,vehicle,False,,False,0.0
109.79999999999804,spawned_6,20.0,1,138.5527999999969,False,138.5527999999969,False,,False,138.5527999999969,True,camera,vehicle,False,,False,0.0
109.89999999999803,spawned_6,20.0,1,138.55279999999692,False,138.55279999999692,False,,False,138.55279999999692,True,camera,vehicle,False,,False,0.0
109.99999999999802,spawned_6,20.0,1,138.55279999999695,False,138.55279999999695,False,,False,138.55279999999695,True,camera,vehicle,False,,False,0.0
110.09999999999802,spawned_6,20.0,1,138.55279999999698,False,138.55279999999698,False,,False,138.55279999999698,True,camera,vehicle,False,,False,0.0
110.19999999999801,spawned_6,20.0,1,138.552799999997,False,138.552799999997,False,,False,138.552799999997,True,camera,vehicle,False,,False,0.0
110.29999999999801,spawned_6,20.0,1,138.55279999999703,False,138.55279999999703,False,,False,138.55279999999703,True,camera,vehicle,False,,False,0.0
110.399999999998,spawned_6,20.0,1,138.55279999999706,False,138.55279999999706,False,,False,138.55279999999706,True,camera,vehicle,False,,False,0.0
110.499999999998,spawned_6,20.0,1,138.5527999999971,False,138.5527999999971,False,,False,138.5527999999971,True,camera,vehicle,False,,False,0.0
110.59999999999799,spawned_6,20.0,1,138.55279999999712,False,138.55279999999712,False,,False,138.55279999999712,True,camera,vehicle,False,,False,0.0
110.69999999999798,spawned_6,20.0,1,138.55279999999715,False,138.55279999999715,False,,False,138.55279999999715,True,camera,vehicle,False,,False,0.0
110.79999999999798,spawned_6,20.0,1,138.55279999999718,False,138.55279999999718,False,,False,138.55279999999718,True,camera,vehicle,False,,False,0.0
110.89999999999797,spawned_6,20.0,1,138.5527999999972,False,138.5527999999972,False,,False,138.5527999999972,True,camera,vehicle,False,,False,0.0
110.99999999999797,spawned_6,20.0,1,138.55279999999723,False,138.55279999999723,False,,False,138.55279999999723,True,camera,vehicle,False,,False,0.0
111.09999999999796,spawned_6,20.0,1,138.55279999999726,False,138.55279999999726,False,,False,138.55279999999726,True,camera,vehicle,False,,False,0.0
111.19999999999796,spawned_6,20.0,1,138.5527999999973,False,138.5527999999973,False,,False,138.5527999999973,True,camera,vehicle,False,,False,0.0
111.29999999999795,spawned_6,20.0,1,138.55279999999732,False,138.55279999999732,False,,False,138.55279999999732,True,camera,vehicle,False,,False,0.0
111.39999999999795,spawned_6,20.0,1,138.55279999999735,False,138.55279999999735,False,,False,138.55279999999735,True,camera,vehicle,False,,False,0.0
111.49999999999794,spawned_6,20.0,1,138.55279999999738,False,138.55279999999738,False,,False,138.55279999999738,True,camera,vehicle,False,,False,0.0
111.59999999999793,spawned_6,20.0,1,138.5527999999974,False,138.5527999999974,False,,False,138.5527999999974,True,camera,vehicle,False,,False,0.0
111.69999999999793,spawned_6,20.0,1,138.55279999999743,False,138.55279999999743,False,,False,138.55279999999743,True,camera,vehicle,False,,False,0.0
111.79999999999792,spawned_6,20.0,1,138.55279999999746,False,138.55279999999746,False,,False,138.55279999999746,True,camera,vehicle,False,,False,0.0
111.89999999999792,spawned_6,20.0,1,138.5527999999975,False,138.5527999999975,False,,False,138.5527999999975,True,camera,vehicle,False,,False,0.0
111.99999999999791,spawned_6,20.0,1,138.55279999999752,False,138.55279999999752,False,,False,138.55279999999752,True,camera,vehicle,False,,False,0.0
112.0999999999979,spawned_6,20.0,1,138.55279999999755,False,138.55279999999755,False,,False,138.55279999999755,True,camera,vehicle,False,,False,0.0
112.1999999999979,spawned_6,20.0,1,138.55279999999757,False,138.55279999999757,False,,False,138.55279999999757,True,camera,vehicle,False,,False,0.0
112.2999999999979,spawned_6,20.0,1,138.5527999999976,False,138.5527999999976,False,,False,138.5527999999976,True,camera,vehicle,False,,False,0.0
112.39999999999789,spawned_6,20.0,1,138.55279999999763,False,138.55279999999763,False,,False,138.55279999999763,True,camera,vehicle,False,,False,0.0
112.49999999999788,spawned_6,20.0,1,138.55279999999766,False,138.55279999999766,False,,False,138.55279999999766,True,camera,vehicle,False,,False,0.0
112.59999999999788,spawned_6,20.0,1,138.5527999999977,False,138.5527999999977,False,,False,138.5527999999977,True,camera,vehicle,False,,False,0.0
112.69999999999787,spawned_6,20.0,1,138.55279999999772,False,138.55279999999772,False,,False,138.55279999999772,True,camera,vehicle,False,,False,0.0
112.79999999999787,spawned_6,20.0,1,138.55279999999775,False,138.55279999999775,False,,False,138.55279999999775,True,camera,vehicle,False,,False,0.0
112.89999999999786,spawned_6,20.0,1,138.55279999999777,False,138.55279999999777,False,,False,138.55279999999777,True,camera,vehicle,False,,False,0.0
112.99999999999785,spawned_6,20.0,1,138.5527999999978,False,138.5527999999978,False,,False,138.5527999999978,True,camera,vehicle,False,,False,0.0
113.09999999999785,spawned_6,20.0,1,138.55279999999783,False,138.55279999999783,False,,False,138.55279999999783,True,camera,vehicle,False,,False,0.0
113.19999999999784,spawned_6,20.0,1,138.55279999999786,False,138.55279999999786,False,,False,138.55279999999786,True,camera,vehicle,False,,False,0.0
113.29999999999784,spawned_6,20.0,1,138.5527999999979,False,138.5527999999979,False,,False,138.5527999999979,True,camera,vehicle,False,,False,0.0
113.39999999999783,spawned_6,20.0,1,138.55279999999792,False,138.55279999999792,False,,False,138.55279999999792,True,camera,vehicle,False,,False,0.0
113.49999999999783,spawned_6,20.0,1,138.55279999999794,False,138.55279999999794,False,,False,138.55279999999794,True,camera,vehicle,False,,False,0.0
113.59999999999782,spawned_6,20.0,1,138.55279999999797,False,138.55279999999797,False,,False,138.55279999999797,True,camera,vehicle,False,,False,0.0
113.69999999999781,spawned_6,20.0,1,138.552799999998,False,138.552799999998,False,,False,138.552799999998,True,camera,vehicle,False,,False,0.0
113.79999999999781,spawned_6,20.0,1,138.55279999999803,False,138.55279999999803,False,,False,138.55279999999803,True,camera,vehicle,False,,False,0.0
113.8999999999978,spawned_6,20.0,1,138.55279999999806,False,138.55279999999806,False,,False,138.55279999999806,True,camera,vehicle,False,,False,0.0
113.9999999999978,spawned_6,20.0,1,138.5527999999981,False,138.5527999999981,False,,False,138.5527999999981,True,camera,vehicle,False,,False,0.0
114.09999999999779,spawned_6,20.0,1,138.55279999999811,False,138.55279999999811,False,,False,138.55279999999811,True,camera,vehicle,False,,False,0.0
114.19999999999779,spawned_6,20.0,1,138.55279999999814,False,138.55279999999814,False,,False,138.55279999999814,True,camera,vehicle,False,,False,0.0
114.29999999999778,spawned_6,20.0,1,138.55279999999817,False,138.55279999999817,False,,False,138.55279999999817,True,camera,vehicle,False,,False,0.0
114.39999999999777,spawned_6,20.0,1,138.5527999999982,False,138.5527999999982,False,,False,138.5527999999982,True,camera,vehicle,False,,False,0.0
114.49999999999777,spawned_6,20.0,1,138.55279999999823,False,138.55279999999823,False,,False,138.55279999999823,True,camera,vehicle,False,,False,0.0
114.59999999999776,spawned_6,20.0,1,138.55279999999826,False,138.55279999999826,False,,False,138.55279999999826,True,camera,vehicle,False,,False,0.0
114.69999999999776,spawned_6,20.0,1,138.55279999999829,False,138.55279999999829,False,,False,138.55279999999829,True,camera,vehicle,False,,False,0.0
114.79999999999775,spawned_6,20.0,1,138.5527999999983,False,138.5527999999983,False,,False,138.5527999999983,True,camera,vehicle,False,,False,0.0
114.89999999999775,spawned_6,20.0,1,138.55279999999834,False,138.55279999999834,False,,False,138.55279999999834,True,camera,vehicle,False,,False,0.0
114.99999999999774,spawned_6,20.0,1,138.55279999999837,False,138.55279999999837,False,,False,138.55279999999837,True,camera,vehicle,False,,False,0.0
115.09999999999773,spawned_6,20.0,1,138.5527999999984,False,138.5527999999984,False,,False,138.5527999999984,True,camera,vehicle,False,,False,0.0
115.19999999999773,spawned_6,20.0,1,138.55279999999843,False,138.55279999999843,False,,False,138.55279999999843,True,camera,vehicle,False,,False,0.0
115.29999999999772,spawned_6,20.0,1,138.55279999999846,False,138.55279999999846,False,,False,138.55279999999846,True,camera,vehicle,False,,False,0.0
115.39999999999772,spawned_6,20.0,1,138.55279999999848,False,138.55279999999848,False,,False,138.55279999999848,True,camera,vehicle,False,,False,0.0
115.49999999999771,spawned_6,20.0,1,138.5527999999985,False,138.5527999999985,False,,False,138.5527999999985,True,camera,vehicle,False,,False,0.0
115.5999999999977,spawned_6,20.0,1,138.55279999999854,False,138.55279999999854,False,,False,138.55279999999854,True,camera,vehicle,False,,False,0.0
115.6999999999977,spawned_6,20.0,1,138.55279999999857,False,138.55279999999857,False,,False,138.55279999999857,True,camera,vehicle,False,,False,0.0
115.7999999999977,spawned_6,20.0,1,138.5527999999986,False,138.5527999999986,False,,False,138.5527999999986,True,camera,vehicle,False,,False,0.0
115.89999999999769,spawned_6,20.0,1,138.55279999999863,False,138.55279999999863,False,,False,138.55279999999863,True,camera,vehicle,False,,False,0.0
115.99999999999768,spawned_6,20.0,1,138.55279999999865,False,138.55279999999865,False,,False,138.55279999999865,True,camera,vehicle,False,,False,0.0
116.09999999999768,spawned_6,20.0,1,138.55279999999868,False,138.55279999999868,False,,False,138.55279999999868,True,camera,vehicle,False,,False,0.0
116.19999999999767,spawned_6,20.0,1,138.5527999999987,False,138.5527999999987,False,,False,138.5527999999987,True,camera,vehicle,False,,False,0.0
116.29999999999767,spawned_6,20.0,1,138.55279999999874,False,138.55279999999874,False,,False,138.55279999999874,True,camera,vehicle,False,,False,0.0
116.39999999999766,spawned_6,20.0,1,138.55279999999877,False,138.55279999999877,False,,False,138.55279999999877,True,camera,vehicle,False,,False,0.0
116.49999999999766,spawned_6,20.0,1,138.5527999999988,False,138.5527999999988,False,,False,138.5527999999988,True,camera,vehicle,False,,False,0.0
116.59999999999765,spawned_6,20.0,1,138.55279999999883,False,138.55279999999883,False,,False,138.55279999999883,True,camera,vehicle,False,,False,0.0
116.69999999999764,spawned_6,20.0,1,138.55279999999885,False,138.55279999999885,False,,False,138.55279999999885,True,camera,vehicle,False,,False,0.0
116.79999999999764,spawned_6,20.0,1,138.55279999999888,False,138.55279999999888,False,,False,138.55279999999888,True,camera,vehicle,False,,False,0.0
116.89999999999763,spawned_6,20.0,1,138.5527999999989,False,138.5527999999989,False,,False,138.5527999999989,True,camera,vehicle,False,,False,0.0
116.99999999999763,spawned_6,20.0,1,138.55279999999894,False,138.55279999999894,False,,False,138.55279999999894,True,camera,vehicle,False,,False,0.0
117.09999999999762,spawned_6,20.0,1,138.55279999999897,False,138.55279999999897,False,,False,138.55279999999897,True,camera,vehicle,False,,False,0.0
117.19999999999762,spawned_6,20.0,1,138.552799999999,False,138.552799999999,False,,False,138.552799999999,True,camera,vehicle,False,,False,0.0
117.29999999999761,spawned_6,20.0,1,138.55279999999902,False,138.55279999999902,False,,False,138.55279999999902,True,camera,vehicle,False,,False,0.0
117.3999999999976,spawned_6,20.0,1,138.55279999999905,False,138.55279999999905,False,,False,138.55279999999905,True,camera,vehicle,False,,False,0.0
117.4999999999976,spawned_6,20.0,1,138.55279999999908,False,138.55279999999908,False,,False,138.55279999999908,True,camera,vehicle,False,,False,0.0
117.59999999999759,spawned_6,20.0,1,138.5527999999991,False,138.5527999999991,False,,False,138.5527999999991,True,camera,vehicle,False,,False,0.0
117.69999999999759,spawned_6,20.0,1,138.55279999999914,False,138.55279999999914,False,,False,138.55279999999914,True,camera,vehicle,False,,False,0.0
117.79999999999758,spawned_6,20.0,1,138.55279999999917,False,138.55279999999917,False,,False,138.55279999999917,True,camera,vehicle,False,,False,0.0
117.89999999999758,spawned_6,20.0,1,138.5527999999992,False,138.5527999999992,False,,False,138.5527999999992,True,camera,vehicle,False,,False,0.0
117.99999999999757,spawned_6,20.0,1,138.55279999999922,False,138.55279999999922,False,,False,138.55279999999922,True,camera,vehicle,False,,False,0.0
118.09999999999756,spawned_6,20.0,1,138.55279999999925,False,138.55279999999925,False,,False,138.55279999999925,True,camera,vehicle,False,,False,0.0
118.19999999999756,spawned_6,20.0,1,138.55279999999928,False,138.55279999999928,False,,False,138.55279999999928,True,camera,vehicle,False,,False,0.0
118.29999999999755,spawned_6,20.0,1,138.5527999999993,False,138.5527999999993,False,,False,138.5527999999993,True,camera,vehicle,False,,False,0.0
118.39999999999755,spawned_6,20.0,1,138.55279999999934,False,138.55279999999934,False,,False,138.55279999999934,True,camera,vehicle,False,,False,0.0
118.49999999999754,spawned_6,20.0,1,138.55279999999937,False,138.55279999999937,False,,False,138.55279999999937,True,camera,vehicle,False,,False,0.0
118.59999999999754,spawned_6,20.0,1,138.5527999999994,False,138.5527999999994,False,,False,138.5527999999994,True,camera,vehicle,False,,False,0.0
118.69999999999753,spawned_6,20.0,1,138.55279999999942,False,138.55279999999942,False,,False,138.55279999999942,True,camera,vehicle,False,,False,0.0
118.79999999999752,spawned_6,20.0,1,138.55279999999945,False,138.55279999999945,False,,False,138.55279999999945,True,camera,vehicle,False,,False,0.0
118.89999999999752,spawned_6,20.0,1,138.55279999999948,False,138.55279999999948,False,,False,138.55279999999948,True,camera,vehicle,False,,False,0.0
118.99999999999751,spawned_6,20.0,1,138.5527999999995,False,138.5527999999995,False,,False,138.5527999999995,True,camera,vehicle,False,,False,0.0
119.09999999999751,spawned_6,20.0,1,138.55279999999954,False,138.55279999999954,False,,False,138.55279999999954,True,camera,vehicle,False,,False,0.0
119.1999999999975,spawned_6,20.0,1,138.55279999999956,False,138.55279999999956,False,,False,138.55279999999956,True,camera,vehicle,False,,False,0.0
119.2999999999975,spawned_6,20.0,1,138.5527999999996,False,138.5527999999996,False,,False,138.5527999999996,True,camera,vehicle,False,,False,0.0
119.39999999999749,spawned_6,20.0,1,138.55279999999962,False,138.55279999999962,False,,False,138.55279999999962,True,camera,vehicle,False,,False,0.0
119.49999999999748,spawned_6,20.0,1,138.55279999999965,False,138.55279999999965,False,,False,138.55279999999965,True,camera,vehicle,False,,False,0.0
119.59999999999748,spawned_6,20.0,1,138.55279999999968,False,138.55279999999968,False,,False,138.55279999999968,True,camera,vehicle,False,,False,0.0
119.69999999999747,spawned_6,20.0,1,138.5527999999997,False,138.5527999999997,False,,False,138.5527999999997,True,camera,vehicle,False,,False,0.0
119.79999999999747,spawned_6,20.0,1,138.55279999999973,False,138.55279999999973,False,,False,138.55279999999973,True,camera,vehicle,False,,False,0.0
119.89999999999746,spawned_6,20.0,1,138.55279999999976,False,138.55279999999976,False,,False,138.55279999999976,True,camera,vehicle,False,,False,0.0
112.0999999999979,spawned_7,20.0,0,,False,,False,,False,,False,none,,False,,False,0.0
112.1999999999979,spawned_7,20.0,0,,False,,False,,False,,False,none,,False,,False,0.0
112.2999999999979,spawned_7,20.0,0,,False,,False,,False,,False,none,,False,,False,0.0
112.39999999999789,spawned_7,20.0,0,,False,,False,,False,,False,none,,False,,False,0.0
112.49999999999788,spawned_7,20.0,0,,False,,False,,False,,False,none,,False,,False,0.0
112.59999999999788,spawned_7,20.0,0,,False,,False,,False,,False,none,,False,,False,0.0
112.69999999999787,spawned_7,20.0,0,,False,,False,,False,,False,none,,False,,False,0.0
112.79999999999787,spawned_7,20.0,0,,False,,False,,False,,False,none,,False,,False,0.0
112.89999999999786,spawned_7,20.0,0,,False,,False,,False,,False,none,,False,,False,0.0
112.99999999999785,spawned_7,20.0,0,,False,,False,,False,,False,none,,False,,False,0.0
113.09999999999785,spawned_7,20.0,0,,False,,False,,False,,False,none,,False,,False,0.0
113.19999999999784,spawned_7,20.0,0,,False,,False,,False,,False,none,,False,,False,0.0
113.29999999999784,spawned_7,20.0,0,,False,,False,,False,,False,none,,False,,False,0.0
113.39999999999783,spawned_7,20.0,0,,False,,False,,False,,False,none,,False,,False,0.0
113.49999999999783,spawned_7,20.0,0,,False,,False,,False,,False,none,,False,,False,0.0
113.59999999999782,spawned_7,20.0,0,,False,,False,,False,,False,none,,False,,False,0.0
113.69999999999781,spawned_7,20.0,0,,False,,False,,False,,False,none,,False,,False,0.0
113.79999999999781,spawned_7,20.0,0,,False,,False,,False,,False,none,,False,,False,0.0
113.8999999999978,spawned_7,20.0,0,,False,,False,,False,,False,none,,False,,False,0.0
113.9999999999978,spawned_7,20.0,0,,False,,False,,False,,False,none,,False,,False,0.0
114.09999999999779,spawned_7,20.0,0,,False,,False,,False,,False,none,,False,,False,0.0
114.19999999999779,spawned_7,20.0,0,,False,,False,,False,,False,none,,False,,False,0.0
114.29999999999778,spawned_7,20.0,0,,False,,False,,False,,False,none,,False,,False,0.0
114.39999999999777,spawned_7,20.0,0,,False,,False,,False,,False,none,,False,,False,0.0
114.49999999999777,spawned_7,20.0,0,,False,,False,,False,,False,none,,False,,False,0.0
114.59999999999776,spawned_7,20.0,0,,False,,False,,False,,False,none,,False,,False,0.0
114.69999999999776,spawned_7,20.0,0,,False,,False,,False,,False,none,,False,,False,0.0
114.79999999999775,spawned_7,20.0,0,,False,,False,,False,,False,none,,False,,False,0.0
114.89999999999775,spawned_7,20.0,0,,False,,False,,False,,False,none,,False,,False,0.0
114.99999999999774,spawned_7,20.0,0,,False,,False,,False,,False,none,,False,,False,0.0
115.09999999999773,spawned_7,20.0,0,,False,,False,,False,,False,none,,False,,False,0.0
115.19999999999773,spawned_7,20.0,0,,False,,False,,False,,False,none,,False,,False,0.0
115.29999999999772,spawned_7,20.0,0,,False,,False,,False,,False,none,,False,,False,0.0
115.39999999999772,spawned_7,20.0,0,,False,,False,,False,,False,none,,False,,False,0.0
115.49999999999771,spawned_7,20.0,0,,False,,False,,False,,False,none,,False,,False,0.0
115.5999999999977,spawned_7,20.0,0,,False,,False,,False,,False,none,,False,,False,0.0
115.6999999999977,spawned_7,20.0,0,,False,,False,,False,,False,none,,False,,False,0.0
115.7999999999977,spawned_7,20.0,0,,False,,False,,False,,False,none,,False,,False,0.0
115.89999999999769,spawned_7,20.0,0,,False,,False,,False,,False,none,,False,,False,0.0
115.99999999999768,spawned_7,20.0,0,,False,,False,,False,,False,none,,False,,False,0.0
116.09999999999768,spawned_7,20.0,0,,False,,False,,False,,False,none,,False,,False,0.0
116.19999999999767,spawned_7,20.0,0,,False,,False,,False,,False,none,,False,,False,0.0
116.29999999999767,spawned_7,20.0,0,,False,,False,,False,,False,none,,False,,False,0.0
116.39999999999766,spawned_7,20.0,0,,False,,False,,False,,False,none,,False,,False,0.0
116.49999999999766,spawned_7,20.0,0,,False,,False,,False,,False,none,,False,,False,0.0
116.59999999999765,spawned_7,20.0,0,,False,,False,,False,,False,none,,False,,False,0.0
116.69999999999764,spawned_7,20.0,0,,False,,False,,False,,False,none,,False,,False,0.0
116.79999999999764,spawned_7,20.0,0,,False,,False,,False,,False,none,,False,,False,0.0
116.89999999999763,spawned_7,20.0,0,,False,,False,,False,,False,none,,False,,False,0.0
116.99999999999763,spawned_7,20.0,0,,False,,False,,False,,False,none,,False,,False,0.0
117.09999999999762,spawned_7,20.0,0,,False,,False,,False,,False,none,,False,,False,0.0
117.19999999999762,spawned_7,20.0,0,,False,,False,,False,,False,none,,False,,False,0.0
117.29999999999761,spawned_7,20.0,0,,False,,False,,False,,False,none,,False,,False,0.0
117.3999999999976,spawned_7,20.0,0,,False,,False,,False,,False,none,,False,,False,0.0
117.4999999999976,spawned_7,20.0,0,,False,,False,,False,,False,none,,False,,False,0.0
117.59999999999759,spawned_7,20.0,0,,False,,False,,False,,False,none,,False,,False,0.0
117.69999999999759,spawned_7,20.0,0,,False,,False,,False,,False,none,,False,,False,0.0
117.79999999999758,spawned_7,20.0,0,,False,,False,,False,,False,none,,False,,False,0.0
117.89999999999758,spawned_7,20.0,0,,False,,False,,False,,False,none,,False,,False,0.0
117.99999999999757,spawned_7,20.0,0,,False,,False,,False,,False,none,,False,,False,0.0
118.09999999999756,spawned_7,20.0,0,,False,,False,,False,,False,none,,False,,False,0.0
118.19999999999756,spawned_7,20.0,0,,False,,False,,False,,False,none,,False,,False,0.0
118.29999999999755,spawned_7,20.0,0,,False,,False,,False,,False,none,,False,,False,0.0
118.39999999999755,spawned_7,20.0,0,,False,,False,,False,,False,none,,False,,False,0.0
118.49999999999754,spawned_7,20.0,0,,False,,False,,False,,False,none,,False,,False,0.0
118.59999999999754,spawned_7,20.0,0,,False,,False,,False,,False,none,,False,,False,0.0
118.69999999999753,spawned_7,20.0,0,,False,,False,,False,,False,none,,False,,False,0.0
118.79999999999752,spawned_7,20.0,0,,False,,False,,False,,False,none,,False,,False,0.0
118.89999999999752,spawned_7,20.0,0,,False,,False,,False,,False,none,,False,,False,0.0
118.99999999999751,spawned_7,20.0,0,,False,,False,,False,,False,none,,False,,False,0.0
119.09999999999751,spawned_7,20.0,0,,False,,False,,False,,False,none,,False,,False,0.0
119.1999999999975,spawned_7,20.0,0,,False,,False,,False,,False,none,,False,,False,0.0
119.2999999999975,spawned_7,20.0,0,,False,,False,,False,,False,none,,False,,False,0.0
119.39999999999749,spawned_7,20.0,0,,False,,False,,False,,False,none,,False,,False,0.0
119.49999999999748,spawned_7,20.0,0,,False,,False,,False,,False,none,,False,,False,0.0
119.59999999999748,spawned_7,20.0,0,,False,,False,,False,,False,none,,False,,False,0.0
119.69999999999747,spawned_7,20.0,0,,False,,False,,False,,False,none,,False,,False,0.0
119.79999999999747,spawned_7,20.0,0,,False,,False,,False,,False,none,,False,,False,0.0
119.89999999999746,spawned_7,20.0,0,,False,,False,,False,,False,none,,False,,False,0.0
