time,vehicle_id,speed_mph,lane,radar_dist,radar_attacked,camera_dist,camera_attacked,lidar_dist,lidar_attacked,belief_dist,obstacle_present,belief_source,reacting_to,collision,severity,roundabout_confused,roundabout_excursion_remaining
0.0,solo,30.0,0,,False,,False,,False,,False,none,,False,,False,0.0
0.1,solo,30.0,0,,False,,False,,False,,False,none,,False,,False,0.0
0.2,solo,30.0,0,,False,,False,,False,,False,none,,False,,False,0.0
0.30000000000000004,solo,30.0,0,,False,,False,,False,,False,none,,False,,False,0.0
0.4,solo,30.0,0,,False,,False,,False,,False,none,,False,,False,0.0
0.5,solo,30.0,0,,False,,False,,False,,False,none,,False,,False,0.0
0.6,solo,30.0,0,,False,,False,,False,,False,none,,False,,False,0.0
0.7,solo,30.0,0,,False,,False,,False,,False,none,,False,,False,0.0
0.7999999999999999,solo,30.0,0,,False,,False,,False,,False,none,,False,,False,0.0
0.8999999999999999,solo,30.0,0,,False,,False,,False,,False,none,,False,,False,0.0
0.9999999999999999,solo,30.0,0,,False,,False,,False,,False,none,,False,,False,0.0
1.0999999999999999,solo,30.0,0,,False,,False,,False,,False,none,,False,,False,0.0
1.2,solo,30.0,0,,False,,False,,False,,False,none,,False,,False,0.0
1.3,solo,30.0,0,,False,,False,,False,,False,none,,False,,False,0.0
1.4000000000000001,solo,30.0,0,,False,,False,,False,,False,none,,False,,False,0.0
1.5000000000000002,solo,30.0,0,,False,,False,,False,,False,none,,False,,False,0.0
1.6000000000000003,solo,30.0,0,,False,,False,,False,,False,none,,False,,False,0.0
1.7000000000000004,solo,30.0,0,,False,,False,,False,,False,none,,False,,False,0.0
1.8000000000000005,solo,30.0,0,,False,,False,,False,,False,none,,False,,False,0.0
1.9000000000000006,solo,30.0,0,,False,,False,,False,,False,none,,False,,False,0.0
2.0000000000000004,solo,30.0,0,,False,,False,,False,,False,none,,False,,False,0.0
2.1000000000000005,solo,30.0,0,,False,,False,,False,,False,none,,False,,False,0.0
2.2000000000000006,solo,30.0,0,,False,,False,,False,,False,none,,False,,False,0.0
2.3000000000000007,solo,30.0,0,,False,,False,,False,,False,none,,False,,False,0.0
2.400000000000001,solo,30.0,0,,False,,False,,False,,False,none,,False,,False,0.0
2.500000000000001,solo,30.0,0,,False,,False,,False,,False,none,,False,,False,0.0
2.600000000000001,solo,30.0,0,,False,,False,,False,,False,none,,False,,False,0.0
2.700000000000001,solo,30.0,0,,False,,False,,False,,False,none,,False,,False,0.0
2.800000000000001,solo,30.0,0,,False,,False,,False,,False,none,,False,,False,0.0
2.9000000000000012,solo,30.0,0,,False,,False,,False,,False,none,,False,,False,0.0
3.0000000000000013,solo,30.0,0,,False,,False,,False,,False,none,,False,,False,0.0
3.1000000000000014,solo,30.0,0,,False,,False,,False,,False,none,,False,,False,0.0
3.2000000000000015,solo,30.0,0,,False,,False,,False,,False,none,,False,,False,0.0
3.3000000000000016,solo,30.0,0,,False,,False,,False,,False,none,,False,,False,0.0
3.4000000000000017,solo,30.0,0,,False,,False,,False,,False,none,,False,,False,0.0
3.5000000000000018,solo,30.0,0,,False,,False,,False,,False,none,,False,,False,0.0
3.600000000000002,solo,30.0,0,,False,,False,,False,,False,none,,False,,False,0.0
3.700000000000002,solo,30.0,0,,False,,False,,False,,False,none,,False,,False,0.0
3.800000000000002,solo,30.0,0,,False,,False,,False,,False,none,,False,,False,0.0
3.900000000000002,solo,30.0,0,,False,,False,,False,,False,none,,False,,False,0.0
4.000000000000002,solo,30.0,0,,False,,False,,False,,False,none,,False,,False,0.0
4.100000000000001,solo,30.0,0,,False,,False,,False,,False,none,,False,,False,0.0
4.200000000000001,solo,30.0,0,,False,,False,,False,,False,none,,False,,False,0.0
4.300000000000001,solo,30.0,0,,False,,False,,False,,False,none,,False,,False,0.0
4.4,solo,30.0,0,,False,,False,,False,,False,none,,False,,False,0.0
4.5,solo,30.0,0,,False,,False,,False,,False,none,,False,,False,0.0
4.6,solo,30.0,0,,False,,False,,False,,False,none,,False,,False,0.0
4.699999999999999,solo,30.0,0,,False,,False,,False,,False,none,,False,,False,0.0
4.799999999999999,solo,30.0,0,,False,,False,,False,,False,none,,False,,False,0.0
4.899999999999999,solo,30.0,0,,False,,False,,False,,False,none,,False,,False,0.0
4.999999999999998,solo,30.0,0,,False,,False,,False,,False,none,,False,,False,0.0
5.099999999999998,solo,30.0,0,,False,,False,,False,,False,none,,False,,False,0.0
5.1999999999999975,solo,30.0,0,,False,,False,,False,,False,none,,False,,False,0.0
5.299999999999997,solo,30.0,0,,False,,False,,False,,False,none,,False,,False,0.0
5.399999999999997,solo,30.0,0,,False,,False,,False,,False,none,,False,,False,0.0
5.4999999999999964,solo,30.0,0,,False,,False,,False,,False,none,,False,,False,0.0
5.599999999999996,solo,30.0,0,,False,,False,,False,,False,none,,False,,False,0.0
5.699999999999996,solo,30.0,0,,False,,False,,False,,False,none,,False,,False,0.0
5.799999999999995,solo,30.0,0,,False,,False,,False,,False,none,,False,,False,0.0
5.899999999999995,solo,30.0,0,,False,,False,,False,,False,none,,False,,False,0.0
5.999999999999995,solo,30.0,0,,False,,False,,False,,False,none,,False,,False,0.0
6.099999999999994,solo,30.0,0,,False,,False,,False,,False,none,,False,,False,0.0
6.199999999999994,solo,30.0,0,,False,,False,,False,,False,none,,False,,False,0.0
6.299999999999994,solo,30.0,0,,False,,False,,False,,False,none,,False,,False,0.0
6.399999999999993,solo,30.0,0,,False,,False,,False,,False,none,,False,,False,0.0
6.499999999999993,solo,30.0,0,,False,,False,,False,,False,none,,False,,False,0.0
6.5999999999999925,solo,30.0,0,,False,,False,,False,,False,none,,False,,False,0.0
6.699999999999992,solo,30.0,0,,False,,False,,False,,False,none,,False,,False,0.0
6.799999999999992,solo,30.0,0,,False,,False,,False,,False,none,,False,,False,0.0
6.8999999999999915,solo,30.0,0,,False,,False,,False,,False,none,,False,,False,0.0
6.999999999999991,solo,30.0,0,,False,,False,,False,,False,none,,False,,False,0.0
7.099999999999991,solo,30.0,0,,False,,False,,False,,False,none,,False,,False,0.0
7.19999999999999,solo,30.0,0,,False,,False,,False,,False,none,,False,,False,0.0
7.29999999999999,solo,30.0,0,,False,,False,,False,,False,none,,False,,False,0.0
7.39999999999999,solo,30.0,0,,False,,False,,False,,False,none,,False,,False,0.0
7.499999999999989,solo,30.0,0,,False,,False,,False,,False,none,,False,,False,0.0
7.599999999999989,solo,30.0,0,,False,,False,,False,,False,none,,False,,False,0.0
7.699999999999989,solo,30.0,0,,False,,False,,False,,False,none,,False,,False,0.0
7.799999999999988,solo,30.0,0,,False,,False,,False,,False,none,,False,,False,0.0
7.899999999999988,solo,30.0,0,,False,,False,,False,,False,none,,False,,False,0.0
7.999999999999988,solo,30.0,0,,False,,False,,False,,False,none,,False,,False,0.0
8.099999999999987,solo,30.0,0,,False,,False,,False,,False,none,,False,,False,0.0
8.199999999999987,solo,30.0,0,,False,,False,,False,,False,none,,False,,False,0.0
8.299999999999986,solo,30.0,0,,False,,False,,False,,False,none,,False,,False,0.0
8.399999999999986,solo,30.0,0,,False,,False,,False,,False,none,,False,,False,0.0
8.499999999999986,solo,30.0,0,,False,,False,,False,,False,none,,False,,False,0.0
8.599999999999985,solo,30.0,0,,False,,False,,False,,False,none,,False,,False,0.0
8.699999999999985,solo,30.0,0,,False,,False,,False,,False,none,,False,,False,0.0
8.799999999999985,solo,30.0,0,,False,,False,,False,,False,none,,False,,False,0.0
8.899999999999984,solo,30.0,0,,False,,False,,False,,False,none,,False,,False,0.0
8.999999999999984,solo,30.0,0,,False,,False,,False,,False,none,,False,,False,0.0
9.099999999999984,solo,30.0,0,,False,,False,,False,,False,none,,False,,False,0.0
9.199999999999983,solo,30.0,0,,False,,False,,False,,False,none,,False,,False,0.0
9.299999999999983,solo,30.0,0,,False,,False,,False,,False,none,,False,,False,0.0
9.399999999999983,solo,30.0,0,,False,,False,,False,,False,none,,False,,False,0.0
9.499999999999982,solo,30.0,0,,False,,False,,False,,False,none,,False,,False,0.0
9.599999999999982,solo,30.0,0,,False,,False,,False,,False,none,,False,,False,0.0
9.699999999999982,solo,30.0,0,,False,,False,,False,,False,none,,False,,False,0.0
9.799999999999981,solo,30.0,0,,False,,False,,False,,False,none,,False,,False,0.0
9.89999999999998,solo,30.0,0,,False,,False,,False,,False,none,,False,,False,0.0
9.99999999999998,solo,30.0,0,,False,,False,,False,,False,none,,False,,False,0.0
10.09999999999998,solo,30.0,0,,False,,False,,False,,False,none,,False,,False,0.0
10.19999999999998,solo,30.0,0,,False,,False,,False,,False,none,,False,,False,0.0
10.29999999999998,solo,30.0,0,,False,,False,,False,,False,none,,False,,False,0.0
10.399999999999979,solo,30.0,0,,False,,False,,False,,False,none,,False,,False,0.0
10.499999999999979,solo,30.0,0,,False,,False,,False,,False,none,,False,,False,0.0
10.599999999999978,solo,30.0,0,,False,,False,,False,,False,none,,False,,False,0.0
10.699999999999978,solo,30.0,0,,False,,False,,False,,False,none,,False,,False,0.0
10.799999999999978,solo,30.0,0,,False,,False,,False,,False,none,,False,,False,0.0
10.899999999999977,solo,30.0,0,,False,,False,,False,,False,none,,False,,False,0.0
10.999999999999977,solo,30.0,0,,False,,False,,False,,False,none,,False,,False,0.0
11.099999999999977,solo,30.0,0,,False,,False,,False,,False,none,,False,,False,0.0
11.199999999999976,solo,30.0,0,,False,,False,,False,,False,none,,False,,False,0.0
11.299999999999976,solo,30.0,0,,False,,False,,False,,False,none,,False,,False,0.0
11.399999999999975,solo,30.0,0,,False,,False,,False,,False,none,,False,,False,0.0
11.499999999999975,solo,30.0,0,,False,,False,,False,,False,none,,False,,False,0.0
11.599999999999975,solo,30.0,0,,False,,False,,False,,False,none,,False,,False,0.0
11.699999999999974,solo,30.0,0,,False,,False,,False,,False,none,,False,,False,0.0
11.799999999999974,solo,30.0,0,,False,,False,,False,,False,none,,False,,False,0.0
11.899999999999974,solo,30.0,0,,False,,False,,False,,False,none,,False,,False,0.0
11.999999999999973,solo,30.0,0,,False,,False,,False,,False,none,,False,,False,0.0
12.099999999999973,solo,30.0,0,,False,,False,,False,,False,none,,False,,False,0.0
12.199999999999973,solo,30.0,0,,False,,False,,False,,False,none,,False,,False,0.0
12.299999999999972,solo,30.0,0,,False,,False,,False,,False,none,,False,,False,0.0
12.399999999999972,solo,30.0,0,,False,,False,,False,,False,none,,False,,False,0.0
12.499999999999972,solo,30.0,0,,False,,False,,False,,False,none,,False,,False,0.0
12.599999999999971,solo,30.0,0,,False,,False,,False,,False,none,,False,,False,0.0
12.69999999999997,solo,30.0,0,,False,,False,,False,,False,none,,False,,False,0.0
12.79999999999997,solo,30.0,0,,False,,False,,False,,False,none,,False,,False,0.0
12.89999999999997,solo,30.0,0,,False,,False,,False,,False,none,,False,,False,0.0
12.99999999999997,solo,30.0,0,,False,,False,,False,,False,none,,False,,False,0.0
13.09999999999997,solo,30.0,0,,False,,False,,False,,False,none,,False,,False,0.0
13.199999999999969,solo,30.0,0,,False,,False,,False,,False,none,,False,,False,0.0
13.299999999999969,solo,30.0,0,,False,,False,,False,,False,none,,False,,False,0.0
13.399999999999968,solo,30.0,0,,False,,False,,False,,False,none,,False,,False,0.0
13.499999999999968,solo,30.0,0,,False,,False,,False,,False,none,,False,,False,0.0
13.599999999999968,solo,30.0,0,,False,,False,,False,,False,none,,False,,False,0.0
13.699999999999967,solo,30.0,0,,False,,False,,False,,False,none,,False,,False,0.0
13.799999999999967,solo,30.0,0,,False,,False,,False,,False,none,,False,,False,0.0
13.899999999999967,solo,30.0,0,,False,,False,,False,,False,none,,False,,False,0.0
13.999999999999966,solo,30.0,0,,False,,False,,False,,False,none,,False,,False,0.0
14.099999999999966,solo,30.0,0,,False,,False,,False,,False,none,,False,,False,0.0
14.199999999999966,solo,30.0,0,,False,,False,,False,,False,none,,False,,False,0.0
14.299999999999965,solo,30.0,0,,False,,False,,False,,False,none,,False,,False,0.0
14.399999999999965,solo,30.0,0,,False,,False,,False,,False,none,,False,,False,0.0
14.499999999999964,solo,30.0,0,,False,,False,,False,,False,none,,False,,False,0.0
14.599999999999964,solo,30.0,0,,False,,False,,False,,False,none,,False,,False,0.0
14.699999999999964,solo,30.0,0,,False,,False,,False,,False,none,,False,,False,0.0
14.799999999999963,solo,30.0,0,,False,,False,,False,,False,none,,False,,False,0.0
14.899999999999963,solo,30.0,0,,False,,False,,False,,False,none,,False,,False,0.0
14.999999999999963,solo,30.0,0,,False,,False,,False,,False,none,,False,,False,0.0
15.099999999999962,solo,30.0,0,,False,,False,,False,,False,none,,False,,False,0.0
15.199999999999962,solo,30.0,0,,False,,False,,False,,False,none,,False,,False,0.0
15.299999999999962,solo,30.0,0,,False,,False,,False,,False,none,,False,,False,0.0
15.399999999999961,solo,30.0,0,,False,,False,,False,,False,none,,False,,False,0.0
15.499999999999961,solo,30.0,0,,False,,False,,False,,False,none,,False,,False,0.0
15.59999999999996,solo,30.0,0,,False,,False,,False,,False,none,,False,,False,0.0
15.69999999999996,solo,30.0,0,,False,,False,,False,,False,none,,False,,False,0.0
15.79999999999996,solo,30.0,0,,False,,False,,False,,False,none,,False,,False,0.0
15.89999999999996,solo,30.0,0,,False,,False,,False,,False,none,,False,,False,0.0
15.99999999999996,solo,30.0,0,,False,,False,,False,,False,none,,False,,False,0.0
16.09999999999996,solo,30.0,0,,False,,False,,False,,False,none,,False,,False,0.0
16.19999999999996,solo,30.0,0,,False,,False,,False,,False,none,,False,,False,0.0
16.29999999999996,solo,30.0,0,,False,,False,,False,,False,none,,False,,False,0.0
16.399999999999963,solo,30.0,0,,False,,False,,False,,False,none,,False,,False,0.0
16.499999999999964,solo,30.0,0,,False,,False,,False,,False,none,,False,,False,0.0
16.599999999999966,solo,30.0,0,,False,,False,,False,,False,none,,False,,False,0.0
16.699999999999967,solo,30.0,0,,False,,False,,False,,False,none,,False,,False,0.0
16.79999999999997,solo,30.0,0,,False,,False,,False,,False,none,,False,,False,0.0
16.89999999999997,solo,30.0,0,,False,,False,,False,,False,none,,False,,False,0.0
16.99999999999997,solo,30.0,0,,False,,False,,False,,False,none,,False,,False,0.0
17.099999999999973,solo,30.0,0,,False,,False,,False,,False,none,,False,,False,0.0
17.199999999999974,solo,30.0,0,,False,,False,,False,,False,none,,False,,False,0.0
17.299999999999976,solo,30.0,0,,False,,False,,False,,False,none,,False,,False,0.0
17.399999999999977,solo,30.0,0,,False,,False,,False,,False,none,,False,,False,0.0
17.49999999999998,solo,30.0,0,,False,,False,,False,,False,none,,False,,False,0.0
17.59999999999998,solo,30.0,0,,False,,False,,False,,False,none,,False,,False,0.0
17.69999999999998,solo,30.0,0,,False,,False,,False,,False,none,,False,,False,0.0
17.799999999999983,solo,30.0,0,,False,,False,,False,,False,none,,False,,False,0.0
17.899999999999984,solo,30.0,0,,False,,False,,False,,False,none,,False,,False,0.0
17.999999999999986,solo,30.0,0,,False,,False,,False,,False,none,,False,,False,0.0
18.099999999999987,solo,30.0,0,,False,,False,,False,,False,none,,False,,False,0.0
18.19999999999999,solo,30.0,0,,False,,False,,False,,False,none,,False,,False,0.0
18.29999999999999,solo,30.0,0,,False,,False,,False,,False,none,,False,,False,0.0
18.39999999999999,solo,30.0,0,,False,,False,,False,,False,none,,False,,False,0.0
18.499999999999993,solo,30.0,0,,False,,False,,False,,False,none,,False,,False,0.0
18.599999999999994,solo,30.0,0,,False,,False,,False,,False,none,,False,,False,0.0
18.699999999999996,solo,30.0,0,,False,,False,,False,,False,none,,False,,False,0.0
18.799999999999997,solo,30.0,0,,False,,False,,False,,False,none,,False,,False,0.0
18.9,solo,30.0,0,,False,,False,,False,,False,none,,False,,False,0.0
19.0,solo,30.0,0,,False,,False,,False,,False,none,,False,,False,0.0
19.1,solo,30.0,0,,False,,False,,False,,False,none,,False,,False,0.0
19.200000000000003,solo,30.0,0,,False,,False,,False,,False,none,,False,,False,0.0
19.300000000000004,solo,30.0,0,,False,,False,,False,,False,none,,False,,False,0.0
19.400000000000006,solo,30.0,0,,False,,False,,False,,False,none,,False,,False,0.0
19.500000000000007,solo,30.0,0,,False,,False,,False,,False,none,,False,,False,0.0
19.60000000000001,solo,30.0,0,,False,,False,,False,,False,none,,False,,False,0.0
19.70000000000001,solo,30.0,0,,False,,False,,False,,False,none,,False,,False,0.0
19.80000000000001,solo,30.0,0,,False,,False,,False,,False,none,,False,,False,0.0
19.900000000000013,solo,30.0,0,,False,,False,,False,,False,none,,False,,False,0.0
20.000000000000014,solo,30.0,0,,False,,False,,False,,False,none,,False,,False,0.0
20.100000000000016,solo,30.0,0,,False,,False,,False,,False,none,,False,,False,0.0
20.200000000000017,solo,30.0,0,,False,,False,,False,,False,none,,False,,False,0.0
20.30000000000002,solo,30.0,0,,False,,False,,False,,False,none,,False,,False,0.0
20.40000000000002,solo,30.0,0,,False,,False,,False,,False,none,,False,,False,0.0
20.50000000000002,solo,30.0,0,,False,,False,,False,,False,none,,False,,False,0.0
20.600000000000023,solo,30.0,0,,False,,False,,False,,False,none,,False,,False,0.0
20.700000000000024,solo,30.0,0,,False,,False,,False,,False,none,,False,,False,0.0
20.800000000000026,solo,30.0,0,,False,,False,,False,,False,none,,False,,False,0.0
20.900000000000027,solo,30.0,0,,False,,False,,False,,False,none,,False,,False,0.0
21.00000000000003,solo,30.0,0,,False,,False,,False,,False,none,,False,,False,0.0
21.10000000000003,solo,30.0,0,,False,,False,,False,,False,none,,False,,False,0.0
21.20000000000003,solo,30.0,0,,False,,False,,False,,False,none,,False,,False,0.0
21.300000000000033,solo,30.0,0,,False,,False,,False,,False,none,,False,,False,0.0
21.400000000000034,solo,30.0,0,,False,,False,,False,,False,none,,False,,False,0.0
21.500000000000036,solo,30.0,0,,False,,False,,False,,False,none,,False,,False,0.0
21.600000000000037,solo,30.0,0,,False,,False,,False,,False,none,,False,,False,0.0
21.70000000000004,solo,30.0,0,,False,,False,,False,,False,none,,False,,False,0.0
21.80000000000004,solo,30.0,0,,False,,False,,False,,False,none,,False,,False,0.0
21.90000000000004,solo,30.0,0,,False,,False,,False,,False,none,,False,,False,0.0
22.000000000000043,solo,30.0,0,,False,,False,,False,,False,none,,False,,False,0.0
22.100000000000044,solo,30.0,0,,False,,False,,False,,False,none,,False,,False,0.0
22.200000000000045,solo,30.0,0,,False,,False,,False,,False,none,,False,,False,0.0
22.300000000000047,solo,30.0,0,,False,,False,,False,,False,none,,False,,False,0.0
22.40000000000005,solo,30.0,0,,False,,False,,False,,False,none,,False,,False,0.0
22.50000000000005,solo,30.0,0,,False,,False,,False,,False,none,,False,,False,0.0
22.60000000000005,solo,30.0,0,,False,,False,,False,,False,none,,False,,False,0.0
22.700000000000053,solo,30.0,0,,False,,False,,False,,False,none,,False,,False,0.0
22.800000000000054,solo,30.0,0,,False,,False,,False,,False,none,,False,,False,0.0
22.900000000000055,solo,30.0,0,,False,,False,,False,,False,none,,False,,False,0.0
23.000000000000057,solo,30.0,0,,False,,False,,False,,False,none,,False,,False,0.0
23.10000000000006,solo,30.0,0,,False,,False,,False,,False,none,,False,,False,0.0
23.20000000000006,solo,30.0,0,,False,,False,,False,,False,none,,False,,False,0.0
23.30000000000006,solo,30.0,0,,False,,False,,False,,False,none,,False,,False,0.0
23.400000000000063,solo,30.0,0,,False,,False,,False,,False,none,,False,,False,0.0
23.500000000000064,solo,30.0,0,,False,,False,,False,,False,none,,False,,False,0.0
23.600000000000065,solo,30.0,0,,False,,False,,False,,False,none,,False,,False,0.0
23.700000000000067,solo,30.0,0,,False,,False,,False,,False,none,,False,,False,0.0
23.800000000000068,solo,30.0,0,,False,,False,,False,,False,none,,False,,False,0.0
23.90000000000007,solo,30.0,0,,False,,False,,False,,False,none,,False,,False,0.0
24.00000000000007,solo,30.0,0,,False,,False,,False,,False,none,,False,,False,0.0
24.100000000000072,solo,30.0,0,,False,,False,,False,,False,none,,False,,False,0.0
24.200000000000074,solo,30.0,0,,False,,False,,False,,False,none,,False,,False,0.0
24.300000000000075,solo,30.0,0,,False,,False,,False,,False,none,,False,,False,0.0
24.400000000000077,solo,30.0,0,,False,,False,,False,,False,none,,False,,False,0.0
24.500000000000078,solo,30.0,0,,False,,False,,False,,False,none,,False,,False,0.0
24.60000000000008,solo,30.0,0,,False,,False,,False,,False,none,,False,,False,0.0
24.70000000000008,solo,30.0,0,,False,,False,,False,,False,none,,False,,False,0.0
24.800000000000082,solo,30.0,0,,False,,False,,False,,False,none,,False,,False,0.0
24.900000000000084,solo,30.0,0,,False,,False,,False,,False,none,,False,,False,0.0
25.000000000000085,solo,30.0,0,,False,,False,,False,,False,none,,False,,False,0.0
25.100000000000087,solo,30.0,0,148.87443921538892,False,148.87443921538892,False,,False,148.87443921538892,True,camera,traffic_light,False,,False,0.0
25.200000000000088,solo,30.0,0,147.53331921538893,False,147.53331921538893,False,,False,147.53331921538893,True,camera,traffic_light,False,,False,0.0
25.30000000000009,solo,30.0,0,146.19219921538894,False,146.19219921538894,False,,False,146.19219921538894,True,camera,traffic_light,False,,False,0.0
25.40000000000009,solo,30.0,0,144.85107921538895,False,144.85107921538895,False,,False,144.85107921538895,True,camera,traffic_light,False,,False,0.0
25.500000000000092,solo,30.0,0,143.50995921538896,False,143.50995921538896,False,,False,143.50995921538896,True,camera,traffic_light,False,,False,0.0
25.600000000000094,solo,30.0,0,142.16883921538897,False,142.16883921538897,False,,False,142.16883921538897,True,camera,traffic_light,False,,False,0.0
25.700000000000095,solo,30.0,0,140.82771921538898,False,140.82771921538898,False,,False,140.82771921538898,True,camera,traffic_light,False,,False,0.0
25.800000000000097,solo,30.0,0,139.486599215389,False,139.486599215389,False,,False,139.486599215389,True,camera,traffic_light,False,,False,0.0
25.900000000000098,solo,30.0,0,138.145479215389,False,138.145479215389,False,,False,138.145479215389,True,camera,traffic_light,False,,False,0.0
26.0000000000001,solo,30.0,0,136.804359215389,False,136.804359215389,False,,False,136.804359215389,True,camera,traffic_light,False,,False,0.0
26.1000000000001,solo,30.0,0,135.46323921538902,False,135.46323921538902,False,,False,135.46323921538902,True,camera,traffic_light,False,,False,0.0
26.200000000000102,solo,30.0,0,134.12211921538903,False,134.12211921538903,False,,False,134.12211921538903,True,camera,traffic_light,False,,False,0.0
26.300000000000104,solo,30.0,0,132.78099921538904,False,132.78099921538904,False,,False,132.78099921538904,True,camera,traffic_light,False,,False,0.0
26.400000000000105,solo,30.0,0,131.43987921538906,False,131.43987921538906,False,,False,131.43987921538906,True,camera,traffic_light,False,,False,0.0
26.500000000000107,solo,30.0,0,130.09875921538907,False,130.09875921538907,False,,False,130.09875921538907,True,camera,traffic_light,False,,False,0.0
26.600000000000108,solo,30.0,0,128.75763921538908,False,128.75763921538908,False,,False,128.75763921538908,True,camera,traffic_light,False,,False,0.0
26.70000000000011,solo,30.0,0,127.41651921538909,False,127.41651921538909,False,,False,127.41651921538909,True,camera,traffic_light,False,,False,0.0
26.80000000000011,solo,30.0,0,126.0753992153891,False,126.0753992153891,False,,False,126.0753992153891,True,camera,traffic_light,False,,False,0.0
26.900000000000112,solo,30.0,0,124.73427921538911,False,124.73427921538911,False,,False,124.73427921538911,True,camera,traffic_light,False,,False,0.0
27.000000000000114,solo,30.0,0,123.39315921538912,False,123.39315921538912,False,,False,123.39315921538912,True,camera,traffic_light,False,,False,0.0
27.100000000000115,solo,30.0,0,122.05203921538913,False,122.05203921538913,False,,False,122.05203921538913,True,camera,traffic_light,False,,False,0.0
27.200000000000117,solo,30.0,0,120.71091921538914,False,120.71091921538914,False,,False,120.71091921538914,True,camera,traffic_light,False,,False,0.0
27.300000000000118,solo,30.0,0,119.36979921538915,False,119.36979921538915,False,,False,119.36979921538915,True,camera,traffic_light,False,,False,0.0
27.40000000000012,solo,30.0,0,118.02867921538916,False,118.02867921538916,False,,False,118.02867921538916,True,camera,traffic_light,False,,False,0.0
27.50000000000012,solo,30.0,0,116.68755921538917,False,116.68755921538917,False,,False,116.68755921538917,True,camera,traffic_light,False,,False,0.0
27.600000000000122,solo,30.0,0,115.34643921538918,False,115.34643921538918,False,,False,115.34643921538918,True,camera,traffic_light,False,,False,0.0
27.700000000000124,solo,30.0,0,114.00531921538919,False,114.00531921538919,False,,False,114.00531921538919,True,camera,traffic_light,False,,False,0.0
27.800000000000125,solo,30.0,0,112.6641992153892,False,112.6641992153892,False,,False,112.6641992153892,True,camera,traffic_light,False,,False,0.0
27.900000000000126,solo,30.0,0,111.32307921538921,False,111.32307921538921,False,,False,111.32307921538921,True,camera,traffic_light,False,,False,0.0
28.000000000000128,solo,30.0,0,109.98195921538922,False,109.98195921538922,False,,False,109.98195921538922,True,camera,traffic_light,False,,False,0.0
28.10000000000013,solo,30.0,0,108.64083921538924,False,108.64083921538924,False,,False,108.64083921538924,True,camera,traffic_light,False,,False,0.0
28.20000000000013,solo,30.0,0,107.29971921538925,False,107.29971921538925,False,,False,107.29971921538925,True,camera,traffic_light,False,,False,0.0
28.300000000000132,solo,30.0,0,105.95859921538926,False,105.95859921538926,False,,False,105.95859921538926,True,camera,traffic_light,False,,False,0.0
28.400000000000134,solo,30.0,0,104.61747921538927,False,104.61747921538927,False,,False,104.61747921538927,True,camera,traffic_light,False,,False,0.0
28.500000000000135,solo,30.0,0,103.27635921538928,False,103.27635921538928,False,,False,103.27635921538928,True,camera,traffic_light,False,,False,0.0
28.600000000000136,solo,30.0,0,101.93523921538929,False,101.93523921538929,False,,False,101.93523921538929,True,camera,traffic_light,False,,False,0.0
28.700000000000138,solo,30.0,0,100.5941192153893,False,100.5941192153893,False,,False,100.5941192153893,True,camera,traffic_light,False,,False,0.0
28.80000000000014,solo,30.0,0,99.25299921538931,False,99.25299921538931,False,,False,99.25299921538931,True,camera,traffic_light,False,,False,0.0
28.90000000000014,solo,30.0,0,97.91187921538932,False,97.91187921538932,False,,False,97.91187921538932,True,camera,traffic_light,False,,False,0.0
29.000000000000142,solo,30.0,0,96.57075921538933,False,96.57075921538933,False,,False,96.57075921538933,True,camera,traffic_light,False,,False,0.0
29.100000000000144,solo,30.0,0,95.22963921538934,False,95.22963921538934,False,,False,95.22963921538934,True,camera,traffic_light,False,,False,0.0
29.200000000000145,solo,30.0,0,93.88851921538935,False,93.88851921538935,False,,False,93.88851921538935,True,camera,traffic_light,False,,False,0.0
29.300000000000146,solo,30.0,0,92.54739921538936,False,92.54739921538936,False,,False,92.54739921538936,True,camera,traffic_light,False,,False,0.0
29.400000000000148,solo,30.0,0,91.20627921538937,False,91.20627921538937,False,,False,91.20627921538937,True,camera,traffic_light,False,,False,0.0
29.50000000000015,solo,30.0,0,89.86515921538938,False,89.86515921538938,False,,False,89.86515921538938,True,camera,traffic_light,False,,False,0.0
29.60000000000015,solo,30.0,0,88.5240392153894,False,88.5240392153894,False,,False,88.5240392153894,True,camera,traffic_light,False,,False,0.0
29.700000000000152,solo,30.0,0,87.1829192153894,False,87.1829192153894,False,,False,87.1829192153894,True,camera,traffic_light,False,,False,0.0
29.800000000000153,solo,30.0,0,85.84179921538941,False,85.84179921538941,False,,False,85.84179921538941,True,camera,traffic_light,False,,False,0.0
29.900000000000155,solo,30.0,0,84.50067921538943,False,84.50067921538943,False,,False,84.50067921538943,True,camera,traffic_light,False,,False,0.0
30.000000000000156,solo,30.0,0,83.15955921538944,False,83.15955921538944,False,,False,83.15955921538944,True,camera,traffic_light,False,,False,0.0
30.100000000000158,solo,30.0,0,81.81843921538945,False,81.81843921538945,False,,False,81.81843921538945,True,camera,traffic_light,False,,False,0.0
30.20000000000016,solo,30.0,0,80.47731921538946,False,80.47731921538946,False,,False,80.47731921538946,True,camera,traffic_light,False,,False,0.0
30.30000000000016,solo,30.0,0,79.13619921538947,False,79.13619921538947,False,79.13619921538947,False,79.13619921538947,True,camera,traffic_light,False,,False,0.0
30.400000000000162,solo,30.0,0,77.79507921538948,False,77.79507921538948,False,77.79507921538948,False,77.79507921538948,True,camera,traffic_light,False,,False,0.0
30.500000000000163,solo,30.0,0,76.45395921538949,False,76.45395921538949,False,76.45395921538949,False,76.45395921538949,True,camera,traffic_light,False,,False,0.0
30.600000000000165,solo,30.0,0,75.1128392153895,False,75.1128392153895,False,75.1128392153895,False,75.1128392153895,True,camera,traffic_light,False,,False,0.0
30.700000000000166,solo,30.0,0,73.77171921538951,False,73.77171921538951,False,73.77171921538951,False,73.77171921538951,True,camera,traffic_light,False,,False,0.0
30.800000000000168,solo,30.0,0,72.43059921538952,False,72.43059921538952,False,72.43059921538952,False,72.43059921538952,True,camera,traffic_light,False,,False,0.0
30.90000000000017,solo,30.0,0,71.08947921538953,False,71.08947921538953,False,71.08947921538953,False,71.08947921538953,True,camera,traffic_light,False,,False,0.0
31.00000000000017,solo,30.0,0,69.74835921538954,False,69.74835921538954,False,69.74835921538954,False,69.74835921538954,True,camera,traffic_light,False,,False,0.0
31.100000000000172,solo,30.0,0,68.40723921538955,False,68.40723921538955,False,68.40723921538955,False,68.40723921538955,True,camera,traffic_light,False,,False,0.0
31.200000000000173,solo,30.0,0,67.06611921538956,False,67.06611921538956,False,67.06611921538956,False,67.06611921538956,True,camera,traffic_light,False,,False,0.0
31.300000000000175,solo,30.0,0,65.72499921538957,False,65.72499921538957,False,65.72499921538957,False,65.72499921538957,True,camera,traffic_light,False,,False,0.0
31.400000000000176,solo,30.0,0,64.38387921538958,False,64.38387921538958,False,64.38387921538958,False,64.38387921538958,True,camera,traffic_light,False,,False,0.0
31.500000000000178,solo,30.0,0,63.042759215389594,False,63.042759215389594,False,63.042759215389594,False,63.042759215389594,True,camera,traffic_light,False,,False,0.0
31.60000000000018,solo,30.0,0,61.701639215389605,False,61.701639215389605,False,61.701639215389605,False,61.701639215389605,True,camera,traffic_light,False,,False,0.0
31.70000000000018,solo,30.0,0,60.360519215389616,False,60.360519215389616,False,60.360519215389616,False,60.360519215389616,True,camera,traffic_light,False,,False,0.0
31.800000000000182,solo,30.0,0,59.019399215389626,False,59.019399215389626,False,59.019399215389626,False,59.019399215389626,True,camera,traffic_light,False,,False,0.0
31.900000000000183,solo,30.0,0,57.67827921538964,False,57.67827921538964,False,57.67827921538964,False,57.67827921538964,True,camera,traffic_light,False,,False,0.0
32.000000000000185,solo,30.0,0,54.83715921538965,False,54.83715921538965,False,54.83715921538965,False,54.83715921538965,True,camera,vehicle,False,,False,0.0
32.100000000000186,solo,30.0,0,54.39011921538963,False,54.39011921538963,False,54.39011921538963,False,54.39011921538963,True,camera,vehicle,False,,False,0.0
32.20000000000019,solo,30.0,0,53.943079215389616,False,53.943079215389616,False,53.943079215389616,False,53.943079215389616,True,camera,vehicle,False,,False,0.0
32.30000000000019,solo,30.0,0,53.4960392153896,False,53.4960392153896,False,53.4960392153896,False,53.4960392153896,True,camera,vehicle,False,,False,0.0
32.40000000000019,solo,30.0,0,53.048999215389586,False,53.048999215389586,False,53.048999215389586,False,53.048999215389586,True,camera,vehicle,False,,False,0.0
32.50000000000019,solo,30.0,0,52.60195921538957,False,52.60195921538957,False,52.60195921538957,False,52.60195921538957,True,camera,vehicle,False,,False,0.0
32.60000000000019,solo,30.0,0,52.154919215389555,False,52.154919215389555,False,52.154919215389555,False,52.154919215389555,True,camera,vehicle,False,,False,0.0
32.700000000000195,solo,30.0,0,51.70787921538954,False,51.70787921538954,False,51.70787921538954,False,51.70787921538954,True,camera,vehicle,False,,False,0.0
32.800000000000196,solo,30.0,0,51.260839215389524,False,51.260839215389524,False,51.260839215389524,False,51.260839215389524,True,camera,vehicle,False,,False,0.0
32.9000000000002,solo,30.0,0,50.81379921538951,False,50.81379921538951,False,50.81379921538951,False,50.81379921538951,True,camera,vehicle,False,,False,0.0
33.0000000000002,solo,30.0,0,50.36675921538949,False,50.36675921538949,False,50.36675921538949,False,50.36675921538949,True,camera,vehicle,False,,False,0.0
33.1000000000002,solo,30.0,0,49.91971921538948,False,49.91971921538948,False,49.91971921538948,False,49.91971921538948,True,camera,vehicle,False,,False,0.0
33.2000000000002,solo,30.0,0,49.47267921538946,False,49.47267921538946,False,49.47267921538946,False,49.47267921538946,True,camera,vehicle,False,,False,0.0
33.3000000000002,solo,30.0,0,49.02563921538945,False,49.02563921538945,False,49.02563921538945,False,49.02563921538945,True,camera,vehicle,False,,False,0.0
33.400000000000205,solo,30.0,0,48.57859921538943,False,48.57859921538943,False,48.57859921538943,False,48.57859921538943,True,camera,vehicle,False,,False,0.0
33.500000000000206,solo,30.0,0,48.131559215389416,False,48.131559215389416,False,48.131559215389416,False,48.131559215389416,True,camera,vehicle,False,,False,0.0
33.60000000000021,solo,30.0,0,47.6845192153894,False,47.6845192153894,False,47.6845192153894,False,47.6845192153894,True,camera,vehicle,False,,False,0.0
33.70000000000021,solo,30.0,0,47.237479215389385,False,47.237479215389385,False,47.237479215389385,False,47.237479215389385,True,camera,vehicle,False,,False,0.0
33.80000000000021,solo,30.0,0,46.79043921538937,False,46.79043921538937,False,46.79043921538937,False,46.79043921538937,True,camera,vehicle,False,,False,0.0
33.90000000000021,solo,30.0,0,46.343399215389354,False,46.343399215389354,False,46.343399215389354,False,46.343399215389354,True,camera,vehicle,False,,False,0.0
34.00000000000021,solo,30.0,0,45.89635921538934,False,45.89635921538934,False,45.89635921538934,False,45.89635921538934,True,camera,vehicle,False,,False,0.0
34.100000000000215,solo,30.0,0,45.44931921538932,False,45.44931921538932,False,45.44931921538932,False,45.44931921538932,True,camera,vehicle,False,,False,0.0
34.200000000000216,solo,30.0,0,45.00227921538931,False,45.00227921538931,False,45.00227921538931,False,45.00227921538931,True,camera,vehicle,False,,False,0.0
34.30000000000022,solo,30.0,0,44.55523921538929,False,44.55523921538929,False,44.55523921538929,False,44.55523921538929,True,camera,vehicle,False,,False,0.0
34.40000000000022,solo,30.0,0,44.10819921538928,False,44.10819921538928,False,44.10819921538928,False,44.10819921538928,True,camera,vehicle,False,,False,0.0
34.50000000000022,solo,30.0,0,43.66115921538926,False,43.66115921538926,False,43.66115921538926,False,43.66115921538926,True,camera,vehicle,False,,False,0.0
34.60000000000022,solo,30.0,0,43.214119215389246,False,43.214119215389246,False,43.214119215389246,False,43.214119215389246,True,camera,vehicle,False,,False,0.0
34.70000000000022,solo,30.0,0,42.76707921538923,False,42.76707921538923,False,42.76707921538923,False,42.76707921538923,True,camera,vehicle,False,,False,0.0
34.800000000000225,solo,30.0,0,42.32003921538927,False,42.32003921538927,False,42.32003921538927,False,42.32003921538927,True,camera,vehicle,False,,False,0.0
34.900000000000226,solo,30.0,0,41.872999215389314,False,41.872999215389314,False,41.872999215389314,False,41.872999215389314,True,camera,vehicle,False,,False,0.0
35.00000000000023,solo,30.0,0,41.425959215389355,False,41.425959215389355,False,41.425959215389355,False,41.425959215389355,True,camera,vehicle,False,,False,0.0
35.10000000000023,solo,30.0,0,40.978919215389396,False,40.978919215389396,False,40.978919215389396,False,40.978919215389396,True,camera,vehicle,False,,False,0.0
35.20000000000023,solo,30.0,0,40.53187921538944,False,40.53187921538944,False,40.53187921538944,False,40.53187921538944,True,camera,vehicle,False,,False,0.0
35.30000000000023,solo,30.0,0,40.08483921538948,False,40.08483921538948,False,40.08483921538948,False,40.08483921538948,True,camera,vehicle,False,,False,0.0
35.40000000000023,solo,30.0,0,39.63779921538952,False,39.63779921538952,False,39.63779921538952,False,39.63779921538952,True,camera,vehicle,False,,False,0.0
35.500000000000234,solo,30.0,0,39.19075921538956,False,39.19075921538956,False,39.19075921538956,False,39.19075921538956,True,camera,vehicle,False,,False,0.0
35.600000000000236,solo,30.0,0,38.7437192153896,False,38.7437192153896,False,38.7437192153896,False,38.7437192153896,True,camera,vehicle,False,,False,0.0
35.70000000000024,solo,30.0,0,38.296679215389645,False,38.296679215389645,False,38.296679215389645,False,38.296679215389645,True,camera,vehicle,False,,False,0.0
35.80000000000024,solo,30.0,0,37.849639215389686,False,37.849639215389686,False,37.849639215389686,False,37.849639215389686,True,camera,vehicle,False,,False,0.0
35.90000000000024,solo,30.0,0,37.40259921538973,False,37.40259921538973,False,37.40259921538973,False,37.40259921538973,True,camera,vehicle,False,,False,0.0
36.00000000000024,solo,30.0,0,36.95555921538977,False,36.95555921538977,False,36.95555921538977,False,36.95555921538977,True,camera,vehicle,False,,False,0.0
36.10000000000024,solo,30.0,0,36.50851921538981,False,36.50851921538981,False,36.50851921538981,False,36.50851921538981,True,camera,vehicle,False,,False,0.0
36.200000000000244,solo,30.0,0,36.06147921538985,False,36.06147921538985,False,36.06147921538985,False,36.06147921538985,True,camera,vehicle,False,,False,0.0
36.300000000000246,solo,29.99021555929802,0,35.61465791720843,False,35.61465791720843,False,35.61465791720843,False,35.61465791720843,True,camera,vehicle,False,,False,0.0
36.40000000000025,solo,29.955709127519278,0,35.1688266086087,False,35.1688266086087,False,35.1688266086087,False,35.1688266086087,True,camera,vehicle,False,,False,0.0
36.50000000000025,solo,29.899033651989605,0,34.72503339800113,False,34.72503339800113,False,34.72503339800113,False,34.72503339800113,True,camera,vehicle,False,,False,0.0
36.60000000000025,solo,29.82245352253178,0,34.284218716676264,False,34.284218716676264,False,34.284218716676264,False,34.284218716676264,True,camera,vehicle,False,,False,0.0
36.70000000000025,solo,29.727993567453616,0,33.84722712332092,False,33.84722712332092,False,33.84722712332092,False,33.84722712332092,True,camera,vehicle,False,,False,0.0
36.80000000000025,solo,29.617477844044043,0,33.41481714633113,False,33.41481714633113,False,33.41481714633113,False,33.41481714633113,True,camera,vehicle,False,,False,0.0
36.900000000000254,solo,29.492560649481323,0,32.98766956592391,False,32.98766956592391,False,32.98766956592391,False,32.98766956592391,True,camera,vehicle,False,,False,0.0
37.000000000000256,solo,29.35475152135879,0,32.56639444428134,False,32.56639444428134,False,32.56639444428134,False,32.56639444428134,True,camera,vehicle,False,,False,0.0
37.10000000000026,solo,29.205435537194045,0,32.15153714314857,False,32.15153714314857,False,32.15153714314857,False,32.15153714314857,True,camera,vehicle,False,,False,0.0
37.20000000000026,solo,29.045889895156694,0,31.743583517084687,False,31.743583517084687,False,31.743583517084687,False,31.743583517084687,True,camera,vehicle,False,,False,0.0
37.30000000000026,solo,28.877297522186147,0,31.342964431932273,False,31.342964431932273,False,31.342964431932273,False,31.342964431932273,True,camera,vehicle,False,,False,0.0
37.40000000000026,solo,28.700758283123353,0,30.950059728572,False,30.950059728572,False,30.950059728572,False,30.950059728572,True,camera,vehicle,False,,False,0.0
37.50000000000026,solo,28.51729823689756,0,30.56520172923655,False,30.56520172923655,False,30.56520172923655,False,30.56520172923655,True,camera,vehicle,False,,False,0.0
37.600000000000264,solo,28.327877290498257,0,30.188678365848205,False,30.188678365848205,False,30.188678365848205,False,30.188678365848205,True,camera,vehicle,False,,False,0.0
37.700000000000266,solo,28.1333955296041,0,29.820735995773305,False,29.820735995773305,False,29.820735995773305,False,29.820735995773305,True,camera,vehicle,False,,False,0.0
37.80000000000027,solo,27.934698450122216,0,29.46158195913847,False,29.46158195913847,False,29.46158195913847,False,29.46158195913847,True,camera,vehicle,False,,False,0.0
37.90000000000027,solo,27.73258127307323,0,29.111386922765632,False,29.111386922765632,False,29.111386922765632,False,29.111386922765632,True,camera,vehicle,False,,False,0.0
38.00000000000027,solo,27.527792493027786,0,28.77028704834578,False,28.77028704834578,False,28.77028704834578,False,28.77028704834578,True,camera,vehicle,False,,False,0.0
38.10000000000027,solo,27.321036785302862,0,28.438386016316542,False,28.438386016316542,False,28.438386016316542,False,28.438386016316542,True,camera,vehicle,False,,False,0.0
38.20000000000027,solo,27.112977377611386,0,28.115756931747114,False,28.115756931747114,False,28.115756931747114,False,28.115756931747114,True,camera,vehicle,False,,False,0.0
38.300000000000274,solo,26.90423797650938,0,27.80244413415187,False,27.80244413415187,False,27.80244413415187,False,27.80244413415187,True,camera,vehicle,False,,False,0.0
38.400000000000276,solo,26.695404326798577,0,27.49846492938832,False,27.49846492938832,False,27.49846492938832,False,27.49846492938832,True,camera,vehicle,False,,False,0.0
38.50000000000028,solo,26.487025472245534,0,27.20381125852009,False,27.20381125852009,False,27.20381125852009,False,27.20381125852009,True,camera,vehicle,False,,False,0.0
38.60000000000028,solo,26.279614777969034,0,26.918451315647303,False,26.918451315647303,False,26.918451315647303,False,26.918451315647303,True,camera,vehicle,False,,False,0.0
38.70000000000028,solo,26.073650768154042,0,26.642331124160364,False,26.642331124160364,False,26.642331124160364,False,26.642331124160364,True,camera,vehicle,False,,False,0.0
38.80000000000028,solo,25.869577827001002,0,26.375376078601448,False,26.375376078601448,False,26.375376078601448,False,26.375376078601448,True,camera,vehicle,False,,False,0.0
38.90000000000028,solo,25.667806805723547,0,26.117492457290837,False,26.117492457290837,False,26.117492457290837,False,26.117492457290837,True,camera,vehicle,False,,False,0.0
39.000000000000284,solo,25.46871557374059,0,25.86856890906506,False,25.86856890906506,False,25.86856890906506,False,25.86856890906506,True,camera,vehicle,False,,False,0.0
39.100000000000286,solo,25.272649547801173,0,25.628477915868416,False,25.628477915868416,False,25.628477915868416,False,25.628477915868416,True,camera,vehicle,False,,False,0.0
39.20000000000029,solo,25.0799222285114,0,25.39707723152435,False,25.39707723152435,False,25.39707723152435,False,25.39707723152435,True,camera,vehicle,False,,False,0.0
39.30000000000029,solo,24.890815769522945,0,25.17421129579236,False,25.17421129579236,False,25.17421129579236,False,25.17421129579236,True,camera,vehicle,False,,False,0.0
39.40000000000029,solo,24.70558160045075,0,24.95971262177875,False,24.95971262177875,False,24.95971262177875,False,24.95971262177875,True,camera,vehicle,False,,False,0.0
39.50000000000029,solo,24.524441120402766,0,24.75340315392225,False,24.75340315392225,False,24.75340315392225,False,24.75340315392225,True,camera,vehicle,False,,False,0.0
39.60000000000029,solo,24.34758647484548,0,24.555095593113265,False,24.555095593113265,False,24.555095593113265,False,24.555095593113265,True,camera,vehicle,False,,False,0.0
39.700000000000294,solo,24.17518142443427,0,24.364594685028578,False,24.364594685028578,False,24.364594685028578,False,24.364594685028578,True,camera,vehicle,False,,False,0.0
39.800000000000296,solo,24.00736231046372,0,24.181698467466163,False,24.181698467466163,False,24.181698467466163,False,24.181698467466163,True,camera,vehicle,False,,False,0.0
39.9000000000003,solo,23.844239117806804,0,24.00619947234145,False,24.00619947234145,False,24.00619947234145,False,24.00619947234145,True,camera,vehicle,False,,False,0.0
40.0000000000003,solo,23.685896632684262,0,23.83788587804645,False,23.83788587804645,False,23.83788587804645,False,23.83788587804645,True,camera,vehicle,False,,False,0.0
40.1000000000003,solo,23.532395689408073,0,23.676542608063073,False,23.676542608063073,False,23.676542608063073,False,23.676542608063073,True,camera,vehicle,False,,False,0.0
40.2000000000003,solo,23.38377449743883,0,23.521952372046712,False,23.521952372046712,False,23.521952372046712,False,23.521952372046712,True,camera,vehicle,False,,False,0.0
40.3000000000003,solo,23.240050037740836,0,23.373896646036428,False,23.373896646036428,False,23.373896646036428,False,23.373896646036428,True,camera,vehicle,False,,False,0.0
40.400000000000304,solo,23.10121951554896,0,23.232156588981297,False,23.232156588981297,False,23.232156588981297,False,23.232156588981297,True,camera,vehicle,False,,False,0.0
40.500000000000306,solo,22.967261855300695,0,23.09651389338012,False,23.09651389338012,False,23.09651389338012,False,23.09651389338012,True,camera,vehicle,False,,False,0.0
40.60000000000031,solo,22.83813922263967,0,22.966751568486075,False,22.966751568486075,False,22.966751568486075,False,22.966751568486075,True,camera,vehicle,False,,False,0.0
40.70000000000031,solo,22.71379855804915,0,22.842654655212186,False,22.842654655212186,False,22.842654655212186,False,22.842654655212186,True,camera,vehicle,False,,False,0.0
40.80000000000031,solo,22.594173106796323,0,22.724010872559575,False,22.724010872559575,False,22.724010872559575,False,22.724010872559575,True,camera,vehicle,False,,False,0.0
40.90000000000031,solo,22.479183930414617,0,22.610611196063815,False,22.610611196063815,False,22.610611196063815,False,22.610611196063815,True,camera,vehicle,False,,False,0.0
41.00000000000031,solo,22.3687413858665,0,22.502250369394346,False,22.502250369394346,False,22.502250369394346,False,22.502250369394346,True,camera,vehicle,False,,False,0.0
41.100000000000314,solo,22.262746559747885,0,22.39872735083395,False,22.39872735083395,False,22.39872735083395,False,22.39872735083395,True,camera,vehicle,False,,False,0.0
41.200000000000315,solo,22.16109264634845,0,22.299845696899297,False,22.299845696899297,False,22.299845696899297,False,22.299845696899297,True,camera,vehicle,False,,False,0.0
41.30000000000032,solo,22.063666259999565,0,22.20541388582467,False,22.20541388582467,False,22.20541388582467,False,22.20541388582467,True,camera,vehicle,False,,False,0.0
41.40000000000032,solo,21.970348673854325,0,22.115245584023228,False,22.115245584023228,False,22.115245584023228,False,22.115245584023228,True,camera,vehicle,False,,False,0.0
41.50000000000032,solo,21.881016978989173,0,22.029159858950948,False,22.029159858950948,False,22.029159858950948,False,22.029159858950948,True,camera,vehicle,False,,False,0.0
41.60000000000032,solo,21.79554515943675,0,21.946981342032927,False,21.946981342032927,False,21.946981342032927,False,21.946981342032927,True,camera,vehicle,False,,False,0.0
41.70000000000032,solo,21.713805080406452,0,21.868540345471956,False,21.868540345471956,False,21.868540345471956,False,21.868540345471956,True,camera,vehicle,False,,False,0.0
41.800000000000324,solo,21.635667388483736,0,21.793672936847315,False,21.793672936847315,False,21.793672936847315,False,21.793672936847315,True,camera,vehicle,False,,False,0.0
41.900000000000325,solo,21.56100232399159,0,21.722220975434084,False,21.722220975434084,False,21.722220975434084,False,21.722220975434084,True,camera,vehicle,False,,False,0.0
42.00000000000033,solo,21.489680446927363,0,21.654032114138545,False,21.654032114138545,False,21.654032114138545,False,21.654032114138545,True,camera,vehicle,False,,False,0.0
42.10000000000033,solo,21.421573278943626,0,21.588959770857855,False,21.588959770857855,False,21.588959770857855,False,21.588959770857855,True,camera,vehicle,False,,False,0.0
42.20000000000033,solo,21.35655386471863,0,21.526863072942774,False,21.526863072942774,False,21.526863072942774,False,21.526863072942774,True,camera,vehicle,False,,False,0.0
42.30000000000033,solo,21.294497256762874,0,21.467606778275467,False,21.467606778275467,False,21.467606778275467,False,21.467606778275467,True,camera,vehicle,False,,False,0.0
42.40000000000033,solo,21.235280928240357,0,21.411061176284306,False,21.411061176284306,False,21.411061176284306,False,21.411061176284306,True,camera,vehicle,False,,False,0.0
42.500000000000334,solo,21.1787851187592,0,21.35710197200183,False,21.35710197200183,False,21.35710197200183,False,21.35710197200183,True,camera,vehicle,False,,False,0.0
42.600000000000335,solo,21.12489311831976,0,21.30561015604667,False,21.30561015604667,False,21.30561015604667,False,21.30561015604667,True,camera,vehicle,False,,False,0.0
42.70000000000034,solo,21.073491494716688,0,21.256471863176102,False,21.256471863176102,False,21.256471863176102,False,21.256471863176102,True,camera,vehicle,False,,False,0.0
42.80000000000034,solo,21.024470269691356,0,21.209578221818106,False,21.209578221818106,False,21.209578221818106,False,21.209578221818106,True,camera,vehicle,False,,False,0.0
42.90000000000034,solo,20.97772304904022,0,21.164825196757874,False,21.164825196757874,False,21.164825196757874,False,21.164825196757874,True,camera,vehicle,False,,False,0.0
43.00000000000034,solo,20.93314711172004,0,21.122113426924557,False,21.122113426924557,False,21.122113426924557,False,21.122113426924557,True,camera,vehicle,False,,False,0.0
43.10000000000034,solo,20.890643462768026,0,21.08134806000362,False,21.08134806000362,False,21.08134806000362,False,21.08134806000362,True,camera,vehicle,False,,False,0.0
43.200000000000344,solo,20.850116854588837,0,21.042438585390073,False,21.042438585390073,False,21.042438585390073,False,21.042438585390073,True,camera,vehicle,False,,False,0.0
43.300000000000345,solo,20.811475780863386,0,21.005298666802446,False,21.005298666802446,False,21.005298666802446,False,21.005298666802446,True,camera,vehicle,False,,False,0.0
43.40000000000035,solo,20.77463244701858,0,20.969845975692806,False,20.969845975692806,False,20.969845975692806,False,20.969845975692806,True,camera,vehicle,False,,False,0.0
43.50000000000035,solo,20.739502720871602,0,20.93600202642017,False,20.93600202642017,False,20.93600202642017,False,20.93600202642017,True,camera,vehicle,False,,False,0.0
43.60000000000035,solo,20.706006066735473,0,20.903692013999603,False,20.903692013999603,False,20.903692013999603,False,20.903692013999603,True,camera,vehicle,False,,False,0.0
43.70000000000035,solo,20.674065465950708,0,20.872844655101062,False,20.872844655101062,False,20.872844655101062,False,20.872844655101062,True,camera,vehicle,False,,False,0.0
43.80000000000035,solo,20.643607326496678,0,20.84339203284435,False,20.84339203284435,False,20.84339203284435,False,20.84339203284435,True,camera,vehicle,False,,False,0.0
43.900000000000354,solo,20.614561384038662,0,20.815269445826516,False,20.815269445826516,False,20.815269445826516,False,20.815269445826516,True,camera,vehicle,False,,False,0.0
44.000000000000355,solo,20.586860596486545,0,20.788415261717887,False,20.788415261717887,False,20.788415261717887,False,20.788415261717887,True,camera,vehicle,False,,False,0.0
44.10000000000036,solo,20.560441033879414,0,20.762770775676017,False,20.762770775676017,False,20.762770775676017,False,20.762770775676017,True,camera,vehicle,False,,False,0.0
44.20000000000036,solo,20.535241765169104,0,20.738280073751753,False,20.738280073751753,False,20.738280073751753,False,20.738280073751753,True,camera,vehicle,False,,False,0.0
44.30000000000036,solo,20.51120474325461,0,20.71488990139551,False,20.71488990139551,False,20.71488990139551,False,20.71488990139551,True,camera,vehicle,False,,False,0.0
44.40000000000036,solo,20.48827468941859,0,20.692549537116406,False,20.692549537116406,False,20.692549537116406,False,20.692549537116406,True,camera,vehicle,False,,False,0.0
44.50000000000036,solo,20.466398978136453,0,20.671210671299264,False,20.671210671299264,False,20.671210671299264,False,20.671210671299264,True,camera,vehicle,False,,False,0.0
44.600000000000364,solo,20.445527523066836,0,20.650827290144434,False,20.650827290144434,False,20.650827290144434,False,20.650827290144434,True,camera,vehicle,False,,False,0.0
44.700000000000365,solo,20.425612664888575,0,20.631355564663295,False,20.631355564663295,False,20.631355564663295,False,20.631355564663295,True,camera,vehicle,False,,False,0.0
44.80000000000037,solo,20.406609061522747,0,20.612753744634574,False,20.612753744634574,False,20.612753744634574,False,20.612753744634574,True,camera,vehicle,False,,False,0.0
44.90000000000037,solo,20.388473581167354,0,20.59498205740522,False,20.59498205740522,False,20.59498205740522,False,20.59498205740522,True,camera,vehicle,False,,False,0.0
45.00000000000037,solo,20.371165198475573,0,20.578002611402667,False,20.578002611402667,False,20.578002611402667,False,20.578002611402667,True,camera,vehicle,False,,False,0.0
45.10000000000037,solo,20.35464489412525,0,20.561779304212905,False,20.561779304212905,False,20.561779304212905,False,20.561779304212905,True,camera,vehicle,False,,False,0.0
45.20000000000037,solo,20.338875557955607,0,20.546277735067974,False,20.546277735067974,False,20.546277735067974,False,20.546277735067974,True,camera,vehicle,False,,False,0.0
45.300000000000374,solo,20.323821895786295,0,20.53146512158196,False,20.53146512158196,False,20.53146512158196,False,20.53146512158196,True,camera,vehicle,False,,False,0.0
45.400000000000375,solo,20.30945033998253,0,20.517310220568106,False,20.517310220568106,False,20.517310220568106,False,20.517310220568106,True,camera,vehicle,False,,False,0.0
45.50000000000038,solo,20.29572896378692,0,20.50378325277029,False,20.50378325277029,False,20.50378325277029,False,20.50378325277029,True,camera,vehicle,False,,False,0.0
45.60000000000038,solo,20.282627399403044,0,20.490855831340355,False,20.490855831340355,False,20.490855831340355,False,20.490855831340355,True,camera,vehicle,False,,False,0.0
45.70000000000038,solo,20.270116759786788,0,20.478500893894193,False,20.478500893894193,False,20.478500893894193,False,20.478500893894193,True,camera,vehicle,False,,False,0.0
45.80000000000038,solo,20.25816956407774,0,20.466692637983215,False,20.466692637983215,False,20.466692637983215,False,20.466692637983215,True,camera,vehicle,False,,False,0.0
45.90000000000038,solo,20.24675966658448,0,20.455406459819528,False,20.455406459819528,False,20.455406459819528,False,20.455406459819528,True,camera,vehicle,False,,False,0.0
46.000000000000384,solo,20.23586218922313,0,20.44461889609852,False,20.44461889609852,False,20.44461889609852,False,20.44461889609852,True,camera,vehicle,False,,False,0.0
46.100000000000385,solo,20.22545345729757,0,20.434307568767508,False,20.434307568767508,False,20.434307568767508,False,20.434307568767508,True,camera,vehicle,False,,False,0.0
46.20000000000039,solo,20.215510938502113,0,20.424451132592594,False,20.424451132592594,False,20.424451132592594,False,20.424451132592594,True,camera,vehicle,False,,False,0.0
46.30000000000039,solo,20.20601318502188,0,20.41502922538359,False,20.41502922538359,False,20.41502922538359,False,20.41502922538359,True,camera,vehicle,False,,False,0.0
46.40000000000039,solo,20.196939778603298,0,20.40602242074067,False,20.40602242074067,False,20.40602242074067,False,20.40602242074067,True,camera,vehicle,False,,False,0.0
46.50000000000039,solo,20.18827127846561,0,20.39741218319307,False,20.39741218319307,False,20.39741218319307,False,20.39741218319307,True,camera,vehicle,False,,False,0.0
46.60000000000039,solo,20.179989171924408,0,20.38918082560599,False,20.38918082560599,False,20.38918082560599,False,20.38918082560599,True,camera,vehicle,False,,False,0.0
46.700000000000394,solo,20.172075827599638,0,20.381311468736612,False,20.381311468736612,False,20.381311468736612,False,20.381311468736612,True,camera,vehicle,False,,False,0.0
46.800000000000395,solo,20.164514451082564,0,20.373788002827496,False,20.373788002827496,False,20.373788002827496,False,20.373788002827496,True,camera,vehicle,False,,False,0.0
46.9000000000004,solo,20.157289042939276,0,20.36659505112914,False,20.36659505112914,False,20.36659505112914,False,20.36659505112914,True,camera,vehicle,False,,False,0.0
47.0000000000004,solo,20.150384358931905,0,20.3597179352505,False,20.3597179352505,False,20.3597179352505,False,20.3597179352505,True,camera,vehicle,False,,False,0.0
47.1000000000004,solo,20.143785872342548,0,20.353142642241096,False,20.353142642241096,False,20.353142642241096,False,20.353142642241096,True,camera,vehicle,False,,False,0.0
47.2000000000004,solo,20.13747973828935,0,20.34685579331233,False,20.34685579331233,False,20.34685579331233,False,20.34685579331233,True,camera,vehicle,False,,False,0.0
47.3000000000004,solo,20.131452759928518,0,20.340844614112143,False,20.340844614112143,False,20.340844614112143,False,20.340844614112143,True,camera,vehicle,False,,False,0.0
47.400000000000404,solo,20.125692356440705,0,20.335096906471108,False,20.335096906471108,False,20.335096906471108,False,20.335096906471108,True,camera,vehicle,False,,False,0.0
47.500000000000405,solo,20.120186532704952,0,20.329601021540952,False,20.329601021540952,False,20.329601021540952,False,20.329601021540952,True,camera,vehicle,False,,False,0.0
47.600000000000406,solo,20.114923850567713,0,20.324345834254018,False,20.324345834254018,False,20.324345834254018,False,20.324345834254018,True,camera,vehicle,False,,False,0.0
47.70000000000041,solo,20.10989340161942,0,20.319320719033158,False,20.319320719033158,False,20.319320719033158,False,20.319320719033158,True,camera,vehicle,False,,False,0.0
47.80000000000041,solo,20.105084781395284,0,20.314515526686478,False,20.314515526686478,False,20.314515526686478,False,20.314515526686478,True,camera,vehicle,False,,False,0.0
47.90000000000041,solo,20.10048806492149,0,20.309920562425646,False,20.309920562425646,False,20.309920562425646,False,20.309920562425646,True,camera,vehicle,False,,False,0.0
48.00000000000041,solo,20.096093783532204,0,20.30552656494899,False,20.30552656494899,False,20.30552656494899,False,20.30552656494899,True,camera,vehicle,False,,False,0.0
48.10000000000041,solo,20.091892902886837,0,20.301324686534144,False,20.301324686534144,False,20.301324686534144,False,20.301324686534144,True,camera,vehicle,False,,False,0.0
48.200000000000415,solo,20.08787680212099,0,20.297306474087804,False,20.297306474087804,False,20.297306474087804,False,20.297306474087804,True,camera,vehicle,False,,False,0.0
48.300000000000416,solo,20.08403725406817,0,20.293463851103866,False,20.293463851103866,False,20.293463851103866,False,20.293463851103866,True,camera,vehicle,False,,False,0.0
48.40000000000042,solo,20.080366406493013,0,20.289789100483063,False,20.289789100483063,False,20.289789100483063,False,20.289789100483063,True,camera,vehicle,False,,False,0.0
48.50000000000042,solo,20.07685676428016,0,20.286274848170024,False,20.286274848170024,False,20.286274848170024,False,20.286274848170024,True,camera,vehicle,False,,False,0.0
48.60000000000042,solo,20.073501172526047,0,20.282914047566578,False,20.282914047566578,False,20.282914047566578,False,20.282914047566578,True,camera,vehicle,False,,False,0.0
48.70000000000042,solo,20.07029280048409,0,20.279699964681868,False,20.279699964681868,False,20.279699964681868,False,20.279699964681868,True,camera,vehicle,False,,False,0.0
48.80000000000042,solo,20.06722512631651,0,20.276626163982087,False,20.276626163982087,False,20.276626163982087,False,20.276626163982087,True,camera,vehicle,False,,False,0.0
48.900000000000425,solo,20.064291922608838,0,20.273686494904496,False,20.273686494904496,False,20.273686494904496,False,20.273686494904496,True,camera,vehicle,False,,False,0.0
49.000000000000426,solo,20.061487242605626,0,20.270875079003645,False,20.270875079003645,False,20.270875079003645,False,20.270875079003645,True,camera,vehicle,False,,False,0.0
49.10000000000043,solo,20.058805407128496,0,20.268186297696843,False,20.268186297696843,False,20.268186297696843,False,20.268186297696843,True,camera,vehicle,False,,False,0.0
49.20000000000043,solo,20.056240992139692,0,20.26561478058045,False,20.26561478058045,False,20.26561478058045,False,20.26561478058045,True,camera,vehicle,False,,False,0.0
49.30000000000043,solo,20.053788816916683,0,20.263155394288447,False,20.263155394288447,False,20.263155394288447,False,20.263155394288447,True,camera,vehicle,False,,False,0.0
49.40000000000043,solo,20.051443932805178,0,20.260803231866703,False,20.260803231866703,False,20.260803231866703,False,20.260803231866703,True,camera,vehicle,False,,False,0.0
49.50000000000043,solo,20.049201612520026,0,20.258553602637676,False,20.258553602637676,False,20.258553602637676,False,20.258553602637676,True,camera,vehicle,False,,False,0.0
49.600000000000435,solo,20.047057339964987,0,20.256402022531802,False,20.256402022531802,False,20.256402022531802,False,20.256402022531802,True,camera,vehicle,False,,False,0.0
49.700000000000436,solo,20.04500680054428,0,20.254344204863173,False,20.254344204863173,False,20.254344204863173,False,20.254344204863173,True,camera,vehicle,False,,False,0.0
49.80000000000044,solo,20.043045871940198,0,20.25237605152779,False,20.25237605152779,False,20.25237605152779,False,20.25237605152779,True,camera,vehicle,False,,False,0.0
49.90000000000044,solo,20.041170615332717,0,20.250493644604262,False,20.250493644604262,False,20.250493644604262,False,20.250493644604262,True,camera,vehicle,False,,False,0.0
50.00000000000044,solo,20.039377267038176,0,20.248693238337523,False,20.248693238337523,False,20.248693238337523,False,20.248693238337523,True,camera,vehicle,False,,False,0.0
50.10000000000044,solo,20.037662230545656,0,20.246971251487594,False,20.246971251487594,False,20.246971251487594,False,20.246971251487594,True,camera,vehicle,False,,False,0.0
50.20000000000044,solo,20.036022068930677,0,20.245324260025768,False,20.245324260025768,False,20.245324260025768,False,20.245324260025768,True,camera,vehicle,False,,False,0.0
50.300000000000445,solo,20.03445349762712,0,20.24374899016209,False,20.24374899016209,False,20.24374899016209,False,20.24374899016209,True,camera,vehicle,False,,False,0.0
50.400000000000446,solo,20.03295337753929,0,20.242242311688415,False,20.242242311688415,False,20.242242311688415,False,20.242242311688415,True,camera,vehicle,False,,False,0.0
50.50000000000045,solo,20.03151870847704,0,20.240801231621845,False,20.240801231621845,False,20.240801231621845,False,20.240801231621845,True,camera,vehicle,False,,False,0.0
50.60000000000045,solo,20.030146622897803,0,20.239422888134982,False,20.239422888134982,False,20.239422888134982,False,20.239422888134982,True,camera,vehicle,False,,False,0.0
50.70000000000045,solo,20.02883437994029,0,20.238104544759608,False,20.238104544759608,False,20.238104544759608,False,20.238104544759608,True,camera,vehicle,False,,False,0.0
50.80000000000045,solo,20.02757935973544,0,20.236843584850362,False,20.236843584850362,False,20.236843584850362,False,20.236843584850362,True,camera,vehicle,False,,False,0.0
50.90000000000045,solo,20.026379057980982,0,20.23563750629762,False,20.23563750629762,False,20.23563750629762,False,20.23563750629762,True,camera,vehicle,False,,False,0.0
51.000000000000455,solo,20.025231080766677,0,20.234483916476393,False,20.234483916476393,False,20.234483916476393,False,20.234483916476393,True,camera,vehicle,False,,False,0.0
51.100000000000456,solo,20.02413313963802,0,20.2333805274219,False,20.2333805274219,False,20.2333805274219,False,20.2333805274219,True,camera,vehicle,False,,False,0.0
51.20000000000046,solo,20.023083046886875,0,20.23232515122072,False,20.23232515122072,False,20.23232515122072,False,20.23232515122072,True,camera,vehicle,False,,False,0.0
51.30000000000046,solo,20.02207871105799,0,20.231315695607123,False,20.231315695607123,False,20.231315695607123,False,20.231315695607123,True,camera,vehicle,False,,False,0.0
51.40000000000046,solo,20.02111813266113,0,20.230350159756313,False,20.230350159756313,False,20.230350159756313,False,20.230350159756313,True,camera,vehicle,False,,False,0.0
51.50000000000046,solo,20.02019940007884,0,20.229426630264584,False,20.229426630264584,False,20.229426630264584,False,20.229426630264584,True,camera,vehicle,False,,False,0.0
51.60000000000046,solo,20.019320685660627,0,20.228543277308177,False,20.228543277308177,False,20.228543277308177,False,20.228543277308177,True,camera,vehicle,False,,False,0.0
51.700000000000465,solo,20.01848024199456,0,20.22769835097324,False,20.22769835097324,False,20.22769835097324,False,20.22769835097324,True,camera,vehicle,False,,False,0.0
51.800000000000466,solo,20.01767639834803,0,20.226890177748373,False,20.226890177748373,False,20.226890177748373,False,20.226890177748373,True,camera,vehicle,False,,False,0.0
51.90000000000047,solo,20.016907557269636,0,20.22611715717244,False,20.22611715717244,False,20.22611715717244,False,20.22611715717244,True,camera,vehicle,False,,False,0.0
52.00000000000047,solo,20.01617219134454,0,20.225377758631453,False,20.225377758631453,False,20.225377758631453,False,20.225377758631453,True,camera,vehicle,False,,False,0.0
52.10000000000047,solo,20.015468840096204,0,20.22467051829676,False,20.22467051829676,False,20.22467051829676,False,20.22467051829676,True,camera,vehicle,False,,False,0.0
52.20000000000047,solo,20.014796107027653,0,20.223994036198633,False,20.223994036198633,False,20.223994036198633,False,20.223994036198633,True,camera,vehicle,False,,False,0.0
52.30000000000047,solo,20.014152656795684,0,20.22334697342967,False,20.22334697342967,False,20.22334697342967,False,20.22334697342967,True,camera,vehicle,False,,False,0.0
52.400000000000475,solo,20.013537212511988,0,20.222728049470902,False,20.222728049470902,False,20.222728049470902,False,20.222728049470902,True,camera,vehicle,False,,False,0.0
52.500000000000476,solo,20.012948553165163,0,20.222136039636553,False,20.222136039636553,False,20.222136039636553,False,20.222136039636553,True,camera,vehicle,False,,False,0.0
52.60000000000048,solo,20.01238551115817,0,20.2215697726308,False,20.2215697726308,False,20.2215697726308,False,20.2215697726308,True,camera,vehicle,False,,False,0.0
52.70000000000048,solo,20.01184696995575,0,20.221028128212993,False,20.221028128212993,False,20.221028128212993,False,20.221028128212993,True,camera,vehicle,False,,False,0.0
52.80000000000048,solo,20.011331861837007,0,20.220510034964832,False,20.220510034964832,False,20.220510034964832,False,20.220510034964832,True,camera,vehicle,False,,False,0.0
52.90000000000048,solo,20.010839165748024,0,20.22001446815625,False,20.22001446815625,False,20.22001446815625,False,20.22001446815625,True,camera,vehicle,False,,False,0.0
53.00000000000048,solo,20.010367905250224,0,20.2195404477053,False,20.2195404477053,False,20.2195404477053,False,20.2195404477053,True,camera,vehicle,False,,False,0.0
53.100000000000485,solo,20.00991714655993,0,20.21908703622728,False,20.21908703622728,False,20.21908703622728,False,20.21908703622728,True,camera,vehicle,False,,False,0.0
53.200000000000486,solo,20.009485996675046,0,20.218653337169712,False,20.218653337169712,False,20.218653337169712,False,20.218653337169712,True,camera,vehicle,False,,False,0.0
53.30000000000049,solo,20.00907360158489,0,20.21823849302939,False,20.21823849302939,False,20.21823849302939,False,20.21823849302939,True,camera,vehicle,False,,False,0.0
53.40000000000049,solo,20.0086791445594,0,20.217841683647634,False,20.217841683647634,False,20.217841683647634,False,20.217841683647634,True,camera,vehicle,False,,False,0.0
53.50000000000049,solo,20.00830184451416,0,20.217462124579924,False,20.217462124579924,False,20.217462124579924,False,20.217462124579924,True,camera,vehicle,False,,False,0.0
53.60000000000049,solo,20.007940954447758,0,20.21709906553758,False,20.21709906553758,False,20.21709906553758,False,20.21709906553758,True,camera,vehicle,False,,False,0.0
53.70000000000049,solo,20.007595759948266,0,20.216751788897454,False,20.216751788897454,False,20.216751788897454,False,20.216751788897454,True,camera,vehicle,False,,False,0.0
53.800000000000495,solo,20.007265577765747,0,20.21641960827685,False,20.21641960827685,False,20.21641960827685,False,20.21641960827685,True,camera,vehicle,False,,False,0.0
53.900000000000496,solo,20.006949754447728,0,20.216101867171233,False,20.216101867171233,False,20.216101867171233,False,20.216101867171233,True,camera,vehicle,False,,False,0.0
54.0000000000005,solo,20.00664766503497,0,20.21579793765102,False,20.21579793765102,False,20.21579793765102,False,20.21579793765102,True,camera,vehicle,False,,False,0.0
54.1000000000005,solo,20.00635871181467,0,20.215507219115693,False,20.215507219115693,False,20.215507219115693,False,20.215507219115693,True,camera,vehicle,False,,False,0.0
54.2000000000005,solo,20.006082323128624,0,20.21522913710271,False,20.21522913710271,False,20.21522913710271,False,20.21522913710271,True,camera,vehicle,False,,False,0.0
54.3000000000005,solo,20.00581795223389,0,20.214963142147894,False,20.214963142147894,False,20.214963142147894,False,20.214963142147894,True,camera,vehicle,False,,False,0.0
54.4000000000005,solo,20.005565076213554,0,20.214708708696094,False,20.214708708696094,False,20.214708708696094,False,20.214708708696094,True,camera,vehicle,False,,False,0.0
54.500000000000504,solo,20.00532319493543,0,20.214465334059355,False,20.214465334059355,False,20.214465334059355,False,20.214465334059355,True,camera,vehicle,False,,False,0.0
54.600000000000506,solo,20.005091830056518,0,20.2142325374208,False,20.2142325374208,False,20.2142325374208,False,20.2142325374208,True,camera,vehicle,False,,False,0.0
54.70000000000051,solo,20.004870524071247,0,20.214009858881354,False,20.214009858881354,False,20.214009858881354,False,20.214009858881354,True,camera,vehicle,False,,False,0.0
54.80000000000051,solo,20.004658839401426,0,20.213796858549017,False,20.213796858549017,False,20.213796858549017,False,20.213796858549017,True,camera,vehicle,False,,False,0.0
54.90000000000051,solo,20.00445635752621,0,20.213593115667322,False,20.213593115667322,False,20.213593115667322,False,20.213593115667322,True,camera,vehicle,False,,False,0.0
55.00000000000051,solo,20.00426267815021,0,20.21339822778191,False,20.21339822778191,False,20.21339822778191,False,20.21339822778191,True,camera,vehicle,False,,False,0.0
55.10000000000051,solo,20.004077418408066,0,20.213211809943687,False,20.213211809943687,False,20.213211809943687,False,20.213211809943687,True,camera,vehicle,False,,False,0.0
55.200000000000514,solo,20.00390021210394,0,20.21303349394657,False,20.21303349394657,False,20.21303349394657,False,20.21303349394657,True,camera,vehicle,False,,False,0.0
55.300000000000516,solo,20.00373070898425,0,20.212862927598394,False,20.212862927598394,False,20.212862927598394,False,20.212862927598394,True,camera,vehicle,False,,False,0.0
55.40000000000052,solo,20.003568574042326,0,20.21269977402426,False,20.21269977402426,False,20.21269977402426,False,20.21269977402426,True,camera,vehicle,False,,False,0.0
55.50000000000052,solo,20.0034134868535,0,20.21254371099917,False,20.21254371099917,False,20.21254371099917,False,20.21254371099917,True,camera,vehicle,False,,False,0.0
55.60000000000052,solo,20.003265140939256,0,20.212394430310724,False,20.212394430310724,False,20.212394430310724,False,20.212394430310724,True,camera,vehicle,False,,False,0.0
55.70000000000052,solo,20.003123243159237,0,20.212251637149393,False,20.212251637149393,False,20.212251637149393,False,20.212251637149393,True,camera,vehicle,False,,False,0.0
55.80000000000052,solo,20.002987513129877,0,20.21211504952487,False,20.21211504952487,False,20.21211504952487,False,20.21211504952487,True,camera,vehicle,False,,False,0.0
55.900000000000524,solo,20.002857682668363,0,20.21198439770842,False,20.21198439770842,False,20.21198439770842,False,20.21198439770842,True,camera,vehicle,False,,False,0.0
56.000000000000526,solo,20.00273349526099,0,20.211859423699366,False,20.211859423699366,False,20.211859423699366,False,20.211859423699366,True,camera,vehicle,False,,False,0.0
56.10000000000053,solo,20.0026147055547,0,20.21173988071473,False,20.21173988071473,False,20.21173988071473,False,20.21173988071473,True,camera,vehicle,False,,False,0.0
56.20000000000053,solo,20.00250107887086,0,20.211625532701305,False,20.211625532701305,False,20.211625532701305,False,20.211625532701305,True,camera,vehicle,False,,False,0.0
56.30000000000053,solo,20.00239239074029,0,20.211516153868615,False,20.211516153868615,False,20.211516153868615,False,20.211516153868615,True,camera,vehicle,False,,False,0.0
56.40000000000053,solo,20.00228842645855,0,20.211411528242593,False,20.211411528242593,False,20.211411528242593,False,20.211411528242593,True,camera,vehicle,False,,False,0.0
56.50000000000053,solo,20.002188980660677,0,20.21131144923868,False,20.21131144923868,False,20.21131144923868,False,20.21131144923868,True,camera,vehicle,False,,False,0.0
56.600000000000534,solo,20.00209385691449,0,20.211215719253232,False,20.211215719253232,False,20.211215719253232,False,20.211215719253232,True,camera,vehicle,False,,False,0.0
56.700000000000536,solo,20.002002867331647,0,20.211124149272905,False,20.211124149272905,False,20.211124149272905,False,20.211124149272905,True,camera,vehicle,False,,False,0.0
56.80000000000054,solo,20.00191583219561,0,20.211036558501064,False,20.211036558501064,False,20.211036558501064,False,20.211036558501064,True,camera,vehicle,False,,False,0.0
56.90000000000054,solo,20.00183257960594,0,20.210952774000475,False,20.210952774000475,False,20.210952774000475,False,20.210952774000475,True,camera,vehicle,False,,False,0.0
57.00000000000054,solo,20.001752945138026,0,20.210872630351446,False,20.210872630351446,False,20.210872630351446,False,20.210872630351446,True,camera,vehicle,False,,False,0.0
57.10000000000054,solo,20.001676771517708,0,20.21079596932475,False,20.21079596932475,False,20.21079596932475,False,20.21079596932475,True,camera,vehicle,False,,False,0.0
57.20000000000054,solo,20.001603908310024,0,20.210722639569326,False,20.210722639569326,False,20.210722639569326,False,20.210722639569326,True,camera,vehicle,False,,False,0.0
57.300000000000544,solo,20.001534211621607,0,20.210652496312605,False,20.210652496312605,False,20.210652496312605,False,20.210652496312605,True,camera,vehicle,False,,False,0.0
57.400000000000546,solo,20.001467543815973,0,20.21058540107515,False,20.21058540107515,False,20.21058540107515,False,20.21058540107515,True,camera,vehicle,False,,False,0.0
57.50000000000055,solo,20.00140377324129,0,20.210521221396334,False,20.210521221396334,False,20.210521221396334,False,20.210521221396334,True,camera,vehicle,False,,False,0.0
57.60000000000055,solo,20.00134277396994,0,20.210459830573086,False,20.210459830573086,False,20.210459830573086,False,20.210459830573086,True,camera,vehicle,False,,False,0.0
57.70000000000055,solo,20.001284425549503,0,20.21040110740944,False,20.21040110740944,False,20.21040110740944,False,20.21040110740944,True,camera,vehicle,False,,False,0.0
57.80000000000055,solo,20.001228612764514,0,20.210344935977105,False,20.210344935977105,False,20.210344935977105,False,20.210344935977105,True,camera,vehicle,False,,False,0.0
57.90000000000055,solo,20.001175225408677,0,20.210291205386284,False,20.210291205386284,False,20.210291205386284,False,20.210291205386284,True,camera,vehicle,False,,False,0.0
58.000000000000554,solo,20.00112415806691,0,20.210239809566815,False,20.210239809566815,False,20.210239809566815,False,20.210239809566815,True,camera,vehicle,False,,False,0.0
58.100000000000556,solo,20.001075309906973,0,20.210190647058653,False,20.210190647058653,False,20.210190647058653,False,20.210190647058653,True,camera,vehicle,False,,False,0.0
58.20000000000056,solo,20.001028584480103,0,20.210143620811323,False,20.210143620811323,False,20.210143620811323,False,20.210143620811323,True,camera,vehicle,False,,False,0.0
58.30000000000056,solo,20.000983889530374,0,20.210098637992246,False,20.210098637992246,False,20.210098637992246,False,20.210098637992246,True,camera,vehicle,False,,False,0.0
58.40000000000056,solo,20.00094113681232,0,20.210055609803476,False,20.210055609803476,False,20.210055609803476,False,20.210055609803476,True,camera,vehicle,False,,False,0.0
58.50000000000056,solo,20.000900241916515,0,20.210014451306165,False,20.210014451306165,False,20.210014451306165,False,20.210014451306165,True,camera,vehicle,False,,False,0.0
58.60000000000056,solo,20.000861124102777,0,20.20997508125288,False,20.20997508125288,False,20.20997508125288,False,20.20997508125288,True,camera,vehicle,False,,False,0.0
58.700000000000564,solo,20.00082370614054,0,20.209937421927293,False,20.209937421927293,False,20.209937421927293,False,20.209937421927293,True,camera,vehicle,False,,False,0.0
58.800000000000566,solo,20.00078791415631,0,20.209901398990496,False,20.209901398990496,False,20.209901398990496,False,20.209901398990496,True,camera,vehicle,False,,False,0.0
58.90000000000057,solo,20.000753677487623,0,20.2098669413341,False,20.2098669413341,False,20.2098669413341,False,20.2098669413341,True,camera,vehicle,False,,False,0.0
59.00000000000057,solo,20.000720928543455,0,20.209833980940175,False,20.209833980940175,False,20.209833980940175,False,20.209833980940175,True,camera,vehicle,False,,False,0.0
59.10000000000057,solo,20.000689602670665,0,20.209802452746544,False,20.209802452746544,False,20.209802452746544,False,20.209802452746544,True,camera,vehicle,False,,False,0.0
59.20000000000057,solo,20.000659638026228,0,20.20977229451853,False,20.20977229451853,False,20.20977229451853,False,20.20977229451853,True,camera,vehicle,False,,False,0.0
59.30000000000057,solo,20.000630975455103,0,20.209743446726065,False,20.209743446726065,False,20.209743446726065,False,20.209743446726065,True,camera,vehicle,False,,False,0.0
59.400000000000574,solo,20.00060355837332,0,20.209715852425916,False,20.209715852425916,False,20.209715852425916,False,20.209715852425916,True,camera,vehicle,False,,False,0.0
59.500000000000576,solo,20.000577332656224,0,20.209689457149693,False,20.209689457149693,False,20.209689457149693,False,20.209689457149693,True,camera,vehicle,False,,False,0.0
59.60000000000058,solo,20.00055224653157,0,20.209664208795743,False,20.209664208795743,False,20.209664208795743,False,20.209664208795743,True,camera,vehicle,False,,False,0.0
59.70000000000058,solo,20.000528250477213,0,20.2096400575266,False,20.2096400575266,False,20.2096400575266,False,20.2096400575266,True,camera,vehicle,False,,False,0.0
59.80000000000058,solo,20.000505297123315,0,20.20961695567064,False,20.20961695567064,False,20.20961695567064,False,20.20961695567064,True,camera,vehicle,False,,False,0.0
59.90000000000058,solo,20.000483341158777,0,20.209594857627735,False,20.209594857627735,False,20.209594857627735,False,20.209594857627735,True,camera,vehicle,False,,False,0.0
60.00000000000058,solo,20.00046233924175,0,20.209573719779428,False,15.0,True,20.209573719779428,False,15.0,True,camera,vehicle,False,,False,0.0
60.100000000000584,solo,19.38053892222548,0,20.223409579583176,False,15.0,True,20.223409579583176,False,15.0,True,camera,vehicle,False,,False,0.0
60.200000000000585,solo,18.83126510680779,0,20.263379335926288,False,15.0,True,20.263379335926288,False,15.0,True,camera,vehicle,False,,False,0.0
60.30000000000059,solo,18.35032693834522,0,20.326376390533028,False,15.0,True,20.326376390533028,False,15.0,True,camera,vehicle,False,,False,0.0
60.40000000000059,solo,17.93414472774221,0,20.40942587985262,False,15.0,True,20.40942587985262,False,15.0,True,camera,vehicle,False,,False,0.0
60.50000000000059,solo,17.578078921768128,0,20.509736656838754,False,15.0,True,20.509736656838754,False,15.0,True,camera,vehicle,False,,False,0.0
60.60000000000059,solo,17.276714414253007,0,20.624742316192055,False,15.0,True,20.624742316192055,False,15.0,True,camera,vehicle,False,,False,0.0
60.70000000000059,solo,17.024182471848242,0,20.75212866899392,False,15.0,True,20.75212866899392,False,15.0,True,camera,vehicle,False,,False,0.0
60.800000000000594,solo,16.814477044497806,0,20.88984695148463,False,15.0,True,20.88984695148463,False,15.0,True,camera,vehicle,False,,False,0.0
60.900000000000595,solo,16.64172980433993,0,21.036113815999443,False,15.0,True,21.036113815999443,False,15.0,True,camera,vehicle,False,,False,0.0
61.0000000000006,solo,16.500421935681473,0,21.189400440306486,False,15.0,True,21.189400440306486,False,15.0,True,camera,vehicle,False,,False,0.0
61.1000000000006,solo,16.385525459971998,0,21.34841374411883,False,15.0,True,21.34841374411883,False,15.0,True,camera,vehicle,False,,False,0.0
61.2000000000006,solo,16.292578776024634,0,21.51207275823583,False,15.0,True,21.51207275823583,False,15.0,True,camera,vehicle,False,,False,0.0
61.3000000000006,solo,16.217708322458193,0,21.679482821010538,False,15.0,True,21.679482821010538,False,15.0,True,camera,vehicle,False,,False,0.0
61.4000000000006,solo,16.157610969785193,0,21.84990968419038,False,15.0,True,21.84990968419038,False,15.0,True,camera,vehicle,False,,False,0.0
61.500000000000604,solo,16.109511162747125,0,22.02275497028404,False,15.0,True,22.02275497028404,False,15.0,True,camera,vehicle,False,,False,0.0
61.600000000000605,solo,16.071104441098914,0,22.197533850306854,False,15.0,True,22.197533850306854,False,15.0,True,camera,vehicle,False,,False,0.0
61.70000000000061,solo,16.040495974160958,0,22.37385535782505,False,15.0,True,22.37385535782505,False,15.0,True,camera,vehicle,False,,False,0.0
61.80000000000061,solo,16.01613990987521,0,22.551405432545153,False,15.0,True,22.551405432545153,False,15.0,True,camera,vehicle,False,,False,0.0
61.90000000000061,solo,15.996783022958342,0,22.7299325791505,False,15.0,True,22.7299325791505,False,15.0,True,camera,vehicle,False,,False,0.0
62.00000000000061,solo,15.981414438547185,0,22.909235909490917,False,15.0,True,22.909235909490917,False,15.0,True,camera,vehicle,False,,False,0.0
62.10000000000061,solo,15.969222050811759,0,23.08915528268085,False,15.0,True,23.08915528268085,False,15.0,True,camera,vehicle,False,,False,0.0
62.200000000000614,solo,15.959555536214072,0,23.269563246055668,False,15.0,True,23.269563246055668,False,15.0,True,camera,vehicle,False,,False,0.0
62.300000000000615,solo,15.95189545793795,0,23.450358493434464,False,15.0,True,23.450358493434464,False,15.0,True,camera,vehicle,False,,False,0.0
62.40000000000062,solo,15.945827768251915,0,23.6314605838827,False,15.0,True,23.6314605838827,False,15.0,True,camera,vehicle,False,,False,0.0
62.50000000000062,solo,15.94102296016873,0,23.81280569640103,False,15.0,True,23.81280569640103,False,15.0,True,camera,vehicle,False,,False,0.0
62.60000000000062,solo,15.93721914270771,0,23.994343228917614,False,15.0,True,23.994343228917614,False,15.0,True,camera,vehicle,False,,False,0.0
62.70000000000062,solo,15.934208377960948,0,24.176033080975685,False,15.0,True,24.176033080975685,False,15.0,True,camera,vehicle,False,,False,0.0
62.80000000000062,solo,15.93182569940227,0,24.3578434872785,False,15.0,True,24.3578434872785,False,15.0,True,camera,vehicle,False,,False,0.0
62.900000000000624,solo,15.9299403154108,0,24.53974929331548,False,15.0,True,24.53974929331548,False,15.0,True,camera,vehicle,False,,False,0.0
63.000000000000625,solo,15.928448582076964,0,24.72173058467888,False,24.72173058467888,False,24.72173058467888,False,24.72173058467888,True,camera,vehicle,False,,False,0.0
63.10000000000063,solo,15.481061323666083,0,24.913745219265707,False,24.913745219265707,False,24.913745219265707,False,24.913745219265707,True,camera,vehicle,False,,False,0.0
63.20000000000063,solo,15.928448582076964,0,25.105759853852533,False,25.105759853852533,False,25.105759853852533,False,25.105759853852533,True,camera,vehicle,False,,False,0.0
63.30000000000063,solo,16.375835840487845,0,25.277774488439377,False,25.277774488439377,False,25.277774488439377,False,25.277774488439377,True,camera,vehicle,False,,False,0.0
63.40000000000063,solo,16.823223098898726,0,25.42978912302624,False,25.42978912302624,False,25.42978912302624,False,25.42978912302624,True,camera,vehicle,False,,False,0.0
63.50000000000063,solo,17.270610357309607,0,25.56180375761312,False,25.56180375761312,False,25.56180375761312,False,25.56180375761312,True,camera,vehicle,False,,False,0.0
63.600000000000634,solo,17.71799761572049,0,25.67381839220002,False,25.67381839220002,False,25.67381839220002,False,25.67381839220002,True,camera,vehicle,False,,False,0.0
63.700000000000635,solo,18.16538487413137,0,25.765833026786936,False,25.765833026786936,False,25.765833026786936,False,25.765833026786936,True,camera,vehicle,False,,False,0.0
63.80000000000064,solo,18.612772132542247,0,25.837847661373758,False,25.837847661373758,False,25.837847661373758,False,25.837847661373758,True,camera,vehicle,False,,False,0.0
63.90000000000064,solo,19.060159390953125,0,25.889862295960597,False,25.889862295960597,False,25.889862295960597,False,25.889862295960597,True,camera,vehicle,False,,False,0.0
64.00000000000064,solo,19.507546649364006,0,25.921876930547455,False,25.921876930547455,False,25.921876930547455,False,25.921876930547455,True,camera,vehicle,False,,False,0.0
64.10000000000063,solo,19.954933907774883,0,25.93389156513433,False,25.93389156513433,False,25.93389156513433,False,25.93389156513433,True,camera,vehicle,False,,False,0.0
64.20000000000063,solo,20.40232116618576,0,25.925906199721226,False,25.925906199721226,False,25.925906199721226,False,25.925906199721226,True,camera,vehicle,False,,False,0.0
64.30000000000062,solo,20.849708424596642,0,25.897920834308138,False,25.897920834308138,False,25.897920834308138,False,25.897920834308138,True,camera,vehicle,False,,False,0.0
64.40000000000062,solo,21.29709568300752,0,25.849935468894955,False,25.849935468894955,False,25.849935468894955,False,25.849935468894955,True,camera,vehicle,False,,False,0.0
64.50000000000061,solo,21.744482941418397,0,25.78195010348179,False,25.78195010348179,False,25.78195010348179,False,25.78195010348179,True,camera,vehicle,False,,False,0.0
64.6000000000006,solo,22.191870199829278,0,25.693964738068644,False,25.693964738068644,False,25.693964738068644,False,25.693964738068644,True,camera,vehicle,False,,False,0.0
64.7000000000006,solo,22.639257458240156,0,25.585979372655515,False,25.585979372655515,False,25.585979372655515,False,25.585979372655515,True,camera,vehicle,False,,False,0.0
64.8000000000006,solo,23.086644716651037,0,25.457994007242405,False,25.457994007242405,False,25.457994007242405,False,25.457994007242405,True,camera,vehicle,False,,False,0.0
64.90000000000059,solo,23.534031975061914,0,25.310008641829313,False,25.310008641829313,False,25.310008641829313,False,25.310008641829313,True,camera,vehicle,False,,False,0.0
65.00000000000058,solo,23.53095394492442,0,25.15209207654584,False,25.15209207654584,False,25.15209207654584,False,25.15209207654584,True,camera,vehicle,False,,False,0.0
65.10000000000058,solo,23.514203085357465,0,24.99461872660504,False,24.99461872660504,False,24.99461872660504,False,24.99461872660504,True,camera,vehicle,False,,False,0.0
65.20000000000057,solo,23.485655305549564,0,24.83815789185155,False,24.83815789185155,False,24.83815789185155,False,24.83815789185155,True,camera,vehicle,False,,False,0.0
65.30000000000057,solo,23.446953162894502,0,24.683200227364864,False,24.683200227364864,False,24.683200227364864,False,24.683200227364864,True,camera,vehicle,False,,False,0.0
65.40000000000056,solo,23.399542694151986,0,24.530167351968203,False,24.530167351968203,False,24.530167351968203,False,24.530167351968203,True,camera,vehicle,False,,False,0.0
65.50000000000055,solo,23.344702656265852,0,24.379419979895715,False,24.379419979895715,False,24.379419979895715,False,24.379419979895715,True,camera,vehicle,False,,False,0.0
65.60000000000055,solo,23.283568005404423,0,24.23126487406614,False,24.23126487406614,False,24.23126487406614,False,24.23126487406614,True,camera,vehicle,False,,False,0.0
65.70000000000054,solo,23.21714895200963,0,24.085960848634045,False,24.085960848634045,False,24.085960848634045,False,24.085960848634045,True,camera,vehicle,False,,False,0.0
65.80000000000054,solo,23.146346584520334,0,23.94372399640156,False,23.94372399640156,False,23.94372399640156,False,23.94372399640156,True,camera,vehicle,False,,False,0.0
65.90000000000053,solo,23.071965807743343,0,23.804732277809762,False,23.804732277809762,False,23.804732277809762,False,23.804732277809762,True,camera,vehicle,False,,False,0.0
66.00000000000053,solo,22.994726162830798,0,23.669129578883485,False,23.669129578883485,False,23.669129578883485,False,23.669129578883485,True,camera,vehicle,False,,False,0.0
66.10000000000052,solo,22.915270964087608,0,23.537029323102615,False,23.537029323102615,False,23.537029323102615,False,23.537029323102615,True,camera,vehicle,False,,False,0.0
66.20000000000051,solo,22.834175089621016,0,23.408517704910196,False,23.408517704910196,False,23.408517704910196,False,23.408517704910196,True,camera,vehicle,False,,False,0.0
66.30000000000051,solo,22.751951688733612,0,23.283656599160395,False,23.283656599160395,False,23.283656599160395,False,23.283656599160395,True,camera,vehicle,False,,False,0.0
66.4000000000005,solo,22.66905801240847,0,23.162486190320465,False,23.162486190320465,False,23.162486190320465,False,23.162486190320465,True,camera,vehicle,False,,False,0.0
66.5000000000005,solo,22.58590052963686,0,23.045027356988726,False,23.045027356988726,False,23.045027356988726,False,23.045027356988726,True,camera,vehicle,False,,False,0.0
66.60000000000049,solo,22.502839458417263,0,22.93128384077579,False,22.93128384077579,False,22.93128384077579,False,22.93128384077579,True,camera,vehicle,False,,False,0.0
66.70000000000049,solo,22.420192813649205,0,22.82124422343054,False,22.82124422343054,False,22.82124422343054,False,22.82124422343054,True,camera,vehicle,False,,False,0.0
66.80000000000048,solo,22.338240053137635,0,22.71488373199213,False,22.71488373199213,False,22.71488373199213,False,22.71488373199213,True,camera,vehicle,False,,False,0.0
66.90000000000047,solo,22.257225386248706,0,22.61216588849095,False,22.61216588849095,False,22.61216588849095,False,22.61216588849095,True,camera,vehicle,False,,False,0.0
67.00000000000047,solo,22.177360796473497,0,22.513044018134792,False,22.513044018134792,False,22.513044018134792,False,22.513044018134792,True,camera,vehicle,False,,False,0.0
67.10000000000046,solo,22.0988288185543,0,22.417462627859777,False,22.417462627859777,False,22.417462627859777,False,22.417462627859777,True,camera,vehicle,False,,False,0.0
67.20000000000046,solo,22.02178510236676,0,22.32535866549938,False,22.32535866549938,False,22.32535866549938,False,22.32535866549938,True,camera,vehicle,False,,False,0.0
67.30000000000045,solo,21.946360789013657,0,22.236662668535246,False,22.236662668535246,False,22.236662668535246,False,22.236662668535246,True,camera,vehicle,False,,False,0.0
67.40000000000045,solo,21.87266471924386,0,22.151299810374667,False,22.151299810374667,False,22.151299810374667,False,22.151299810374667,True,camera,vehicle,False,,False,0.0
67.50000000000044,solo,21.800785490103546,0,22.06919085129539,False,22.06919085129539,False,22.06919085129539,False,22.06919085129539,True,camera,vehicle,False,,False,0.0
67.60000000000043,solo,21.730793372445657,0,21.990253000559733,False,21.990253000559733,False,21.990253000559733,False,21.990253000559733,True,camera,vehicle,False,,False,0.0
67.70000000000043,solo,21.662742099396443,0,21.91440069569319,False,21.91440069569319,False,21.91440069569319,False,21.91440069569319,True,camera,vehicle,False,,False,0.0
67.80000000000042,solo,21.59667053396282,0,21.84154630451235,False,21.84154630451235,False,21.84154630451235,False,21.84154630451235,True,camera,vehicle,False,,False,0.0
67.90000000000042,solo,21.532604222543,0,21.771600755154964,False,21.771600755154964,False,21.771600755154964,False,21.771600755154964,True,camera,vehicle,False,,False,0.0
68.00000000000041,solo,21.470556840076075,0,21.704474099083313,False,21.704474099083313,False,21.704474099083313,False,21.704474099083313,True,camera,vehicle,False,,False,0.0
68.1000000000004,solo,21.410531531850133,0,21.640076011794008,False,21.640076011794008,False,21.640076011794008,False,21.640076011794008,True,camera,vehicle,False,,False,0.0
68.2000000000004,solo,21.3525221565132,0,21.578316235751686,False,21.578316235751686,False,21.578316235751686,False,21.578316235751686,True,camera,vehicle,False,,False,0.0
68.3000000000004,solo,21.29651443453731,0,21.519104969868522,False,21.519104969868522,False,21.519104969868522,False,21.519104969868522,True,camera,vehicle,False,,False,0.0
68.40000000000039,solo,21.242487006224568,0,21.462353209664684,False,21.462353209664684,False,21.462353209664684,False,21.462353209664684,True,camera,vehicle,False,,False,0.0
68.50000000000038,solo,21.19041240327483,0,21.40797304206353,False,21.40797304206353,False,21.40797304206353,False,21.40797304206353,True,camera,vehicle,False,,False,0.0
68.60000000000038,solo,21.140257937924652,0,21.3558778985971,False,21.3558778985971,False,21.3558778985971,False,21.3558778985971,True,camera,vehicle,False,,False,0.0
68.70000000000037,solo,21.091986513690692,0,21.305982770614605,False,21.305982770614605,False,21.305982770614605,False,21.305982770614605,True,camera,vehicle,False,,False,0.0
68.80000000000037,solo,21.045557361787132,0,21.258204389909906,False,21.258204389909906,False,21.258204389909906,False,21.258204389909906,True,camera,vehicle,False,,False,0.0
68.90000000000036,solo,21.00092670732145,0,21.212461377997215,False,21.212461377997215,False,21.212461377997215,False,21.212461377997215,True,camera,vehicle,False,,False,0.0
69.00000000000036,solo,20.95804836939448,0,21.16867436708253,False,21.16867436708253,False,21.16867436708253,False,21.16867436708253,True,camera,vehicle,False,,False,0.0
69.10000000000035,solo,20.91687429923213,0,21.12676609559344,False,21.12676609559344,False,21.12676609559344,False,21.12676609559344,True,camera,vehicle,False,,False,0.0
69.20000000000034,solo,20.877355060453514,0,21.086661480945736,False,21.086661480945736,False,21.086661480945736,False,21.086661480945736,True,camera,vehicle,False,,False,0.0
69.30000000000034,solo,20.839440255530732,0,21.048287672042875,False,21.048287672042875,False,21.048287672042875,False,21.048287672042875,True,camera,vehicle,False,,False,0.0
69.40000000000033,solo,20.803078902420076,0,21.01157408382437,False,21.01157408382437,False,21.01157408382437,False,21.01157408382437,True,camera,vehicle,False,,False,0.0
69.50000000000033,solo,20.768219765243437,0,20.976452416004804,False,20.976452416004804,False,20.976452416004804,False,20.976452416004804,True,camera,vehicle,False,,False,0.0
69.60000000000032,solo,20.734811642775217,0,20.94285665797281,False,20.94285665797281,False,20.94285665797281,False,20.94285665797281,True,camera,vehicle,False,,False,0.0
69.70000000000032,solo,20.70280361834662,0,20.910723081656215,False,20.910723081656215,False,20.910723081656215,False,20.910723081656215,True,camera,vehicle,False,,False,0.0
69.80000000000031,solo,20.672145274619094,0,20.87999022400072,False,20.87999022400072,False,20.87999022400072,False,20.87999022400072,True,camera,vehicle,False,,False,0.0
69.9000000000003,solo,20.642786876506005,0,20.85059886055876,False,20.85059886055876,False,20.85059886055876,False,20.85059886055876,True,camera,vehicle,False,,False,0.0
70.0000000000003,solo,20.61467952533883,0,20.822491971544764,False,20.822491971544764,False,20.822491971544764,False,20.822491971544764,True,camera,vehicle,False,,False,0.0
70.10000000000029,solo,20.58777528718585,0,20.795614701575232,False,20.795614701575232,False,20.795614701575232,False,20.795614701575232,True,camera,vehicle,False,,False,0.0
70.20000000000029,solo,20.56202729803911,0,20.76991431419026,False,20.76991431419026,False,20.76991431419026,False,20.76991431419026,True,camera,vehicle,False,,False,0.0
70.30000000000028,solo,20.537389848393527,0,20.745340142133273,False,20.745340142133273,False,20.745340142133273,False,20.745340142133273,True,camera,vehicle,False,,False,0.0
70.40000000000028,solo,20.513818449551664,0,20.721843534257687,False,20.721843534257687,False,20.721843534257687,False,20.721843534257687,True,camera,vehicle,False,,False,0.0
70.50000000000027,solo,20.491269883801632,0,20.699377799830586,False,20.699377799830586,False,20.699377799830586,False,20.699377799830586,True,camera,vehicle,False,,False,0.0
70.60000000000026,solo,20.469702240435314,0,20.67789815090964,False,20.67789815090964,False,20.67789815090964,False,20.67789815090964,True,camera,vehicle,False,,False,0.0
70.70000000000026,solo,20.449074939401086,0,20.657361643386025,False,20.657361643386025,False,20.657361643386025,False,20.657361643386025,True,camera,vehicle,False,,False,0.0
70.80000000000025,solo,20.42934874421996,0,20.637727117209806,False,20.637727117209806,False,20.637727117209806,False,20.637727117209806,True,camera,vehicle,False,,False,0.0
70.90000000000025,solo,20.410485765638406,0,20.618955136245518,False,20.618955136245518,False,20.618955136245518,False,20.618955136245518,True,camera,vehicle,False,,False,0.0
71.00000000000024,solo,20.39244945734438,0,20.601007928141485,False,20.601007928141485,False,20.601007928141485,False,20.601007928141485,True,camera,vehicle,False,,False,0.0
71.10000000000024,solo,20.375204604936357,0,20.58384932454146,False,20.58384932454146,False,20.58384932454146,False,20.58384932454146,True,camera,vehicle,False,,False,0.0
71.20000000000023,solo,20.358717309208068,0,20.567444701916543,False,20.567444701916543,False,20.567444701916543,False,20.567444701916543,True,camera,vehicle,False,,False,0.0
71.30000000000022,solo,20.34295496469441,0,20.5517609232503,False,20.5517609232503,False,20.5517609232503,False,20.5517609232503,True,camera,vehicle,False,,False,0.0
71.40000000000022,solo,20.32788623431624,0,20.536766280770053,False,20.536766280770053,False,20.536766280770053,False,20.536766280770053,True,camera,vehicle,False,,False,0.0
71.50000000000021,solo,20.313481020863097,0,20.522430439882328,False,20.522430439882328,False,20.522430439882328,False,20.522430439882328,True,camera,vehicle,False,,False,0.0
71.60000000000021,solo,20.29971043596332,0,20.508724384439347,False,20.508724384439347,False,20.508724384439347,False,20.508724384439347,True,camera,vehicle,False,,False,0.0
71.7000000000002,solo,20.286546767109453,0,20.495620363436274,False,20.495620363436274,False,20.495620363436274,False,20.495620363436274,True,camera,vehicle,False,,False,0.0
71.8000000000002,solo,20.27396344323365,0,20.483091839214694,False,20.483091839214694,False,20.483091839214694,False,20.483091839214694,True,camera,vehicle,False,,False,0.0
71.90000000000019,solo,20.26193499926136,0,20.47111343722804,False,20.47111343722804,False,20.47111343722804,False,20.47111343722804,True,camera,vehicle,False,,False,0.0
72.00000000000018,solo,20.250437040012635,0,20.459660897406252,False,20.459660897406252,False,20.459660897406252,False,20.459660897406252,True,camera,vehicle,False,,False,0.0
72.10000000000018,solo,20.239446203767393,0,20.448711027141258,False,20.448711027141258,False,20.448711027141258,False,20.448711027141258,True,camera,vehicle,False,,False,0.0
72.20000000000017,solo,20.22894012576392,0,20.438241655903653,False,20.438241655903653,False,20.438241655903653,False,20.438241655903653,True,camera,vehicle,False,,False,0.0
72.30000000000017,solo,20.218897401858314,0,20.428231591486224,False,20.428231591486224,False,20.428231591486224,False,20.428231591486224,True,camera,vehicle,False,,False,0.0
72.40000000000016,solo,20.209297552535528,0,20.418660577865694,False,20.418660577865694,False,20.418660577865694,False,20.418660577865694,True,camera,vehicle,False,,False,0.0
72.50000000000016,solo,20.200120987430548,0,20.409509254660406,False,20.409509254660406,False,20.409509254660406,False,20.409509254660406,True,camera,vehicle,False,,False,0.0
72.60000000000015,solo,20.19134897048947,0,20.400759118160977,False,20.400759118160977,False,20.400759118160977,False,20.400759118160977,True,camera,vehicle,False,,False,0.0
72.70000000000014,solo,20.182963585875726,0,20.392392483901176,False,20.392392483901176,False,20.392392483901176,False,20.392392483901176,True,camera,vehicle,False,,False,0.0
72.80000000000014,solo,20.1749477047049,0,20.38439245073414,False,20.38439245073414,False,20.38439245073414,False,20.38439245073414,True,camera,vehicle,False,,False,0.0
72.90000000000013,solo,20.16728495267278,0,20.376742866376503,False,20.376742866376503,False,20.376742866376503,False,20.376742866376503,True,camera,vehicle,False,,False,0.0
73.00000000000013,solo,20.159959678625455,0,20.369428294377713,False,20.369428294377713,False,20.369428294377713,False,20.369428294377713,True,camera,vehicle,False,,False,0.0
73.10000000000012,solo,20.152956924105855,0,20.362433982473476,False,20.362433982473476,False,20.362433982473476,False,20.362433982473476,True,camera,vehicle,False,,False,0.0
73.20000000000012,solo,20.14626239389981,0,20.35574583227742,False,20.35574583227742,False,20.35574583227742,False,20.35574583227742,True,camera,vehicle,False,,False,0.0
73.30000000000011,solo,20.139862427594178,0,20.349350370267416,False,20.349350370267416,False,20.349350370267416,False,20.349350370267416,True,camera,vehicle,False,,False,0.0
73.4000000000001,solo,20.133743972151272,0,20.34323472002029,False,20.34323472002029,False,20.34323472002029,False,20.34323472002029,True,camera,vehicle,False,,False,0.0
73.5000000000001,solo,20.127894555496663,0,20.337386575650385,False,20.337386575650385,False,20.337386575650385,False,20.337386575650385,True,camera,vehicle,False,,False,0.0
73.6000000000001,solo,20.12230226111142,0,20.331794176405538,False,20.331794176405538,False,20.331794176405538,False,20.331794176405538,True,camera,vehicle,False,,False,0.0
73.70000000000009,solo,20.116955703614934,0,20.326446282378015,False,20.326446282378015,False,20.326446282378015,False,20.326446282378015,True,camera,vehicle,False,,False,0.0
73.80000000000008,solo,20.111844005320602,0,20.32133215128397,False,20.32133215128397,False,20.32133215128397,False,20.32133215128397,True,camera,vehicle,False,,False,0.0
73.90000000000008,solo,20.106956773743278,0,20.3164415162704,False,20.3164415162704,False,20.3164415162704,False,20.3164415162704,True,camera,vehicle,False,,False,0.0
74.00000000000007,solo,20.10228408003499,0,20.311764564706777,False,20.311764564706777,False,20.311764564706777,False,20.311764564706777,True,camera,vehicle,False,,False,0.0
74.10000000000007,solo,20.09781643832346,0,20.307291917920452,False,20.307291917920452,False,20.307291917920452,False,20.307291917920452,True,camera,vehicle,False,,False,0.0
74.20000000000006,solo,20.093544785926472,0,20.303014611836034,False,20.303014611836034,False,20.303014611836034,False,20.303014611836034,True,camera,vehicle,False,,False,0.0
74.30000000000005,solo,20.089460464414188,0,20.298924078480468,False,20.298924078480468,False,20.298924078480468,False,20.298924078480468,True,camera,vehicle,False,,False,0.0
74.40000000000005,solo,20.085555201490823,0,20.295012128316216,False,20.295012128316216,False,20.295012128316216,False,20.295012128316216,True,camera,vehicle,False,,False,0.0
74.50000000000004,solo,20.08182109366672,0,20.29127093336683,False,20.29127093336683,False,20.29127093336683,False,20.29127093336683,True,camera,vehicle,False,,False,0.0
74.60000000000004,solo,20.078250589691784,0,20.287693011100487,False,20.287693011100487,False,20.287693011100487,False,20.287693011100487,True,camera,vehicle,False,,False,0.0
74.70000000000003,solo,20.074836474721515,0,20.284271209036774,False,20.284271209036774,False,20.284271209036774,False,20.284271209036774,True,camera,vehicle,False,,False,0.0
74.80000000000003,solo,20.07157185518672,0,20.28099869004666,False,20.28099869004666,False,20.28099869004666,False,20.28099869004666,True,camera,vehicle,False,,False,0.0
74.90000000000002,solo,20.068450144339035,0,20.27786891831329,False,20.27786891831329,False,20.27786891831329,False,20.27786891831329,True,camera,vehicle,False,,False,0.0
75.00000000000001,solo,20.065465048444484,0,20.274875645924226,False,20.274875645924226,False,20.274875645924226,False,20.274875645924226,True,camera,vehicle,False,,False,0.0
75.10000000000001,solo,20.062610553598002,0,20.272012900067352,False,20.272012900067352,False,20.272012900067352,False,20.272012900067352,True,camera,vehicle,False,,False,0.0
75.2,solo,20.059880913132822,0,20.269274970803053,False,20.269274970803053,False,20.269274970803053,False,20.269274970803053,True,camera,vehicle,False,,False,0.0
75.3,solo,20.057270635599057,0,20.26665639938585,False,20.26665639938585,False,20.26665639938585,False,20.26665639938585,True,camera,vehicle,False,,False,0.0
75.39999999999999,solo,20.054774473286827,0,20.26415196711207,False,20.26415196711207,False,20.26415196711207,False,20.26415196711207,True,camera,vehicle,False,,False,0.0
75.49999999999999,solo,20.052387411270036,0,20.261756684668512,False,20.261756684668512,False,20.261756684668512,False,20.261756684668512,True,camera,vehicle,False,,False,0.0
75.59999999999998,solo,20.05010465694776,0,20.25946578195976,False,20.25946578195976,False,20.25946578195976,False,20.25946578195976,True,camera,vehicle,False,,False,0.0
75.69999999999997,solo,20.047921630061026,0,20.25727469839262,False,20.25727469839262,False,20.25727469839262,False,20.25727469839262,True,camera,vehicle,False,,False,0.0
75.79999999999997,solo,20.045833953163665,0,20.255179073596423,False,20.255179073596423,False,20.255179073596423,False,20.255179073596423,True,camera,vehicle,False,,False,0.0
75.89999999999996,solo,20.043837442526726,0,20.253174738560006,False,20.253174738560006,False,20.253174738560006,False,20.253174738560006,True,camera,vehicle,False,,False,0.0
75.99999999999996,solo,20.041928099456797,0,20.251257707165564,False,20.251257707165564,False,20.251257707165564,False,20.251257707165564,True,camera,vehicle,False,,False,0.0
76.09999999999995,solo,20.040102102009357,0,20.24942416810245,False,20.24942416810245,False,20.24942416810245,False,20.24942416810245,True,camera,vehicle,False,,False,0.0
76.19999999999995,solo,20.038355797079138,0,20.247670477142037,False,20.247670477142037,False,20.247670477142037,False,20.247670477142037,True,camera,vehicle,False,,False,0.0
76.29999999999994,solo,20.036685692850142,0,20.245993149759215,False,20.245993149759215,False,20.245993149759215,False,20.245993149759215,True,camera,vehicle,False,,False,0.0
76.39999999999993,solo,20.035088451588948,0,20.244388854082786,False,20.244388854082786,False,20.244388854082786,False,20.244388854082786,True,camera,vehicle,False,,False,0.0
76.49999999999993,solo,20.03356088276533,0,20.242854404161335,False,20.242854404161335,False,20.242854404161335,False,20.242854404161335,True,camera,vehicle,False,,False,0.0
76.59999999999992,solo,20.032099936485235,0,20.24138675352947,False,20.24138675352947,False,20.24138675352947,False,20.24138675352947,True,camera,vehicle,False,,False,0.0
76.69999999999992,solo,20.030702697221695,0,20.239982989060877,False,20.239982989060877,False,20.239982989060877,False,20.239982989060877,True,camera,vehicle,False,,False,0.0
76.79999999999991,solo,20.029366377829877,0,20.23864032509539,False,20.23864032509539,False,20.23864032509539,False,20.23864032509539,True,camera,vehicle,False,,False,0.0
76.8999999999999,solo,20.028088313833212,0,20.237356097827387,False,20.237356097827387,False,20.237356097827387,False,20.237356097827387,True,camera,vehicle,False,,False,0.0
76.9999999999999,solo,20.02686595796802,0,20.23612775994411,False,20.23612775994411,False,20.23612775994411,False,20.23612775994411,True,camera,vehicle,False,,False,0.0
77.0999999999999,solo,20.0256968749748,0,20.234952875502245,False,20.234952875502245,False,20.234952875502245,False,20.234952875502245,True,camera,vehicle,False,,False,0.0
77.19999999999989,solo,20.024578736624708,0,20.233829115031767,False,20.233829115031767,False,20.233829115031767,False,20.233829115031767,True,camera,vehicle,False,,False,0.0
77.29999999999988,solo,20.02350931697042,0,20.23275425085785,False,20.23275425085785,False,20.23275425085785,False,20.23275425085785,True,camera,vehicle,False,,False,0.0
77.39999999999988,solo,20.022486487811044,0,20.23172615262945,False,20.23172615262945,False,20.23172615262945,False,20.23172615262945,True,camera,vehicle,False,,False,0.0
77.49999999999987,solo,20.02150821436123,0,20.23074278304648,False,20.23074278304648,False,20.23074278304648,False,20.23074278304648,True,camera,vehicle,False,,False,0.0
77.59999999999987,solo,20.020572551114977,0,20.22980219377655,False,20.22980219377655,False,20.22980219377655,False,20.22980219377655,True,camera,vehicle,False,,False,0.0
77.69999999999986,solo,20.01967763789541,0,20.228902521551845,False,20.228902521551845,False,20.228902521551845,False,20.228902521551845,True,camera,vehicle,False,,False,0.0
77.79999999999986,solo,20.018821696081773,0,20.228041984438846,False,20.228041984438846,False,20.228041984438846,False,20.228041984438846,True,camera,vehicle,False,,False,0.0
77.89999999999985,solo,20.018003025005584,0,20.227218878273106,False,20.227218878273106,False,20.227218878273106,False,20.227218878273106,True,camera,vehicle,False,,False,0.0
77.99999999999984,solo,20.01721999850824,0,20.226431573251602,False,20.226431573251602,False,20.226431573251602,False,20.226431573251602,True,camera,vehicle,False,,False,0.0
78.09999999999984,solo,20.016471061652688,0,20.225678510674925,False,20.225678510674925,False,20.225678510674925,False,20.225678510674925,True,camera,vehicle,False,,False,0.0
78.19999999999983,solo,20.01575472758201,0,20.224958199833964,False,20.224958199833964,False,20.224958199833964,False,20.224958199833964,True,camera,vehicle,False,,False,0.0
78.29999999999983,solo,20.015069574518378,0,20.224269215033473,False,20.224269215033473,False,20.224269215033473,False,20.224269215033473,True,camera,vehicle,False,,False,0.0
78.39999999999982,solo,20.014414242895892,0,20.223610192746605,False,20.223610192746605,False,20.223610192746605,False,20.223610192746605,True,camera,vehicle,False,,False,0.0
78.49999999999982,solo,20.013787432621154,0,20.222979828895518,False,20.222979828895518,False,20.222979828895518,False,20.222979828895518,True,camera,vehicle,False,,False,0.0
78.59999999999981,solo,20.013187900455968,0,20.222376876250564,False,20.222376876250564,False,20.222376876250564,False,20.222376876250564,True,camera,vehicle,False,,False,0.0
78.6999999999998,solo,20.01261445751634,0,20.22180014194521,False,20.22180014194521,False,20.22180014194521,False,20.22180014194521,True,camera,vehicle,False,,False,0.0
78.7999999999998,solo,20.0120659668828,0,20.221248485099068,False,20.221248485099068,False,20.221248485099068,False,20.221248485099068,True,camera,vehicle,False,,False,0.0
78.89999999999979,solo,20.011541341316793,0,20.220720814546212,False,20.220720814546212,False,20.220720814546212,False,20.220720814546212,True,camera,vehicle,False,,False,0.0
78.99999999999979,solo,20.011039541078425,0,20.22021608666296,False,20.22021608666296,False,20.22021608666296,False,20.22021608666296,True,camera,vehicle,False,,False,0.0
79.09999999999978,solo,20.010559571841014,0,20.219733303291036,False,20.219733303291036,False,20.219733303291036,False,20.219733303291036,True,camera,vehicle,False,,False,0.0
79.19999999999978,solo,20.01010048269803,0,20.219271509752048,False,20.219271509752048,False,20.219271509752048,False,20.219271509752048,True,camera,vehicle,False,,False,0.0
79.29999999999977,solo,20.009661364258264,0,20.218829792948895,False,20.218829792948895,False,20.218829792948895,False,20.218829792948895,True,camera,vehicle,False,,False,0.0
79.39999999999976,solo,20.00924134682532,0,20.218407279550775,False,20.218407279550775,False,20.218407279550775,False,20.218407279550775,True,camera,vehicle,False,,False,0.0
79.49999999999976,solo,20.00883959865758,0,20.2180031342574,False,20.2180031342574,False,20.2180031342574,False,20.2180031342574,True,camera,vehicle,False,,False,0.0
79.59999999999975,solo,20.00845532430504,0,20.21761655813941,False,20.21761655813941,False,20.21761655813941,False,20.21761655813941,True,camera,vehicle,False,,False,0.0
79.69999999999975,solo,20.008087763019592,0,20.217246787051522,False,20.217246787051522,False,20.217246787051522,False,20.217246787051522,True,camera,vehicle,False,,False,0.0
79.79999999999974,solo,20.007736187235448,0,20.21689309011549,False,20.21689309011549,False,20.21689309011549,False,20.21689309011549,True,camera,vehicle,False,,False,0.0
79.89999999999974,solo,20.00739990111661,0,19.94779398364301,False,19.94779398364301,False,19.94779398364301,False,19.94779398364301,True,camera,roundabout_giveway,False,,False,0.0
79.99999999999973,solo,19.975117018334117,0,19.054104765459442,False,19.054104765459442,False,19.054104765459442,False,19.054104765459442,True,camera,roundabout_giveway,False,,False,0.0
80.09999999999972,solo,19.841442028488263,0,18.164125037644908,False,18.164125037644908,False,18.164125037644908,False,18.164125037644908,True,camera,roundabout_giveway,False,,False,0.0
80.19999999999972,solo,19.620845814455272,0,17.282063979779423,False,17.282063979779423,False,17.282063979779423,False,17.282063979779423,True,camera,roundabout_giveway,False,,False,0.0
80.29999999999971,solo,19.324238180330454,0,16.41156346232799,False,16.41156346232799,False,16.41156346232799,False,16.41156346232799,True,camera,roundabout_giveway,False,,False,0.0
80.39999999999971,solo,18.960107333676408,0,15.555831771398857,False,15.555831771398857,False,15.555831771398857,False,15.555831771398857,True,camera,roundabout_giveway,False,,False,0.0
80.4999999999997,solo,18.535243771840786,0,14.717735683488286,False,14.717735683488286,False,14.717735683488286,False,14.717735683488286,True,camera,roundabout_giveway,False,,False,0.0
80.5999999999997,solo,18.055224848061584,0,13.899865528896271,False,13.899865528896271,False,13.899865528896271,False,13.899865528896271,True,camera,roundabout_giveway,False,,False,0.0
80.69999999999969,solo,17.52475582174607,0,13.104581800964752,False,13.104581800964752,False,13.104581800964752,False,13.104581800964752,True,camera,roundabout_giveway,False,,False,0.0
80.79999999999968,solo,16.94792291979033,0,12.334048485733888,False,12.334048485733888,False,12.334048485733888,False,12.334048485733888,True,camera,roundabout_giveway,False,,False,0.0
80.89999999999968,solo,16.328392690900287,0,11.590256279203686,False,11.590256279203686,False,11.590256279203686,False,11.590256279203686,True,camera,roundabout_giveway,False,,False,0.0
80.99999999999967,solo,15.669580349651566,0,10.875037585801238,False,10.875037585801238,False,10.875037585801238,False,10.875037585801238,True,camera,roundabout_giveway,False,,False,0.0
81.09999999999967,solo,14.974803437647006,0,10.190074319387577,False,10.190074319387577,False,10.190074319387577,False,10.190074319387577,True,camera,roundabout_giveway,False,,False,0.0
81.19999999999966,solo,14.247433726888035,0,9.53689887428584,False,9.53689887428584,False,9.53689887428584,False,9.53689887428584,True,camera,roundabout_giveway,False,,False,0.0
81.29999999999966,solo,13.49105860118579,0,8.916888093768762,False,8.916888093768762,False,8.916888093768762,False,8.916888093768762,True,camera,roundabout_giveway,False,,False,0.0
81.39999999999965,solo,12.709662301761814,0,8.33124958014605,False,8.33124958014605,False,8.33124958014605,False,8.33124958014605,True,camera,roundabout_giveway,False,,False,0.0
81.49999999999964,solo,11.907836493768642,0,7.780999247068394,False,7.780999247068394,False,7.780999247068394,False,7.780999247068394,True,camera,roundabout_giveway,False,,False,0.0
81.59999999999964,solo,11.091027176782543,0,7.266928646304223,False,7.266928646304223,False,7.266928646304223,False,7.266928646304223,True,camera,roundabout_giveway,False,,False,0.0
81.69999999999963,solo,10.265818440972739,0,6.789560433056181,False,6.789560433056181,False,6.789560433056181,False,6.789560433056181,True,camera,roundabout_giveway,False,,False,0.0
81.79999999999963,solo,9.440238280943651,0,6.349090653207895,False,6.349090653207895,False,6.349090653207895,False,6.349090653207895,True,camera,roundabout_giveway,False,,False,0.0
81.89999999999962,solo,8.624039861035158,0,5.945317908178367,False,5.945317908178367,False,5.945317908178367,False,5.945317908178367,True,camera,roundabout_giveway,False,,False,0.0
81.99999999999962,solo,7.8288528400206765,0,5.577562850524373,False,5.577562850524373,False,5.577562850524373,False,5.577562850524373,True,camera,roundabout_giveway,False,,False,0.0
82.09999999999961,solo,7.068006879117662,0,5.244588242082159,False,5.244588242082159,False,5.244588242082159,False,5.244588242082159,True,camera,roundabout_giveway,False,,False,0.0
82.1999999999996,solo,6.355722896283406,0,4.944541034142389,False,4.944541034142389,False,4.944541034142389,False,4.944541034142389,True,camera,roundabout_giveway,False,,False,0.0
82.2999999999996,solo,5.70534272325626,0,4.674952095414483,False,4.674952095414483,False,4.674952095414483,False,4.674952095414483,True,camera,roundabout_giveway,False,,False,0.0
82.3999999999996,solo,5.126544793330198,0,4.432837745643724,False,4.432837745643724,False,4.432837745643724,False,4.432837745643724,True,camera,roundabout_giveway,False,,False,0.0
82.49999999999959,solo,4.622301411449133,0,4.214931535274445,False,4.214931535274445,False,4.214931535274445,False,4.214931535274445,True,camera,roundabout_giveway,False,,False,0.0
82.59999999999958,solo,4.187380955087609,0,4.018017515017618,False,4.018017515017618,False,4.018017515017618,False,4.018017515017618,True,camera,roundabout_giveway,False,,False,0.0
82.69999999999958,solo,3.8101547352042897,0,3.8392565972682178,False,3.8392565972682178,False,3.8392565972682178,False,3.8392565972682178,True,camera,roundabout_giveway,False,,False,0.0
82.79999999999957,solo,3.4772207674176383,0,29.873449964660153,False,29.873449964660153,False,29.873449964660153,False,29.873449964660153,True,camera,vehicle,False,,False,0.0
82.89999999999957,solo,3.924608025828519,0,30.60208428747353,False,30.60208428747353,False,30.60208428747353,False,30.60208428747353,True,camera,vehicle,False,,False,0.0
82.99999999999956,solo,4.371995284239399,0,31.310718610286926,False,31.310718610286926,False,31.310718610286926,False,31.310718610286926,True,camera,vehicle,False,,False,0.0
83.09999999999955,solo,4.81938254265028,0,31.99935293310034,False,31.99935293310034,False,31.99935293310034,False,31.99935293310034,True,camera,vehicle,False,,False,0.0
83.19999999999955,solo,5.2667698010611605,0,32.66798725591377,False,32.66798725591377,False,32.66798725591377,False,32.66798725591377,True,camera,vehicle,False,,False,0.0
83.29999999999954,solo,5.714157059472042,0,33.31662157872711,False,33.31662157872711,False,33.31662157872711,False,33.31662157872711,True,camera,vehicle,False,,False,0.0
83.39999999999954,solo,6.161544317882923,0,33.94525590154046,False,33.94525590154046,False,33.94525590154046,False,33.94525590154046,True,camera,vehicle,False,,False,0.0
83.49999999999953,solo,6.608931576293804,0,34.553890224353836,False,34.553890224353836,False,34.553890224353836,False,34.553890224353836,True,camera,vehicle,False,,False,0.0
83.59999999999953,solo,7.056318834704684,0,35.14252454716723,False,35.14252454716723,False,35.14252454716723,False,35.14252454716723,True,camera,vehicle,False,,False,0.0
83.69999999999952,solo,7.503706093115565,0,35.711158869980636,False,35.711158869980636,False,35.711158869980636,False,35.711158869980636,True,camera,vehicle,False,,False,0.0
83.79999999999951,solo,7.951093351526446,0,36.25979319279406,False,36.25979319279406,False,36.25979319279406,False,36.25979319279406,True,camera,vehicle,False,,False,0.0
83.89999999999951,solo,8.398480609937327,0,36.78842751560751,False,36.78842751560751,False,36.78842751560751,False,36.78842751560751,True,camera,vehicle,False,,False,0.0
83.9999999999995,solo,8.845867868348208,0,37.29706183842086,False,37.29706183842086,False,37.29706183842086,False,37.29706183842086,True,camera,vehicle,False,,False,0.0
84.0999999999995,solo,9.293255126759089,0,37.78569616123423,False,37.78569616123423,False,37.78569616123423,False,37.78569616123423,True,camera,vehicle,False,,False,0.0
84.19999999999949,solo,9.74064238516997,0,38.254330484047614,False,38.254330484047614,False,38.254330484047614,False,38.254330484047614,True,camera,vehicle,False,,False,0.0
84.29999999999949,solo,10.188029643580851,0,38.70296480686102,False,38.70296480686102,False,38.70296480686102,False,38.70296480686102,True,camera,vehicle,False,,False,0.0
84.39999999999948,solo,10.635416901991732,0,39.13159912967444,False,39.13159912967444,False,39.13159912967444,False,39.13159912967444,True,camera,vehicle,False,,False,0.0
84.49999999999947,solo,11.082804160402612,0,39.54023345248788,False,39.54023345248788,False,39.54023345248788,False,39.54023345248788,True,camera,vehicle,False,,False,0.0
84.59999999999947,solo,11.530191418813493,0,39.92886777530123,False,39.92886777530123,False,39.92886777530123,False,39.92886777530123,True,camera,vehicle,False,,False,0.0
84.69999999999946,solo,11.977578677224374,0,40.29750209811459,False,40.29750209811459,False,40.29750209811459,False,40.29750209811459,True,camera,vehicle,False,,False,0.0
84.79999999999946,solo,12.424965935635255,0,40.646136420927974,False,40.646136420927974,False,40.646136420927974,False,40.646136420927974,True,camera,vehicle,False,,False,0.0
84.89999999999945,solo,12.872353194046136,0,40.974770743741374,False,40.974770743741374,False,40.974770743741374,False,40.974770743741374,True,camera,vehicle,False,,False,0.0
84.99999999999945,solo,13.319740452457017,0,41.28340506655479,False,41.28340506655479,False,41.28340506655479,False,41.28340506655479,True,camera,vehicle,False,,False,0.0
85.09999999999944,solo,13.767127710867898,0,41.57203938936823,False,41.57203938936823,False,41.57203938936823,False,41.57203938936823,True,camera,vehicle,False,,False,0.0
85.19999999999943,solo,14.214514969278778,0,41.84067371218157,False,41.84067371218157,False,41.84067371218157,False,41.84067371218157,True,camera,vehicle,False,,False,0.0
85.29999999999943,solo,14.661902227689659,0,42.08930803499493,False,42.08930803499493,False,42.08930803499493,False,42.08930803499493,True,camera,vehicle,False,,False,0.0
85.39999999999942,solo,15.10928948610054,0,42.317942357808306,False,42.317942357808306,False,42.317942357808306,False,42.317942357808306,True,camera,vehicle,False,,False,0.0
85.49999999999942,solo,15.556676744511421,0,42.5265766806217,False,42.5265766806217,False,42.5265766806217,False,42.5265766806217,True,camera,vehicle,False,,False,0.0
85.59999999999941,solo,16.004064002922302,0,42.715211003435115,False,42.715211003435115,False,42.715211003435115,False,42.715211003435115,True,camera,vehicle,False,,False,0.0
85.6999999999994,solo,16.451451261333183,0,42.88384532624855,False,42.88384532624855,False,42.88384532624855,False,42.88384532624855,True,camera,vehicle,False,,False,0.0
85.7999999999994,solo,16.898838519744064,0,43.032479649061884,False,43.032479649061884,False,43.032479649061884,False,43.032479649061884,True,camera,vehicle,False,,False,0.0
85.8999999999994,solo,17.346225778154945,0,43.16111397187524,False,43.16111397187524,False,43.16111397187524,False,43.16111397187524,True,camera,vehicle,False,,False,0.0
85.99999999999939,solo,17.793613036565826,0,43.26974829468861,False,43.26974829468861,False,43.26974829468861,False,43.26974829468861,True,camera,vehicle,False,,False,0.0
86.09999999999938,solo,18.241000294976704,0,43.358382617502,False,43.358382617502,False,43.358382617502,False,43.358382617502,True,camera,vehicle,False,,False,0.0
86.19999999999938,solo,18.68838755338758,0,43.42701694031541,False,43.42701694031541,False,43.42701694031541,False,43.42701694031541,True,camera,vehicle,False,,False,0.0
86.29999999999937,solo,19.135774811798463,0,43.47565126312884,False,43.47565126312884,False,43.47565126312884,False,43.47565126312884,True,camera,vehicle,False,,False,0.0
86.39999999999937,solo,19.58316207020934,0,43.504285585942284,False,43.504285585942284,False,43.504285585942284,False,43.504285585942284,True,camera,vehicle,False,,False,0.0
86.49999999999936,solo,20.030549328620218,0,43.512919908755634,False,43.512919908755634,False,43.512919908755634,False,43.512919908755634,True,camera,vehicle,False,,False,0.0
86.59999999999935,solo,20.4779365870311,0,43.501554231569,False,43.501554231569,False,43.501554231569,False,43.501554231569,True,camera,vehicle,False,,False,0.0
86.69999999999935,solo,20.925323845441977,0,43.47018855438239,False,43.47018855438239,False,43.47018855438239,False,43.47018855438239,True,camera,vehicle,False,,False,0.0
86.79999999999934,solo,21.372711103852858,0,43.418822877195794,False,43.418822877195794,False,43.418822877195794,False,43.418822877195794,True,camera,vehicle,False,,False,0.0
86.89999999999934,solo,21.820098362263735,0,43.34745720000922,False,43.34745720000922,False,43.34745720000922,False,43.34745720000922,True,camera,vehicle,False,,False,0.0
86.99999999999933,solo,22.267485620674613,0,43.25609152282266,False,43.25609152282266,False,43.25609152282266,False,43.25609152282266,True,camera,vehicle,False,,False,0.0
87.09999999999933,solo,22.714872879085494,0,43.144725845636,False,43.144725845636,False,43.144725845636,False,43.144725845636,True,camera,vehicle,False,,False,0.0
87.19999999999932,solo,23.16226013749637,0,43.01336016844937,False,43.01336016844937,False,43.01336016844937,False,43.01336016844937,True,camera,vehicle,False,,False,0.0
87.29999999999932,solo,23.60964739590725,0,42.86199449126275,False,42.86199449126275,False,42.86199449126275,False,42.86199449126275,True,camera,vehicle,False,,False,0.0
87.39999999999931,solo,24.05703465431813,0,42.69062881407615,False,42.69062881407615,False,42.69062881407615,False,42.69062881407615,True,camera,vehicle,False,,False,0.0
87.4999999999993,solo,24.504421912729008,0,42.49926313688957,False,42.49926313688957,False,42.49926313688957,False,42.49926313688957,True,camera,vehicle,False,,False,0.0
87.5999999999993,solo,24.95180917113989,0,42.287897459703004,False,42.287897459703004,False,42.287897459703004,False,42.287897459703004,True,camera,vehicle,False,,False,0.0
87.69999999999929,solo,25.399196429550766,0,42.056531782516345,False,42.056531782516345,False,42.056531782516345,False,42.056531782516345,True,camera,vehicle,False,,False,0.0
87.79999999999929,solo,25.846583687961644,0,41.805166105329704,False,41.805166105329704,False,41.805166105329704,False,41.805166105329704,True,camera,vehicle,False,,False,0.0
87.89999999999928,solo,26.293970946372525,0,41.53380042814308,False,41.53380042814308,False,41.53380042814308,False,41.53380042814308,True,camera,vehicle,False,,False,0.0
87.99999999999928,solo,26.741358204783403,0,41.24243475095648,False,41.24243475095648,False,41.24243475095648,False,41.24243475095648,True,camera,vehicle,False,,False,0.0
88.09999999999927,solo,27.18874546319428,0,40.93106907376989,False,40.93106907376989,False,40.93106907376989,False,40.93106907376989,True,camera,vehicle,False,,False,0.0
88.19999999999926,solo,27.63613272160516,0,40.59970339658332,False,40.59970339658332,False,40.59970339658332,False,40.59970339658332,True,camera,vehicle,False,,False,0.0
88.29999999999926,solo,28.08351998001604,0,40.24833771939677,False,40.24833771939677,False,40.24833771939677,False,40.24833771939677,True,camera,vehicle,False,,False,0.0
88.39999999999925,solo,28.530907238426916,0,39.87697204221013,False,39.87697204221013,False,39.87697204221013,False,39.87697204221013,True,camera,vehicle,False,,False,0.0
88.49999999999925,solo,28.978294496837798,0,39.4856063650235,False,39.4856063650235,False,39.4856063650235,False,39.4856063650235,True,camera,vehicle,False,,False,0.0
88.59999999999924,solo,29.425681755248675,0,39.07424068783689,False,39.07424068783689,False,39.07424068783689,False,39.07424068783689,True,camera,vehicle,False,,False,0.0
88.69999999999924,solo,29.873069013659556,0,38.6428750106503,False,38.6428750106503,False,38.6428750106503,False,38.6428750106503,True,camera,vehicle,False,,False,0.0
88.79999999999923,solo,30.0,0,38.19867217205706,False,38.19867217205706,False,38.19867217205706,False,38.19867217205706,True,camera,vehicle,False,,False,0.0
88.89999999999922,solo,30.0,0,37.75163217205704,False,37.75163217205704,False,37.75163217205704,False,37.75163217205704,True,camera,vehicle,False,,False,0.0
88.99999999999922,solo,30.0,0,37.30459217205703,False,37.30459217205703,False,37.30459217205703,False,37.30459217205703,True,camera,vehicle,False,,False,0.0
89.09999999999921,solo,30.0,0,36.85755217205701,False,36.85755217205701,False,36.85755217205701,False,36.85755217205701,True,camera,vehicle,False,,False,0.0
89.1999999999992,solo,30.0,0,36.410512172057,False,36.410512172057,False,36.410512172057,False,36.410512172057,True,camera,vehicle,False,,False,0.0
89.2999999999992,solo,30.0,0,35.96347217205698,False,35.96347217205698,False,35.96347217205698,False,35.96347217205698,True,camera,vehicle,False,,False,0.0
89.3999999999992,solo,29.984570947770422,0,35.516777042232434,False,35.516777042232434,False,35.516777042232434,False,35.516777042232434,True,camera,vehicle,False,,False,0.0
89.49999999999919,solo,29.945006257978942,0,35.07131113252956,False,35.07131113252956,False,35.07131113252956,False,35.07131113252956,True,camera,vehicle,False,,False,0.0
89.59999999999918,solo,29.88379091929055,0,34.62809785802324,False,34.62809785802324,False,34.62809785802324,False,34.62809785802324,True,camera,vehicle,False,,False,0.0
89.69999999999918,solo,29.803133109842122,0,34.1880557321241,False,34.1880557321241,False,34.1880557321241,False,34.1880557321241,True,camera,vehicle,False,,False,0.0
89.79999999999917,solo,29.705010710045137,0,33.75200970146204,False,33.75200970146204,False,33.75200970146204,False,33.75200970146204,True,camera,vehicle,False,,False,0.0
89.89999999999917,solo,29.59120820997254,0,33.320700616161844,False,33.320700616161844,False,33.320700616161844,False,33.320700616161844,True,camera,vehicle,False,,False,0.0
89.99999999999916,solo,29.463346272330135,0,32.89479321437341,False,32.89479321437341,False,32.89479321437341,False,32.89479321437341,True,camera,vehicle,False,,False,0.0
90.09999999999916,solo,29.322905605447257,0,32.47488291240131,False,32.47488291240131,False,32.47488291240131,False,32.47488291240131,True,camera,vehicle,False,,False,0.0
90.19999999999915,solo,29.17124637445173,0,32.061501627346615,False,32.061501627346615,False,32.061501627346615,False,32.061501627346615,True,camera,vehicle,False,,False,0.0
90.29999999999914,solo,29.00962407455846,0,31.655122811070328,False,31.655122811070328,False,31.655122811070328,False,31.655122811070328,True,camera,vehicle,False,,False,0.0
90.39999999999914,solo,28.83920257021572,0,31.256165837906337,False,31.256165837906337,False,31.256165837906337,False,31.256165837906337,True,camera,vehicle,False,,False,0.0
90.49999999999913,solo,28.661064842487882,0,30.864999860697594,False,30.864999860697594,False,30.864999860697594,False,30.864999860697594,True,camera,vehicle,False,,False,0.0
90.59999999999913,solo,28.47622186745788,0,30.48194722815697,False,30.48194722815697,False,30.48194722815697,False,30.48194722815697,True,camera,vehicle,False,,False,0.0
90.69999999999912,solo,28.285619958900686,0,30.107286539654183,False,30.107286539654183,False,30.107286539654183,False,30.107286539654183,True,camera,vehicle,False,,False,0.0
90.79999999999912,solo,28.09014684085224,0,29.741255400146088,False,29.741255400146088,False,29.741255400146088,False,29.741255400146088,True,camera,vehicle,False,,False,0.0
90.89999999999911,solo,27.890636664210497,0,29.384052927240987,False,29.384052927240987,False,29.384052927240987,False,29.384052927240987,True,camera,vehicle,False,,False,0.0
90.9999999999991,solo,27.687874142025336,0,29.03584205369998,False,29.03584205369998,False,29.03584205369998,False,29.03584205369998,True,camera,vehicle,False,,False,0.0
91.0999999999991,solo,27.482597947664107,0,28.696751661551275,False,28.696751661551275,False,28.696751661551275,False,28.696751661551275,True,camera,vehicle,False,,False,0.0
91.1999999999991,solo,27.275503496374235,0,28.366878578074193,False,28.366878578074193,False,28.366878578074193,False,28.366878578074193,True,camera,vehicle,False,,False,0.0
91.29999999999909,solo,27.067245212260726,0,28.04628945893876,False,28.04628945893876,False,28.04628945893876,False,28.04628945893876,True,camera,vehicle,False,,False,0.0
91.39999999999908,solo,26.85843836811618,0,27.73502257955022,False,27.73502257955022,False,27.73502257955022,False,27.73502257955022,True,camera,vehicle,False,,False,0.0
91.49999999999908,solo,26.649660573936483,0,27.433089551997455,False,27.433089551997455,False,27.433089551997455,False,27.433089551997455,True,camera,vehicle,False,,False,0.0
91.59999999999907,solo,26.441452980596203,0,27.140476981826623,False,27.140476981826623,False,27.140476981826623,False,27.140476981826623,True,camera,vehicle,False,,False,0.0
91.69999999999906,solo,26.234321257472512,0,26.857148076057342,False,26.857148076057342,False,26.857148076057342,False,26.857148076057342,True,camera,vehicle,False,,False,0.0
91.79999999999906,solo,26.028736396348215,0,26.58304421137916,False,26.58304421137916,False,26.58304421137916,False,26.58304421137916,True,camera,vehicle,False,,False,0.0
91.89999999999905,solo,25.825135388340303,0,26.318086469247874,False,26.318086469247874,False,26.318086469247874,False,26.318086469247874,True,camera,vehicle,False,,False,0.0
91.99999999999905,solo,25.623921815615468,0,26.062177142625046,False,26.062177142625046,False,26.062177142625046,False,26.062177142625046,True,camera,vehicle,False,,False,0.0
92.09999999999904,solo,25.425466395056358,0,25.81520121734013,False,25.81520121734013,False,25.81520121734013,False,25.81520121734013,True,camera,vehicle,False,,False,0.0
92.19999999999904,solo,25.230107506673793,0,25.577027829488657,False,25.577027829488657,False,25.577027829488657,False,25.577027829488657,True,camera,vehicle,False,,False,0.0
92.29999999999903,solo,25.03815173530916,0,25.34751169891183,False,25.34751169891183,False,25.34751169891183,False,25.34751169891183,True,camera,vehicle,False,,False,0.0
92.39999999999903,solo,24.849874449968034,0,25.126494537618555,False,25.126494537618555,False,25.126494537618555,False,25.126494537618555,True,camera,vehicle,False,,False,0.0
92.49999999999902,solo,24.665520440934994,0,24.913806431017065,False,24.913806431017065,False,24.913806431017065,False,24.913806431017065,True,camera,vehicle,False,,False,0.0
92.59999999999901,solo,24.485304630638453,0,24.709267189017282,False,24.709267189017282,False,24.709267189017282,False,24.709267189017282,True,camera,vehicle,False,,False,0.0
92.69999999999901,solo,24.309412870085172,0,24.51268766344117,False,24.51268766344117,False,24.51268766344117,False,24.51268766344117,True,camera,vehicle,False,,False,0.0
92.799999999999,solo,24.138002828610432,0,24.323871027743962,False,24.323871027743962,False,24.323871027743962,False,24.323871027743962,True,camera,vehicle,False,,False,0.0
92.899999999999,solo,23.971204980751402,0,24.14261401478916,False,24.14261401478916,False,24.14261401478916,False,24.14261401478916,True,camera,vehicle,False,,False,0.0
92.99999999999899,solo,23.80912369031518,0,23.968708108333544,False,23.968708108333544,False,23.968708108333544,False,23.968708108333544,True,camera,vehicle,False,,False,0.0
93.09999999999899,solo,23.65183838825218,0,23.80194068395349,False,23.80194068395349,False,23.80194068395349,False,23.80194068395349,True,camera,vehicle,False,,False,0.0
93.19999999999898,solo,23.499404837828727,0,23.642096095364195,False,23.642096095364195,False,23.642096095364195,False,23.642096095364195,True,camera,vehicle,False,,False,0.0
93.29999999999897,solo,23.351856477883075,0,23.488956702435416,False,23.488956702435416,False,23.488956702435416,False,23.488956702435416,True,camera,vehicle,False,,False,0.0
93.39999999999897,solo,23.209205832696533,0,23.34230383766942,False,23.34230383766942,False,23.34230383766942,False,23.34230383766942,True,camera,vehicle,False,,False,0.0
93.49999999999896,solo,23.071445975251983,0,23.20191870845815,False,23.20191870845815,False,23.20191870845815,False,23.20191870845815,True,camera,vehicle,False,,False,0.0
93.59999999999896,solo,22.938552029404207,0,23.067583233058144,False,23.067583233058144,False,23.067583233058144,False,23.067583233058144,True,camera,vehicle,False,,False,0.0
93.69999999999895,solo,22.810482695750423,0,22.9390808088815,False,22.9390808088815,False,22.9390808088815,False,22.9390808088815,True,camera,vehicle,False,,False,0.0
93.79999999999895,solo,22.687181785747825,0,22.816197012391058,False,22.816197012391058,False,22.816197012391058,False,22.816197012391058,True,camera,vehicle,False,,False,0.0
93.89999999999894,solo,22.56857974884438,0,22.698720230569847,False,22.698720230569847,False,22.698720230569847,False,22.698720230569847,True,camera,vehicle,False,,False,0.0
93.99999999999893,solo,22.454595178021506,0,22.586442224604525,False,22.586442224604525,False,22.586442224604525,False,22.586442224604525,True,camera,vehicle,False,,False,0.0
94.09999999999893,solo,22.345136280134653,0,22.479158627051902,False,22.479158627051902,False,22.479158627051902,False,22.479158627051902,True,camera,vehicle,False,,False,0.0
94.19999999999892,solo,22.24010229871391,0,22.376669374337553,False,22.376669374337553,False,22.376669374337553,False,22.376669374337553,True,camera,vehicle,False,,False,0.0
94.29999999999892,solo,22.139384878381822,0,22.278779076955175,False,22.278779076955175,False,22.278779076955175,False,22.278779076955175,True,camera,vehicle,False,,False,0.0
94.39999999999891,solo,22.04286936168959,0,22.18529733018113,False,22.18529733018113,False,22.18529733018113,False,22.18529733018113,True,camera,vehicle,False,,False,0.0
94.4999999999989,solo,21.950436010898038,0,22.096038968493076,False,22.096038968493076,False,22.096038968493076,False,22.096038968493076,True,camera,vehicle,False,,False,0.0
94.5999999999989,solo,21.861961148973524,0,22.01082426717562,False,22.01082426717562,False,22.01082426717562,False,22.01082426717562,True,camera,vehicle,False,,False,0.0
94.6999999999989,solo,21.777318215777207,0,21.929479094814724,False,21.929479094814724,False,21.929479094814724,False,21.929479094814724,True,camera,vehicle,False,,False,0.0
94.79999999999889,solo,21.696378737051095,0,21.851835020525186,False,21.851835020525186,False,21.851835020525186,False,21.851835020525186,True,camera,vehicle,False,,False,0.0
94.89999999999888,solo,21.61901320531001,0,21.777729379829452,False,21.777729379829452,False,21.777729379829452,False,21.777729379829452,True,camera,vehicle,False,,False,0.0
94.99999999999888,solo,21.5450918731067,0,21.707005303116603,False,21.707005303116603,False,21.707005303116603,False,21.707005303116603,True,camera,vehicle,False,,False,0.0
95.09999999999887,solo,21.474485460329735,0,21.639511710559646,False,21.639511710559646,False,21.639511710559646,False,21.639511710559646,True,camera,vehicle,False,,False,0.0
95.19999999999887,solo,21.40706577821021,0,21.57510327727573,False,21.57510327727573,False,21.57510327727573,False,21.57510327727573,True,camera,vehicle,False,,False,0.0
95.29999999999886,solo,21.342706273551148,0,21.513640372374766,False,21.513640372374766,False,21.513640372374766,False,21.513640372374766,True,camera,vehicle,False,,False,0.0
95.39999999999885,solo,21.28128249735672,0,21.45498897536754,False,21.45498897536754,False,21.45498897536754,False,21.45498897536754,True,camera,vehicle,False,,False,0.0
95.49999999999885,solo,21.222672502535186,0,21.39902057321001,False,21.39902057321001,False,21.39902057321001,False,21.39902057321001,True,camera,vehicle,False,,False,0.0
95.59999999999884,solo,21.16675717569275,0,21.345612041042386,False,21.345612041042386,False,21.345612041042386,False,21.345612041042386,True,camera,vehicle,False,,False,0.0
95.69999999999884,solo,21.11342050824051,0,21.29464550945113,False,21.29464550945113,False,21.29464550945113,False,21.29464550945113,True,camera,vehicle,False,,False,0.0
95.79999999999883,solo,21.062549812119304,0,21.2460082208504,False,21.2460082208504,False,21.2460082208504,False,21.2460082208504,True,camera,vehicle,False,,False,0.0
95.89999999999883,solo,21.01403588542626,0,21.19959237733883,False,21.19959237733883,False,21.19959237733883,False,21.19959237733883,True,camera,vehicle,False,,False,0.0
95.99999999999882,solo,20.96777313311817,0,21.15529498215642,False,21.15529498215642,False,21.15529498215642,False,21.15529498215642,True,camera,vehicle,False,,False,0.0
96.09999999999881,solo,20.92365964778811,0,21.113017676637583,False,21.113017676637583,False,21.113017676637583,False,21.113017676637583,True,camera,vehicle,False,,False,0.0
96.19999999999881,solo,20.881597255278447,0,21.072666574340246,False,21.072666574340246,False,21.072666574340246,False,21.072666574340246,True,camera,vehicle,False,,False,0.0
96.2999999999988,solo,20.84149152961905,0,21.03415209382024,False,21.03415209382024,False,21.03415209382024,False,21.03415209382024,True,camera,vehicle,False,,False,0.0
96.3999999999988,solo,20.803251781477883,0,20.99738879133065,False,20.99738879133065,False,20.99738879133065,False,20.99738879133065,True,camera,vehicle,False,,False,0.0
96.49999999999879,solo,20.766791023992187,0,20.962295194542776,False,20.962295194542776,False,20.962295194542776,False,20.962295194542776,True,camera,vehicle,False,,False,0.0
96.59999999999879,solo,20.732025919522062,0,20.92879363822135,False,20.92879363822135,False,20.92879363822135,False,20.92879363822135,True,camera,vehicle,False,,False,0.0
96.69999999999878,solo,20.698876710542066,0,20.896810102634163,False,20.896810102634163,False,20.896810102634163,False,20.896810102634163,True,camera,vehicle,False,,False,0.0
96.79999999999878,solo,20.667267137566434,0,20.866274055341364,False,20.866274055341364,False,20.866274055341364,False,20.866274055341364,True,camera,vehicle,False,,False,0.0
96.89999999999877,solo,20.637124346694904,0,20.837118296885137,False,20.837118296885137,False,20.837118296885137,False,20.837118296885137,True,camera,vehicle,False,,False,0.0
96.99999999999876,solo,20.608378789072287,0,20.809278810794467,False,20.809278810794467,False,20.809278810794467,False,20.809278810794467,True,camera,vehicle,False,,False,0.0
97.09999999999876,solo,20.580964114278736,0,20.782694618218784,False,20.782694618218784,False,20.782694618218784,False,20.782694618218784,True,camera,vehicle,False,,False,0.0
97.19999999999875,solo,20.5548170594104,0,20.757307637424447,False,20.757307637424447,False,20.757307637424447,False,20.757307637424447,True,camera,vehicle,False,,False,0.0
97.29999999999875,solo,20.529877335373254,0,20.73306254831232,False,20.73306254831232,False,20.73306254831232,False,20.73306254831232,True,camera,vehicle,False,,False,0.0
97.39999999999874,solo,20.506087511696414,0,20.70990666205057,False,20.70990666205057,False,20.70990666205057,False,20.70990666205057,True,camera,vehicle,False,,False,0.0
97.49999999999874,solo,20.483392900974742,0,20.687789795866593,False,20.687789795866593,False,20.687789795866593,False,20.687789795866593,True,camera,vehicle,False,,False,0.0
97.59999999999873,solo,20.46174144387443,0,20.666664152990506,False,20.666664152990506,False,20.666664152990506,False,20.666664152990506,True,camera,vehicle,False,,False,0.0
97.69999999999872,solo,20.441083595477153,0,20.646484207710955,False,20.646484207710955,False,20.646484207710955,False,20.646484207710955,True,camera,vehicle,False,,False,0.0
97.79999999999872,solo,20.42137221359895,0,20.627206595466532,False,20.627206595466532,False,20.627206595466532,False,20.627206595466532,True,camera,vehicle,False,,False,0.0
97.89999999999871,solo,20.402562449596687,0,20.60879000787486,False,20.60879000787486,False,20.60879000787486,False,20.60879000787486,True,camera,vehicle,False,,False,0.0
97.9999999999987,solo,20.384611642067348,0,20.59119509257812,False,20.59119509257812,False,20.59119509257812,False,20.59119509257812,True,camera,vehicle,False,,False,0.0
98.0999999999987,solo,20.36747921375179,0,20.57438435776885,False,20.57438435776885,False,20.57438435776885,False,20.57438435776885,True,camera,vehicle,False,,False,0.0
98.1999999999987,solo,20.351126571873902,0,20.55832208124866,False,20.55832208124866,False,20.55832208124866,False,20.55832208124866,True,camera,vehicle,False,,False,0.0
98.29999999999869,solo,20.335517012077073,0,20.542974223860256,False,20.542974223860256,False,20.542974223860256,False,20.542974223860256,True,camera,vehicle,False,,False,0.0
98.39999999999868,solo,20.320615626060896,0,20.52830834713268,False,20.52830834713268,False,20.52830834713268,False,20.52830834713268,True,camera,vehicle,False,,False,0.0
98.49999999999868,solo,20.306389212971844,0,20.514293534970648,False,20.514293534970648,False,20.514293534970648,False,20.514293534970648,True,camera,vehicle,False,,False,0.0
98.59999999999867,solo,20.292806194560118,0,20.5009003192215,False,20.5009003192215,False,20.5009003192215,False,20.5009003192215,True,camera,vehicle,False,,False,0.0
98.69999999999867,solo,20.27983653408084,0,20.488100608950845,False,20.488100608950845,False,20.488100608950845,False,20.488100608950845,True,camera,vehicle,False,,False,0.0
98.79999999999866,solo,20.267451658889915,0,20.475867623261593,False,20.475867623261593,False,20.475867623261593,False,20.475867623261593,True,camera,vehicle,False,,False,0.0
98.89999999999866,solo,20.255624386662515,0,20.464175827491545,False,20.464175827491545,False,20.464175827491545,False,20.464175827491545,True,camera,vehicle,False,,False,0.0
98.99999999999865,solo,20.244328855144428,0,20.45300087263081,False,20.45300087263081,False,20.45300087263081,False,20.45300087263081,True,camera,vehicle,False,,False,0.0
99.09999999999864,solo,20.23354045533296,0,20.442319537803087,False,20.442319537803087,False,20.442319537803087,False,20.442319537803087,True,camera,vehicle,False,,False,0.0
99.19999999999864,solo,20.223235767973996,0,20.43210967565983,False,20.43210967565983,False,20.43210967565983,False,20.43210967565983,True,camera,vehicle,False,,False,0.0
99.29999999999863,solo,20.21339250325447,0,20.422350160541328,False,20.422350160541328,False,20.422350160541328,False,20.422350160541328,True,camera,vehicle,False,,False,0.0
99.39999999999863,solo,20.20398944356478,0,20.413020839265982,False,20.413020839265982,False,20.413020839265982,False,20.413020839265982,True,camera,vehicle,False,,False,0.0
99.49999999999862,solo,20.195006389203055,0,20.40410248441208,False,20.40410248441208,False,20.40410248441208,False,20.40410248441208,True,camera,vehicle,False,,False,0.0
99.59999999999862,solo,20.186424106892126,0,20.39557674996331,False,20.39557674996331,False,20.39557674996331,False,20.39557674996331,True,camera,vehicle,False,,False,0.0
99.69999999999861,solo,20.178224280980327,0,20.387426129197593,False,20.387426129197593,False,20.387426129197593,False,20.387426129197593,True,camera,vehicle,False,,False,0.0
99.7999999999986,solo,20.17038946719911,0,20.37963391469839,False,20.37963391469839,False,20.37963391469839,False,20.37963391469839,True,camera,vehicle,False,,False,0.0
99.8999999999986,solo,20.162903048852474,0,20.372184160379675,False,20.372184160379675,False,20.372184160379675,False,20.372184160379675,True,camera,vehicle,False,,False,0.0
99.9999999999986,solo,20.155749195316535,0,20.36506164541811,False,20.36506164541811,False,20.36506164541811,False,20.36506164541811,True,camera,vehicle,False,,False,0.0
100.09999999999859,solo,20.148912822731283,0,20.35825183999077,False,20.35825183999077,False,20.35825183999077,False,20.35825183999077,True,camera,vehicle,False,,False,0.0
100.19999999999858,solo,20.14237955677041,0,20.351740872724122,False,20.351740872724122,False,20.351740872724122,False,20.351740872724122,True,camera,vehicle,False,,False,0.0
100.29999999999858,solo,20.13613569737964,0,20.34551549976345,False,20.34551549976345,False,20.34551549976345,False,20.34551549976345,True,camera,vehicle,False,,False,0.0
100.39999999999857,solo,20.130168185378334,0,20.339563075375963,False,20.339563075375963,False,20.339563075375963,False,20.339563075375963,True,camera,vehicle,False,,False,0.0
100.49999999999856,solo,20.12446457082383,0,20.333871524009282,False,20.333871524009282,False,20.333871524009282,False,20.333871524009282,True,camera,vehicle,False,,False,0.0
100.59999999999856,solo,20.119012983042673,0,20.328429313725337,False,20.328429313725337,False,20.328429313725337,False,20.328429313725337,True,camera,vehicle,False,,False,0.0
100.69999999999855,solo,20.1138021022374,0,20.323225430939146,False,20.323225430939146,False,20.323225430939146,False,20.323225430939146,True,camera,vehicle,False,,False,0.0
100.79999999999855,solo,20.108821132582122,0,20.318249356394517,False,20.318249356394517,False,20.318249356394517,False,20.318249356394517,True,camera,vehicle,False,,False,0.0
100.89999999999854,solo,20.10405977672481,0,20.313491042309806,False,20.313491042309806,False,20.313491042309806,False,20.313491042309806,True,camera,vehicle,False,,False,0.0
100.99999999999854,solo,20.099508211618193,0,20.308940890634403,False,20.308940890634403,False,20.308940890634403,False,20.308940890634403,True,camera,vehicle,False,,False,0.0
101.09999999999853,solo,20.09515706560568,0,20.304589732357954,False,20.304589732357954,False,20.304589732357954,False,20.304589732357954,True,camera,vehicle,False,,False,0.0
101.19999999999852,solo,20.090997396692647,0,20.300428807816616,False,20.300428807816616,False,20.300428807816616,False,20.300428807816616,True,camera,vehicle,False,,False,0.0
101.29999999999852,solo,20.087020671937232,0,20.296449747946554,False,20.296449747946554,False,20.296449747946554,False,20.296449747946554,True,camera,vehicle,False,,False,0.0
101.39999999999851,solo,20.08321874789873,0,20.292644556434425,False,20.292644556434425,False,20.292644556434425,False,20.292644556434425,True,camera,vehicle,False,,False,0.0
101.49999999999851,solo,20.079583852084863,0,20.289005592719604,False,20.289005592719604,False,20.289005592719604,False,20.289005592719604,True,camera,vehicle,False,,False,0.0
101.5999999999985,solo,20.076108565342878,0,20.28552555580518,False,20.28552555580518,False,20.28552555580518,False,20.28552555580518,True,camera,vehicle,False,,False,0.0
101.6999999999985,solo,20.07278580514253,0,20.282197468836102,False,20.282197468836102,False,20.282197468836102,False,20.282197468836102,True,camera,vehicle,False,,False,0.0
101.79999999999849,solo,20.069608809701933,0,20.279014664405167,False,20.279014664405167,False,20.279014664405167,False,20.279014664405167,True,camera,vehicle,False,,False,0.0
101.89999999999849,solo,20.066571122910144,0,20.275970770551567,False,20.275970770551567,False,20.275970770551567,False,20.275970770551567,True,camera,vehicle,False,,False,0.0
101.99999999999848,solo,20.063666580003186,0,20.2730596974161,False,20.2730596974161,False,20.2730596974161,False,20.2730596974161,True,camera,vehicle,False,,False,0.0
102.09999999999847,solo,20.06088929395251,0,20.270275624521446,False,20.270275624521446,False,20.270275624521446,False,20.270275624521446,True,camera,vehicle,False,,False,0.0
102.19999999999847,solo,20.058233642527558,0,20.26761298864517,False,20.26761298864517,False,20.26761298864517,False,20.26761298864517,True,camera,vehicle,False,,False,0.0
102.29999999999846,solo,20.055694255996116,0,20.26506647225733,False,20.26506647225733,False,20.26506647225733,False,20.26506647225733,True,camera,vehicle,False,,False,0.0
102.39999999999846,solo,20.053266005428373,0,20.262630992493996,False,20.262630992493996,False,20.262630992493996,False,20.262630992493996,True,camera,vehicle,False,,False,0.0
102.49999999999845,solo,20.050943991572577,0,20.260301690640972,False,20.260301690640972,False,20.260301690640972,False,20.260301690640972,True,camera,vehicle,False,,False,0.0
102.59999999999845,solo,20.04872353427196,0,20.25807392210322,False,20.25807392210322,False,20.25807392210322,False,20.25807392210322,True,camera,vehicle,False,,False,0.0
102.69999999999844,solo,20.04660016239462,0,20.255943246835386,False,20.255943246835386,False,20.255943246835386,False,20.255943246835386,True,camera,vehicle,False,,False,0.0
102.79999999999843,solo,20.044569604249318,0,20.253905420211368,False,20.253905420211368,False,20.253905420211368,False,20.253905420211368,True,camera,vehicle,False,,False,0.0
102.89999999999843,solo,20.04262777846195,0,20.25195638431296,False,20.25195638431296,False,20.25195638431296,False,20.25195638431296,True,camera,vehicle,False,,False,0.0
102.99999999999842,solo,20.040770785288863,0,20.25009225961594,False,20.25009225961594,False,20.25009225961594,False,20.25009225961594,True,camera,vehicle,False,,False,0.0
103.09999999999842,solo,20.038994898344534,0,20.24830933705539,False,20.24830933705539,False,20.24830933705539,False,20.24830933705539,True,camera,vehicle,False,,False,0.0
103.19999999999841,solo,20.037296556722264,0,20.246604070451667,False,20.246604070451667,False,20.246604070451667,False,20.246604070451667,True,camera,vehicle,False,,False,0.0
103.2999999999984,solo,20.035672357488004,0,20.244973069281286,False,20.244973069281286,False,20.244973069281286,False,20.244973069281286,True,camera,vehicle,False,,False,0.0
103.3999999999984,solo,20.034119048528325,0,20.243413091774073,False,20.243413091774073,False,20.243413091774073,False,20.243413091774073,True,camera,vehicle,False,,False,0.0
103.4999999999984,solo,20.032633521734674,0,20.241921038323653,False,20.241921038323653,False,20.241921038323653,False,20.241921038323653,True,camera,vehicle,False,,False,0.0
103.59999999999839,solo,20.031212806507106,0,20.240493945194885,False,20.240493945194885,False,20.240493945194885,False,20.240493945194885,True,camera,vehicle,False,,False,0.0
103.69999999999838,solo,20.029854063561494,0,20.239128978515055,False,20.239128978515055,False,20.239128978515055,False,20.239128978515055,True,camera,vehicle,False,,False,0.0
103.79999999999838,solo,20.028554579025176,0,20.237823428535876,False,20.237823428535876,False,20.237823428535876,False,20.237823428535876,True,camera,vehicle,False,,False,0.0
103.89999999999837,solo,20.027311758806846,0,20.236574704152645,False,20.236574704152645,False,20.236574704152645,False,20.236574704152645,True,camera,vehicle,False,,False,0.0
103.99999999999837,solo,20.0261231232271,0,20.235380327669418,False,20.235380327669418,False,20.235380327669418,False,20.235380327669418,True,camera,vehicle,False,,False,0.0
104.09999999999836,solo,20.024986301896963,0,20.234237929799065,False,20.234237929799065,False,20.234237929799065,False,20.234237929799065,True,camera,vehicle,False,,False,0.0
104.19999999999835,solo,20.02389902883225,0,20.2331452448866,False,20.2331452448866,False,20.2331452448866,False,20.2331452448866,True,camera,vehicle,False,,False,0.0
104.29999999999835,solo,20.022859137792462,0,20.232100106346252,False,20.232100106346252,False,20.232100106346252,False,20.232100106346252,True,camera,vehicle,False,,False,0.0
104.39999999999834,solo,20.021864557833215,0,20.231100442301567,False,20.231100442301567,False,20.231100442301567,False,20.231100442301567,True,camera,vehicle,False,,False,0.0
104.49999999999834,solo,20.02091330906203,0,20.23014427142084,False,20.23014427142084,False,20.23014427142084,False,20.23014427142084,True,camera,vehicle,False,,False,0.0
104.59999999999833,solo,20.020003498587798,0,20.22922969893625,False,20.22922969893625,False,20.22922969893625,False,20.22922969893625,True,camera,vehicle,False,,False,0.0
104.69999999999833,solo,20.01913331665446,0,20.22835491284195,False,20.22835491284195,False,20.22835491284195,False,20.22835491284195,True,camera,vehicle,False,,False,0.0
104.79999999999832,solo,20.018301032950518,0,20.22751818025972,False,20.22751818025972,False,20.22751818025972,False,20.22751818025972,True,camera,vehicle,False,,False,0.0
104.89999999999831,solo,20.017504993085694,0,20.226717843965844,False,20.226717843965844,False,20.226717843965844,False,20.226717843965844,True,camera,vehicle,False,,False,0.0
104.99999999999831,solo,20.01674361522706,0,20.225952319072803,False,20.225952319072803,False,20.225952319072803,False,20.225952319072803,True,camera,vehicle,False,,False,0.0
105.0999999999983,solo,20.016015386887084,0,20.225220089857658,False,20.225220089857658,False,20.225220089857658,False,20.225220089857658,True,camera,vehicle,False,,False,0.0
105.1999999999983,solo,20.01531886185657,0,20.22451970672978,False,20.22451970672978,False,20.22451970672978,False,20.22451970672978,True,camera,vehicle,False,,False,0.0
105.29999999999829,solo,20.014652657275516,0,20.223849783334117,False,20.223849783334117,False,20.223849783334117,False,20.223849783334117,True,camera,vehicle,False,,False,0.0
105.39999999999829,solo,20.014015450835693,0,20.223208993781554,False,20.223208993781554,False,20.223208993781554,False,20.223208993781554,True,camera,vehicle,False,,False,0.0
105.49999999999828,solo,20.013405978108732,0,20.222596070001828,False,20.222596070001828,False,20.222596070001828,False,20.222596070001828,True,camera,vehicle,False,,False,0.0
105.59999999999827,solo,20.012823029993935,0,20.222009799212856,False,20.222009799212856,False,20.222009799212856,False,20.222009799212856,True,camera,vehicle,False,,False,0.0
105.69999999999827,solo,20.012265450280214,0,20.221449021501712,False,20.221449021501712,False,20.221449021501712,False,20.221449021501712,True,camera,vehicle,False,,False,0.0
105.79999999999826,solo,20.011732133317008,0,20.220912627513144,False,20.220912627513144,False,20.220912627513144,False,20.220912627513144,True,camera,vehicle,False,,False,0.0
105.89999999999826,solo,20.011222021789177,0,20.220399556238135,False,20.220399556238135,False,20.220399556238135,False,20.220399556238135,True,camera,vehicle,False,,False,0.0
105.99999999999825,solo,20.010734104591002,0,20.21990879290138,False,20.21990879290138,False,20.21990879290138,False,20.21990879290138,True,camera,vehicle,False,,False,0.0
106.09999999999825,solo,20.010267414794907,0,20.21943936694015,False,20.21943936694015,False,20.21943936694015,False,20.21943936694015,True,camera,vehicle,False,,False,0.0
106.19999999999824,solo,20.009821027710387,0,20.218990350073227,False,20.218990350073227,False,20.218990350073227,False,20.218990350073227,True,camera,vehicle,False,,False,0.0
106.29999999999824,solo,20.009394059029297,0,20.21856085445438,False,20.21856085445438,False,20.21856085445438,False,20.21856085445438,True,camera,vehicle,False,,False,0.0
106.39999999999823,solo,20.00898566305338,0,20.218150030906372,False,20.218150030906372,False,20.218150030906372,False,20.218150030906372,True,camera,vehicle,False,,False,0.0
106.49999999999822,solo,20.0085950310004,0,20.217757067232924,False,20.217757067232924,False,20.217757067232924,False,20.217757067232924,True,camera,vehicle,False,,False,0.0
106.59999999999822,solo,20.00822138938529,0,20.217381186604598,False,20.217381186604598,False,20.217381186604598,False,20.217381186604598,True,camera,vehicle,False,,False,0.0
106.69999999999821,solo,20.007863998472935,0,20.217021646015155,False,20.217021646015155,False,20.217021646015155,False,20.217021646015155,True,camera,vehicle,False,,False,0.0
106.7999999999982,solo,20.007522150799346,0,20.21667773480658,False,20.21667773480658,False,20.21667773480658,False,20.21667773480658,True,camera,vehicle,False,,False,0.0
106.8999999999982,solo,20.00719516975827,0,20.21634877325755,False,20.21634877325755,False,20.21634877325755,False,20.21634877325755,True,camera,vehicle,False,,False,0.0
106.9999999999982,solo,20.006882408250103,0,20.216034111233967,False,20.216034111233967,False,20.216034111233967,False,20.216034111233967,True,camera,vehicle,False,,False,0.0
107.09999999999819,solo,20.00658324739043,0,20.215733126899067,False,20.215733126899067,False,20.215733126899067,False,20.215733126899067,True,camera,vehicle,False,,False,0.0
107.19999999999818,solo,20.006297095275503,0,20.215445225479925,False,20.215445225479925,False,20.215445225479925,False,20.215445225479925,True,camera,vehicle,False,,False,0.0
107.29999999999818,solo,20.00602338580214,0,20.215169838086922,False,20.215169838086922,False,20.215169838086922,False,20.215169838086922,True,camera,vehicle,False,,False,0.0
107.39999999999817,solo,20.005761577539523,0,20.21490642058643,False,20.21490642058643,False,20.21490642058643,False,20.21490642058643,True,camera,vehicle,False,,False,0.0
107.49999999999817,solo,20.005511152650694,0,20.214654452521245,False,20.214654452521245,False,20.214654452521245,False,20.214654452521245,True,camera,vehicle,False,,False,0.0
107.59999999999816,solo,20.00527161586142,0,20.21441343607944,False,20.21441343607944,False,20.21441343607944,False,20.21441343607944,True,camera,vehicle,False,,False,0.0
107.69999999999816,solo,20.00504249347445,0,20.21418289510757,False,20.21418289510757,False,20.21418289510757,False,20.21418289510757,True,camera,vehicle,False,,False,0.0
107.79999999999815,solo,20.004823332427037,0,20.213962374167068,False,20.213962374167068,False,20.213962374167068,False,20.213962374167068,True,camera,vehicle,False,,False,0.0
107.89999999999814,solo,20.004613699389846,0,20.213751437632027,False,20.213751437632027,False,20.213751437632027,False,20.213751437632027,True,camera,vehicle,False,,False,0.0
107.99999999999814,solo,20.00441317990539,0,20.21354966882609,False,20.21354966882609,False,20.21354966882609,False,20.21354966882609,True,camera,vehicle,False,,False,0.0
108.09999999999813,solo,20.00422137756427,0,20.213356669197537,False,20.213356669197537,False,20.213356669197537,False,20.213356669197537,True,camera,vehicle,False,,False,0.0
108.19999999999813,solo,20.004037913217555,0,20.213172057530073,False,20.213172057530073,False,20.213172057530073,False,20.213172057530073,True,camera,vehicle,False,,False,0.0
108.29999999999812,solo,20.003862424223676,0,20.212995469187717,False,20.212995469187717,False,20.212995469187717,False,20.212995469187717,True,camera,vehicle,False,,False,0.0
108.39999999999812,solo,20.003694563728317,0,20.21282655539312,False,20.21282655539312,False,20.21282655539312,False,20.21282655539312,True,camera,vehicle,False,,False,0.0
108.49999999999811,solo,20.003533999975794,0,20.212664982537262,False,20.212664982537262,False,20.212664982537262,False,20.212664982537262,True,camera,vehicle,False,,False,0.0
108.5999999999981,solo,20.003380415650653,0,20.21251043151915,False,20.21251043151915,False,20.21251043151915,False,20.21251043151915,True,camera,vehicle,False,,False,0.0
108.6999999999981,solo,20.003233507248037,0,20.212362597114634,False,20.212362597114634,False,20.212362597114634,False,20.212362597114634,True,camera,vehicle,False,,False,0.0
108.7999999999981,solo,20.003092984471667,0,20.212221187371824,False,20.212221187371824,False,20.212221187371824,False,20.212221187371824,True,camera,vehicle,False,,False,0.0
108.89999999999809,solo,20.002958569658038,0,20.21208592303401,False,20.21208592303401,False,20.21208592303401,False,20.21208592303401,True,camera,vehicle,False,,False,0.0
108.99999999999808,solo,20.002829997225874,0,20.211956536987145,False,20.211956536987145,False,20.211956536987145,False,20.211956536987145,True,camera,vehicle,False,,False,0.0
109.09999999999808,solo,20.002707013149664,0,20.211832773731203,False,20.211832773731203,False,20.211832773731203,False,20.211832773731203,True,camera,vehicle,False,,False,0.0
109.19999999999807,solo,20.002589374456104,0,20.211714388875407,False,20.211714388875407,False,20.211714388875407,False,20.211714388875407,True,camera,vehicle,False,,False,0.0
109.29999999999806,solo,20.002476848742667,0,20.21160114865461,False,20.21160114865461,False,20.21160114865461,False,20.21160114865461,True,camera,vehicle,False,,False,0.0
109.39999999999806,solo,20.002369213717156,0,20.21149282946658,False,20.21149282946658,False,20.21149282946658,False,20.21149282946658,True,camera,vehicle,False,,False,0.0
109.49999999999805,solo,20.002266256757267,0,20.21138921743068,False,20.21138921743068,False,20.21138921743068,False,20.21138921743068,True,camera,vehicle,False,,False,0.0
109.59999999999805,solo,20.00216777448953,0,20.21129010796426,False,20.21129010796426,False,20.21129010796426,False,20.21129010796426,True,camera,vehicle,False,,False,0.0
109.69999999999804,solo,20.0020735723865,0,20.21119530537885,False,20.21119530537885,False,20.21119530537885,False,20.21119530537885,True,camera,vehicle,False,,False,0.0
109.79999999999804,solo,20.001983464381638,0,20.21110462249294,False,20.21110462249294,False,20.21110462249294,False,20.21110462249294,True,camera,vehicle,False,,False,0.0
109.89999999999803,solo,20.001897272500933,0,20.21101788026226,False,20.21101788026226,False,20.21101788026226,False,20.21101788026226,True,camera,vehicle,False,,False,0.0
109.99999999999802,solo,20.00181482651061,0,20.2109349074251,False,20.2109349074251,False,20.2109349074251,False,20.2109349074251,True,camera,vehicle,False,,False,0.0
110.09999999999802,solo,20.001735963580156,0,20.210855540165085,False,20.210855540165085,False,20.210855540165085,False,20.210855540165085,True,camera,vehicle,False,,False,0.0
110.19999999999801,solo,20.001660527960137,0,20.210779621786287,False,20.210779621786287,False,20.210779621786287,False,20.210779621786287,True,camera,vehicle,False,,False,0.0
110.29999999999801,solo,20.001588370673968,0,20.21070700240398,False,20.21070700240398,False,20.21070700240398,False,20.21070700240398,True,camera,vehicle,False,,False,0.0
110.399999999998,solo,20.001519349223145,0,20.210637538648825,False,20.210637538648825,False,20.210637538648825,False,20.210637538648825,True,camera,vehicle,False,,False,0.0
110.499999999998,solo,20.0014533273054,0,20.210571093383123,False,20.210571093383123,False,20.210571093383123,False,20.210571093383123,True,camera,vehicle,False,,False,0.0
110.59999999999799,solo,20.00139017454504,0,20.21050753542977,False,20.21050753542977,False,20.21050753542977,False,20.21050753542977,True,camera,vehicle,False,,False,0.0
110.69999999999798,solo,20.00132976623507,0,20.21044673931351,False,20.21044673931351,False,20.21044673931351,False,20.21044673931351,True,camera,vehicle,False,,False,0.0
110.79999999999798,solo,20.001271983090586,0,20.21038858501265,False,20.21038858501265,False,20.21038858501265,False,20.21038858501265,True,camera,vehicle,False,,False,0.0
110.89999999999797,solo,20.001216711012844,0,20.21033295772213,False,20.21033295772213,False,20.21033295772213,False,20.21033295772213,True,camera,vehicle,False,,False,0.0
110.99999999999797,solo,20.001163840863683,0,20.2102797476266,False,20.2102797476266,False,20.2102797476266,False,20.2102797476266,True,camera,vehicle,False,,False,0.0
111.09999999999796,solo,20.001113268249703,0,20.210228849683745,False,20.210228849683745,False,20.210228849683745,False,20.210228849683745,True,camera,vehicle,False,,False,0.0
111.19999999999796,solo,20.001064893315895,0,20.210180163416453,False,20.210180163416453,False,20.210180163416453,False,20.210180163416453,True,camera,vehicle,False,,False,0.0
111.29999999999795,solo,20.001018620548226,0,20.210133592714556,False,20.210133592714556,False,20.210133592714556,False,20.210133592714556,True,camera,vehicle,False,,False,0.0
111.39999999999795,solo,20.000974358584834,0,20.210089045644963,False,20.210089045644963,False,20.210089045644963,False,20.210089045644963,True,camera,vehicle,False,,False,0.0
111.49999999999794,solo,20.00093202003545,0,20.210046434269998,False,20.210046434269998,False,20.210046434269998,False,20.210046434269998,True,camera,vehicle,False,,False,0.0
111.59999999999793,solo,20.000891521308642,0,20.210005674473905,False,20.210005674473905,False,20.210005674473905,False,20.210005674473905,True,camera,vehicle,False,,False,0.0
111.69999999999793,solo,20.000852782446646,0,20.209966685796417,False,20.209966685796417,False,20.209966685796417,False,20.209966685796417,True,camera,vehicle,False,,False,0.0
111.79999999999792,solo,20.00081572696732,0,20.209929391274045,False,20.209929391274045,False,20.209929391274045,False,20.209929391274045,True,camera,vehicle,False,,False,0.0
111.89999999999792,solo,20.000780281713013,0,20.20989371728797,False,20.20989371728797,False,20.20989371728797,False,20.20989371728797,True,camera,vehicle,False,,False,0.0
111.99999999999791,solo,20.000746376705976,0,20.20985959341897,False,20.20985959341897,False,20.20985959341897,False,20.20985959341897,True,camera,vehicle,False,,False,0.0
112.0999999999979,solo,20.00071394501014,0,20.20982695230805,False,20.20982695230805,False,20.20982695230805,False,20.20982695230805,True,camera,vehicle,False,,False,0.0
112.1999999999979,solo,20.00068292259885,0,20.209795729523194,False,20.209795729523194,False,20.209795729523194,False,20.209795729523194,True,camera,vehicle,False,,False,0.0
112.2999999999979,solo,20.000653248228303,0,20.20976586343295,False,20.20976586343295,False,20.20976586343295,False,20.20976586343295,True,camera,vehicle,False,,False,0.0
112.39999999999789,solo,20.000624863316663,0,20.20973729508364,False,20.20973729508364,False,20.20973729508364,False,20.20973729508364,True,camera,vehicle,False,,False,0.0
112.49999999999788,solo,20.00059771182821,0,20.2097099680841,False,20.2097099680841,False,20.2097099680841,False,20.2097099680841,True,camera,vehicle,False,,False,0.0
112.59999999999788,solo,20.000571740162734,0,20.209683828493326,False,20.209683828493326,False,20.209683828493326,False,20.209683828493326,True,camera,vehicle,False,,False,0.0
112.69999999999787,solo,20.00054689704961,0,20.209658824714325,False,20.209658824714325,False,20.209658824714325,False,20.209658824714325,True,camera,vehicle,False,,False,0.0
112.79999999999787,solo,20.000523133446503,0,20.209634907392683,False,20.209634907392683,False,20.209634907392683,False,20.209634907392683,True,camera,vehicle,False,,False,0.0
112.89999999999786,solo,20.000500402442544,0,20.209612029318578,False,20.209612029318578,False,20.209612029318578,False,20.209612029318578,True,camera,vehicle,False,,False,0.0
112.99999999999785,solo,20.00047865916566,0,20.20959014533355,False,20.20959014533355,False,20.20959014533355,False,20.20959014533355,True,camera,vehicle,False,,False,0.0
113.09999999999785,solo,20.00045786069391,0,20.209569212241604,False,20.209569212241604,False,20.209569212241604,False,20.209569212241604,True,camera,vehicle,False,,False,0.0
113.19999999999784,solo,20.000437965970747,0,20.20954918872394,False,20.20954918872394,False,20.20954918872394,False,20.20954918872394,True,camera,vehicle,False,,False,0.0
113.29999999999784,solo,20.00041893572392,0,20.20953003525733,False,20.20953003525733,False,20.20953003525733,False,20.20953003525733,True,camera,vehicle,False,,False,0.0
113.39999999999783,solo,20.000400732387945,0,20.20951171403567,False,20.20951171403567,False,20.20951171403567,False,20.20951171403567,True,camera,vehicle,False,,False,0.0
113.49999999999783,solo,20.000383320029847,0,20.209494188896088,False,20.209494188896088,False,20.209494188896088,False,20.209494188896088,True,camera,vehicle,False,,False,0.0
113.59999999999782,solo,20.00036666427827,0,20.20947742524686,False,20.20947742524686,False,20.20947742524686,False,20.20947742524686,True,camera,vehicle,False,,False,0.0
113.69999999999781,solo,20.000350732255555,0,20.20946138999966,False,20.20946138999966,False,20.20946138999966,False,20.20946138999966,True,camera,vehicle,False,,False,0.0
113.79999999999781,solo,20.000335492512836,0,20.20944605150362,False,20.20944605150362,False,20.20944605150362,False,20.20944605150362,True,camera,vehicle,False,,False,0.0
113.8999999999978,solo,20.00032091496791,0,20.209431379483703,False,20.209431379483703,False,20.209431379483703,False,20.209431379483703,True,camera,vehicle,False,,False,0.0
113.9999999999978,solo,20.000306970845894,0,20.20941734498001,False,20.20941734498001,False,20.20941734498001,False,20.20941734498001,True,camera,vehicle,False,,False,0.0
114.09999999999779,solo,20.00029363262234,0,20.20940392029138,False,20.20940392029138,False,20.20940392029138,False,20.20940392029138,True,camera,vehicle,False,,False,0.0
114.19999999999779,solo,20.000280873968933,0,20.209391078920135,False,20.209391078920135,False,20.209391078920135,False,20.209391078920135,True,camera,vehicle,False,,False,0.0
114.29999999999778,solo,20.00026866970148,0,20.209378795520024,False,20.209378795520024,False,20.209378795520024,False,20.209378795520024,True,camera,vehicle,False,,False,0.0
114.39999999999777,solo,20.000256995730187,0,20.20936704584642,False,20.20936704584642,False,20.20936704584642,False,20.20936704584642,True,camera,vehicle,False,,False,0.0
114.49999999999777,solo,20.000245829012112,0,20.20935580670789,False,20.20935580670789,False,20.20935580670789,False,20.20935580670789,True,camera,vehicle,False,,False,0.0
114.59999999999776,solo,20.00023514750565,0,20.20934505592072,False,20.20934505592072,False,20.20934505592072,False,20.20934505592072,True,camera,vehicle,False,,False,0.0
114.69999999999776,solo,20.000224930126997,0,20.209334772265493,False,20.209334772265493,False,20.209334772265493,False,20.209334772265493,True,camera,vehicle,False,,False,0.0
114.79999999999775,solo,20.000215156708578,0,20.209324935444556,False,20.209324935444556,False,20.209324935444556,False,20.209324935444556,True,camera,vehicle,False,,False,0.0
114.89999999999775,solo,20.00020580795919,0,20.209315526042246,False,20.209315526042246,False,20.209315526042246,False,20.209315526042246,True,camera,vehicle,False,,False,0.0
114.99999999999774,solo,20.00019686542591,0,20.20930652548668,False,20.20930652548668,False,20.20930652548668,False,20.20930652548668,True,camera,vehicle,False,,False,0.0
115.09999999999773,solo,20.00018831145768,0,20.20929791601293,False,20.20929791601293,False,20.20929791601293,False,20.20929791601293,True,camera,vehicle,False,,False,0.0
115.19999999999773,solo,20.000180129170477,0,20.20928968062799,False,20.20928968062799,False,20.20928968062799,False,20.20928968062799,True,camera,vehicle,False,,False,0.0
115.29999999999772,solo,20.000172302413944,0,20.209281803077147,False,20.209281803077147,False,20.209281803077147,False,20.209281803077147,True,camera,vehicle,False,,False,0.0
115.39999999999772,solo,20.000164815739513,0,20.209274267812134,False,20.209274267812134,False,20.209274267812134,False,20.209274267812134,True,camera,vehicle,False,,False,0.0
115.49999999999771,solo,20.00015765436993,0,20.20926705996021,False,20.20926705996021,False,20.20926705996021,False,20.20926705996021,True,camera,vehicle,False,,False,0.0
115.5999999999977,solo,20.000150804170058,0,20.209260165295063,False,20.209260165295063,False,20.209260165295063,False,20.209260165295063,True,camera,vehicle,False,,False,0.0
115.6999999999977,solo,20.00014425161901,0,20.209253570208148,False,20.209253570208148,False,20.209253570208148,False,20.209253570208148,True,camera,vehicle,False,,False,0.0
115.7999999999977,solo,20.000137983783382,0,20.20924726168255,False,20.20924726168255,False,20.20924726168255,False,20.20924726168255,True,camera,vehicle,False,,False,0.0
115.89999999999769,solo,20.000131988291795,0,20.20924122726683,False,20.20924122726683,False,20.20924122726683,False,20.20924122726683,True,camera,vehicle,False,,False,0.0
115.99999999999768,solo,20.00012625331043,0,20.209235455050475,False,20.209235455050475,False,20.209235455050475,False,20.209235455050475,True,camera,vehicle,False,,False,0.0
116.09999999999768,solo,20.00012076751967,0,20.209229933640927,False,20.209229933640927,False,20.209229933640927,False,20.209229933640927,True,camera,vehicle,False,,False,0.0
116.19999999999767,solo,20.000115520091803,0,20.209224652140165,False,20.209224652140165,False,20.209224652140165,False,20.209224652140165,True,camera,vehicle,False,,False,0.0
116.29999999999767,solo,20.00011050066958,0,20.209219600124243,False,20.209219600124243,False,20.209219600124243,False,20.209219600124243,True,camera,vehicle,False,,False,0.0
116.39999999999766,solo,20.00010569934584,0,20.20921476762146,False,20.20921476762146,False,20.20921476762146,False,20.20921476762146,True,camera,vehicle,False,,False,0.0
116.49999999999766,solo,20.000101106643875,0,20.209210145093948,False,20.209210145093948,False,20.209210145093948,False,20.209210145093948,True,camera,vehicle,False,,False,0.0
116.59999999999765,solo,20.00009671349877,0,20.20920572341811,False,20.20920572341811,False,20.20920572341811,False,20.20920572341811,True,camera,vehicle,False,,False,0.0
116.69999999999764,solo,20.00009251123952,0,20.209201493866885,False,20.209201493866885,False,20.209201493866885,False,20.209201493866885,True,camera,vehicle,False,,False,0.0
116.79999999999764,solo,20.000088491571898,0,20.209197448092027,False,20.209197448092027,False,20.209197448092027,False,20.209197448092027,True,camera,vehicle,False,,False,0.0
116.89999999999763,solo,20.000084646562055,0,20.209193578108398,False,20.209193578108398,False,20.209193578108398,False,20.209193578108398,True,camera,vehicle,False,,False,0.0
116.99999999999763,solo,20.000080968620896,0,20.209189876277833,False,20.209189876277833,False,20.209189876277833,False,20.209189876277833,True,camera,vehicle,False,,False,0.0
117.09999999999762,solo,20.000077450489087,0,20.209186335293907,False,20.209186335293907,False,20.209186335293907,False,20.209186335293907,True,camera,vehicle,False,,False,0.0
117.19999999999762,solo,20.00007408522273,0,20.20918294816761,False,20.20918294816761,False,20.20918294816761,False,20.20918294816761,True,camera,vehicle,False,,False,0.0
117.29999999999761,solo,20.000070866179648,0,20.209179708213924,False,20.209179708213924,False,20.209179708213924,False,20.209179708213924,True,camera,vehicle,False,,False,0.0
117.3999999999976,solo,20.000067787006294,0,20.209176609037968,False,20.209176609037968,False,20.209176609037968,False,20.209176609037968,True,camera,vehicle,False,,False,0.0
117.4999999999976,solo,20.000064841625182,0,20.209173644522934,False,20.209173644522934,False,20.209173644522934,False,20.209173644522934,True,camera,vehicle,False,,False,0.0
117.59999999999759,solo,20.000062024222906,0,20.20917080881759,False,20.20917080881759,False,20.20917080881759,False,20.20917080881759,True,camera,vehicle,False,,False,0.0
117.69999999999759,solo,20.000059329238656,0,20.20916809632513,False,20.20916809632513,False,20.20916809632513,False,20.20916809632513,True,camera,vehicle,False,,False,0.0
117.79999999999758,solo,20.000056751353252,0,20.209165501691814,False,20.209165501691814,False,20.209165501691814,False,20.209165501691814,True,camera,vehicle,False,,False,0.0
117.89999999999758,solo,20.000054285478633,0,20.209163019796506,False,20.209163019796506,False,20.209163019796506,False,20.209163019796506,True,camera,vehicle,False,,False,0.0
117.99999999999757,solo,20.000051926747812,0,20.209160645740894,False,20.209160645740894,False,20.209160645740894,False,20.209160645740894,True,camera,vehicle,False,,False,0.0
118.09999999999756,solo,20.000049670505312,0,20.209158374839035,False,20.209158374839035,False,20.209158374839035,False,20.209158374839035,True,camera,vehicle,False,,False,0.0
118.19999999999756,solo,20.000047512297908,0,20.17665620260891,False,20.17665620260891,False,20.17665620260891,False,20.17665620260891,True,camera,vehicle,False,,False,0.0
118.29999999999755,solo,19.99617803134546,0,20.07924056925731,False,20.07924056925731,False,20.07924056925731,False,20.07924056925731,True,camera,vehicle,False,,False,0.0
118.39999999999755,solo,19.981342844732236,0,19.917243022635148,False,19.917243022635148,False,19.917243022635148,False,19.917243022635148,True,camera,vehicle,False,,False,0.0
118.49999999999754,solo,19.949603833842534,0,19.691286502475805,False,19.691286502475805,False,19.691286502475805,False,19.691286502475805,True,camera,vehicle,False,,False,0.0
118.59999999999754,solo,19.89596596084307,0,19.40223832642505,False,19.40223832642505,False,19.40223832642505,False,19.40223832642505,True,camera,vehicle,False,,False,0.0
118.69999999999753,solo,19.816174287113903,0,19.051172567602634,False,19.051172567602634,False,19.051172567602634,False,19.051172567602634,True,camera,vehicle,False,,False,0.0
118.79999999999752,solo,19.70653248611429,0,18.681841025807444,False,18.681841025807444,False,18.681841025807444,False,18.681841025807444,True,camera,vehicle,False,,False,0.0
118.89999999999752,solo,19.568934030277173,0,18.338035798233022,False,18.338035798233022,False,18.338035798233022,False,18.338035798233022,True,camera,vehicle,False,,False,0.0
118.99999999999751,solo,19.410180859851575,0,18.02085462220907,False,18.02085462220907,False,18.02085462220907,False,18.02085462220907,True,camera,vehicle,False,,False,0.0
119.09999999999751,solo,19.236210712194666,0,17.731110477790708,False,17.731110477790708,False,17.731110477790708,False,17.731110477790708,True,camera,vehicle,False,,False,0.0
119.1999999999975,solo,19.05227603211423,0,17.469366222082044,False,17.469366222082044,False,17.469366222082044,False,17.469366222082044,True,camera,vehicle,False,,False,0.0
119.2999999999975,solo,18.863063445946686,0,18.345240984818588,False,18.345240984818588,False,18.345240984818588,False,18.345240984818588,True,camera,traffic_light,False,,False,0.0
119.39999999999749,solo,18.819005269773186,0,17.502971384884745,False,17.502971384884745,False,17.502971384884745,False,17.502971384884745,True,camera,traffic_light,False,,False,0.0
119.49999999999748,solo,18.670966710801757,0,16.664995531174895,False,16.664995531174895,False,16.664995531174895,False,16.664995531174895,True,camera,traffic_light,False,,False,0.0
119.59999999999748,solo,18.434520230190035,0,15.835613687069895,False,15.835613687069895,False,15.835613687069895,False,15.835613687069895,True,camera,traffic_light,False,,False,0.0
119.69999999999747,solo,18.121304112109822,0,15.018517901370728,False,15.018517901370728,False,15.018517901370728,False,15.018517901370728,True,camera,traffic_light,False,,False,0.0
119.79999999999747,solo,17.74033041978069,0,14.216938646313906,False,14.216938646313906,False,14.216938646313906,False,14.216938646313906,True,camera,traffic_light,False,,False,0.0
119.89999999999746,solo,17.298803321826302,0,13.433743928921444,False,13.433743928921444,False,13.433743928921444,False,13.433743928921444,True,camera,traffic_light,False,,False,0.0
16.09999999999996,spawned_1,20.0,0,,False,,False,,False,,False,none,,False,,False,0.0
16.19999999999996,spawned_1,20.0,0,,False,,False,,False,,False,none,,False,,False,0.0
16.29999999999996,spawned_1,20.0,0,,False,,False,,False,,False,none,,False,,False,0.0
16.399999999999963,spawned_1,20.0,0,,False,,False,,False,,False,none,,False,,False,0.0
16.499999999999964,spawned_1,20.0,0,,False,,False,,False,,False,none,,False,,False,0.0
16.599999999999966,spawned_1,20.0,0,,False,,False,,False,,False,none,,False,,False,0.0
16.699999999999967,spawned_1,20.0,0,,False,,False,,False,,False,none,,False,,False,0.0
16.79999999999997,spawned_1,20.0,0,,False,,False,,False,,False,none,,False,,False,0.0
16.89999999999997,spawned_1,20.0,0,,False,,False,,False,,False,none,,False,,False,0.0
16.99999999999997,spawned_1,20.0,0,,False,,False,,False,,False,none,,False,,False,0.0
17.099999999999973,spawned_1,20.0,0,,False,,False,,False,,False,none,,False,,False,0.0
17.199999999999974,spawned_1,20.0,0,,False,,False,,False,,False,none,,False,,False,0.0
17.299999999999976,spawned_1,20.0,0,,False,,False,,False,,False,none,,False,,False,0.0
17.399999999999977,spawned_1,20.0,0,,False,,False,,False,,False,none,,False,,False,0.0
17.49999999999998,spawned_1,20.0,0,,False,,False,,False,,False,none,,False,,False,0.0
17.59999999999998,spawned_1,20.0,0,,False,,False,,False,,False,none,,False,,False,0.0
17.69999999999998,spawned_1,20.0,0,,False,,False,,False,,False,none,,False,,False,0.0
17.799999999999983,spawned_1,20.0,0,,False,,False,,False,,False,none,,False,,False,0.0
17.899999999999984,spawned_1,20.0,0,,False,,False,,False,,False,none,,False,,False,0.0
17.999999999999986,spawned_1,20.0,0,,False,,False,,False,,False,none,,False,,False,0.0
18.099999999999987,spawned_1,20.0,0,,False,,False,,False,,False,none,,False,,False,0.0
18.19999999999999,spawned_1,20.0,0,,False,,False,,False,,False,none,,False,,False,0.0
18.29999999999999,spawned_1,20.0,0,,False,,False,,False,,False,none,,False,,False,0.0
18.39999999999999,spawned_1,20.0,0,,False,,False,,False,,False,none,,False,,False,0.0
18.499999999999993,spawned_1,20.0,0,,False,,False,,False,,False,none,,False,,False,0.0
18.599999999999994,spawned_1,20.0,0,,False,,False,,False,,False,none,,False,,False,0.0
18.699999999999996,spawned_1,20.0,0,,False,,False,,False,,False,none,,False,,False,0.0
18.799999999999997,spawned_1,20.0,0,,False,,False,,False,,False,none,,False,,False,0.0
18.9,spawned_1,20.0,0,,False,,False,,False,,False,none,,False,,False,0.0
19.0,spawned_1,20.0,0,,False,,False,,False,,False,none,,False,,False,0.0
19.1,spawned_1,20.0,0,,False,,False,,False,,False,none,,False,,False,0.0
19.200000000000003,spawned_1,20.0,0,,False,,False,,False,,False,none,,False,,False,0.0
19.300000000000004,spawned_1,20.0,0,,False,,False,,False,,False,none,,False,,False,0.0
19.400000000000006,spawned_1,20.0,0,,False,,False,,False,,False,none,,False,,False,0.0
19.500000000000007,spawned_1,20.0,0,,False,,False,,False,,False,none,,False,,False,0.0
19.60000000000001,spawned_1,20.0,0,,False,,False,,False,,False,none,,False,,False,0.0
19.70000000000001,spawned_1,20.0,0,,False,,False,,False,,False,none,,False,,False,0.0
19.80000000000001,spawned_1,20.0,0,,False,,False,,False,,False,none,,False,,False,0.0
19.900000000000013,spawned_1,20.0,0,,False,,False,,False,,False,none,,False,,False,0.0
20.000000000000014,spawned_1,20.0,0,,False,,False,,False,,False,none,,False,,False,0.0
20.100000000000016,spawned_1,20.0,0,,False,,False,,False,,False,none,,False,,False,0.0
20.200000000000017,spawned_1,20.0,0,,False,,False,,False,,False,none,,False,,False,0.0
20.30000000000002,spawned_1,20.0,0,,False,,False,,False,,False,none,,False,,False,0.0
20.40000000000002,spawned_1,20.0,0,,False,,False,,False,,False,none,,False,,False,0.0
20.50000000000002,spawned_1,20.0,0,,False,,False,,False,,False,none,,False,,False,0.0
20.600000000000023,spawned_1,20.0,0,,False,,False,,False,,False,none,,False,,False,0.0
20.700000000000024,spawned_1,20.0,0,,False,,False,,False,,False,none,,False,,False,0.0
20.800000000000026,spawned_1,20.0,0,,False,,False,,False,,False,none,,False,,False,0.0
20.900000000000027,spawned_1,20.0,0,,False,,False,,False,,False,none,,False,,False,0.0
21.00000000000003,spawned_1,20.0,0,,False,,False,,False,,False,none,,False,,False,0.0
21.10000000000003,spawned_1,20.0,0,,False,,False,,False,,False,none,,False,,False,0.0
21.20000000000003,spawned_1,20.0,0,,False,,False,,False,,False,none,,False,,False,0.0
21.300000000000033,spawned_1,20.0,0,,False,,False,,False,,False,none,,False,,False,0.0
21.400000000000034,spawned_1,20.0,0,,False,,False,,False,,False,none,,False,,False,0.0
21.500000000000036,spawned_1,20.0,0,,False,,False,,False,,False,none,,False,,False,0.0
21.600000000000037,spawned_1,20.0,0,,False,,False,,False,,False,none,,False,,False,0.0
21.70000000000004,spawned_1,20.0,0,,False,,False,,False,,False,none,,False,,False,0.0
21.80000000000004,spawned_1,20.0,0,,False,,False,,False,,False,none,,False,,False,0.0
21.90000000000004,spawned_1,20.0,0,,False,,False,,False,,False,none,,False,,False,0.0
22.000000000000043,spawned_1,20.0,0,,False,,False,,False,,False,none,,False,,False,0.0
22.100000000000044,spawned_1,20.0,0,,False,,False,,False,,False,none,,False,,False,0.0
22.200000000000045,spawned_1,20.0,0,,False,,False,,False,,False,none,,False,,False,0.0
22.300000000000047,spawned_1,20.0,0,,False,,False,,False,,False,none,,False,,False,0.0
22.40000000000005,spawned_1,20.0,0,,False,,False,,False,,False,none,,False,,False,0.0
22.50000000000005,spawned_1,20.0,0,,False,,False,,False,,False,none,,False,,False,0.0
22.60000000000005,spawned_1,20.0,0,,False,,False,,False,,False,none,,False,,False,0.0
22.700000000000053,spawned_1,20.0,0,,False,,False,,False,,False,none,,False,,False,0.0
22.800000000000054,spawned_1,20.0,0,,False,,False,,False,,False,none,,False,,False,0.0
22.900000000000055,spawned_1,20.0,0,,False,,False,,False,,False,none,,False,,False,0.0
23.000000000000057,spawned_1,20.0,0,,False,,False,,False,,False,none,,False,,False,0.0
23.10000000000006,spawned_1,20.0,0,,False,,False,,False,,False,none,,False,,False,0.0
23.20000000000006,spawned_1,20.0,0,,False,,False,,False,,False,none,,False,,False,0.0
23.30000000000006,spawned_1,20.0,0,,False,,False,,False,,False,none,,False,,False,0.0
23.400000000000063,spawned_1,20.0,0,,False,,False,,False,,False,none,,False,,False,0.0
23.500000000000064,spawned_1,20.0,0,,False,,False,,False,,False,none,,False,,False,0.0
23.600000000000065,spawned_1,20.0,0,,False,,False,,False,,False,none,,False,,False,0.0
23.700000000000067,spawned_1,20.0,0,,False,,False,,False,,False,none,,False,,False,0.0
23.800000000000068,spawned_1,20.0,0,,False,,False,,False,,False,none,,False,,False,0.0
23.90000000000007,spawned_1,20.0,0,,False,,False,,False,,False,none,,False,,False,0.0
24.00000000000007,spawned_1,20.0,0,,False,,False,,False,,False,none,,False,,False,0.0
24.100000000000072,spawned_1,20.0,0,,False,,False,,False,,False,none,,False,,False,0.0
24.200000000000074,spawned_1,20.0,0,,False,,False,,False,,False,none,,False,,False,0.0
24.300000000000075,spawned_1,20.0,0,,False,,False,,False,,False,none,,False,,False,0.0
24.400000000000077,spawned_1,20.0,0,,False,,False,,False,,False,none,,False,,False,0.0
24.500000000000078,spawned_1,20.0,0,,False,,False,,False,,False,none,,False,,False,0.0
24.60000000000008,spawned_1,20.0,0,,False,,False,,False,,False,none,,False,,False,0.0
24.70000000000008,spawned_1,20.0,0,,False,,False,,False,,False,none,,False,,False,0.0
24.800000000000082,spawned_1,20.0,0,,False,,False,,False,,False,none,,False,,False,0.0
24.900000000000084,spawned_1,20.0,0,,False,,False,,False,,False,none,,False,,False,0.0
25.000000000000085,spawned_1,20.0,0,,False,,False,,False,,False,none,,False,,False,0.0
25.100000000000087,spawned_1,20.0,0,,False,,False,,False,,False,none,,False,,False,0.0
25.200000000000088,spawned_1,20.0,0,,False,,False,,False,,False,none,,False,,False,0.0
25.30000000000009,spawned_1,20.0,0,,False,,False,,False,,False,none,,False,,False,0.0
25.40000000000009,spawned_1,20.0,0,,False,,False,,False,,False,none,,False,,False,0.0
25.500000000000092,spawned_1,20.0,0,,False,,False,,False,,False,none,,False,,False,0.0
25.600000000000094,spawned_1,20.0,0,,False,,False,,False,,False,none,,False,,False,0.0
25.700000000000095,spawned_1,20.0,0,,False,,False,,False,,False,none,,False,,False,0.0
25.800000000000097,spawned_1,20.0,0,,False,,False,,False,,False,none,,False,,False,0.0
25.900000000000098,spawned_1,20.0,0,,False,,False,,False,,False,none,,False,,False,0.0
26.0000000000001,spawned_1,20.0,0,,False,,False,,False,,False,none,,False,,False,0.0
26.1000000000001,spawned_1,20.0,0,,False,,False,,False,,False,none,,False,,False,0.0
26.200000000000102,spawned_1,20.0,0,,False,,False,,False,,False,none,,False,,False,0.0
26.300000000000104,spawned_1,20.0,0,,False,,False,,False,,False,none,,False,,False,0.0
26.400000000000105,spawned_1,20.0,0,,False,,False,,False,,False,none,,False,,False,0.0
26.500000000000107,spawned_1,20.0,0,,False,,False,,False,,False,none,,False,,False,0.0
26.600000000000108,spawned_1,20.0,0,,False,,False,,False,,False,none,,False,,False,0.0
26.70000000000011,spawned_1,20.0,0,,False,,False,,False,,False,none,,False,,False,0.0
26.80000000000011,spawned_1,20.0,0,,False,,False,,False,,False,none,,False,,False,0.0
26.900000000000112,spawned_1,20.0,0,,False,,False,,False,,False,none,,False,,False,0.0
27.000000000000114,spawned_1,20.0,0,,False,,False,,False,,False,none,,False,,False,0.0
27.100000000000115,spawned_1,20.0,0,,False,,False,,False,,False,none,,False,,False,0.0
27.200000000000117,spawned_1,20.0,0,,False,,False,,False,,False,none,,False,,False,0.0
27.300000000000118,spawned_1,20.0,0,,False,,False,,False,,False,none,,False,,False,0.0
27.40000000000012,spawned_1,20.0,0,,False,,False,,False,,False,none,,False,,False,0.0
27.50000000000012,spawned_1,20.0,0,,False,,False,,False,,False,none,,False,,False,0.0
27.600000000000122,spawned_1,20.0,0,,False,,False,,False,,False,none,,False,,False,0.0
27.700000000000124,spawned_1,20.0,0,,False,,False,,False,,False,none,,False,,False,0.0
27.800000000000125,spawned_1,20.0,0,,False,,False,,False,,False,none,,False,,False,0.0
27.900000000000126,spawned_1,20.0,0,,False,,False,,False,,False,none,,False,,False,0.0
28.000000000000128,spawned_1,20.0,0,,False,,False,,False,,False,none,,False,,False,0.0
28.10000000000013,spawned_1,20.0,0,,False,,False,,False,,False,none,,False,,False,0.0
28.20000000000013,spawned_1,20.0,0,,False,,False,,False,,False,none,,False,,False,0.0
28.300000000000132,spawned_1,20.0,0,,False,,False,,False,,False,none,,False,,False,0.0
28.400000000000134,spawned_1,20.0,0,,False,,False,,False,,False,none,,False,,False,0.0
28.500000000000135,spawned_1,20.0,0,,False,,False,,False,,False,none,,False,,False,0.0
28.600000000000136,spawned_1,20.0,0,,False,,False,,False,,False,none,,False,,False,0.0
28.700000000000138,spawned_1,20.0,0,,False,,False,,False,,False,none,,False,,False,0.0
28.80000000000014,spawned_1,20.0,0,,False,,False,,False,,False,none,,False,,False,0.0
28.90000000000014,spawned_1,20.0,0,,False,,False,,False,,False,none,,False,,False,0.0
29.000000000000142,spawned_1,20.0,0,,False,,False,,False,,False,none,,False,,False,0.0
29.100000000000144,spawned_1,20.0,0,,False,,False,,False,,False,none,,False,,False,0.0
29.200000000000145,spawned_1,20.0,0,,False,,False,,False,,False,none,,False,,False,0.0
29.300000000000146,spawned_1,20.0,0,,False,,False,,False,,False,none,,False,,False,0.0
29.400000000000148,spawned_1,20.0,0,,False,,False,,False,,False,none,,False,,False,0.0
29.50000000000015,spawned_1,20.0,0,,False,,False,,False,,False,none,,False,,False,0.0
29.60000000000015,spawned_1,20.0,0,,False,,False,,False,,False,none,,False,,False,0.0
29.700000000000152,spawned_1,20.0,0,,False,,False,,False,,False,none,,False,,False,0.0
29.800000000000153,spawned_1,20.0,0,,False,,False,,False,,False,none,,False,,False,0.0
29.900000000000155,spawned_1,20.0,0,,False,,False,,False,,False,none,,False,,False,0.0
30.000000000000156,spawned_1,20.0,0,,False,,False,,False,,False,none,,False,,False,0.0
30.100000000000158,spawned_1,20.0,0,,False,,False,,False,,False,none,,False,,False,0.0
30.20000000000016,spawned_1,20.0,0,,False,,False,,False,,False,none,,False,,False,0.0
30.30000000000016,spawned_1,20.0,0,,False,,False,,False,,False,none,,False,,False,0.0
30.400000000000162,spawned_1,20.0,0,,False,,False,,False,,False,none,,False,,False,0.0
30.500000000000163,spawned_1,20.0,0,,False,,False,,False,,False,none,,False,,False,0.0
30.600000000000165,spawned_1,20.0,0,,False,,False,,False,,False,none,,False,,False,0.0
30.700000000000166,spawned_1,20.0,0,,False,,False,,False,,False,none,,False,,False,0.0
30.800000000000168,spawned_1,20.0,0,,False,,False,,False,,False,none,,False,,False,0.0
30.90000000000017,spawned_1,20.0,0,,False,,False,,False,,False,none,,False,,False,0.0
31.00000000000017,spawned_1,20.0,0,,False,,False,,False,,False,none,,False,,False,0.0
31.100000000000172,spawned_1,20.0,0,,False,,False,,False,,False,none,,False,,False,0.0
31.200000000000173,spawned_1,20.0,0,,False,,False,,False,,False,none,,False,,False,0.0
31.300000000000175,spawned_1,20.0,0,,False,,False,,False,,False,none,,False,,False,0.0
31.400000000000176,spawned_1,20.0,0,,False,,False,,False,,False,none,,False,,False,0.0
31.500000000000178,spawned_1,20.0,0,,False,,False,,False,,False,none,,False,,False,0.0
31.60000000000018,spawned_1,20.0,0,,False,,False,,False,,False,none,,False,,False,0.0
31.70000000000018,spawned_1,20.0,0,,False,,False,,False,,False,none,,False,,False,0.0
31.800000000000182,spawned_1,20.0,0,,False,,False,,False,,False,none,,False,,False,0.0
31.900000000000183,spawned_1,20.0,0,,False,,False,,False,,False,none,,False,,False,0.0
32.000000000000185,spawned_1,20.0,0,,False,,False,,False,,False,none,,False,,False,0.0
32.100000000000186,spawned_1,20.0,0,,False,,False,,False,,False,none,,False,,False,0.0
32.20000000000019,spawned_1,20.0,0,,False,,False,,False,,False,none,,False,,False,0.0
32.30000000000019,spawned_1,20.0,0,,False,,False,,False,,False,none,,False,,False,0.0
32.40000000000019,spawned_1,20.0,0,,False,,False,,False,,False,none,,False,,False,0.0
32.50000000000019,spawned_1,20.0,0,,False,,False,,False,,False,none,,False,,False,0.0
32.60000000000019,spawned_1,20.0,0,,False,,False,,False,,False,none,,False,,False,0.0
32.700000000000195,spawned_1,20.0,0,,False,,False,,False,,False,none,,False,,False,0.0
32.800000000000196,spawned_1,20.0,0,,False,,False,,False,,False,none,,False,,False,0.0
32.9000000000002,spawned_1,20.0,0,,False,,False,,False,,False,none,,False,,False,0.0
33.0000000000002,spawned_1,20.0,0,,False,,False,,False,,False,none,,False,,False,0.0
33.1000000000002,spawned_1,20.0,0,,False,,False,,False,,False,none,,False,,False,0.0
33.2000000000002,spawned_1,20.0,0,,False,,False,,False,,False,none,,False,,False,0.0
33.3000000000002,spawned_1,20.0,0,,False,,False,,False,,False,none,,False,,False,0.0
33.400000000000205,spawned_1,20.0,0,,False,,False,,False,,False,none,,False,,False,0.0
33.500000000000206,spawned_1,20.0,0,,False,,False,,False,,False,none,,False,,False,0.0
33.60000000000021,spawned_1,20.0,0,,False,,False,,False,,False,none,,False,,False,0.0
33.70000000000021,spawned_1,20.0,0,,False,,False,,False,,False,none,,False,,False,0.0
33.80000000000021,spawned_1,20.0,0,,False,,False,,False,,False,none,,False,,False,0.0
33.90000000000021,spawned_1,20.0,0,,False,,False,,False,,False,none,,False,,False,0.0
34.00000000000021,spawned_1,20.0,0,,False,,False,,False,,False,none,,False,,False,0.0
34.100000000000215,spawned_1,20.0,0,,False,,False,,False,,False,none,,False,,False,0.0
34.200000000000216,spawned_1,20.0,0,,False,,False,,False,,False,none,,False,,False,0.0
34.30000000000022,spawned_1,20.0,0,,False,,False,,False,,False,none,,False,,False,0.0
34.40000000000022,spawned_1,20.0,0,,False,,False,,False,,False,none,,False,,False,0.0
34.50000000000022,spawned_1,20.0,0,,False,,False,,False,,False,none,,False,,False,0.0
34.60000000000022,spawned_1,20.0,0,,False,,False,,False,,False,none,,False,,False,0.0
34.70000000000022,spawned_1,20.0,0,,False,,False,,False,,False,none,,False,,False,0.0
34.800000000000225,spawned_1,20.0,0,,False,,False,,False,,False,none,,False,,False,0.0
34.900000000000226,spawned_1,20.0,0,,False,,False,,False,,False,none,,False,,False,0.0
35.00000000000023,spawned_1,20.0,0,,False,,False,,False,,False,none,,False,,False,0.0
35.10000000000023,spawned_1,20.0,0,,False,,False,,False,,False,none,,False,,False,0.0
35.20000000000023,spawned_1,20.0,0,,False,,False,,False,,False,none,,False,,False,0.0
35.30000000000023,spawned_1,20.0,0,,False,,False,,False,,False,none,,False,,False,0.0
35.40000000000023,spawned_1,20.0,0,,False,,False,,False,,False,none,,False,,False,0.0
35.500000000000234,spawned_1,20.0,0,,False,,False,,False,,False,none,,False,,False,0.0
35.600000000000236,spawned_1,20.0,0,,False,,False,,False,,False,none,,False,,False,0.0
35.70000000000024,spawned_1,20.0,0,,False,,False,,False,,False,none,,False,,False,0.0
35.80000000000024,spawned_1,20.0,0,,False,,False,,False,,False,none,,False,,False,0.0
35.90000000000024,spawned_1,20.0,0,,False,,False,,False,,False,none,,False,,False,0.0
36.00000000000024,spawned_1,20.0,0,,False,,False,,False,,False,none,,False,,False,0.0
36.10000000000024,spawned_1,20.0,0,,False,,False,,False,,False,none,,False,,False,0.0
36.200000000000244,spawned_1,20.0,0,,False,,False,,False,,False,none,,False,,False,0.0
36.300000000000246,spawned_1,20.0,0,,False,,False,,False,,False,none,,False,,False,0.0
36.40000000000025,spawned_1,20.0,0,,False,,False,,False,,False,none,,False,,False,0.0
36.50000000000025,spawned_1,20.0,0,,False,,False,,False,,False,none,,False,,False,0.0
36.60000000000025,spawned_1,20.0,0,,False,,False,,False,,False,none,,False,,False,0.0
36.70000000000025,spawned_1,20.0,0,,False,,False,,False,,False,none,,False,,False,0.0
36.80000000000025,spawned_1,20.0,0,,False,,False,,False,,False,none,,False,,False,0.0
36.900000000000254,spawned_1,20.0,0,,False,,False,,False,,False,none,,False,,False,0.0
37.000000000000256,spawned_1,20.0,0,,False,,False,,False,,False,none,,False,,False,0.0
37.10000000000026,spawned_1,20.0,0,,False,,False,,False,,False,none,,False,,False,0.0
37.20000000000026,spawned_1,20.0,0,,False,,False,,False,,False,none,,False,,False,0.0
37.30000000000026,spawned_1,20.0,0,,False,,False,,False,,False,none,,False,,False,0.0
37.40000000000026,spawned_1,20.0,0,,False,,False,,False,,False,none,,False,,False,0.0
37.50000000000026,spawned_1,20.0,0,,False,,False,,False,,False,none,,False,,False,0.0
37.600000000000264,spawned_1,20.0,0,,False,,False,,False,,False,none,,False,,False,0.0
37.700000000000266,spawned_1,20.0,0,,False,,False,,False,,False,none,,False,,False,0.0
37.80000000000027,spawned_1,20.0,0,,False,,False,,False,,False,none,,False,,False,0.0
37.90000000000027,spawned_1,20.0,0,,False,,False,,False,,False,none,,False,,False,0.0
38.00000000000027,spawned_1,20.0,0,,False,,False,,False,,False,none,,False,,False,0.0
38.10000000000027,spawned_1,20.0,0,,False,,False,,False,,False,none,,False,,False,0.0
38.20000000000027,spawned_1,20.0,0,,False,,False,,False,,False,none,,False,,False,0.0
38.300000000000274,spawned_1,20.0,0,,False,,False,,False,,False,none,,False,,False,0.0
38.400000000000276,spawned_1,20.0,0,,False,,False,,False,,False,none,,False,,False,0.0
38.50000000000028,spawned_1,20.0,0,,False,,False,,False,,False,none,,False,,False,0.0
38.60000000000028,spawned_1,20.0,0,,False,,False,,False,,False,none,,False,,False,0.0
38.70000000000028,spawned_1,20.0,0,,False,,False,,False,,False,none,,False,,False,0.0
38.80000000000028,spawned_1,20.0,0,,False,,False,,False,,False,none,,False,,False,0.0
38.90000000000028,spawned_1,20.0,0,,False,,False,,False,,False,none,,False,,False,0.0
39.000000000000284,spawned_1,20.0,0,,False,,False,,False,,False,none,,False,,False,0.0
39.100000000000286,spawned_1,20.0,0,,False,,False,,False,,False,none,,False,,False,0.0
39.20000000000029,spawned_1,20.0,0,,False,,False,,False,,False,none,,False,,False,0.0
39.30000000000029,spawned_1,20.0,0,,False,,False,,False,,False,none,,False,,False,0.0
39.40000000000029,spawned_1,20.0,0,,False,,False,,False,,False,none,,False,,False,0.0
39.50000000000029,spawned_1,20.0,0,,False,,False,,False,,False,none,,False,,False,0.0
39.60000000000029,spawned_1,20.0,0,,False,,False,,False,,False,none,,False,,False,0.0
39.700000000000294,spawned_1,20.0,0,,False,,False,,False,,False,none,,False,,False,0.0
39.800000000000296,spawned_1,20.0,0,,False,,False,,False,,False,none,,False,,False,0.0
39.9000000000003,spawned_1,20.0,0,,False,,False,,False,,False,none,,False,,False,0.0
40.0000000000003,spawned_1,20.0,0,,False,,False,,False,,False,none,,False,,False,0.0
40.1000000000003,spawned_1,20.0,0,,False,,False,,False,,False,none,,False,,False,0.0
40.2000000000003,spawned_1,20.0,0,,False,,False,,False,,False,none,,False,,False,0.0
40.3000000000003,spawned_1,20.0,0,,False,,False,,False,,False,none,,False,,False,0.0
40.400000000000304,spawned_1,20.0,0,,False,,False,,False,,False,none,,False,,False,0.0
40.500000000000306,spawned_1,20.0,0,,False,,False,,False,,False,none,,False,,False,0.0
40.60000000000031,spawned_1,20.0,0,,False,,False,,False,,False,none,,False,,False,0.0
40.70000000000031,spawned_1,20.0,0,,False,,False,,False,,False,none,,False,,False,0.0
40.80000000000031,spawned_1,20.0,0,,False,,False,,False,,False,none,,False,,False,0.0
40.90000000000031,spawned_1,20.0,0,,False,,False,,False,,False,none,,False,,False,0.0
41.00000000000031,spawned_1,20.0,0,,False,,False,,False,,False,none,,False,,False,0.0
41.100000000000314,spawned_1,20.0,0,,False,,False,,False,,False,none,,False,,False,0.0
41.200000000000315,spawned_1,20.0,0,,False,,False,,False,,False,none,,False,,False,0.0
41.30000000000032,spawned_1,20.0,0,,False,,False,,False,,False,none,,False,,False,0.0
41.40000000000032,spawned_1,20.0,0,,False,,False,,False,,False,none,,False,,False,0.0
41.50000000000032,spawned_1,20.0,0,,False,,False,,False,,False,none,,False,,False,0.0
41.60000000000032,spawned_1,20.0,0,,False,,False,,False,,False,none,,False,,False,0.0
41.70000000000032,spawned_1,20.0,0,,False,,False,,False,,False,none,,False,,False,0.0
41.800000000000324,spawned_1,20.0,0,,False,,False,,False,,False,none,,False,,False,0.0
41.900000000000325,spawned_1,20.0,0,,False,,False,,False,,False,none,,False,,False,0.0
42.00000000000033,spawned_1,20.0,0,,False,,False,,False,,False,none,,False,,False,0.0
42.10000000000033,spawned_1,20.0,0,,False,,False,,False,,False,none,,False,,False,0.0
42.20000000000033,spawned_1,20.0,0,,False,,False,,False,,False,none,,False,,False,0.0
42.30000000000033,spawned_1,20.0,0,,False,,False,,False,,False,none,,False,,False,0.0
42.40000000000033,spawned_1,20.0,0,,False,,False,,False,,False,none,,False,,False,0.0
42.500000000000334,spawned_1,20.0,0,,False,,False,,False,,False,none,,False,,False,0.0
42.600000000000335,spawned_1,20.0,0,,False,,False,,False,,False,none,,False,,False,0.0
42.70000000000034,spawned_1,20.0,0,,False,,False,,False,,False,none,,False,,False,0.0
42.80000000000034,spawned_1,20.0,0,,False,,False,,False,,False,none,,False,,False,0.0
42.90000000000034,spawned_1,20.0,0,,False,,False,,False,,False,none,,False,,False,0.0
43.00000000000034,spawned_1,20.0,0,,False,,False,,False,,False,none,,False,,False,0.0
43.10000000000034,spawned_1,20.0,0,,False,,False,,False,,False,none,,False,,False,0.0
43.200000000000344,spawned_1,20.0,0,,False,,False,,False,,False,none,,False,,False,0.0
43.300000000000345,spawned_1,20.0,0,,False,,False,,False,,False,none,,False,,False,0.0
43.40000000000035,spawned_1,20.0,0,,False,,False,,False,,False,none,,False,,False,0.0
43.50000000000035,spawned_1,20.0,0,,False,,False,,False,,False,none,,False,,False,0.0
43.60000000000035,spawned_1,20.0,0,,False,,False,,False,,False,none,,False,,False,0.0
43.70000000000035,spawned_1,20.0,0,,False,,False,,False,,False,none,,False,,False,0.0
43.80000000000035,spawned_1,20.0,0,,False,,False,,False,,False,none,,False,,False,0.0
43.900000000000354,spawned_1,20.0,0,,False,,False,,False,,False,none,,False,,False,0.0
44.000000000000355,spawned_1,20.0,0,,False,,False,,False,,False,none,,False,,False,0.0
44.10000000000036,spawned_1,20.0,0,,False,,False,,False,,False,none,,False,,False,0.0
44.20000000000036,spawned_1,20.0,0,,False,,False,,False,,False,none,,False,,False,0.0
44.30000000000036,spawned_1,20.0,0,,False,,False,,False,,False,none,,False,,False,0.0
44.40000000000036,spawned_1,20.0,0,,False,,False,,False,,False,none,,False,,False,0.0
44.50000000000036,spawned_1,20.0,0,,False,,False,,False,,False,none,,False,,False,0.0
44.600000000000364,spawned_1,20.0,0,,False,,False,,False,,False,none,,False,,False,0.0
44.700000000000365,spawned_1,20.0,0,,False,,False,,False,,False,none,,False,,False,0.0
44.80000000000037,spawned_1,20.0,0,,False,,False,,False,,False,none,,False,,False,0.0
44.90000000000037,spawned_1,20.0,0,,False,,False,,False,,False,none,,False,,False,0.0
45.00000000000037,spawned_1,20.0,0,,False,,False,,False,,False,none,,False,,False,0.0
45.10000000000037,spawned_1,20.0,0,,False,,False,,False,,False,none,,False,,False,0.0
45.20000000000037,spawned_1,20.0,0,,False,,False,,False,,False,none,,False,,False,0.0
45.300000000000374,spawned_1,20.0,0,,False,,False,,False,,False,none,,False,,False,0.0
45.400000000000375,spawned_1,20.0,0,,False,,False,,False,,False,none,,False,,False,0.0
45.50000000000038,spawned_1,20.0,0,,False,,False,,False,,False,none,,False,,False,0.0
45.60000000000038,spawned_1,20.0,0,,False,,False,,False,,False,none,,False,,False,0.0
45.70000000000038,spawned_1,20.0,0,,False,,False,,False,,False,none,,False,,False,0.0
45.80000000000038,spawned_1,20.0,0,,False,,False,,False,,False,none,,False,,False,0.0
45.90000000000038,spawned_1,20.0,0,,False,,False,,False,,False,none,,False,,False,0.0
46.000000000000384,spawned_1,20.0,0,,False,,False,,False,,False,none,,False,,False,0.0
46.100000000000385,spawned_1,20.0,0,,False,,False,,False,,False,none,,False,,False,0.0
46.20000000000039,spawned_1,20.0,0,,False,,False,,False,,False,none,,False,,False,0.0
46.30000000000039,spawned_1,20.0,0,,False,,False,,False,,False,none,,False,,False,0.0
46.40000000000039,spawned_1,20.0,0,,False,,False,,False,,False,none,,False,,False,0.0
46.50000000000039,spawned_1,20.0,0,,False,,False,,False,,False,none,,False,,False,0.0
46.60000000000039,spawned_1,20.0,0,,False,,False,,False,,False,none,,False,,False,0.0
46.700000000000394,spawned_1,20.0,0,,False,,False,,False,,False,none,,False,,False,0.0
46.800000000000395,spawned_1,20.0,0,,False,,False,,False,,False,none,,False,,False,0.0
46.9000000000004,spawned_1,20.0,0,,False,,False,,False,,False,none,,False,,False,0.0
47.0000000000004,spawned_1,20.0,0,,False,,False,,False,,False,none,,False,,False,0.0
47.1000000000004,spawned_1,20.0,0,,False,,False,,False,,False,none,,False,,False,0.0
47.2000000000004,spawned_1,20.0,0,,False,,False,,False,,False,none,,False,,False,0.0
47.3000000000004,spawned_1,20.0,0,,False,,False,,False,,False,none,,False,,False,0.0
47.400000000000404,spawned_1,20.0,0,,False,,False,,False,,False,none,,False,,False,0.0
47.500000000000405,spawned_1,20.0,0,,False,,False,,False,,False,none,,False,,False,0.0
47.600000000000406,spawned_1,20.0,0,,False,,False,,False,,False,none,,False,,False,0.0
47.70000000000041,spawned_1,20.0,0,,False,,False,,False,,False,none,,False,,False,0.0
47.80000000000041,spawned_1,20.0,0,,False,,False,,False,,False,none,,False,,False,0.0
47.90000000000041,spawned_1,20.0,0,,False,,False,,False,,False,none,,False,,False,0.0
48.00000000000041,spawned_1,20.0,0,,False,,False,,False,,False,none,,False,,False,0.0
48.10000000000041,spawned_1,20.0,0,,False,,False,,False,,False,none,,False,,False,0.0
48.200000000000415,spawned_1,20.0,0,,False,,False,,False,,False,none,,False,,False,0.0
48.300000000000416,spawned_1,20.0,0,,False,,False,,False,,False,none,,False,,False,0.0
48.40000000000042,spawned_1,20.0,0,,False,,False,,False,,False,none,,False,,False,0.0
48.50000000000042,spawned_1,20.0,0,,False,,False,,False,,False,none,,False,,False,0.0
48.60000000000042,spawned_1,20.0,0,,False,,False,,False,,False,none,,False,,False,0.0
48.70000000000042,spawned_1,20.0,0,,False,,False,,False,,False,none,,False,,False,0.0
48.80000000000042,spawned_1,20.0,0,,False,,False,,False,,False,none,,False,,False,0.0
48.900000000000425,spawned_1,20.0,0,,False,,False,,False,,False,none,,False,,False,0.0
49.000000000000426,spawned_1,20.0,0,,False,,False,,False,,False,none,,False,,False,0.0
49.10000000000043,spawned_1,20.0,0,,False,,False,,False,,False,none,,False,,False,0.0
49.20000000000043,spawned_1,20.0,0,,False,,False,,False,,False,none,,False,,False,0.0
49.30000000000043,spawned_1,20.0,0,,False,,False,,False,,False,none,,False,,False,0.0
49.40000000000043,spawned_1,20.0,0,,False,,False,,False,,False,none,,False,,False,0.0
49.50000000000043,spawned_1,20.0,0,,False,,False,,False,,False,none,,False,,False,0.0
49.600000000000435,spawned_1,20.0,0,,False,,False,,False,,False,none,,False,,False,0.0
49.700000000000436,spawned_1,20.0,0,,False,,False,,False,,False,none,,False,,False,0.0
49.80000000000044,spawned_1,20.0,0,,False,,False,,False,,False,none,,False,,False,0.0
49.90000000000044,spawned_1,20.0,0,,False,,False,,False,,False,none,,False,,False,0.0
50.00000000000044,spawned_1,20.0,0,,False,,False,,False,,False,none,,False,,False,0.0
50.10000000000044,spawned_1,20.0,0,,False,,False,,False,,False,none,,False,,False,0.0
50.20000000000044,spawned_1,20.0,0,,False,,False,,False,,False,none,,False,,False,0.0
50.300000000000445,spawned_1,20.0,0,,False,,False,,False,,False,none,,False,,False,0.0
50.400000000000446,spawned_1,20.0,0,,False,,False,,False,,False,none,,False,,False,0.0
50.50000000000045,spawned_1,20.0,0,,False,,False,,False,,False,none,,False,,False,0.0
50.60000000000045,spawned_1,20.0,0,,False,,False,,False,,False,none,,False,,False,0.0
50.70000000000045,spawned_1,20.0,0,,False,,False,,False,,False,none,,False,,False,0.0
50.80000000000045,spawned_1,20.0,0,,False,,False,,False,,False,none,,False,,False,0.0
50.90000000000045,spawned_1,20.0,0,,False,,False,,False,,False,none,,False,,False,0.0
51.000000000000455,spawned_1,20.0,0,,False,,False,,False,,False,none,,False,,False,0.0
51.100000000000456,spawned_1,20.0,0,,False,,False,,False,,False,none,,False,,False,0.0
51.20000000000046,spawned_1,20.0,0,,False,,False,,False,,False,none,,False,,False,0.0
51.30000000000046,spawned_1,20.0,0,,False,,False,,False,,False,none,,False,,False,0.0
51.40000000000046,spawned_1,20.0,0,,False,,False,,False,,False,none,,False,,False,0.0
51.50000000000046,spawned_1,20.0,0,,False,,False,,False,,False,none,,False,,False,0.0
51.60000000000046,spawned_1,20.0,0,,False,,False,,False,,False,none,,False,,False,0.0
51.700000000000465,spawned_1,20.0,0,,False,,False,,False,,False,none,,False,,False,0.0
51.800000000000466,spawned_1,20.0,0,,False,,False,,False,,False,none,,False,,False,0.0
51.90000000000047,spawned_1,20.0,0,,False,,False,,False,,False,none,,False,,False,0.0
52.00000000000047,spawned_1,20.0,0,,False,,False,,False,,False,none,,False,,False,0.0
52.10000000000047,spawned_1,20.0,0,,False,,False,,False,,False,none,,False,,False,0.0
52.20000000000047,spawned_1,20.0,0,,False,,False,,False,,False,none,,False,,False,0.0
52.30000000000047,spawned_1,20.0,0,,False,,False,,False,,False,none,,False,,False,0.0
52.400000000000475,spawned_1,20.0,0,,False,,False,,False,,False,none,,False,,False,0.0
52.500000000000476,spawned_1,20.0,0,,False,,False,,False,,False,none,,False,,False,0.0
52.60000000000048,spawned_1,20.0,0,,False,,False,,False,,False,none,,False,,False,0.0
52.70000000000048,spawned_1,20.0,0,,False,,False,,False,,False,none,,False,,False,0.0
52.80000000000048,spawned_1,20.0,0,,False,,False,,False,,False,none,,False,,False,0.0
52.90000000000048,spawned_1,20.0,0,,False,,False,,False,,False,none,,False,,False,0.0
53.00000000000048,spawned_1,20.0,0,,False,,False,,False,,False,none,,False,,False,0.0
53.100000000000485,spawned_1,20.0,0,,False,,False,,False,,False,none,,False,,False,0.0
53.200000000000486,spawned_1,20.0,0,,False,,False,,False,,False,none,,False,,False,0.0
53.30000000000049,spawned_1,20.0,0,,False,,False,,False,,False,none,,False,,False,0.0
53.40000000000049,spawned_1,20.0,0,,False,,False,,False,,False,none,,False,,False,0.0
53.50000000000049,spawned_1,20.0,0,,False,,False,,False,,False,none,,False,,False,0.0
53.60000000000049,spawned_1,20.0,0,,False,,False,,False,,False,none,,False,,False,0.0
53.70000000000049,spawned_1,20.0,0,,False,,False,,False,,False,none,,False,,False,0.0
53.800000000000495,spawned_1,20.0,0,,False,,False,,False,,False,none,,False,,False,0.0
53.900000000000496,spawned_1,20.0,0,,False,,False,,False,,False,none,,False,,False,0.0
54.0000000000005,spawned_1,20.0,0,,False,,False,,False,,False,none,,False,,False,0.0
54.1000000000005,spawned_1,20.0,0,,False,,False,,False,,False,none,,False,,False,0.0
54.2000000000005,spawned_1,20.0,0,,False,,False,,False,,False,none,,False,,False,0.0
54.3000000000005,spawned_1,20.0,0,,False,,False,,False,,False,none,,False,,False,0.0
54.4000000000005,spawned_1,20.0,0,,False,,False,,False,,False,none,,False,,False,0.0
54.500000000000504,spawned_1,20.0,0,,False,,False,,False,,False,none,,False,,False,0.0
54.600000000000506,spawned_1,20.0,0,,False,,False,,False,,False,none,,False,,False,0.0
54.70000000000051,spawned_1,20.0,0,,False,,False,,False,,False,none,,False,,False,0.0
54.80000000000051,spawned_1,20.0,0,,False,,False,,False,,False,none,,False,,False,0.0
54.90000000000051,spawned_1,20.0,0,,False,,False,,False,,False,none,,False,,False,0.0
55.00000000000051,spawned_1,20.0,0,,False,,False,,False,,False,none,,False,,False,0.0
55.10000000000051,spawned_1,20.0,0,,False,,False,,False,,False,none,,False,,False,0.0
55.200000000000514,spawned_1,20.0,0,,False,,False,,False,,False,none,,False,,False,0.0
55.300000000000516,spawned_1,20.0,0,,False,,False,,False,,False,none,,False,,False,0.0
55.40000000000052,spawned_1,20.0,0,,False,,False,,False,,False,none,,False,,False,0.0
55.50000000000052,spawned_1,20.0,0,,False,,False,,False,,False,none,,False,,False,0.0
55.60000000000052,spawned_1,20.0,0,,False,,False,,False,,False,none,,False,,False,0.0
55.70000000000052,spawned_1,20.0,0,,False,,False,,False,,False,none,,False,,False,0.0
55.80000000000052,spawned_1,20.0,0,,False,,False,,False,,False,none,,False,,False,0.0
55.900000000000524,spawned_1,20.0,0,,False,,False,,False,,False,none,,False,,False,0.0
56.000000000000526,spawned_1,20.0,0,,False,,False,,False,,False,none,,False,,False,0.0
56.10000000000053,spawned_1,20.0,0,,False,,False,,False,,False,none,,False,,False,0.0
56.20000000000053,spawned_1,20.0,0,,False,,False,,False,,False,none,,False,,False,0.0
56.30000000000053,spawned_1,20.0,0,,False,,False,,False,,False,none,,False,,False,0.0
56.40000000000053,spawned_1,20.0,0,,False,,False,,False,,False,none,,False,,False,0.0
56.50000000000053,spawned_1,20.0,0,,False,,False,,False,,False,none,,False,,False,0.0
56.600000000000534,spawned_1,20.0,0,,False,,False,,False,,False,none,,False,,False,0.0
56.700000000000536,spawned_1,20.0,0,,False,,False,,False,,False,none,,False,,False,0.0
56.80000000000054,spawned_1,20.0,0,,False,,False,,False,,False,none,,False,,False,0.0
56.90000000000054,spawned_1,20.0,0,,False,,False,,False,,False,none,,False,,False,0.0
57.00000000000054,spawned_1,20.0,0,,False,,False,,False,,False,none,,False,,False,0.0
57.10000000000054,spawned_1,20.0,0,,False,,False,,False,,False,none,,False,,False,0.0
57.20000000000054,spawned_1,20.0,0,,False,,False,,False,,False,none,,False,,False,0.0
57.300000000000544,spawned_1,20.0,0,,False,,False,,False,,False,none,,False,,False,0.0
57.400000000000546,spawned_1,20.0,0,,False,,False,,False,,False,none,,False,,False,0.0
57.50000000000055,spawned_1,20.0,0,,False,,False,,False,,False,none,,False,,False,0.0
57.60000000000055,spawned_1,20.0,0,,False,,False,,False,,False,none,,False,,False,0.0
57.70000000000055,spawned_1,20.0,0,,False,,False,,False,,False,none,,False,,False,0.0
57.80000000000055,spawned_1,20.0,0,,False,,False,,False,,False,none,,False,,False,0.0
57.90000000000055,spawned_1,20.0,0,,False,,False,,False,,False,none,,False,,False,0.0
58.000000000000554,spawned_1,20.0,0,,False,,False,,False,,False,none,,False,,False,0.0
58.100000000000556,spawned_1,20.0,0,,False,,False,,False,,False,none,,False,,False,0.0
58.20000000000056,spawned_1,20.0,0,,False,,False,,False,,False,none,,False,,False,0.0
58.30000000000056,spawned_1,20.0,0,,False,,False,,False,,False,none,,False,,False,0.0
58.40000000000056,spawned_1,20.0,0,,False,,False,,False,,False,none,,False,,False,0.0
58.50000000000056,spawned_1,20.0,0,,False,,False,,False,,False,none,,False,,False,0.0
58.60000000000056,spawned_1,20.0,0,,False,,False,,False,,False,none,,False,,False,0.0
58.700000000000564,spawned_1,20.0,0,,False,,False,,False,,False,none,,False,,False,0.0
58.800000000000566,spawned_1,20.0,0,,False,,False,,False,,False,none,,False,,False,0.0
58.90000000000057,spawned_1,20.0,0,,False,,False,,False,,False,none,,False,,False,0.0
59.00000000000057,spawned_1,20.0,0,,False,,False,,False,,False,none,,False,,False,0.0
59.10000000000057,spawned_1,20.0,0,,False,,False,,False,,False,none,,False,,False,0.0
59.20000000000057,spawned_1,20.0,0,,False,,False,,False,,False,none,,False,,False,0.0
59.30000000000057,spawned_1,20.0,0,,False,,False,,False,,False,none,,False,,False,0.0
59.400000000000574,spawned_1,20.0,0,,False,,False,,False,,False,none,,False,,False,0.0
59.500000000000576,spawned_1,20.0,0,,False,,False,,False,,False,none,,False,,False,0.0
59.60000000000058,spawned_1,20.0,0,,False,,False,,False,,False,none,,False,,False,0.0
59.70000000000058,spawned_1,20.0,0,,False,,False,,False,,False,none,,False,,False,0.0
59.80000000000058,spawned_1,20.0,0,,False,,False,,False,,False,none,,False,,False,0.0
59.90000000000058,spawned_1,20.0,0,,False,,False,,False,,False,none,,False,,False,0.0
60.00000000000058,spawned_1,20.0,0,,False,,False,,False,,False,none,,False,,False,0.0
60.100000000000584,spawned_1,20.0,0,,False,,False,,False,,False,none,,False,,False,0.0
60.200000000000585,spawned_1,20.0,0,,False,,False,,False,,False,none,,False,,False,0.0
60.30000000000059,spawned_1,20.0,0,,False,,False,,False,,False,none,,False,,False,0.0
60.40000000000059,spawned_1,20.0,0,,False,,False,,False,,False,none,,False,,False,0.0
60.50000000000059,spawned_1,20.0,0,,False,,False,,False,,False,none,,False,,False,0.0
60.60000000000059,spawned_1,20.0,0,,False,,False,,False,,False,none,,False,,False,0.0
60.70000000000059,spawned_1,20.0,0,,False,,False,,False,,False,none,,False,,False,0.0
60.800000000000594,spawned_1,20.0,0,,False,,False,,False,,False,none,,False,,False,0.0
60.900000000000595,spawned_1,20.0,0,,False,,False,,False,,False,none,,False,,False,0.0
61.0000000000006,spawned_1,20.0,0,,False,,False,,False,,False,none,,False,,False,0.0
61.1000000000006,spawned_1,20.0,0,,False,,False,,False,,False,none,,False,,False,0.0
61.2000000000006,spawned_1,20.0,0,,False,,False,,False,,False,none,,False,,False,0.0
61.3000000000006,spawned_1,20.0,0,,False,,False,,False,,False,none,,False,,False,0.0
61.4000000000006,spawned_1,20.0,0,,False,,False,,False,,False,none,,False,,False,0.0
61.500000000000604,spawned_1,20.0,0,,False,,False,,False,,False,none,,False,,False,0.0
61.600000000000605,spawned_1,20.0,0,,False,,False,,False,,False,none,,False,,False,0.0
61.70000000000061,spawned_1,20.0,0,,False,,False,,False,,False,none,,False,,False,0.0
61.80000000000061,spawned_1,20.0,0,,False,,False,,False,,False,none,,False,,False,0.0
61.90000000000061,spawned_1,20.0,0,,False,,False,,False,,False,none,,False,,False,0.0
62.00000000000061,spawned_1,20.0,0,,False,,False,,False,,False,none,,False,,False,0.0
62.10000000000061,spawned_1,20.0,0,,False,,False,,False,,False,none,,False,,False,0.0
62.200000000000614,spawned_1,20.0,0,,False,,False,,False,,False,none,,False,,False,0.0
62.300000000000615,spawned_1,20.0,0,,False,,False,,False,,False,none,,False,,False,0.0
62.40000000000062,spawned_1,20.0,0,,False,,False,,False,,False,none,,False,,False,0.0
62.50000000000062,spawned_1,20.0,0,,False,,False,,False,,False,none,,False,,False,0.0
62.60000000000062,spawned_1,20.0,0,,False,,False,,False,,False,none,,False,,False,0.0
62.70000000000062,spawned_1,20.0,0,,False,,False,,False,,False,none,,False,,False,0.0
62.80000000000062,spawned_1,20.0,0,,False,,False,,False,,False,none,,False,,False,0.0
62.900000000000624,spawned_1,20.0,0,,False,,False,,False,,False,none,,False,,False,0.0
63.000000000000625,spawned_1,20.0,0,,False,,False,,False,,False,none,,False,,False,0.0
63.10000000000063,spawned_1,20.0,0,,False,,False,,False,,False,none,,False,,False,0.0
63.20000000000063,spawned_1,20.0,0,,False,,False,,False,,False,none,,False,,False,0.0
63.30000000000063,spawned_1,20.0,0,,False,,False,,False,,False,none,,False,,False,0.0
63.40000000000063,spawned_1,20.0,0,,False,,False,,False,,False,none,,False,,False,0.0
63.50000000000063,spawned_1,20.0,0,,False,,False,,False,,False,none,,False,,False,0.0
63.600000000000634,spawned_1,20.0,0,,False,,False,,False,,False,none,,False,,False,0.0
63.700000000000635,spawned_1,20.0,0,,False,,False,,False,,False,none,,False,,False,0.0
63.80000000000064,spawned_1,20.0,0,,False,,False,,False,,False,none,,False,,False,0.0
63.90000000000064,spawned_1,20.0,0,,False,,False,,False,,False,none,,False,,False,0.0
64.00000000000064,spawned_1,20.0,0,,False,,False,,False,,False,none,,False,,False,0.0
64.10000000000063,spawned_1,20.0,0,,False,,False,,False,,False,none,,False,,False,0.0
64.20000000000063,spawned_1,20.0,0,,False,,False,,False,,False,none,,False,,False,0.0
64.30000000000062,spawned_1,20.0,0,,False,,False,,False,,False,none,,False,,False,0.0
64.40000000000062,spawned_1,20.0,0,,False,,False,,False,,False,none,,False,,False,0.0
64.50000000000061,spawned_1,20.0,0,,False,,False,,False,,False,none,,False,,False,0.0
64.6000000000006,spawned_1,20.0,0,,False,,False,,False,,False,none,,False,,False,0.0
64.7000000000006,spawned_1,20.0,0,,False,,False,,False,,False,none,,False,,False,0.0
64.8000000000006,spawned_1,20.0,0,,False,,False,,False,,False,none,,False,,False,0.0
64.90000000000059,spawned_1,20.0,0,,False,,False,,False,,False,none,,False,,False,0.0
65.00000000000058,spawned_1,20.0,0,,False,,False,,False,,False,none,,False,,False,0.0
65.10000000000058,spawned_1,20.0,0,,False,,False,,False,,False,none,,False,,False,0.0
65.20000000000057,spawned_1,20.0,0,,False,,False,,False,,False,none,,False,,False,0.0
65.30000000000057,spawned_1,20.0,0,,False,,False,,False,,False,none,,False,,False,0.0
65.40000000000056,spawned_1,20.0,0,,False,,False,,False,,False,none,,False,,False,0.0
65.50000000000055,spawned_1,20.0,0,,False,,False,,False,,False,none,,False,,False,0.0
65.60000000000055,spawned_1,20.0,0,,False,,False,,False,,False,none,,False,,False,0.0
65.70000000000054,spawned_1,20.0,0,,False,,False,,False,,False,none,,False,,False,0.0
65.80000000000054,spawned_1,20.0,0,,False,,False,,False,,False,none,,False,,False,0.0
65.90000000000053,spawned_1,20.0,0,,False,,False,,False,,False,none,,False,,False,0.0
66.00000000000053,spawned_1,20.0,0,,False,,False,,False,,False,none,,False,,False,0.0
66.10000000000052,spawned_1,20.0,0,,False,,False,,False,,False,none,,False,,False,0.0
66.20000000000051,spawned_1,20.0,0,,False,,False,,False,,False,none,,False,,False,0.0
66.30000000000051,spawned_1,20.0,0,,False,,False,,False,,False,none,,False,,False,0.0
66.4000000000005,spawned_1,20.0,0,,False,,False,,False,,False,none,,False,,False,0.0
66.5000000000005,spawned_1,20.0,0,,False,,False,,False,,False,none,,False,,False,0.0
66.60000000000049,spawned_1,20.0,0,,False,,False,,False,,False,none,,False,,False,0.0
66.70000000000049,spawned_1,20.0,0,,False,,False,,False,,False,none,,False,,False,0.0
66.80000000000048,spawned_1,20.0,0,,False,,False,,False,,False,none,,False,,False,0.0
66.90000000000047,spawned_1,20.0,0,,False,,False,,False,,False,none,,False,,False,0.0
67.00000000000047,spawned_1,20.0,0,,False,,False,,False,,False,none,,False,,False,0.0
67.10000000000046,spawned_1,20.0,0,,False,,False,,False,,False,none,,False,,False,0.0
67.20000000000046,spawned_1,20.0,0,,False,,False,,False,,False,none,,False,,False,0.0
67.30000000000045,spawned_1,20.0,0,,False,,False,,False,,False,none,,False,,False,0.0
67.40000000000045,spawned_1,20.0,0,,False,,False,,False,,False,none,,False,,False,0.0
67.50000000000044,spawned_1,20.0,0,,False,,False,,False,,False,none,,False,,False,0.0
67.60000000000043,spawned_1,20.0,0,,False,,False,,False,,False,none,,False,,False,0.0
67.70000000000043,spawned_1,20.0,0,,False,,False,,False,,False,none,,False,,False,0.0
67.80000000000042,spawned_1,20.0,0,,False,,False,,False,,False,none,,False,,False,0.0
67.90000000000042,spawned_1,20.0,0,,False,,False,,False,,False,none,,False,,False,0.0
68.00000000000041,spawned_1,20.0,0,,False,,False,,False,,False,none,,False,,False,0.0
68.1000000000004,spawned_1,20.0,0,,False,,False,,False,,False,none,,False,,False,0.0
68.2000000000004,spawned_1,20.0,0,,False,,False,,False,,False,none,,False,,False,0.0
68.3000000000004,spawned_1,20.0,0,,False,,False,,False,,False,none,,False,,False,0.0
68.40000000000039,spawned_1,20.0,0,,False,,False,,False,,False,none,,False,,False,0.0
68.50000000000038,spawned_1,20.0,0,,False,,False,,False,,False,none,,False,,False,0.0
68.60000000000038,spawned_1,20.0,0,,False,,False,,False,,False,none,,False,,False,0.0
68.70000000000037,spawned_1,20.0,0,,False,,False,,False,,False,none,,False,,False,0.0
68.80000000000037,spawned_1,20.0,0,,False,,False,,False,,False,none,,False,,False,0.0
68.90000000000036,spawned_1,20.0,0,,False,,False,,False,,False,none,,False,,False,0.0
69.00000000000036,spawned_1,20.0,0,,False,,False,,False,,False,none,,False,,False,0.0
69.10000000000035,spawned_1,20.0,0,,False,,False,,False,,False,none,,False,,False,0.0
69.20000000000034,spawned_1,20.0,0,,False,,False,,False,,False,none,,False,,False,0.0
69.30000000000034,spawned_1,20.0,0,,False,,False,,False,,False,none,,False,,False,0.0
69.40000000000033,spawned_1,20.0,0,,False,,False,,False,,False,none,,False,,False,0.0
69.50000000000033,spawned_1,20.0,0,,False,,False,,False,,False,none,,False,,False,0.0
69.60000000000032,spawned_1,20.0,0,,False,,False,,False,,False,none,,False,,False,0.0
69.70000000000032,spawned_1,20.0,0,,False,,False,,False,,False,none,,False,,False,0.0
69.80000000000031,spawned_1,20.0,0,,False,,False,,False,,False,none,,False,,False,0.0
69.9000000000003,spawned_1,20.0,0,,False,,False,,False,,False,none,,False,,False,0.0
70.0000000000003,spawned_1,20.0,0,,False,,False,,False,,False,none,,False,,False,0.0
70.10000000000029,spawned_1,20.0,0,,False,,False,,False,,False,none,,False,,False,0.0
70.20000000000029,spawned_1,20.0,0,,False,,False,,False,,False,none,,False,,False,0.0
70.30000000000028,spawned_1,20.0,0,,False,,False,,False,,False,none,,False,,False,0.0
70.40000000000028,spawned_1,20.0,0,,False,,False,,False,,False,none,,False,,False,0.0
70.50000000000027,spawned_1,20.0,0,,False,,False,,False,,False,none,,False,,False,0.0
70.60000000000026,spawned_1,20.0,0,,False,,False,,False,,False,none,,False,,False,0.0
70.70000000000026,spawned_1,20.0,0,,False,,False,,False,,False,none,,False,,False,0.0
70.80000000000025,spawned_1,20.0,0,,False,,False,,False,,False,none,,False,,False,0.0
70.90000000000025,spawned_1,20.0,0,,False,,False,,False,,False,none,,False,,False,0.0
71.00000000000024,spawned_1,20.0,0,,False,,False,,False,,False,none,,False,,False,0.0
71.10000000000024,spawned_1,20.0,0,,False,,False,,False,,False,none,,False,,False,0.0
71.20000000000023,spawned_1,20.0,0,,False,,False,,False,,False,none,,False,,False,0.0
71.30000000000022,spawned_1,20.0,0,,False,,False,,False,,False,none,,False,,False,0.0
71.40000000000022,spawned_1,20.0,0,,False,,False,,False,,False,none,,False,,False,0.0
71.50000000000021,spawned_1,20.0,0,,False,,False,,False,,False,none,,False,,False,0.0
71.60000000000021,spawned_1,20.0,0,,False,,False,,False,,False,none,,False,,False,0.0
71.7000000000002,spawned_1,20.0,0,,False,,False,,False,,False,none,,False,,False,0.0
71.8000000000002,spawned_1,20.0,0,,False,,False,,False,,False,none,,False,,False,0.0
71.90000000000019,spawned_1,20.0,0,,False,,False,,False,,False,none,,False,,False,0.0
72.00000000000018,spawned_1,20.0,0,,False,,False,,False,,False,none,,False,,False,0.0
72.10000000000018,spawned_1,20.0,0,,False,,False,,False,,False,none,,False,,False,0.0
72.20000000000017,spawned_1,20.0,0,,False,,False,,False,,False,none,,False,,False,0.0
72.30000000000017,spawned_1,20.0,0,,False,,False,,False,,False,none,,False,,False,0.0
72.40000000000016,spawned_1,20.0,0,,False,,False,,False,,False,none,,False,,False,0.0
72.50000000000016,spawned_1,20.0,0,,False,,False,,False,,False,none,,False,,False,0.0
72.60000000000015,spawned_1,20.0,0,,False,,False,,False,,False,none,,False,,False,0.0
72.70000000000014,spawned_1,20.0,0,,False,,False,,False,,False,none,,False,,False,0.0
72.80000000000014,spawned_1,20.0,0,,False,,False,,False,,False,none,,False,,False,0.0
72.90000000000013,spawned_1,20.0,0,,False,,False,,False,,False,none,,False,,False,0.0
73.00000000000013,spawned_1,20.0,0,,False,,False,,False,,False,none,,False,,False,0.0
73.10000000000012,spawned_1,20.0,0,,False,,False,,False,,False,none,,False,,False,0.0
73.20000000000012,spawned_1,20.0,0,,False,,False,,False,,False,none,,False,,False,0.0
73.30000000000011,spawned_1,20.0,0,,False,,False,,False,,False,none,,False,,False,0.0
73.4000000000001,spawned_1,20.0,0,,False,,False,,False,,False,none,,False,,False,0.0
73.5000000000001,spawned_1,20.0,0,,False,,False,,False,,False,none,,False,,False,0.0
73.6000000000001,spawned_1,20.0,0,,False,,False,,False,,False,none,,False,,False,0.0
73.70000000000009,spawned_1,20.0,0,,False,,False,,False,,False,none,,False,,False,0.0
73.80000000000008,spawned_1,20.0,0,,False,,False,,False,,False,none,,False,,False,0.0
73.90000000000008,spawned_1,20.0,0,,False,,False,,False,,False,none,,False,,False,0.0
74.00000000000007,spawned_1,20.0,0,,False,,False,,False,,False,none,,False,,False,0.0
74.10000000000007,spawned_1,20.0,0,,False,,False,,False,,False,none,,False,,False,0.0
74.20000000000006,spawned_1,20.0,0,,False,,False,,False,,False,none,,False,,False,0.0
74.30000000000005,spawned_1,20.0,0,,False,,False,,False,,False,none,,False,,False,0.0
74.40000000000005,spawned_1,20.0,0,,False,,False,,False,,False,none,,False,,False,0.0
74.50000000000004,spawned_1,20.0,0,,False,,False,,False,,False,none,,False,,False,0.0
74.60000000000004,spawned_1,20.0,0,,False,,False,,False,,False,none,,False,,False,0.0
74.70000000000003,spawned_1,20.0,0,,False,,False,,False,,False,none,,False,,False,0.0
74.80000000000003,spawned_1,20.0,0,,False,,False,,False,,False,none,,False,,False,0.0
74.90000000000002,spawned_1,20.0,0,,False,,False,,False,,False,none,,False,,False,0.0
75.00000000000001,spawned_1,20.0,0,,False,,False,,False,,False,none,,False,,False,0.0
75.10000000000001,spawned_1,20.0,0,,False,,False,,False,,False,none,,False,,False,0.0
75.2,spawned_1,20.0,0,,False,,False,,False,,False,none,,False,,False,0.0
75.3,spawned_1,20.0,0,,False,,False,,False,,False,none,,False,,False,0.0
75.39999999999999,spawned_1,20.0,0,,False,,False,,False,,False,none,,False,,False,0.0
75.49999999999999,spawned_1,20.0,0,,False,,False,,False,,False,none,,False,,False,0.0
75.59999999999998,spawned_1,20.0,0,,False,,False,,False,,False,none,,False,,False,0.0
75.69999999999997,spawned_1,20.0,0,,False,,False,,False,,False,none,,False,,False,0.0
75.79999999999997,spawned_1,20.0,0,,False,,False,,False,,False,none,,False,,False,0.0
75.89999999999996,spawned_1,20.0,0,,False,,False,,False,,False,none,,False,,False,0.0
75.99999999999996,spawned_1,20.0,0,,False,,False,,False,,False,none,,False,,False,0.0
76.09999999999995,spawned_1,20.0,0,,False,,False,,False,,False,none,,False,,False,0.0
76.19999999999995,spawned_1,20.0,0,,False,,False,,False,,False,none,,False,,False,0.0
76.29999999999994,spawned_1,20.0,0,,False,,False,,False,,False,none,,False,,False,0.0
76.39999999999993,spawned_1,20.0,0,,False,,False,,False,,False,none,,False,,False,0.0
76.49999999999993,spawned_1,20.0,0,,False,,False,,False,,False,none,,False,,False,0.0
76.59999999999992,spawned_1,20.0,0,,False,,False,,False,,False,none,,False,,False,0.0
76.69999999999992,spawned_1,20.0,0,,False,,False,,False,,False,none,,False,,False,0.0
76.79999999999991,spawned_1,20.0,0,,False,,False,,False,,False,none,,False,,False,0.0
76.8999999999999,spawned_1,20.0,0,,False,,False,,False,,False,none,,False,,False,0.0
76.9999999999999,spawned_1,20.0,0,,False,,False,,False,,False,none,,False,,False,0.0
77.0999999999999,spawned_1,20.0,0,,False,,False,,False,,False,none,,False,,False,0.0
77.19999999999989,spawned_1,20.0,0,,False,,False,,False,,False,none,,False,,False,0.0
77.29999999999988,spawned_1,20.0,0,,False,,False,,False,,False,none,,False,,False,0.0
77.39999999999988,spawned_1,20.0,0,,False,,False,,False,,False,none,,False,,False,0.0
77.49999999999987,spawned_1,20.0,0,,False,,False,,False,,False,none,,False,,False,0.0
77.59999999999987,spawned_1,20.0,0,,False,,False,,False,,False,none,,False,,False,0.0
77.69999999999986,spawned_1,20.0,0,,False,,False,,False,,False,none,,False,,False,0.0
77.79999999999986,spawned_1,20.0,0,,False,,False,,False,,False,none,,False,,False,0.0
77.89999999999985,spawned_1,20.0,0,,False,,False,,False,,False,none,,False,,False,0.0
77.99999999999984,spawned_1,20.0,0,,False,,False,,False,,False,none,,False,,False,0.0
78.09999999999984,spawned_1,20.0,0,,False,,False,,False,,False,none,,False,,False,0.0
78.19999999999983,spawned_1,20.0,0,,False,,False,,False,,False,none,,False,,False,0.0
78.29999999999983,spawned_1,20.0,0,,False,,False,,False,,False,none,,False,,False,0.0
78.39999999999982,spawned_1,20.0,0,,False,,False,,False,,False,none,,False,,False,0.0
78.49999999999982,spawned_1,20.0,0,,False,,False,,False,,False,none,,False,,False,0.0
78.59999999999981,spawned_1,20.0,0,,False,,False,,False,,False,none,,False,,False,0.0
78.6999999999998,spawned_1,20.0,0,,False,,False,,False,,False,none,,False,,False,0.0
78.7999999999998,spawned_1,20.0,0,,False,,False,,False,,False,none,,False,,False,0.0
78.89999999999979,spawned_1,20.0,0,,False,,False,,False,,False,none,,False,,False,0.0
78.99999999999979,spawned_1,20.0,0,,False,,False,,False,,False,none,,False,,False,0.0
79.09999999999978,spawned_1,20.0,0,,False,,False,,False,,False,none,,False,,False,0.0
79.19999999999978,spawned_1,20.0,0,,False,,False,,False,,False,none,,False,,False,0.0
79.29999999999977,spawned_1,20.0,0,,False,,False,,False,,False,none,,False,,False,0.0
79.39999999999976,spawned_1,20.0,0,,False,,False,,False,,False,none,,False,,False,0.0
79.49999999999976,spawned_1,20.0,0,,False,,False,,False,,False,none,,False,,False,0.0
79.59999999999975,spawned_1,20.0,0,,False,,False,,False,,False,none,,False,,False,0.0
79.69999999999975,spawned_1,20.0,0,,False,,False,,False,,False,none,,False,,False,0.0
79.79999999999974,spawned_1,20.0,0,,False,,False,,False,,False,none,,False,,False,0.0
79.89999999999974,spawned_1,20.0,0,,False,,False,,False,,False,none,,False,,False,0.0
79.99999999999973,spawned_1,20.0,0,,False,,False,,False,,False,none,,False,,False,0.0
80.09999999999972,spawned_1,20.0,0,,False,,False,,False,,False,none,,False,,False,0.0
80.19999999999972,spawned_1,20.0,0,,False,,False,,False,,False,none,,False,,False,0.0
80.29999999999971,spawned_1,20.0,0,,False,,False,,False,,False,none,,False,,False,0.0
80.39999999999971,spawned_1,20.0,0,,False,,False,,False,,False,none,,False,,False,0.0
80.4999999999997,spawned_1,20.0,0,,False,,False,,False,,False,none,,False,,False,0.0
80.5999999999997,spawned_1,20.0,0,,False,,False,,False,,False,none,,False,,False,0.0
80.69999999999969,spawned_1,20.0,0,,False,,False,,False,,False,none,,False,,False,0.0
80.79999999999968,spawned_1,20.0,0,,False,,False,,False,,False,none,,False,,False,0.0
80.89999999999968,spawned_1,20.0,0,,False,,False,,False,,False,none,,False,,False,0.0
80.99999999999967,spawned_1,20.0,0,,False,,False,,False,,False,none,,False,,False,0.0
81.09999999999967,spawned_1,20.0,0,,False,,False,,False,,False,none,,False,,False,0.0
81.19999999999966,spawned_1,20.0,0,,False,,False,,False,,False,none,,False,,False,0.0
81.29999999999966,spawned_1,20.0,0,,False,,False,,False,,False,none,,False,,False,0.0
81.39999999999965,spawned_1,20.0,0,,False,,False,,False,,False,none,,False,,False,0.0
81.49999999999964,spawned_1,20.0,0,,False,,False,,False,,False,none,,False,,False,0.0
81.59999999999964,spawned_1,20.0,0,,False,,False,,False,,False,none,,False,,False,0.0
81.69999999999963,spawned_1,20.0,0,,False,,False,,False,,False,none,,False,,False,0.0
81.79999999999963,spawned_1,20.0,0,,False,,False,,False,,False,none,,False,,False,0.0
81.89999999999962,spawned_1,20.0,0,,False,,False,,False,,False,none,,False,,False,0.0
81.99999999999962,spawned_1,20.0,0,,False,,False,,False,,False,none,,False,,False,0.0
82.09999999999961,spawned_1,20.0,0,,False,,False,,False,,False,none,,False,,False,0.0
82.1999999999996,spawned_1,20.0,0,,False,,False,,False,,False,none,,False,,False,0.0
82.2999999999996,spawned_1,20.0,0,,False,,False,,False,,False,none,,False,,False,0.0
82.3999999999996,spawned_1,20.0,0,,False,,False,,False,,False,none,,False,,False,0.0
82.49999999999959,spawned_1,20.0,0,,False,,False,,False,,False,none,,False,,False,0.0
82.59999999999958,spawned_1,20.0,0,,False,,False,,False,,False,none,,False,,False,0.0
82.69999999999958,spawned_1,20.0,0,,False,,False,,False,,False,none,,False,,False,0.0
82.79999999999957,spawned_1,20.0,0,,False,,False,,False,,False,none,,False,,False,0.0
82.89999999999957,spawned_1,20.0,0,,False,,False,,False,,False,none,,False,,False,0.0
82.99999999999956,spawned_1,20.0,0,,False,,False,,False,,False,none,,False,,False,0.0
83.09999999999955,spawned_1,20.0,0,,False,,False,,False,,False,none,,False,,False,0.0
83.19999999999955,spawned_1,20.0,0,,False,,False,,False,,False,none,,False,,False,0.0
83.29999999999954,spawned_1,20.0,0,,False,,False,,False,,False,none,,False,,False,0.0
83.39999999999954,spawned_1,20.0,0,,False,,False,,False,,False,none,,False,,False,0.0
83.49999999999953,spawned_1,20.0,0,,False,,False,,False,,False,none,,False,,False,0.0
83.59999999999953,spawned_1,20.0,0,,False,,False,,False,,False,none,,False,,False,0.0
83.69999999999952,spawned_1,20.0,0,,False,,False,,False,,False,none,,False,,False,0.0
83.79999999999951,spawned_1,20.0,0,,False,,False,,False,,False,none,,False,,False,0.0
83.89999999999951,spawned_1,20.0,0,,False,,False,,False,,False,none,,False,,False,0.0
83.9999999999995,spawned_1,20.0,0,,False,,False,,False,,False,none,,False,,False,0.0
84.0999999999995,spawned_1,20.0,0,,False,,False,,False,,False,none,,False,,False,0.0
84.19999999999949,spawned_1,20.0,0,,False,,False,,False,,False,none,,False,,False,0.0
84.29999999999949,spawned_1,20.0,0,,False,,False,,False,,False,none,,False,,False,0.0
84.39999999999948,spawned_1,20.0,0,,False,,False,,False,,False,none,,False,,False,0.0
84.49999999999947,spawned_1,20.0,0,,False,,False,,False,,False,none,,False,,False,0.0
84.59999999999947,spawned_1,20.0,0,,False,,False,,False,,False,none,,False,,False,0.0
84.69999999999946,spawned_1,20.0,0,,False,,False,,False,,False,none,,False,,False,0.0
84.79999999999946,spawned_1,20.0,0,,False,,False,,False,,False,none,,False,,False,0.0
84.89999999999945,spawned_1,20.0,0,,False,,False,,False,,False,none,,False,,False,0.0
84.99999999999945,spawned_1,20.0,0,,False,,False,,False,,False,none,,False,,False,0.0
85.09999999999944,spawned_1,20.0,0,,False,,False,,False,,False,none,,False,,False,0.0
85.19999999999943,spawned_1,20.0,0,,False,,False,,False,,False,none,,False,,False,0.0
85.29999999999943,spawned_1,20.0,0,,False,,False,,False,,False,none,,False,,False,0.0
85.39999999999942,spawned_1,20.0,0,,False,,False,,False,,False,none,,False,,False,0.0
85.49999999999942,spawned_1,20.0,0,,False,,False,,False,,False,none,,False,,False,0.0
85.59999999999941,spawned_1,20.0,0,,False,,False,,False,,False,none,,False,,False,0.0
85.6999999999994,spawned_1,20.0,0,,False,,False,,False,,False,none,,False,,False,0.0
85.7999999999994,spawned_1,20.0,0,,False,,False,,False,,False,none,,False,,False,0.0
85.8999999999994,spawned_1,20.0,0,,False,,False,,False,,False,none,,False,,False,0.0
85.99999999999939,spawned_1,20.0,0,,False,,False,,False,,False,none,,False,,False,0.0
86.09999999999938,spawned_1,20.0,0,148.13511843075514,False,148.13511843075514,False,,False,148.13511843075514,True,camera,traffic_light,False,,False,0.0
86.19999999999938,spawned_1,20.0,0,147.2410384307551,False,147.2410384307551,False,,False,147.2410384307551,True,camera,traffic_light,False,,False,0.0
86.29999999999937,spawned_1,20.0,0,146.34695843075508,False,146.34695843075508,False,,False,146.34695843075508,True,camera,traffic_light,False,,False,0.0
86.39999999999937,spawned_1,20.0,0,145.45287843075505,False,145.45287843075505,False,,False,145.45287843075505,True,camera,traffic_light,False,,False,0.0
86.49999999999936,spawned_1,20.0,0,144.55879843075502,False,144.55879843075502,False,,False,144.55879843075502,True,camera,traffic_light,False,,False,0.0
86.59999999999935,spawned_1,20.0,0,143.664718430755,False,143.664718430755,False,,False,143.664718430755,True,camera,traffic_light,False,,False,0.0
86.69999999999935,spawned_1,20.0,0,142.77063843075496,False,142.77063843075496,False,,False,142.77063843075496,True,camera,traffic_light,False,,False,0.0
86.79999999999934,spawned_1,20.0,0,141.87655843075493,False,141.87655843075493,False,,False,141.87655843075493,True,camera,traffic_light,False,,False,0.0
86.89999999999934,spawned_1,20.0,0,140.9824784307549,False,140.9824784307549,False,,False,140.9824784307549,True,camera,traffic_light,False,,False,0.0
86.99999999999933,spawned_1,20.0,0,140.08839843075486,False,140.08839843075486,False,,False,140.08839843075486,True,camera,traffic_light,False,,False,0.0
87.09999999999933,spawned_1,20.0,0,139.19431843075483,False,139.19431843075483,False,,False,139.19431843075483,True,camera,traffic_light,False,,False,0.0
87.19999999999932,spawned_1,20.0,0,138.3002384307548,False,138.3002384307548,False,,False,138.3002384307548,True,camera,traffic_light,False,,False,0.0
87.29999999999932,spawned_1,20.0,0,137.40615843075477,False,137.40615843075477,False,,False,137.40615843075477,True,camera,traffic_light,False,,False,0.0
87.39999999999931,spawned_1,20.0,0,136.51207843075474,False,136.51207843075474,False,,False,136.51207843075474,True,camera,traffic_light,False,,False,0.0
87.4999999999993,spawned_1,20.0,0,135.6179984307547,False,135.6179984307547,False,,False,135.6179984307547,True,camera,traffic_light,False,,False,0.0
87.5999999999993,spawned_1,20.0,0,134.72391843075468,False,134.72391843075468,False,,False,134.72391843075468,True,camera,traffic_light,False,,False,0.0
87.69999999999929,spawned_1,20.0,0,133.82983843075465,False,133.82983843075465,False,,False,133.82983843075465,True,camera,traffic_light,False,,False,0.0
87.79999999999929,spawned_1,20.0,0,132.93575843075462,False,132.93575843075462,False,,False,132.93575843075462,True,camera,traffic_light,False,,False,0.0
87.89999999999928,spawned_1,20.0,0,132.0416784307546,False,132.0416784307546,False,,False,132.0416784307546,True,camera,traffic_light,False,,False,0.0
87.99999999999928,spawned_1,20.0,0,131.14759843075456,False,131.14759843075456,False,,False,131.14759843075456,True,camera,traffic_light,False,,False,0.0
88.09999999999927,spawned_1,20.0,0,130.25351843075453,False,130.25351843075453,False,,False,130.25351843075453,True,camera,traffic_light,False,,False,0.0
88.19999999999926,spawned_1,20.0,0,129.3594384307545,False,129.3594384307545,False,,False,129.3594384307545,True,camera,traffic_light,False,,False,0.0
88.29999999999926,spawned_1,20.0,0,128.46535843075446,False,128.46535843075446,False,,False,128.46535843075446,True,camera,traffic_light,False,,False,0.0
88.39999999999925,spawned_1,20.0,0,127.57127843075443,False,127.57127843075443,False,,False,127.57127843075443,True,camera,traffic_light,False,,False,0.0
88.49999999999925,spawned_1,20.0,0,126.6771984307544,False,126.6771984307544,False,,False,126.6771984307544,True,camera,traffic_light,False,,False,0.0
88.59999999999924,spawned_1,20.0,0,125.78311843075437,False,125.78311843075437,False,,False,125.78311843075437,True,camera,traffic_light,False,,False,0.0
88.69999999999924,spawned_1,20.0,0,124.88903843075434,False,124.88903843075434,False,,False,124.88903843075434,True,camera,traffic_light,False,,False,0.0
88.79999999999923,spawned_1,20.0,0,123.99495843075431,False,123.99495843075431,False,,False,123.99495843075431,True,camera,traffic_light,False,,False,0.0
88.89999999999922,spawned_1,20.0,0,123.10087843075428,False,123.10087843075428,False,,False,123.10087843075428,True,camera,traffic_light,False,,False,0.0
88.99999999999922,spawned_1,20.0,0,122.20679843075425,False,122.20679843075425,False,,False,122.20679843075425,True,camera,traffic_light,False,,False,0.0
89.09999999999921,spawned_1,20.0,0,121.31271843075422,False,121.31271843075422,False,,False,121.31271843075422,True,camera,traffic_light,False,,False,0.0
89.1999999999992,spawned_1,20.0,0,120.41863843075419,False,120.41863843075419,False,,False,120.41863843075419,True,camera,traffic_light,False,,False,0.0
89.2999999999992,spawned_1,20.0,0,119.52455843075415,False,119.52455843075415,False,,False,119.52455843075415,True,camera,traffic_light,False,,False,0.0
89.3999999999992,spawned_1,20.0,0,118.63047843075412,False,118.63047843075412,False,,False,118.63047843075412,True,camera,traffic_light,False,,False,0.0
89.49999999999919,spawned_1,20.0,0,117.7363984307541,False,117.7363984307541,False,,False,117.7363984307541,True,camera,traffic_light,False,,False,0.0
89.59999999999918,spawned_1,20.0,0,116.84231843075406,False,116.84231843075406,False,,False,116.84231843075406,True,camera,traffic_light,False,,False,0.0
89.69999999999918,spawned_1,20.0,0,115.94823843075403,False,115.94823843075403,False,,False,115.94823843075403,True,camera,traffic_light,False,,False,0.0
89.79999999999917,spawned_1,20.0,0,115.054158430754,False,115.054158430754,False,,False,115.054158430754,True,camera,traffic_light,False,,False,0.0
89.89999999999917,spawned_1,20.0,0,114.16007843075397,False,114.16007843075397,False,,False,114.16007843075397,True,camera,traffic_light,False,,False,0.0
89.99999999999916,spawned_1,20.0,0,113.26599843075394,False,113.26599843075394,False,,False,113.26599843075394,True,camera,traffic_light,False,,False,0.0
90.09999999999916,spawned_1,20.0,0,112.37191843075391,False,112.37191843075391,False,,False,112.37191843075391,True,camera,traffic_light,False,,False,0.0
90.19999999999915,spawned_1,20.0,0,111.47783843075388,False,111.47783843075388,False,,False,111.47783843075388,True,camera,traffic_light,False,,False,0.0
90.29999999999914,spawned_1,20.0,0,110.58375843075385,False,110.58375843075385,False,,False,110.58375843075385,True,camera,traffic_light,False,,False,0.0
90.39999999999914,spawned_1,20.0,0,109.68967843075382,False,109.68967843075382,False,,False,109.68967843075382,True,camera,traffic_light,False,,False,0.0
90.49999999999913,spawned_1,20.0,0,108.79559843075378,False,108.79559843075378,False,,False,108.79559843075378,True,camera,traffic_light,False,,False,0.0
90.59999999999913,spawned_1,20.0,0,107.90151843075375,False,107.90151843075375,False,,False,107.90151843075375,True,camera,traffic_light,False,,False,0.0
90.69999999999912,spawned_1,20.0,0,107.00743843075372,False,107.00743843075372,False,,False,107.00743843075372,True,camera,traffic_light,False,,False,0.0
90.79999999999912,spawned_1,20.0,0,106.11335843075369,False,106.11335843075369,False,,False,106.11335843075369,True,camera,traffic_light,False,,False,0.0
90.89999999999911,spawned_1,20.0,0,105.21927843075366,False,105.21927843075366,False,,False,105.21927843075366,True,camera,traffic_light,False,,False,0.0
90.9999999999991,spawned_1,20.0,0,104.32519843075363,False,104.32519843075363,False,,False,104.32519843075363,True,camera,traffic_light,False,,False,0.0
91.0999999999991,spawned_1,20.0,0,103.4311184307536,False,103.4311184307536,False,,False,103.4311184307536,True,camera,traffic_light,False,,False,0.0
91.1999999999991,spawned_1,20.0,0,102.53703843075357,False,102.53703843075357,False,,False,102.53703843075357,True,camera,traffic_light,False,,False,0.0
91.29999999999909,spawned_1,20.0,0,101.64295843075354,False,101.64295843075354,False,,False,101.64295843075354,True,camera,traffic_light,False,,False,0.0
91.39999999999908,spawned_1,20.0,0,100.7488784307535,False,100.7488784307535,False,,False,100.7488784307535,True,camera,traffic_light,False,,False,0.0
91.49999999999908,spawned_1,20.0,0,99.85479843075348,False,99.85479843075348,False,,False,99.85479843075348,True,camera,traffic_light,False,,False,0.0
91.59999999999907,spawned_1,20.0,0,98.96071843075345,False,98.96071843075345,False,,False,98.96071843075345,True,camera,traffic_light,False,,False,0.0
91.69999999999906,spawned_1,20.0,0,98.06663843075341,False,98.06663843075341,False,,False,98.06663843075341,True,camera,traffic_light,False,,False,0.0
91.79999999999906,spawned_1,20.0,0,97.17255843075338,False,97.17255843075338,False,,False,97.17255843075338,True,camera,traffic_light,False,,False,0.0
91.89999999999905,spawned_1,20.0,0,96.27847843075335,False,96.27847843075335,False,,False,96.27847843075335,True,camera,traffic_light,False,,False,0.0
91.99999999999905,spawned_1,20.0,0,95.38439843075332,False,95.38439843075332,False,,False,95.38439843075332,True,camera,traffic_light,False,,False,0.0
92.09999999999904,spawned_1,20.0,0,94.49031843075329,False,94.49031843075329,False,,False,94.49031843075329,True,camera,traffic_light,False,,False,0.0
92.19999999999904,spawned_1,20.0,0,93.59623843075326,False,93.59623843075326,False,,False,93.59623843075326,True,camera,traffic_light,False,,False,0.0
92.29999999999903,spawned_1,20.0,0,92.70215843075323,False,92.70215843075323,False,,False,92.70215843075323,True,camera,traffic_light,False,,False,0.0
92.39999999999903,spawned_1,20.0,0,91.8080784307532,False,91.8080784307532,False,,False,91.8080784307532,True,camera,traffic_light,False,,False,0.0
92.49999999999902,spawned_1,20.0,0,90.91399843075317,False,90.91399843075317,False,,False,90.91399843075317,True,camera,traffic_light,False,,False,0.0
92.59999999999901,spawned_1,20.0,0,90.01991843075314,False,90.01991843075314,False,,False,90.01991843075314,True,camera,traffic_light,False,,False,0.0
92.69999999999901,spawned_1,20.0,0,89.1258384307531,False,89.1258384307531,False,,False,89.1258384307531,True,camera,traffic_light,False,,False,0.0
92.799999999999,spawned_1,20.0,0,88.23175843075308,False,88.23175843075308,False,,False,88.23175843075308,True,camera,traffic_light,False,,False,0.0
92.899999999999,spawned_1,20.0,0,87.33767843075304,False,87.33767843075304,False,,False,87.33767843075304,True,camera,traffic_light,False,,False,0.0
92.99999999999899,spawned_1,20.0,0,86.44359843075301,False,86.44359843075301,False,,False,86.44359843075301,True,camera,traffic_light,False,,False,0.0
93.09999999999899,spawned_1,20.0,0,85.54951843075298,False,85.54951843075298,False,,False,85.54951843075298,True,camera,traffic_light,False,,False,0.0
93.19999999999898,spawned_1,20.0,0,84.65543843075295,False,84.65543843075295,False,,False,84.65543843075295,True,camera,traffic_light,False,,False,0.0
93.29999999999897,spawned_1,20.0,0,83.76135843075292,False,83.76135843075292,False,,False,83.76135843075292,True,camera,traffic_light,False,,False,0.0
93.39999999999897,spawned_1,20.0,0,82.86727843075289,False,82.86727843075289,False,,False,82.86727843075289,True,camera,traffic_light,False,,False,0.0
93.49999999999896,spawned_1,20.0,0,81.97319843075286,False,81.97319843075286,False,,False,81.97319843075286,True,camera,traffic_light,False,,False,0.0
93.59999999999896,spawned_1,20.0,0,81.07911843075283,False,81.07911843075283,False,,False,81.07911843075283,True,camera,traffic_light,False,,False,0.0
93.69999999999895,spawned_1,20.0,0,80.1850384307528,False,80.1850384307528,False,,False,80.1850384307528,True,camera,traffic_light,False,,False,0.0
93.79999999999895,spawned_1,20.0,0,79.29095843075277,False,79.29095843075277,False,79.29095843075277,False,79.29095843075277,True,camera,traffic_light,False,,False,0.0
93.89999999999894,spawned_1,20.0,0,78.39687843075274,False,78.39687843075274,False,78.39687843075274,False,78.39687843075274,True,camera,traffic_light,False,,False,0.0
93.99999999999893,spawned_1,20.0,0,77.5027984307527,False,77.5027984307527,False,77.5027984307527,False,77.5027984307527,True,camera,traffic_light,False,,False,0.0
94.09999999999893,spawned_1,20.0,0,76.60871843075267,False,76.60871843075267,False,76.60871843075267,False,76.60871843075267,True,camera,traffic_light,False,,False,0.0
94.19999999999892,spawned_1,20.0,0,75.71463843075264,False,75.71463843075264,False,75.71463843075264,False,75.71463843075264,True,camera,traffic_light,False,,False,0.0
94.29999999999892,spawned_1,20.0,0,74.82055843075261,False,74.82055843075261,False,74.82055843075261,False,74.82055843075261,True,camera,traffic_light,False,,False,0.0
94.39999999999891,spawned_1,20.0,0,73.92647843075258,False,73.92647843075258,False,73.92647843075258,False,73.92647843075258,True,camera,traffic_light,False,,False,0.0
94.4999999999989,spawned_1,20.0,0,73.03239843075255,False,73.03239843075255,False,73.03239843075255,False,73.03239843075255,True,camera,traffic_light,False,,False,0.0
94.5999999999989,spawned_1,20.0,0,72.13831843075252,False,72.13831843075252,False,72.13831843075252,False,72.13831843075252,True,camera,traffic_light,False,,False,0.0
94.6999999999989,spawned_1,20.0,0,71.24423843075249,False,71.24423843075249,False,71.24423843075249,False,71.24423843075249,True,camera,traffic_light,False,,False,0.0
94.79999999999889,spawned_1,20.0,0,70.35015843075246,False,70.35015843075246,False,70.35015843075246,False,70.35015843075246,True,camera,traffic_light,False,,False,0.0
94.89999999999888,spawned_1,20.0,0,69.45607843075243,False,69.45607843075243,False,69.45607843075243,False,69.45607843075243,True,camera,traffic_light,False,,False,0.0
94.99999999999888,spawned_1,20.0,0,68.5619984307524,False,68.5619984307524,False,68.5619984307524,False,68.5619984307524,True,camera,traffic_light,False,,False,0.0
95.09999999999887,spawned_1,20.0,0,67.66791843075237,False,67.66791843075237,False,67.66791843075237,False,67.66791843075237,True,camera,traffic_light,False,,False,0.0
95.19999999999887,spawned_1,20.0,0,66.77383843075233,False,66.77383843075233,False,66.77383843075233,False,66.77383843075233,True,camera,traffic_light,False,,False,0.0
95.29999999999886,spawned_1,20.0,0,65.8797584307523,False,65.8797584307523,False,65.8797584307523,False,65.8797584307523,True,camera,traffic_light,False,,False,0.0
95.39999999999885,spawned_1,20.0,0,64.98567843075227,False,64.98567843075227,False,64.98567843075227,False,64.98567843075227,True,camera,traffic_light,False,,False,0.0
95.49999999999885,spawned_1,20.0,0,64.09159843075224,False,64.09159843075224,False,64.09159843075224,False,64.09159843075224,True,camera,traffic_light,False,,False,0.0
95.59999999999884,spawned_1,20.0,0,63.19751843075221,False,63.19751843075221,False,63.19751843075221,False,63.19751843075221,True,camera,traffic_light,False,,False,0.0
95.69999999999884,spawned_1,20.0,0,62.30343843075218,False,62.30343843075218,False,62.30343843075218,False,62.30343843075218,True,camera,traffic_light,False,,False,0.0
95.79999999999883,spawned_1,20.0,0,61.40935843075215,False,61.40935843075215,False,61.40935843075215,False,61.40935843075215,True,camera,traffic_light,False,,False,0.0
95.89999999999883,spawned_1,20.0,0,60.51527843075212,False,60.51527843075212,False,60.51527843075212,False,60.51527843075212,True,camera,traffic_light,False,,False,0.0
95.99999999999882,spawned_1,20.0,0,59.62119843075209,False,59.62119843075209,False,59.62119843075209,False,59.62119843075209,True,camera,traffic_light,False,,False,0.0
96.09999999999881,spawned_1,20.0,0,,False,,False,,False,,False,none,,False,,False,0.0
96.19999999999881,spawned_1,20.0,0,,False,,False,,False,,False,none,,False,,False,0.0
96.2999999999988,spawned_1,20.0,0,,False,,False,,False,,False,none,,False,,False,0.0
96.3999999999988,spawned_1,20.0,0,,False,,False,,False,,False,none,,False,,False,0.0
96.49999999999879,spawned_1,20.0,0,,False,,False,,False,,False,none,,False,,False,0.0
96.59999999999879,spawned_1,20.0,0,,False,,False,,False,,False,none,,False,,False,0.0
96.69999999999878,spawned_1,20.0,0,,False,,False,,False,,False,none,,False,,False,0.0
96.79999999999878,spawned_1,20.0,0,,False,,False,,False,,False,none,,False,,False,0.0
96.89999999999877,spawned_1,20.0,0,,False,,False,,False,,False,none,,False,,False,0.0
96.99999999999876,spawned_1,20.0,0,,False,,False,,False,,False,none,,False,,False,0.0
97.09999999999876,spawned_1,20.0,0,,False,,False,,False,,False,none,,False,,False,0.0
97.19999999999875,spawned_1,20.0,0,,False,,False,,False,,False,none,,False,,False,0.0
97.29999999999875,spawned_1,20.0,0,,False,,False,,False,,False,none,,False,,False,0.0
97.39999999999874,spawned_1,20.0,0,,False,,False,,False,,False,none,,False,,False,0.0
97.49999999999874,spawned_1,20.0,0,,False,,False,,False,,False,none,,False,,False,0.0
97.59999999999873,spawned_1,20.0,0,,False,,False,,False,,False,none,,False,,False,0.0
97.69999999999872,spawned_1,20.0,0,,False,,False,,False,,False,none,,False,,False,0.0
97.79999999999872,spawned_1,20.0,0,,False,,False,,False,,False,none,,False,,False,0.0
97.89999999999871,spawned_1,20.0,0,,False,,False,,False,,False,none,,False,,False,0.0
97.9999999999987,spawned_1,20.0,0,,False,,False,,False,,False,none,,False,,False,0.0
98.0999999999987,spawned_1,20.0,0,,False,,False,,False,,False,none,,False,,False,0.0
98.1999999999987,spawned_1,20.0,0,,False,,False,,False,,False,none,,False,,False,0.0
98.29999999999869,spawned_1,20.0,0,,False,,False,,False,,False,none,,False,,False,0.0
98.39999999999868,spawned_1,20.0,0,,False,,False,,False,,False,none,,False,,False,0.0
98.49999999999868,spawned_1,20.0,0,,False,,False,,False,,False,none,,False,,False,0.0
98.59999999999867,spawned_1,20.0,0,,False,,False,,False,,False,none,,False,,False,0.0
98.69999999999867,spawned_1,20.0,0,,False,,False,,False,,False,none,,False,,False,0.0
98.79999999999866,spawned_1,20.0,0,,False,,False,,False,,False,none,,False,,False,0.0
98.89999999999866,spawned_1,20.0,0,,False,,False,,False,,False,none,,False,,False,0.0
98.99999999999865,spawned_1,20.0,0,,False,,False,,False,,False,none,,False,,False,0.0
99.09999999999864,spawned_1,20.0,0,,False,,False,,False,,False,none,,False,,False,0.0
99.19999999999864,spawned_1,20.0,0,,False,,False,,False,,False,none,,False,,False,0.0
99.29999999999863,spawned_1,20.0,0,,False,,False,,False,,False,none,,False,,False,0.0
99.39999999999863,spawned_1,20.0,0,,False,,False,,False,,False,none,,False,,False,0.0
99.49999999999862,spawned_1,20.0,0,,False,,False,,False,,False,none,,False,,False,0.0
99.59999999999862,spawned_1,20.0,0,,False,,False,,False,,False,none,,False,,False,0.0
99.69999999999861,spawned_1,20.0,0,,False,,False,,False,,False,none,,False,,False,0.0
99.7999999999986,spawned_1,20.0,0,,False,,False,,False,,False,none,,False,,False,0.0
99.8999999999986,spawned_1,20.0,0,,False,,False,,False,,False,none,,False,,False,0.0
99.9999999999986,spawned_1,20.0,0,,False,,False,,False,,False,none,,False,,False,0.0
100.09999999999859,spawned_1,20.0,0,,False,,False,,False,,False,none,,False,,False,0.0
100.19999999999858,spawned_1,20.0,0,,False,,False,,False,,False,none,,False,,False,0.0
100.29999999999858,spawned_1,20.0,0,,False,,False,,False,,False,none,,False,,False,0.0
100.39999999999857,spawned_1,20.0,0,,False,,False,,False,,False,none,,False,,False,0.0
100.49999999999856,spawned_1,20.0,0,,False,,False,,False,,False,none,,False,,False,0.0
100.59999999999856,spawned_1,20.0,0,,False,,False,,False,,False,none,,False,,False,0.0
100.69999999999855,spawned_1,20.0,0,,False,,False,,False,,False,none,,False,,False,0.0
100.79999999999855,spawned_1,20.0,0,,False,,False,,False,,False,none,,False,,False,0.0
100.89999999999854,spawned_1,20.0,0,,False,,False,,False,,False,none,,False,,False,0.0
100.99999999999854,spawned_1,20.0,0,,False,,False,,False,,False,none,,False,,False,0.0
101.09999999999853,spawned_1,20.0,0,,False,,False,,False,,False,none,,False,,False,0.0
101.19999999999852,spawned_1,20.0,0,,False,,False,,False,,False,none,,False,,False,0.0
101.29999999999852,spawned_1,20.0,0,,False,,False,,False,,False,none,,False,,False,0.0
101.39999999999851,spawned_1,20.0,0,,False,,False,,False,,False,none,,False,,False,0.0
101.49999999999851,spawned_1,20.0,0,,False,,False,,False,,False,none,,False,,False,0.0
101.5999999999985,spawned_1,20.0,0,,False,,False,,False,,False,none,,False,,False,0.0
101.6999999999985,spawned_1,20.0,0,,False,,False,,False,,False,none,,False,,False,0.0
101.79999999999849,spawned_1,20.0,0,,False,,False,,False,,False,none,,False,,False,0.0
101.89999999999849,spawned_1,20.0,0,,False,,False,,False,,False,none,,False,,False,0.0
101.99999999999848,spawned_1,20.0,0,,False,,False,,False,,False,none,,False,,False,0.0
102.09999999999847,spawned_1,20.0,0,5.082318430750206,False,5.082318430750206,False,5.082318430750206,False,5.082318430750206,True,camera,traffic_light,False,,False,0.0
102.19999999999847,spawned_1,18.545991410164635,0,4.2207384307502025,False,4.2207384307502025,False,4.2207384307502025,False,4.2207384307502025,True,camera,traffic_light,False,,False,0.0
102.29999999999846,spawned_1,17.091982820329275,0,3.4241584307502535,False,3.4241584307502535,False,3.4241584307502535,False,3.4241584307502535,True,camera,traffic_light,False,,False,0.0
102.39999999999846,spawned_1,15.637974230493912,0,2.692578430750359,False,2.692578430750359,False,2.692578430750359,False,2.692578430750359,True,camera,traffic_light,False,,False,0.0
102.49999999999845,spawned_1,14.183965640658549,0,2.025998430750292,False,2.025998430750292,False,2.025998430750292,False,2.025998430750292,True,camera,traffic_light,False,,False,0.0
102.59999999999845,spawned_1,12.729957050823188,0,1.4244184307502792,False,1.4244184307502792,False,1.4244184307502792,False,1.4244184307502792,True,camera,traffic_light,False,,False,0.0
102.69999999999844,spawned_1,11.275948460987825,0,0.8878384307503211,False,0.8878384307503211,False,0.8878384307503211,False,0.8878384307503211,True,camera,traffic_light,False,,False,0.0
102.79999999999843,spawned_1,9.821939871152463,0,0.4162584307504176,False,0.4162584307504176,False,0.4162584307504176,False,0.4162584307504176,True,camera,traffic_light,False,,False,0.0
102.89999999999843,spawned_1,8.367931281317102,0,0.00967843075034125,False,0.00967843075034125,False,0.00967843075034125,False,0.00967843075034125,True,camera,traffic_light,False,,False,0.0
102.99999999999842,spawned_1,6.913922691481741,0,,False,,False,,False,,False,none,,False,,False,0.0
103.09999999999842,spawned_1,7.361309949892621,0,,False,,False,,False,,False,none,,False,,False,0.0
103.19999999999841,spawned_1,7.808697208303502,0,,False,,False,,False,,False,none,,False,,False,0.0
103.2999999999984,spawned_1,8.256084466714382,0,,False,,False,,False,,False,none,,False,,False,0.0
103.3999999999984,spawned_1,8.703471725125263,0,,False,,False,,False,,False,none,,False,,False,0.0
103.4999999999984,spawned_1,9.150858983536144,0,,False,,False,,False,,False,none,,False,,False,0.0
103.59999999999839,spawned_1,9.598246241947026,0,,False,,False,,False,,False,none,,False,,False,0.0
103.69999999999838,spawned_1,10.045633500357907,0,,False,,False,,False,,False,none,,False,,False,0.0
32.000000000000185,spawned_2,20.0,0,137.65872000000337,False,137.65872000000337,False,,False,137.65872000000337,True,camera,vehicle,False,,False,0.0
32.100000000000186,spawned_2,20.0,0,137.65872000000343,False,137.65872000000343,False,,False,137.65872000000343,True,camera,vehicle,False,,False,0.0
32.20000000000019,spawned_2,20.0,0,137.65872000000348,False,137.65872000000348,False,,False,137.65872000000348,True,camera,vehicle,False,,False,0.0
32.30000000000019,spawned_2,20.0,0,137.65872000000354,False,137.65872000000354,False,,False,137.65872000000354,True,camera,vehicle,False,,False,0.0
32.40000000000019,spawned_2,20.0,0,137.6587200000036,False,137.6587200000036,False,,False,137.6587200000036,True,camera,vehicle,False,,False,0.0
32.50000000000019,spawned_2,20.0,0,137.65872000000365,False,137.65872000000365,False,,False,137.65872000000365,True,camera,vehicle,False,,False,0.0
32.60000000000019,spawned_2,20.0,0,137.6587200000037,False,137.6587200000037,False,,False,137.6587200000037,True,camera,vehicle,False,,False,0.0
32.700000000000195,spawned_2,20.0,0,137.65872000000377,False,137.65872000000377,False,,False,137.65872000000377,True,camera,vehicle,False,,False,0.0
32.800000000000196,spawned_2,20.0,0,137.65872000000383,False,137.65872000000383,False,,False,137.65872000000383,True,camera,vehicle,False,,False,0.0
32.9000000000002,spawned_2,20.0,0,137.65872000000388,False,137.65872000000388,False,,False,137.65872000000388,True,camera,vehicle,False,,False,0.0
33.0000000000002,spawned_2,20.0,0,137.65872000000394,False,137.65872000000394,False,,False,137.65872000000394,True,camera,vehicle,False,,False,0.0
33.1000000000002,spawned_2,20.0,0,137.658720000004,False,137.658720000004,False,,False,137.658720000004,True,camera,vehicle,False,,False,0.0
33.2000000000002,spawned_2,20.0,0,137.65872000000405,False,137.65872000000405,False,,False,137.65872000000405,True,camera,vehicle,False,,False,0.0
33.3000000000002,spawned_2,20.0,0,137.6587200000041,False,137.6587200000041,False,,False,137.6587200000041,True,camera,vehicle,False,,False,0.0
33.400000000000205,spawned_2,20.0,0,137.65872000000417,False,137.65872000000417,False,,False,137.65872000000417,True,camera,vehicle,False,,False,0.0
33.500000000000206,spawned_2,20.0,0,137.65872000000422,False,137.65872000000422,False,,False,137.65872000000422,True,camera,vehicle,False,,False,0.0
33.60000000000021,spawned_2,20.0,0,137.65872000000428,False,137.65872000000428,False,,False,137.65872000000428,True,camera,vehicle,False,,False,0.0
33.70000000000021,spawned_2,20.0,0,137.65872000000434,False,137.65872000000434,False,,False,137.65872000000434,True,camera,vehicle,False,,False,0.0
33.80000000000021,spawned_2,20.0,0,137.6587200000044,False,137.6587200000044,False,,False,137.6587200000044,True,camera,vehicle,False,,False,0.0
33.90000000000021,spawned_2,20.0,0,137.65872000000445,False,137.65872000000445,False,,False,137.65872000000445,True,camera,vehicle,False,,False,0.0
34.00000000000021,spawned_2,20.0,0,137.6587200000045,False,137.6587200000045,False,,False,137.6587200000045,True,camera,vehicle,False,,False,0.0
34.100000000000215,spawned_2,20.0,0,137.65872000000456,False,137.65872000000456,False,,False,137.65872000000456,True,camera,vehicle,False,,False,0.0
34.200000000000216,spawned_2,20.0,0,137.65872000000462,False,137.65872000000462,False,,False,137.65872000000462,True,camera,vehicle,False,,False,0.0
34.30000000000022,spawned_2,20.0,0,137.65872000000468,False,137.65872000000468,False,,False,137.65872000000468,True,camera,vehicle,False,,False,0.0
34.40000000000022,spawned_2,20.0,0,137.65872000000473,False,137.65872000000473,False,,False,137.65872000000473,True,camera,vehicle,False,,False,0.0
34.50000000000022,spawned_2,20.0,0,137.6587200000048,False,137.6587200000048,False,,False,137.6587200000048,True,camera,vehicle,False,,False,0.0
34.60000000000022,spawned_2,20.0,0,137.65872000000485,False,137.65872000000485,False,,False,137.65872000000485,True,camera,vehicle,False,,False,0.0
34.70000000000022,spawned_2,20.0,0,137.6587200000049,False,137.6587200000049,False,,False,137.6587200000049,True,camera,vehicle,False,,False,0.0
34.800000000000225,spawned_2,20.0,0,137.6587200000049,False,137.6587200000049,False,,False,137.6587200000049,True,camera,vehicle,False,,False,0.0
34.900000000000226,spawned_2,20.0,0,137.6587200000049,False,137.6587200000049,False,,False,137.6587200000049,True,camera,vehicle,False,,False,0.0
35.00000000000023,spawned_2,20.0,0,137.6587200000049,False,137.6587200000049,False,,False,137.6587200000049,True,camera,vehicle,False,,False,0.0
35.10000000000023,spawned_2,20.0,0,137.6587200000049,False,137.6587200000049,False,,False,137.6587200000049,True,camera,vehicle,False,,False,0.0
35.20000000000023,spawned_2,20.0,0,137.6587200000049,False,137.6587200000049,False,,False,137.6587200000049,True,camera,vehicle,False,,False,0.0
35.30000000000023,spawned_2,20.0,0,137.6587200000049,False,137.6587200000049,False,,False,137.6587200000049,True,camera,vehicle,False,,False,0.0
35.40000000000023,spawned_2,20.0,0,137.6587200000049,False,137.6587200000049,False,,False,137.6587200000049,True,camera,vehicle,False,,False,0.0
35.500000000000234,spawned_2,20.0,0,137.6587200000049,False,137.6587200000049,False,,False,137.6587200000049,True,camera,vehicle,False,,False,0.0
35.600000000000236,spawned_2,20.0,0,137.6587200000049,False,137.6587200000049,False,,False,137.6587200000049,True,camera,vehicle,False,,False,0.0
35.70000000000024,spawned_2,20.0,0,137.6587200000049,False,137.6587200000049,False,,False,137.6587200000049,True,camera,vehicle,False,,False,0.0
35.80000000000024,spawned_2,20.0,0,137.6587200000049,False,137.6587200000049,False,,False,137.6587200000049,True,camera,vehicle,False,,False,0.0
35.90000000000024,spawned_2,20.0,0,137.6587200000049,False,137.6587200000049,False,,False,137.6587200000049,True,camera,vehicle,False,,False,0.0
36.00000000000024,spawned_2,20.0,0,137.6587200000049,False,137.6587200000049,False,,False,137.6587200000049,True,camera,vehicle,False,,False,0.0
36.10000000000024,spawned_2,20.0,0,137.6587200000049,False,137.6587200000049,False,,False,137.6587200000049,True,camera,vehicle,False,,False,0.0
36.200000000000244,spawned_2,20.0,0,137.6587200000049,False,137.6587200000049,False,,False,137.6587200000049,True,camera,vehicle,False,,False,0.0
36.300000000000246,spawned_2,20.0,0,137.6587200000049,False,137.6587200000049,False,,False,137.6587200000049,True,camera,vehicle,False,,False,0.0
36.40000000000025,spawned_2,20.0,0,137.6587200000049,False,137.6587200000049,False,,False,137.6587200000049,True,camera,vehicle,False,,False,0.0
36.50000000000025,spawned_2,20.0,0,137.6587200000049,False,137.6587200000049,False,,False,137.6587200000049,True,camera,vehicle,False,,False,0.0
36.60000000000025,spawned_2,20.0,0,137.6587200000049,False,137.6587200000049,False,,False,137.6587200000049,True,camera,vehicle,False,,False,0.0
36.70000000000025,spawned_2,20.0,0,137.6587200000049,False,137.6587200000049,False,,False,137.6587200000049,True,camera,vehicle,False,,False,0.0
36.80000000000025,spawned_2,20.0,0,137.6587200000049,False,137.6587200000049,False,,False,137.6587200000049,True,camera,vehicle,False,,False,0.0
36.900000000000254,spawned_2,20.0,0,137.6587200000049,False,137.6587200000049,False,,False,137.6587200000049,True,camera,vehicle,False,,False,0.0
37.000000000000256,spawned_2,20.0,0,137.6587200000049,False,137.6587200000049,False,,False,137.6587200000049,True,camera,vehicle,False,,False,0.0
37.10000000000026,spawned_2,20.0,0,137.6587200000049,False,137.6587200000049,False,,False,137.6587200000049,True,camera,vehicle,False,,False,0.0
37.20000000000026,spawned_2,20.0,0,137.6587200000049,False,137.6587200000049,False,,False,137.6587200000049,True,camera,vehicle,False,,False,0.0
37.30000000000026,spawned_2,20.0,0,137.6587200000049,False,137.6587200000049,False,,False,137.6587200000049,True,camera,vehicle,False,,False,0.0
37.40000000000026,spawned_2,20.0,0,137.6587200000049,False,137.6587200000049,False,,False,137.6587200000049,True,camera,vehicle,False,,False,0.0
37.50000000000026,spawned_2,20.0,0,137.6587200000049,False,137.6587200000049,False,,False,137.6587200000049,True,camera,vehicle,False,,False,0.0
37.600000000000264,spawned_2,20.0,0,137.6587200000049,False,137.6587200000049,False,,False,137.6587200000049,True,camera,vehicle,False,,False,0.0
37.700000000000266,spawned_2,20.0,0,137.6587200000049,False,137.6587200000049,False,,False,137.6587200000049,True,camera,vehicle,False,,False,0.0
37.80000000000027,spawned_2,20.0,0,137.6587200000049,False,137.6587200000049,False,,False,137.6587200000049,True,camera,vehicle,False,,False,0.0
37.90000000000027,spawned_2,20.0,0,137.6587200000049,False,137.6587200000049,False,,False,137.6587200000049,True,camera,vehicle,False,,False,0.0
38.00000000000027,spawned_2,20.0,0,137.6587200000049,False,137.6587200000049,False,,False,137.6587200000049,True,camera,vehicle,False,,False,0.0
38.10000000000027,spawned_2,20.0,0,137.6587200000049,False,137.6587200000049,False,,False,137.6587200000049,True,camera,vehicle,False,,False,0.0
38.20000000000027,spawned_2,20.0,0,137.6587200000049,False,137.6587200000049,False,,False,137.6587200000049,True,camera,vehicle,False,,False,0.0
38.300000000000274,spawned_2,20.0,0,137.6587200000049,False,137.6587200000049,False,,False,137.6587200000049,True,camera,vehicle,False,,False,0.0
38.400000000000276,spawned_2,20.0,0,137.6587200000049,False,137.6587200000049,False,,False,137.6587200000049,True,camera,vehicle,False,,False,0.0
38.50000000000028,spawned_2,20.0,0,137.6587200000049,False,137.6587200000049,False,,False,137.6587200000049,True,camera,vehicle,False,,False,0.0
38.60000000000028,spawned_2,20.0,0,137.6587200000049,False,137.6587200000049,False,,False,137.6587200000049,True,camera,vehicle,False,,False,0.0
38.70000000000028,spawned_2,20.0,0,137.6587200000049,False,137.6587200000049,False,,False,137.6587200000049,True,camera,vehicle,False,,False,0.0
38.80000000000028,spawned_2,20.0,0,137.6587200000049,False,137.6587200000049,False,,False,137.6587200000049,True,camera,vehicle,False,,False,0.0
38.90000000000028,spawned_2,20.0,0,137.6587200000049,False,137.6587200000049,False,,False,137.6587200000049,True,camera,vehicle,False,,False,0.0
39.000000000000284,spawned_2,20.0,0,137.6587200000049,False,137.6587200000049,False,,False,137.6587200000049,True,camera,vehicle,False,,False,0.0
39.100000000000286,spawned_2,20.0,0,137.6587200000049,False,137.6587200000049,False,,False,137.6587200000049,True,camera,vehicle,False,,False,0.0
39.20000000000029,spawned_2,20.0,0,137.6587200000049,False,137.6587200000049,False,,False,137.6587200000049,True,camera,vehicle,False,,False,0.0
39.30000000000029,spawned_2,20.0,0,137.6587200000049,False,137.6587200000049,False,,False,137.6587200000049,True,camera,vehicle,False,,False,0.0
39.40000000000029,spawned_2,20.0,0,137.6587200000049,False,137.6587200000049,False,,False,137.6587200000049,True,camera,vehicle,False,,False,0.0
39.50000000000029,spawned_2,20.0,0,137.6587200000049,False,137.6587200000049,False,,False,137.6587200000049,True,camera,vehicle,False,,False,0.0
39.60000000000029,spawned_2,20.0,0,137.6587200000049,False,137.6587200000049,False,,False,137.6587200000049,True,camera,vehicle,False,,False,0.0
39.700000000000294,spawned_2,20.0,0,137.6587200000049,False,137.6587200000049,False,,False,137.6587200000049,True,camera,vehicle,False,,False,0.0
39.800000000000296,spawned_2,20.0,0,137.6587200000049,False,137.6587200000049,False,,False,137.6587200000049,True,camera,vehicle,False,,False,0.0
39.9000000000003,spawned_2,20.0,0,137.6587200000049,False,137.6587200000049,False,,False,137.6587200000049,True,camera,vehicle,False,,False,0.0
40.0000000000003,spawned_2,20.0,0,137.6587200000049,False,137.6587200000049,False,,False,137.6587200000049,True,camera,vehicle,False,,False,0.0
40.1000000000003,spawned_2,20.0,0,137.6587200000049,False,137.6587200000049,False,,False,137.6587200000049,True,camera,vehicle,False,,False,0.0
40.2000000000003,spawned_2,20.0,0,137.6587200000049,False,137.6587200000049,False,,False,137.6587200000049,True,camera,vehicle,False,,False,0.0
40.3000000000003,spawned_2,20.0,0,137.6587200000049,False,137.6587200000049,False,,False,137.6587200000049,True,camera,vehicle,False,,False,0.0
40.400000000000304,spawned_2,20.0,0,137.6587200000049,False,137.6587200000049,False,,False,137.6587200000049,True,camera,vehicle,False,,False,0.0
40.500000000000306,spawned_2,20.0,0,137.6587200000049,False,137.6587200000049,False,,False,137.6587200000049,True,camera,vehicle,False,,False,0.0
40.60000000000031,spawned_2,20.0,0,137.6587200000049,False,137.6587200000049,False,,False,137.6587200000049,True,camera,vehicle,False,,False,0.0
40.70000000000031,spawned_2,20.0,0,137.6587200000049,False,137.6587200000049,False,,False,137.6587200000049,True,camera,vehicle,False,,False,0.0
40.80000000000031,spawned_2,20.0,0,137.6587200000049,False,137.6587200000049,False,,False,137.6587200000049,True,camera,vehicle,False,,False,0.0
40.90000000000031,spawned_2,20.0,0,137.6587200000049,False,137.6587200000049,False,,False,137.6587200000049,True,camera,vehicle,False,,False,0.0
41.00000000000031,spawned_2,20.0,0,137.6587200000049,False,137.6587200000049,False,,False,137.6587200000049,True,camera,vehicle,False,,False,0.0
41.100000000000314,spawned_2,20.0,0,137.6587200000049,False,137.6587200000049,False,,False,137.6587200000049,True,camera,vehicle,False,,False,0.0
41.200000000000315,spawned_2,20.0,0,137.6587200000049,False,137.6587200000049,False,,False,137.6587200000049,True,camera,vehicle,False,,False,0.0
41.30000000000032,spawned_2,20.0,0,137.6587200000049,False,137.6587200000049,False,,False,137.6587200000049,True,camera,vehicle,False,,False,0.0
41.40000000000032,spawned_2,20.0,0,137.6587200000049,False,137.6587200000049,False,,False,137.6587200000049,True,camera,vehicle,False,,False,0.0
41.50000000000032,spawned_2,20.0,0,137.6587200000049,False,137.6587200000049,False,,False,137.6587200000049,True,camera,vehicle,False,,False,0.0
41.60000000000032,spawned_2,20.0,0,137.6587200000049,False,137.6587200000049,False,,False,137.6587200000049,True,camera,vehicle,False,,False,0.0
41.70000000000032,spawned_2,20.0,0,137.6587200000049,False,137.6587200000049,False,,False,137.6587200000049,True,camera,vehicle,False,,False,0.0
41.800000000000324,spawned_2,20.0,0,137.6587200000049,False,137.6587200000049,False,,False,137.6587200000049,True,camera,vehicle,False,,False,0.0
41.900000000000325,spawned_2,20.0,0,137.6587200000049,False,137.6587200000049,False,,False,137.6587200000049,True,camera,vehicle,False,,False,0.0
42.00000000000033,spawned_2,20.0,0,137.6587200000049,False,137.6587200000049,False,,False,137.6587200000049,True,camera,vehicle,False,,False,0.0
42.10000000000033,spawned_2,20.0,0,137.6587200000049,False,137.6587200000049,False,,False,137.6587200000049,True,camera,vehicle,False,,False,0.0
42.20000000000033,spawned_2,20.0,0,137.6587200000049,False,137.6587200000049,False,,False,137.6587200000049,True,camera,vehicle,False,,False,0.0
42.30000000000033,spawned_2,20.0,0,137.6587200000049,False,137.6587200000049,False,,False,137.6587200000049,True,camera,vehicle,False,,False,0.0
42.40000000000033,spawned_2,20.0,0,137.6587200000049,False,137.6587200000049,False,,False,137.6587200000049,True,camera,vehicle,False,,False,0.0
42.500000000000334,spawned_2,20.0,0,137.6587200000049,False,137.6587200000049,False,,False,137.6587200000049,True,camera,vehicle,False,,False,0.0
42.600000000000335,spawned_2,20.0,0,137.6587200000049,False,137.6587200000049,False,,False,137.6587200000049,True,camera,vehicle,False,,False,0.0
42.70000000000034,spawned_2,20.0,0,137.6587200000049,False,137.6587200000049,False,,False,137.6587200000049,True,camera,vehicle,False,,False,0.0
42.80000000000034,spawned_2,20.0,0,137.6587200000049,False,137.6587200000049,False,,False,137.6587200000049,True,camera,vehicle,False,,False,0.0
42.90000000000034,spawned_2,20.0,0,137.6587200000049,False,137.6587200000049,False,,False,137.6587200000049,True,camera,vehicle,False,,False,0.0
43.00000000000034,spawned_2,20.0,0,137.6587200000049,False,137.6587200000049,False,,False,137.6587200000049,True,camera,vehicle,False,,False,0.0
43.10000000000034,spawned_2,20.0,0,137.6587200000049,False,137.6587200000049,False,,False,137.6587200000049,True,camera,vehicle,False,,False,0.0
43.200000000000344,spawned_2,20.0,0,137.6587200000049,False,137.6587200000049,False,,False,137.6587200000049,True,camera,vehicle,False,,False,0.0
43.300000000000345,spawned_2,20.0,0,137.6587200000049,False,137.6587200000049,False,,False,137.6587200000049,True,camera,vehicle,False,,False,0.0
43.40000000000035,spawned_2,20.0,0,137.6587200000049,False,137.6587200000049,False,,False,137.6587200000049,True,camera,vehicle,False,,False,0.0
43.50000000000035,spawned_2,20.0,0,137.6587200000049,False,137.6587200000049,False,,False,137.6587200000049,True,camera,vehicle,False,,False,0.0
43.60000000000035,spawned_2,20.0,0,137.6587200000049,False,137.6587200000049,False,,False,137.6587200000049,True,camera,vehicle,False,,False,0.0
43.70000000000035,spawned_2,20.0,0,137.6587200000049,False,137.6587200000049,False,,False,137.6587200000049,True,camera,vehicle,False,,False,0.0
43.80000000000035,spawned_2,20.0,0,137.6587200000049,False,137.6587200000049,False,,False,137.6587200000049,True,camera,vehicle,False,,False,0.0
43.900000000000354,spawned_2,20.0,0,137.6587200000049,False,137.6587200000049,False,,False,137.6587200000049,True,camera,vehicle,False,,False,0.0
44.000000000000355,spawned_2,20.0,0,137.6587200000049,False,137.6587200000049,False,,False,137.6587200000049,True,camera,vehicle,False,,False,0.0
44.10000000000036,spawned_2,20.0,0,137.6587200000049,False,137.6587200000049,False,,False,137.6587200000049,True,camera,vehicle,False,,False,0.0
44.20000000000036,spawned_2,20.0,0,137.6587200000049,False,137.6587200000049,False,,False,137.6587200000049,True,camera,vehicle,False,,False,0.0
44.30000000000036,spawned_2,20.0,0,137.6587200000049,False,137.6587200000049,False,,False,137.6587200000049,True,camera,vehicle,False,,False,0.0
44.40000000000036,spawned_2,20.0,0,137.6587200000049,False,137.6587200000049,False,,False,137.6587200000049,True,camera,vehicle,False,,False,0.0
44.50000000000036,spawned_2,20.0,0,137.6587200000049,False,137.6587200000049,False,,False,137.6587200000049,True,camera,vehicle,False,,False,0.0
44.600000000000364,spawned_2,20.0,0,137.6587200000049,False,137.6587200000049,False,,False,137.6587200000049,True,camera,vehicle,False,,False,0.0
44.700000000000365,spawned_2,20.0,0,137.6587200000049,False,137.6587200000049,False,,False,137.6587200000049,True,camera,vehicle,False,,False,0.0
44.80000000000037,spawned_2,20.0,0,137.6587200000049,False,137.6587200000049,False,,False,137.6587200000049,True,camera,vehicle,False,,False,0.0
44.90000000000037,spawned_2,20.0,0,137.6587200000049,False,137.6587200000049,False,,False,137.6587200000049,True,camera,vehicle,False,,False,0.0
45.00000000000037,spawned_2,20.0,0,137.6587200000049,False,137.6587200000049,False,,False,137.6587200000049,True,camera,vehicle,False,,False,0.0
45.10000000000037,spawned_2,20.0,0,137.6587200000049,False,137.6587200000049,False,,False,137.6587200000049,True,camera,vehicle,False,,False,0.0
45.20000000000037,spawned_2,20.0,0,137.6587200000049,False,137.6587200000049,False,,False,137.6587200000049,True,camera,vehicle,False,,False,0.0
45.300000000000374,spawned_2,20.0,0,137.6587200000049,False,137.6587200000049,False,,False,137.6587200000049,True,camera,vehicle,False,,False,0.0
45.400000000000375,spawned_2,20.0,0,137.6587200000049,False,137.6587200000049,False,,False,137.6587200000049,True,camera,vehicle,False,,False,0.0
45.50000000000038,spawned_2,20.0,0,137.6587200000049,False,137.6587200000049,False,,False,137.6587200000049,True,camera,vehicle,False,,False,0.0
45.60000000000038,spawned_2,20.0,0,137.6587200000049,False,137.6587200000049,False,,False,137.6587200000049,True,camera,vehicle,False,,False,0.0
45.70000000000038,spawned_2,20.0,0,137.6587200000049,False,137.6587200000049,False,,False,137.6587200000049,True,camera,vehicle,False,,False,0.0
45.80000000000038,spawned_2,20.0,0,137.6587200000049,False,137.6587200000049,False,,False,137.6587200000049,True,camera,vehicle,False,,False,0.0
45.90000000000038,spawned_2,20.0,0,137.6587200000049,False,137.6587200000049,False,,False,137.6587200000049,True,camera,vehicle,False,,False,0.0
46.000000000000384,spawned_2,20.0,0,137.6587200000049,False,137.6587200000049,False,,False,137.6587200000049,True,camera,vehicle,False,,False,0.0
46.100000000000385,spawned_2,20.0,0,137.6587200000049,False,137.6587200000049,False,,False,137.6587200000049,True,camera,vehicle,False,,False,0.0
46.20000000000039,spawned_2,20.0,0,137.6587200000049,False,137.6587200000049,False,,False,137.6587200000049,True,camera,vehicle,False,,False,0.0
46.30000000000039,spawned_2,20.0,0,137.6587200000049,False,137.6587200000049,False,,False,137.6587200000049,True,camera,vehicle,False,,False,0.0
46.40000000000039,spawned_2,20.0,0,137.6587200000049,False,137.6587200000049,False,,False,137.6587200000049,True,camera,vehicle,False,,False,0.0
46.50000000000039,spawned_2,20.0,0,137.6587200000049,False,137.6587200000049,False,,False,137.6587200000049,True,camera,vehicle,False,,False,0.0
46.60000000000039,spawned_2,20.0,0,137.6587200000049,False,137.6587200000049,False,,False,137.6587200000049,True,camera,vehicle,False,,False,0.0
46.700000000000394,spawned_2,20.0,0,137.6587200000049,False,137.6587200000049,False,,False,137.6587200000049,True,camera,vehicle,False,,False,0.0
46.800000000000395,spawned_2,20.0,0,137.6587200000049,False,137.6587200000049,False,,False,137.6587200000049,True,camera,vehicle,False,,False,0.0
46.9000000000004,spawned_2,20.0,0,137.6587200000049,False,137.6587200000049,False,,False,137.6587200000049,True,camera,vehicle,False,,False,0.0
47.0000000000004,spawned_2,20.0,0,137.6587200000049,False,137.6587200000049,False,,False,137.6587200000049,True,camera,vehicle,False,,False,0.0
47.1000000000004,spawned_2,20.0,0,137.6587200000049,False,137.6587200000049,False,,False,137.6587200000049,True,camera,vehicle,False,,False,0.0
47.2000000000004,spawned_2,20.0,0,137.6587200000049,False,137.6587200000049,False,,False,137.6587200000049,True,camera,vehicle,False,,False,0.0
47.3000000000004,spawned_2,20.0,0,137.6587200000049,False,137.6587200000049,False,,False,137.6587200000049,True,camera,vehicle,False,,False,0.0
47.400000000000404,spawned_2,20.0,0,137.6587200000049,False,137.6587200000049,False,,False,137.6587200000049,True,camera,vehicle,False,,False,0.0
47.500000000000405,spawned_2,20.0,0,137.6587200000049,False,137.6587200000049,False,,False,137.6587200000049,True,camera,vehicle,False,,False,0.0
47.600000000000406,spawned_2,20.0,0,137.6587200000049,False,137.6587200000049,False,,False,137.6587200000049,True,camera,vehicle,False,,False,0.0
47.70000000000041,spawned_2,20.0,0,137.6587200000049,False,137.6587200000049,False,,False,137.6587200000049,True,camera,vehicle,False,,False,0.0
47.80000000000041,spawned_2,20.0,0,137.6587200000049,False,137.6587200000049,False,,False,137.6587200000049,True,camera,vehicle,False,,False,0.0
47.90000000000041,spawned_2,20.0,0,137.6587200000049,False,137.6587200000049,False,,False,137.6587200000049,True,camera,vehicle,False,,False,0.0
48.00000000000041,spawned_2,20.0,0,137.6587200000049,False,137.6587200000049,False,,False,137.6587200000049,True,camera,vehicle,False,,False,0.0
48.10000000000041,spawned_2,20.0,0,137.6587200000049,False,137.6587200000049,False,,False,137.6587200000049,True,camera,vehicle,False,,False,0.0
48.200000000000415,spawned_2,20.0,0,137.6587200000049,False,137.6587200000049,False,,False,137.6587200000049,True,camera,vehicle,False,,False,0.0
48.300000000000416,spawned_2,20.0,0,137.6587200000049,False,137.6587200000049,False,,False,137.6587200000049,True,camera,vehicle,False,,False,0.0
48.40000000000042,spawned_2,20.0,0,137.6587200000049,False,137.6587200000049,False,,False,137.6587200000049,True,camera,vehicle,False,,False,0.0
48.50000000000042,spawned_2,20.0,0,137.6587200000049,False,137.6587200000049,False,,False,137.6587200000049,True,camera,vehicle,False,,False,0.0
48.60000000000042,spawned_2,20.0,0,137.6587200000049,False,137.6587200000049,False,,False,137.6587200000049,True,camera,vehicle,False,,False,0.0
48.70000000000042,spawned_2,20.0,0,137.6587200000049,False,137.6587200000049,False,,False,137.6587200000049,True,camera,vehicle,False,,False,0.0
48.80000000000042,spawned_2,20.0,0,137.6587200000049,False,137.6587200000049,False,,False,137.6587200000049,True,camera,vehicle,False,,False,0.0
48.900000000000425,spawned_2,20.0,0,137.6587200000049,False,137.6587200000049,False,,False,137.6587200000049,True,camera,vehicle,False,,False,0.0
49.000000000000426,spawned_2,20.0,0,137.6587200000049,False,137.6587200000049,False,,False,137.6587200000049,True,camera,vehicle,False,,False,0.0
49.10000000000043,spawned_2,20.0,0,137.6587200000049,False,137.6587200000049,False,,False,137.6587200000049,True,camera,vehicle,False,,False,0.0
49.20000000000043,spawned_2,20.0,0,137.6587200000049,False,137.6587200000049,False,,False,137.6587200000049,True,camera,vehicle,False,,False,0.0
49.30000000000043,spawned_2,20.0,0,137.6587200000049,False,137.6587200000049,False,,False,137.6587200000049,True,camera,vehicle,False,,False,0.0
49.40000000000043,spawned_2,20.0,0,137.6587200000049,False,137.6587200000049,False,,False,137.6587200000049,True,camera,vehicle,False,,False,0.0
49.50000000000043,spawned_2,20.0,0,137.6587200000049,False,137.6587200000049,False,,False,137.6587200000049,True,camera,vehicle,False,,False,0.0
49.600000000000435,spawned_2,20.0,0,137.6587200000049,False,137.6587200000049,False,,False,137.6587200000049,True,camera,vehicle,False,,False,0.0
49.700000000000436,spawned_2,20.0,0,137.6587200000049,False,137.6587200000049,False,,False,137.6587200000049,True,camera,vehicle,False,,False,0.0
49.80000000000044,spawned_2,20.0,0,137.6587200000049,False,137.6587200000049,False,,False,137.6587200000049,True,camera,vehicle,False,,False,0.0
49.90000000000044,spawned_2,20.0,0,137.6587200000049,False,137.6587200000049,False,,False,137.6587200000049,True,camera,vehicle,False,,False,0.0
50.00000000000044,spawned_2,20.0,0,137.6587200000049,False,137.6587200000049,False,,False,137.6587200000049,True,camera,vehicle,False,,False,0.0
50.10000000000044,spawned_2,20.0,0,137.6587200000049,False,137.6587200000049,False,,False,137.6587200000049,True,camera,vehicle,False,,False,0.0
50.20000000000044,spawned_2,20.0,0,137.6587200000049,False,137.6587200000049,False,,False,137.6587200000049,True,camera,vehicle,False,,False,0.0
50.300000000000445,spawned_2,20.0,0,137.6587200000049,False,137.6587200000049,False,,False,137.6587200000049,True,camera,vehicle,False,,False,0.0
50.400000000000446,spawned_2,20.0,0,137.6587200000049,False,137.6587200000049,False,,False,137.6587200000049,True,camera,vehicle,False,,False,0.0
50.50000000000045,spawned_2,20.0,0,137.6587200000049,False,137.6587200000049,False,,False,137.6587200000049,True,camera,vehicle,False,,False,0.0
50.60000000000045,spawned_2,20.0,0,137.6587200000049,False,137.6587200000049,False,,False,137.6587200000049,True,camera,vehicle,False,,False,0.0
50.70000000000045,spawned_2,20.0,0,137.6587200000049,False,137.6587200000049,False,,False,137.6587200000049,True,camera,vehicle,False,,False,0.0
50.80000000000045,spawned_2,20.0,0,137.6587200000049,False,137.6587200000049,False,,False,137.6587200000049,True,camera,vehicle,False,,False,0.0
50.90000000000045,spawned_2,20.0,0,137.6587200000049,False,137.6587200000049,False,,False,137.6587200000049,True,camera,vehicle,False,,False,0.0
51.000000000000455,spawned_2,20.0,0,137.6587200000049,False,137.6587200000049,False,,False,137.6587200000049,True,camera,vehicle,False,,False,0.0
51.100000000000456,spawned_2,20.0,0,137.6587200000049,False,137.6587200000049,False,,False,137.6587200000049,True,camera,vehicle,False,,False,0.0
51.20000000000046,spawned_2,20.0,0,137.6587200000049,False,137.6587200000049,False,,False,137.6587200000049,True,camera,vehicle,False,,False,0.0
51.30000000000046,spawned_2,20.0,0,137.6587200000049,False,137.6587200000049,False,,False,137.6587200000049,True,camera,vehicle,False,,False,0.0
51.40000000000046,spawned_2,20.0,0,137.6587200000049,False,137.6587200000049,False,,False,137.6587200000049,True,camera,vehicle,False,,False,0.0
51.50000000000046,spawned_2,20.0,0,137.6587200000049,False,137.6587200000049,False,,False,137.6587200000049,True,camera,vehicle,False,,False,0.0
51.60000000000046,spawned_2,20.0,0,137.6587200000049,False,137.6587200000049,False,,False,137.6587200000049,True,camera,vehicle,False,,False,0.0
51.700000000000465,spawned_2,20.0,0,137.6587200000049,False,137.6587200000049,False,,False,137.6587200000049,True,camera,vehicle,False,,False,0.0
51.800000000000466,spawned_2,20.0,0,137.6587200000049,False,137.6587200000049,False,,False,137.6587200000049,True,camera,vehicle,False,,False,0.0
51.90000000000047,spawned_2,20.0,0,137.6587200000049,False,137.6587200000049,False,,False,137.6587200000049,True,camera,vehicle,False,,False,0.0
52.00000000000047,spawned_2,20.0,0,137.6587200000049,False,137.6587200000049,False,,False,137.6587200000049,True,camera,vehicle,False,,False,0.0
52.10000000000047,spawned_2,20.0,0,137.6587200000049,False,137.6587200000049,False,,False,137.6587200000049,True,camera,vehicle,False,,False,0.0
52.20000000000047,spawned_2,20.0,0,137.6587200000049,False,137.6587200000049,False,,False,137.6587200000049,True,camera,vehicle,False,,False,0.0
52.30000000000047,spawned_2,20.0,0,137.6587200000049,False,137.6587200000049,False,,False,137.6587200000049,True,camera,vehicle,False,,False,0.0
52.400000000000475,spawned_2,20.0,0,137.6587200000049,False,137.6587200000049,False,,False,137.6587200000049,True,camera,vehicle,False,,False,0.0
52.500000000000476,spawned_2,20.0,0,137.6587200000049,False,137.6587200000049,False,,False,137.6587200000049,True,camera,vehicle,False,,False,0.0
52.60000000000048,spawned_2,20.0,0,137.6587200000049,False,137.6587200000049,False,,False,137.6587200000049,True,camera,vehicle,False,,False,0.0
52.70000000000048,spawned_2,20.0,0,137.6587200000049,False,137.6587200000049,False,,False,137.6587200000049,True,camera,vehicle,False,,False,0.0
52.80000000000048,spawned_2,20.0,0,137.6587200000049,False,137.6587200000049,False,,False,137.6587200000049,True,camera,vehicle,False,,False,0.0
52.90000000000048,spawned_2,20.0,0,137.6587200000049,False,137.6587200000049,False,,False,137.6587200000049,True,camera,vehicle,False,,False,0.0
53.00000000000048,spawned_2,20.0,0,137.6587200000049,False,137.6587200000049,False,,False,137.6587200000049,True,camera,vehicle,False,,False,0.0
53.100000000000485,spawned_2,20.0,0,137.6587200000049,False,137.6587200000049,False,,False,137.6587200000049,True,camera,vehicle,False,,False,0.0
53.200000000000486,spawned_2,20.0,0,137.6587200000049,False,137.6587200000049,False,,False,137.6587200000049,True,camera,vehicle,False,,False,0.0
53.30000000000049,spawned_2,20.0,0,137.6587200000049,False,137.6587200000049,False,,False,137.6587200000049,True,camera,vehicle,False,,False,0.0
53.40000000000049,spawned_2,20.0,0,137.6587200000049,False,137.6587200000049,False,,False,137.6587200000049,True,camera,vehicle,False,,False,0.0
53.50000000000049,spawned_2,20.0,0,137.6587200000049,False,137.6587200000049,False,,False,137.6587200000049,True,camera,vehicle,False,,False,0.0
53.60000000000049,spawned_2,20.0,0,137.6587200000049,False,137.6587200000049,False,,False,137.6587200000049,True,camera,vehicle,False,,False,0.0
53.70000000000049,spawned_2,20.0,0,137.6587200000049,False,137.6587200000049,False,,False,137.6587200000049,True,camera,vehicle,False,,False,0.0
53.800000000000495,spawned_2,20.0,0,137.6587200000049,False,137.6587200000049,False,,False,137.6587200000049,True,camera,vehicle,False,,False,0.0
53.900000000000496,spawned_2,20.0,0,137.6587200000049,False,137.6587200000049,False,,False,137.6587200000049,True,camera,vehicle,False,,False,0.0
54.0000000000005,spawned_2,20.0,0,137.6587200000049,False,137.6587200000049,False,,False,137.6587200000049,True,camera,vehicle,False,,False,0.0
54.1000000000005,spawned_2,20.0,0,137.6587200000049,False,137.6587200000049,False,,False,137.6587200000049,True,camera,vehicle,False,,False,0.0
54.2000000000005,spawned_2,20.0,0,137.6587200000049,False,137.6587200000049,False,,False,137.6587200000049,True,camera,vehicle,False,,False,0.0
54.3000000000005,spawned_2,20.0,0,137.6587200000049,False,137.6587200000049,False,,False,137.6587200000049,True,camera,vehicle,False,,False,0.0
54.4000000000005,spawned_2,20.0,0,137.6587200000049,False,137.6587200000049,False,,False,137.6587200000049,True,camera,vehicle,False,,False,0.0
54.500000000000504,spawned_2,20.0,0,137.6587200000049,False,137.6587200000049,False,,False,137.6587200000049,True,camera,vehicle,False,,False,0.0
54.600000000000506,spawned_2,20.0,0,137.6587200000049,False,137.6587200000049,False,,False,137.6587200000049,True,camera,vehicle,False,,False,0.0
54.70000000000051,spawned_2,20.0,0,137.6587200000049,False,137.6587200000049,False,,False,137.6587200000049,True,camera,vehicle,False,,False,0.0
54.80000000000051,spawned_2,20.0,0,137.6587200000049,False,137.6587200000049,False,,False,137.6587200000049,True,camera,vehicle,False,,False,0.0
54.90000000000051,spawned_2,20.0,0,137.6587200000049,False,137.6587200000049,False,,False,137.6587200000049,True,camera,vehicle,False,,False,0.0
55.00000000000051,spawned_2,20.0,0,137.6587200000049,False,137.6587200000049,False,,False,137.6587200000049,True,camera,vehicle,False,,False,0.0
55.10000000000051,spawned_2,20.0,0,137.6587200000049,False,137.6587200000049,False,,False,137.6587200000049,True,camera,vehicle,False,,False,0.0
55.200000000000514,spawned_2,20.0,0,137.6587200000049,False,137.6587200000049,False,,False,137.6587200000049,True,camera,vehicle,False,,False,0.0
55.300000000000516,spawned_2,20.0,0,137.6587200000049,False,137.6587200000049,False,,False,137.6587200000049,True,camera,vehicle,False,,False,0.0
55.40000000000052,spawned_2,20.0,0,137.6587200000049,False,137.6587200000049,False,,False,137.6587200000049,True,camera,vehicle,False,,False,0.0
55.50000000000052,spawned_2,20.0,0,137.6587200000049,False,137.6587200000049,False,,False,137.6587200000049,True,camera,vehicle,False,,False,0.0
55.60000000000052,spawned_2,20.0,0,137.6587200000049,False,137.6587200000049,False,,False,137.6587200000049,True,camera,vehicle,False,,False,0.0
55.70000000000052,spawned_2,20.0,0,137.6587200000049,False,137.6587200000049,False,,False,137.6587200000049,True,camera,vehicle,False,,False,0.0
55.80000000000052,spawned_2,20.0,0,137.6587200000049,False,137.6587200000049,False,,False,137.6587200000049,True,camera,vehicle,False,,False,0.0
55.900000000000524,spawned_2,20.0,0,137.6587200000049,False,137.6587200000049,False,,False,137.6587200000049,True,camera,vehicle,False,,False,0.0
56.000000000000526,spawned_2,20.0,0,137.6587200000049,False,137.6587200000049,False,,False,137.6587200000049,True,camera,vehicle,False,,False,0.0
56.10000000000053,spawned_2,20.0,0,137.6587200000049,False,137.6587200000049,False,,False,137.6587200000049,True,camera,vehicle,False,,False,0.0
56.20000000000053,spawned_2,20.0,0,137.6587200000049,False,137.6587200000049,False,,False,137.6587200000049,True,camera,vehicle,False,,False,0.0
56.30000000000053,spawned_2,20.0,0,137.6587200000049,False,137.6587200000049,False,,False,137.6587200000049,True,camera,vehicle,False,,False,0.0
56.40000000000053,spawned_2,20.0,0,137.6587200000049,False,137.6587200000049,False,,False,137.6587200000049,True,camera,vehicle,False,,False,0.0
56.50000000000053,spawned_2,20.0,0,137.6587200000049,False,137.6587200000049,False,,False,137.6587200000049,True,camera,vehicle,False,,False,0.0
56.600000000000534,spawned_2,20.0,0,137.6587200000049,False,137.6587200000049,False,,False,137.6587200000049,True,camera,vehicle,False,,False,0.0
56.700000000000536,spawned_2,20.0,0,137.6587200000049,False,137.6587200000049,False,,False,137.6587200000049,True,camera,vehicle,False,,False,0.0
56.80000000000054,spawned_2,20.0,0,137.6587200000049,False,137.6587200000049,False,,False,137.6587200000049,True,camera,vehicle,False,,False,0.0
56.90000000000054,spawned_2,20.0,0,137.6587200000049,False,137.6587200000049,False,,False,137.6587200000049,True,camera,vehicle,False,,False,0.0
57.00000000000054,spawned_2,20.0,0,137.6587200000049,False,137.6587200000049,False,,False,137.6587200000049,True,camera,vehicle,False,,False,0.0
57.10000000000054,spawned_2,20.0,0,137.6587200000049,False,137.6587200000049,False,,False,137.6587200000049,True,camera,vehicle,False,,False,0.0
57.20000000000054,spawned_2,20.0,0,137.6587200000049,False,137.6587200000049,False,,False,137.6587200000049,True,camera,vehicle,False,,False,0.0
57.300000000000544,spawned_2,20.0,0,137.6587200000049,False,137.6587200000049,False,,False,137.6587200000049,True,camera,vehicle,False,,False,0.0
57.400000000000546,spawned_2,20.0,0,137.6587200000049,False,137.6587200000049,False,,False,137.6587200000049,True,camera,vehicle,False,,False,0.0
57.50000000000055,spawned_2,20.0,0,137.6587200000049,False,137.6587200000049,False,,False,137.6587200000049,True,camera,vehicle,False,,False,0.0
57.60000000000055,spawned_2,20.0,0,137.6587200000049,False,137.6587200000049,False,,False,137.6587200000049,True,camera,vehicle,False,,False,0.0
57.70000000000055,spawned_2,20.0,0,137.6587200000049,False,137.6587200000049,False,,False,137.6587200000049,True,camera,vehicle,False,,False,0.0
57.80000000000055,spawned_2,20.0,0,137.6587200000049,False,137.6587200000049,False,,False,137.6587200000049,True,camera,vehicle,False,,False,0.0
57.90000000000055,spawned_2,20.0,0,137.6587200000049,False,137.6587200000049,False,,False,137.6587200000049,True,camera,vehicle,False,,False,0.0
58.000000000000554,spawned_2,20.0,0,137.6587200000049,False,137.6587200000049,False,,False,137.6587200000049,True,camera,vehicle,False,,False,0.0
58.100000000000556,spawned_2,20.0,0,137.6587200000049,False,137.6587200000049,False,,False,137.6587200000049,True,camera,vehicle,False,,False,0.0
58.20000000000056,spawned_2,20.0,0,137.6587200000049,False,137.6587200000049,False,,False,137.6587200000049,True,camera,vehicle,False,,False,0.0
58.30000000000056,spawned_2,20.0,0,137.6587200000049,False,137.6587200000049,False,,False,137.6587200000049,True,camera,vehicle,False,,False,0.0
58.40000000000056,spawned_2,20.0,0,137.6587200000049,False,137.6587200000049,False,,False,137.6587200000049,True,camera,vehicle,False,,False,0.0
58.50000000000056,spawned_2,20.0,0,137.6587200000049,False,137.6587200000049,False,,False,137.6587200000049,True,camera,vehicle,False,,False,0.0
58.60000000000056,spawned_2,20.0,0,137.6587200000049,False,137.6587200000049,False,,False,137.6587200000049,True,camera,vehicle,False,,False,0.0
58.700000000000564,spawned_2,20.0,0,137.6587200000049,False,137.6587200000049,False,,False,137.6587200000049,True,camera,vehicle,False,,False,0.0
58.800000000000566,spawned_2,20.0,0,137.6587200000049,False,137.6587200000049,False,,False,137.6587200000049,True,camera,vehicle,False,,False,0.0
58.90000000000057,spawned_2,20.0,0,137.6587200000049,False,137.6587200000049,False,,False,137.6587200000049,True,camera,vehicle,False,,False,0.0
59.00000000000057,spawned_2,20.0,0,137.6587200000049,False,137.6587200000049,False,,False,137.6587200000049,True,camera,vehicle,False,,False,0.0
59.10000000000057,spawned_2,20.0,0,137.6587200000049,False,137.6587200000049,False,,False,137.6587200000049,True,camera,vehicle,False,,False,0.0
59.20000000000057,spawned_2,20.0,0,137.6587200000049,False,137.6587200000049,False,,False,137.6587200000049,True,camera,vehicle,False,,False,0.0
59.30000000000057,spawned_2,20.0,0,137.6587200000049,False,137.6587200000049,False,,False,137.6587200000049,True,camera,vehicle,False,,False,0.0
59.400000000000574,spawned_2,20.0,0,137.6587200000049,False,137.6587200000049,False,,False,137.6587200000049,True,camera,vehicle,False,,False,0.0
59.500000000000576,spawned_2,20.0,0,137.6587200000049,False,137.6587200000049,False,,False,137.6587200000049,True,camera,vehicle,False,,False,0.0
59.60000000000058,spawned_2,20.0,0,137.6587200000049,False,137.6587200000049,False,,False,137.6587200000049,True,camera,vehicle,False,,False,0.0
59.70000000000058,spawned_2,20.0,0,137.6587200000049,False,137.6587200000049,False,,False,137.6587200000049,True,camera,vehicle,False,,False,0.0
59.80000000000058,spawned_2,20.0,0,137.6587200000049,False,137.6587200000049,False,,False,137.6587200000049,True,camera,vehicle,False,,False,0.0
59.90000000000058,spawned_2,20.0,0,137.6587200000049,False,137.6587200000049,False,,False,137.6587200000049,True,camera,vehicle,False,,False,0.0
60.00000000000058,spawned_2,20.0,0,137.6587200000049,False,137.6587200000049,False,,False,137.6587200000049,True,camera,vehicle,False,,False,0.0
60.100000000000584,spawned_2,20.0,0,137.6587200000049,False,137.6587200000049,False,,False,137.6587200000049,True,camera,vehicle,False,,False,0.0
60.200000000000585,spawned_2,20.0,0,137.6587200000049,False,137.6587200000049,False,,False,137.6587200000049,True,camera,vehicle,False,,False,0.0
60.30000000000059,spawned_2,20.0,0,137.6587200000049,False,137.6587200000049,False,,False,137.6587200000049,True,camera,vehicle,False,,False,0.0
60.40000000000059,spawned_2,20.0,0,137.6587200000049,False,137.6587200000049,False,,False,137.6587200000049,True,camera,vehicle,False,,False,0.0
60.50000000000059,spawned_2,20.0,0,137.6587200000049,False,137.6587200000049,False,,False,137.6587200000049,True,camera,vehicle,False,,False,0.0
60.60000000000059,spawned_2,20.0,0,137.6587200000049,False,137.6587200000049,False,,False,137.6587200000049,True,camera,vehicle,False,,False,0.0
60.70000000000059,spawned_2,20.0,0,137.6587200000049,False,137.6587200000049,False,,False,137.6587200000049,True,camera,vehicle,False,,False,0.0
60.800000000000594,spawned_2,20.0,0,137.6587200000049,False,137.6587200000049,False,,False,137.6587200000049,True,camera,vehicle,False,,False,0.0
60.900000000000595,spawned_2,20.0,0,137.6587200000049,False,137.6587200000049,False,,False,137.6587200000049,True,camera,vehicle,False,,False,0.0
61.0000000000006,spawned_2,20.0,0,137.6587200000049,False,137.6587200000049,False,,False,137.6587200000049,True,camera,vehicle,False,,False,0.0
61.1000000000006,spawned_2,20.0,0,137.6587200000049,False,137.6587200000049,False,,False,137.6587200000049,True,camera,vehicle,False,,False,0.0
61.2000000000006,spawned_2,20.0,0,137.6587200000049,False,137.6587200000049,False,,False,137.6587200000049,True,camera,vehicle,False,,False,0.0
61.3000000000006,spawned_2,20.0,0,137.6587200000049,False,137.6587200000049,False,,False,137.6587200000049,True,camera,vehicle,False,,False,0.0
61.4000000000006,spawned_2,20.0,0,137.6587200000049,False,137.6587200000049,False,,False,137.6587200000049,True,camera,vehicle,False,,False,0.0
61.500000000000604,spawned_2,20.0,0,137.6587200000049,False,137.6587200000049,False,,False,137.6587200000049,True,camera,vehicle,False,,False,0.0
61.600000000000605,spawned_2,20.0,0,137.6587200000049,False,137.6587200000049,False,,False,137.6587200000049,True,camera,vehicle,False,,False,0.0
61.70000000000061,spawned_2,20.0,0,137.6587200000049,False,137.6587200000049,False,,False,137.6587200000049,True,camera,vehicle,False,,False,0.0
61.80000000000061,spawned_2,20.0,0,137.6587200000049,False,137.6587200000049,False,,False,137.6587200000049,True,camera,vehicle,False,,False,0.0
61.90000000000061,spawned_2,20.0,0,137.6587200000049,False,137.6587200000049,False,,False,137.6587200000049,True,camera,vehicle,False,,False,0.0
62.00000000000061,spawned_2,20.0,0,137.6587200000049,False,137.6587200000049,False,,False,137.6587200000049,True,camera,vehicle,False,,False,0.0
62.10000000000061,spawned_2,20.0,0,137.6587200000049,False,137.6587200000049,False,,False,137.6587200000049,True,camera,vehicle,False,,False,0.0
62.200000000000614,spawned_2,20.0,0,137.6587200000049,False,137.6587200000049,False,,False,137.6587200000049,True,camera,vehicle,False,,False,0.0
62.300000000000615,spawned_2,20.0,0,137.6587200000049,False,137.6587200000049,False,,False,137.6587200000049,True,camera,vehicle,False,,False,0.0
62.40000000000062,spawned_2,20.0,0,137.6587200000049,False,137.6587200000049,False,,False,137.6587200000049,True,camera,vehicle,False,,False,0.0
62.50000000000062,spawned_2,20.0,0,137.6587200000049,False,137.6587200000049,False,,False,137.6587200000049,True,camera,vehicle,False,,False,0.0
62.60000000000062,spawned_2,20.0,0,137.6587200000049,False,137.6587200000049,False,,False,137.6587200000049,True,camera,vehicle,False,,False,0.0
62.70000000000062,spawned_2,20.0,0,137.6587200000049,False,137.6587200000049,False,,False,137.6587200000049,True,camera,vehicle,False,,False,0.0
62.80000000000062,spawned_2,20.0,0,137.6587200000049,False,137.6587200000049,False,,False,137.6587200000049,True,camera,vehicle,False,,False,0.0
62.900000000000624,spawned_2,20.0,0,137.6587200000049,False,137.6587200000049,False,,False,137.6587200000049,True,camera,vehicle,False,,False,0.0
63.000000000000625,spawned_2,20.0,0,137.6587200000049,False,137.6587200000049,False,,False,137.6587200000049,True,camera,vehicle,False,,False,0.0
63.10000000000063,spawned_2,20.0,0,137.6587200000049,False,137.6587200000049,False,,False,137.6587200000049,True,camera,vehicle,False,,False,0.0
63.20000000000063,spawned_2,20.0,0,137.6587200000049,False,137.6587200000049,False,,False,137.6587200000049,True,camera,vehicle,False,,False,0.0
63.30000000000063,spawned_2,20.0,0,137.6587200000049,False,137.6587200000049,False,,False,137.6587200000049,True,camera,vehicle,False,,False,0.0
63.40000000000063,spawned_2,20.0,0,137.6587200000049,False,137.6587200000049,False,,False,137.6587200000049,True,camera,vehicle,False,,False,0.0
63.50000000000063,spawned_2,20.0,0,137.6587200000049,False,137.6587200000049,False,,False,137.6587200000049,True,camera,vehicle,False,,False,0.0
63.600000000000634,spawned_2,20.0,0,137.6587200000049,False,137.6587200000049,False,,False,137.6587200000049,True,camera,vehicle,False,,False,0.0
63.700000000000635,spawned_2,20.0,0,137.6587200000049,False,137.6587200000049,False,,False,137.6587200000049,True,camera,vehicle,False,,False,0.0
63.80000000000064,spawned_2,20.0,0,137.6587200000049,False,137.6587200000049,False,,False,137.6587200000049,True,camera,vehicle,False,,False,0.0
63.90000000000064,spawned_2,20.0,0,137.6587200000049,False,137.6587200000049,False,,False,137.6587200000049,True,camera,vehicle,False,,False,0.0
64.00000000000064,spawned_2,20.0,0,137.38995921537924,False,137.38995921537924,False,,False,137.38995921537924,True,camera,roundabout_giveway,False,,False,0.0
64.10000000000063,spawned_2,20.0,0,136.4958792153792,False,136.4958792153792,False,,False,136.4958792153792,True,camera,roundabout_giveway,False,,False,0.0
64.20000000000063,spawned_2,20.0,0,135.60179921537917,False,135.60179921537917,False,,False,135.60179921537917,True,camera,roundabout_giveway,False,,False,0.0
64.30000000000062,spawned_2,20.0,0,134.70771921537914,False,134.70771921537914,False,,False,134.70771921537914,True,camera,roundabout_giveway,False,,False,0.0
64.40000000000062,spawned_2,20.0,0,133.8136392153791,False,133.8136392153791,False,,False,133.8136392153791,True,camera,roundabout_giveway,False,,False,0.0
64.50000000000061,spawned_2,20.0,0,132.91955921537908,False,132.91955921537908,False,,False,132.91955921537908,True,camera,roundabout_giveway,False,,False,0.0
64.6000000000006,spawned_2,20.0,0,132.02547921537905,False,132.02547921537905,False,,False,132.02547921537905,True,camera,roundabout_giveway,False,,False,0.0
64.7000000000006,spawned_2,20.0,0,131.13139921537902,False,131.13139921537902,False,,False,131.13139921537902,True,camera,roundabout_giveway,False,,False,0.0
64.8000000000006,spawned_2,20.0,0,130.237319215379,False,130.237319215379,False,,False,130.237319215379,True,camera,roundabout_giveway,False,,False,0.0
64.90000000000059,spawned_2,20.0,0,129.34323921537896,False,129.34323921537896,False,,False,129.34323921537896,True,camera,roundabout_giveway,False,,False,0.0
65.00000000000058,spawned_2,20.0,0,128.44915921537893,False,128.44915921537893,False,,False,128.44915921537893,True,camera,roundabout_giveway,False,,False,0.0
65.10000000000058,spawned_2,20.0,0,127.5550792153789,False,127.5550792153789,False,,False,127.5550792153789,True,camera,roundabout_giveway,False,,False,0.0
65.20000000000057,spawned_2,20.0,0,126.66099921537887,False,126.66099921537887,False,,False,126.66099921537887,True,camera,roundabout_giveway,False,,False,0.0
65.30000000000057,spawned_2,20.0,0,125.76691921537883,False,125.76691921537883,False,,False,125.76691921537883,True,camera,roundabout_giveway,False,,False,0.0
65.40000000000056,spawned_2,20.0,0,124.8728392153788,False,124.8728392153788,False,,False,124.8728392153788,True,camera,roundabout_giveway,False,,False,0.0
65.50000000000055,spawned_2,20.0,0,123.97875921537877,False,123.97875921537877,False,,False,123.97875921537877,True,camera,roundabout_giveway,False,,False,0.0
65.60000000000055,spawned_2,20.0,0,123.08467921537874,False,123.08467921537874,False,,False,123.08467921537874,True,camera,roundabout_giveway,False,,False,0.0
65.70000000000054,spawned_2,20.0,0,122.19059921537871,False,122.19059921537871,False,,False,122.19059921537871,True,camera,roundabout_giveway,False,,False,0.0
65.80000000000054,spawned_2,20.0,0,121.29651921537868,False,121.29651921537868,False,,False,121.29651921537868,True,camera,roundabout_giveway,False,,False,0.0
65.90000000000053,spawned_2,20.0,0,120.40243921537865,False,120.40243921537865,False,,False,120.40243921537865,True,camera,roundabout_giveway,False,,False,0.0
66.00000000000053,spawned_2,20.0,0,119.50835921537862,False,119.50835921537862,False,,False,119.50835921537862,True,camera,roundabout_giveway,False,,False,0.0
66.10000000000052,spawned_2,20.0,0,118.61427921537859,False,118.61427921537859,False,,False,118.61427921537859,True,camera,roundabout_giveway,False,,False,0.0
66.20000000000051,spawned_2,20.0,0,117.72019921537856,False,117.72019921537856,False,,False,117.72019921537856,True,camera,roundabout_giveway,False,,False,0.0
66.30000000000051,spawned_2,20.0,0,116.82611921537853,False,116.82611921537853,False,,False,116.82611921537853,True,camera,roundabout_giveway,False,,False,0.0
66.4000000000005,spawned_2,20.0,0,115.9320392153785,False,115.9320392153785,False,,False,115.9320392153785,True,camera,roundabout_giveway,False,,False,0.0
66.5000000000005,spawned_2,20.0,0,115.03795921537846,False,115.03795921537846,False,,False,115.03795921537846,True,camera,roundabout_giveway,False,,False,0.0
66.60000000000049,spawned_2,20.0,0,114.14387921537843,False,114.14387921537843,False,,False,114.14387921537843,True,camera,roundabout_giveway,False,,False,0.0
66.70000000000049,spawned_2,20.0,0,113.2497992153784,False,113.2497992153784,False,,False,113.2497992153784,True,camera,roundabout_giveway,False,,False,0.0
66.80000000000048,spawned_2,20.0,0,112.35571921537837,False,112.35571921537837,False,,False,112.35571921537837,True,camera,roundabout_giveway,False,,False,0.0
66.90000000000047,spawned_2,20.0,0,137.6587200000049,False,137.6587200000049,False,,False,137.6587200000049,True,camera,vehicle,False,,False,0.0
67.00000000000047,spawned_2,20.0,0,137.6587200000049,False,137.6587200000049,False,,False,137.6587200000049,True,camera,vehicle,False,,False,0.0
67.10000000000046,spawned_2,20.0,0,137.6587200000049,False,137.6587200000049,False,,False,137.6587200000049,True,camera,vehicle,False,,False,0.0
67.20000000000046,spawned_2,20.0,0,137.6587200000049,False,137.6587200000049,False,,False,137.6587200000049,True,camera,vehicle,False,,False,0.0
67.30000000000045,spawned_2,20.0,0,137.6587200000049,False,137.6587200000049,False,,False,137.6587200000049,True,camera,vehicle,False,,False,0.0
67.40000000000045,spawned_2,20.0,0,137.6587200000049,False,137.6587200000049,False,,False,137.6587200000049,True,camera,vehicle,False,,False,0.0
67.50000000000044,spawned_2,20.0,0,137.6587200000049,False,137.6587200000049,False,,False,137.6587200000049,True,camera,vehicle,False,,False,0.0
67.60000000000043,spawned_2,20.0,0,137.6587200000049,False,137.6587200000049,False,,False,137.6587200000049,True,camera,vehicle,False,,False,0.0
67.70000000000043,spawned_2,20.0,0,137.6587200000049,False,137.6587200000049,False,,False,137.6587200000049,True,camera,vehicle,False,,False,0.0
67.80000000000042,spawned_2,20.0,0,137.6587200000049,False,137.6587200000049,False,,False,137.6587200000049,True,camera,vehicle,False,,False,0.0
67.90000000000042,spawned_2,20.0,0,137.6587200000049,False,137.6587200000049,False,,False,137.6587200000049,True,camera,vehicle,False,,False,0.0
68.00000000000041,spawned_2,20.0,0,137.6587200000049,False,137.6587200000049,False,,False,137.6587200000049,True,camera,vehicle,False,,False,0.0
68.1000000000004,spawned_2,20.0,0,137.6587200000049,False,137.6587200000049,False,,False,137.6587200000049,True,camera,vehicle,False,,False,0.0
68.2000000000004,spawned_2,20.0,0,137.6587200000049,False,137.6587200000049,False,,False,137.6587200000049,True,camera,vehicle,False,,False,0.0
68.3000000000004,spawned_2,20.0,0,137.6587200000049,False,137.6587200000049,False,,False,137.6587200000049,True,camera,vehicle,False,,False,0.0
68.40000000000039,spawned_2,20.0,0,137.6587200000049,False,137.6587200000049,False,,False,137.6587200000049,True,camera,vehicle,False,,False,0.0
68.50000000000038,spawned_2,20.0,0,137.6587200000049,False,137.6587200000049,False,,False,137.6587200000049,True,camera,vehicle,False,,False,0.0
68.60000000000038,spawned_2,20.0,0,137.6587200000049,False,137.6587200000049,False,,False,137.6587200000049,True,camera,vehicle,False,,False,0.0
68.70000000000037,spawned_2,20.0,0,137.6587200000049,False,137.6587200000049,False,,False,137.6587200000049,True,camera,vehicle,False,,False,0.0
68.80000000000037,spawned_2,20.0,0,137.6587200000049,False,137.6587200000049,False,,False,137.6587200000049,True,camera,vehicle,False,,False,0.0
68.90000000000036,spawned_2,20.0,0,137.6587200000049,False,137.6587200000049,False,,False,137.6587200000049,True,camera,vehicle,False,,False,0.0
69.00000000000036,spawned_2,20.0,0,137.6587200000049,False,137.6587200000049,False,,False,137.6587200000049,True,camera,vehicle,False,,False,0.0
69.10000000000035,spawned_2,20.0,0,137.6587200000049,False,137.6587200000049,False,,False,137.6587200000049,True,camera,vehicle,False,,False,0.0
69.20000000000034,spawned_2,20.0,0,137.6587200000049,False,137.6587200000049,False,,False,137.6587200000049,True,camera,vehicle,False,,False,0.0
69.30000000000034,spawned_2,20.0,0,137.6587200000049,False,137.6587200000049,False,,False,137.6587200000049,True,camera,vehicle,False,,False,0.0
69.40000000000033,spawned_2,20.0,0,137.6587200000049,False,137.6587200000049,False,,False,137.6587200000049,True,camera,vehicle,False,,False,0.0
69.50000000000033,spawned_2,20.0,0,137.6587200000049,False,137.6587200000049,False,,False,137.6587200000049,True,camera,vehicle,False,,False,0.0
69.60000000000032,spawned_2,20.0,0,137.6587200000049,False,137.6587200000049,False,,False,137.6587200000049,True,camera,vehicle,False,,False,0.0
69.70000000000032,spawned_2,20.0,0,137.6587200000049,False,137.6587200000049,False,,False,137.6587200000049,True,camera,vehicle,False,,False,0.0
69.80000000000031,spawned_2,20.0,0,137.6587200000049,False,137.6587200000049,False,,False,137.6587200000049,True,camera,vehicle,False,,False,0.0
69.9000000000003,spawned_2,20.0,0,137.6587200000049,False,137.6587200000049,False,,False,137.6587200000049,True,camera,vehicle,False,,False,0.0
70.0000000000003,spawned_2,20.0,0,137.6587200000049,False,137.6587200000049,False,,False,137.6587200000049,True,camera,vehicle,False,,False,0.0
70.10000000000029,spawned_2,20.0,0,137.6587200000049,False,137.6587200000049,False,,False,137.6587200000049,True,camera,vehicle,False,,False,0.0
70.20000000000029,spawned_2,20.0,0,137.6587200000049,False,137.6587200000049,False,,False,137.6587200000049,True,camera,vehicle,False,,False,0.0
70.30000000000028,spawned_2,20.0,0,137.6587200000049,False,137.6587200000049,False,,False,137.6587200000049,True,camera,vehicle,False,,False,0.0
70.40000000000028,spawned_2,20.0,0,137.6587200000049,False,137.6587200000049,False,,False,137.6587200000049,True,camera,vehicle,False,,False,0.0
70.50000000000027,spawned_2,20.0,0,137.6587200000049,False,137.6587200000049,False,,False,137.6587200000049,True,camera,vehicle,False,,False,0.0
70.60000000000026,spawned_2,20.0,0,137.6587200000049,False,137.6587200000049,False,,False,137.6587200000049,True,camera,vehicle,False,,False,0.0
70.70000000000026,spawned_2,20.0,0,137.6587200000049,False,137.6587200000049,False,,False,137.6587200000049,True,camera,vehicle,False,,False,0.0
70.80000000000025,spawned_2,20.0,0,137.6587200000049,False,137.6587200000049,False,,False,137.6587200000049,True,camera,vehicle,False,,False,0.0
70.90000000000025,spawned_2,20.0,0,137.6587200000049,False,137.6587200000049,False,,False,137.6587200000049,True,camera,vehicle,False,,False,0.0
71.00000000000024,spawned_2,20.0,0,137.6587200000049,False,137.6587200000049,False,,False,137.6587200000049,True,camera,vehicle,False,,False,0.0
71.10000000000024,spawned_2,20.0,0,137.6587200000049,False,137.6587200000049,False,,False,137.6587200000049,True,camera,vehicle,False,,False,0.0
71.20000000000023,spawned_2,20.0,0,137.6587200000049,False,137.6587200000049,False,,False,137.6587200000049,True,camera,vehicle,False,,False,0.0
71.30000000000022,spawned_2,20.0,0,137.6587200000049,False,137.6587200000049,False,,False,137.6587200000049,True,camera,vehicle,False,,False,0.0
71.40000000000022,spawned_2,20.0,0,137.6587200000049,False,137.6587200000049,False,,False,137.6587200000049,True,camera,vehicle,False,,False,0.0
71.50000000000021,spawned_2,20.0,0,137.6587200000049,False,137.6587200000049,False,,False,137.6587200000049,True,camera,vehicle,False,,False,0.0
71.60000000000021,spawned_2,20.0,0,137.6587200000049,False,137.6587200000049,False,,False,137.6587200000049,True,camera,vehicle,False,,False,0.0
71.7000000000002,spawned_2,20.0,0,137.6587200000049,False,137.6587200000049,False,,False,137.6587200000049,True,camera,vehicle,False,,False,0.0
71.8000000000002,spawned_2,20.0,0,137.6587200000049,False,137.6587200000049,False,,False,137.6587200000049,True,camera,vehicle,False,,False,0.0
71.90000000000019,spawned_2,20.0,0,137.6587200000049,False,137.6587200000049,False,,False,137.6587200000049,True,camera,vehicle,False,,False,0.0
72.00000000000018,spawned_2,20.0,0,137.6587200000049,False,137.6587200000049,False,,False,137.6587200000049,True,camera,vehicle,False,,False,0.0
72.10000000000018,spawned_2,20.0,0,137.6587200000049,False,137.6587200000049,False,,False,137.6587200000049,True,camera,vehicle,False,,False,0.0
72.20000000000017,spawned_2,20.0,0,137.6587200000049,False,137.6587200000049,False,,False,137.6587200000049,True,camera,vehicle,False,,False,0.0
72.30000000000017,spawned_2,20.0,0,137.6587200000049,False,137.6587200000049,False,,False,137.6587200000049,True,camera,vehicle,False,,False,0.0
72.40000000000016,spawned_2,20.0,0,137.6587200000049,False,137.6587200000049,False,,False,137.6587200000049,True,camera,vehicle,False,,False,0.0
72.50000000000016,spawned_2,20.0,0,137.6587200000049,False,137.6587200000049,False,,False,137.6587200000049,True,camera,vehicle,False,,False,0.0
72.60000000000015,spawned_2,20.0,0,137.6587200000049,False,137.6587200000049,False,,False,137.6587200000049,True,camera,vehicle,False,,False,0.0
72.70000000000014,spawned_2,20.0,0,137.6587200000049,False,137.6587200000049,False,,False,137.6587200000049,True,camera,vehicle,False,,False,0.0
72.80000000000014,spawned_2,20.0,0,137.6587200000049,False,137.6587200000049,False,,False,137.6587200000049,True,camera,vehicle,False,,False,0.0
72.90000000000013,spawned_2,20.0,0,137.6587200000049,False,137.6587200000049,False,,False,137.6587200000049,True,camera,vehicle,False,,False,0.0
73.00000000000013,spawned_2,20.0,0,137.6587200000049,False,137.6587200000049,False,,False,137.6587200000049,True,camera,vehicle,False,,False,0.0
73.10000000000012,spawned_2,20.0,0,137.6587200000049,False,137.6587200000049,False,,False,137.6587200000049,True,camera,vehicle,False,,False,0.0
73.20000000000012,spawned_2,20.0,0,137.6587200000049,False,137.6587200000049,False,,False,137.6587200000049,True,camera,vehicle,False,,False,0.0
73.30000000000011,spawned_2,20.0,0,137.6587200000049,False,137.6587200000049,False,,False,137.6587200000049,True,camera,vehicle,False,,False,0.0
73.4000000000001,spawned_2,20.0,0,137.6587200000049,False,137.6587200000049,False,,False,137.6587200000049,True,camera,vehicle,False,,False,0.0
73.5000000000001,spawned_2,20.0,0,137.6587200000049,False,137.6587200000049,False,,False,137.6587200000049,True,camera,vehicle,False,,False,0.0
73.6000000000001,spawned_2,20.0,0,137.6587200000049,False,137.6587200000049,False,,False,137.6587200000049,True,camera,vehicle,False,,False,0.0
73.70000000000009,spawned_2,20.0,0,137.6587200000049,False,137.6587200000049,False,,False,137.6587200000049,True,camera,vehicle,False,,False,0.0
73.80000000000008,spawned_2,20.0,0,137.6587200000049,False,137.6587200000049,False,,False,137.6587200000049,True,camera,vehicle,False,,False,0.0
73.90000000000008,spawned_2,20.0,0,137.6587200000049,False,137.6587200000049,False,,False,137.6587200000049,True,camera,vehicle,False,,False,0.0
74.00000000000007,spawned_2,20.0,0,137.6587200000049,False,137.6587200000049,False,,False,137.6587200000049,True,camera,vehicle,False,,False,0.0
74.10000000000007,spawned_2,20.0,0,137.6587200000049,False,137.6587200000049,False,,False,137.6587200000049,True,camera,vehicle,False,,False,0.0
74.20000000000006,spawned_2,20.0,0,137.6587200000049,False,137.6587200000049,False,,False,137.6587200000049,True,camera,vehicle,False,,False,0.0
74.30000000000005,spawned_2,20.0,0,137.6587200000049,False,137.6587200000049,False,,False,137.6587200000049,True,camera,vehicle,False,,False,0.0
74.40000000000005,spawned_2,20.0,0,137.6587200000049,False,137.6587200000049,False,,False,137.6587200000049,True,camera,vehicle,False,,False,0.0
74.50000000000004,spawned_2,20.0,0,137.6587200000049,False,137.6587200000049,False,,False,137.6587200000049,True,camera,vehicle,False,,False,0.0
74.60000000000004,spawned_2,20.0,0,137.6587200000049,False,137.6587200000049,False,,False,137.6587200000049,True,camera,vehicle,False,,False,0.0
74.70000000000003,spawned_2,20.0,0,137.6587200000049,False,137.6587200000049,False,,False,137.6587200000049,True,camera,vehicle,False,,False,0.0
74.80000000000003,spawned_2,20.0,0,137.6587200000049,False,137.6587200000049,False,,False,137.6587200000049,True,camera,vehicle,False,,False,0.0
74.90000000000002,spawned_2,20.0,0,137.6587200000049,False,137.6587200000049,False,,False,137.6587200000049,True,camera,vehicle,False,,False,0.0
75.00000000000001,spawned_2,20.0,0,137.6587200000049,False,137.6587200000049,False,,False,137.6587200000049,True,camera,vehicle,False,,False,0.0
75.10000000000001,spawned_2,20.0,0,137.6587200000049,False,137.6587200000049,False,,False,137.6587200000049,True,camera,vehicle,False,,False,0.0
75.2,spawned_2,20.0,0,137.6587200000049,False,137.6587200000049,False,,False,137.6587200000049,True,camera,vehicle,False,,False,0.0
75.3,spawned_2,20.0,0,137.6587200000049,False,137.6587200000049,False,,False,137.6587200000049,True,camera,vehicle,False,,False,0.0
75.39999999999999,spawned_2,20.0,0,137.6587200000049,False,137.6587200000049,False,,False,137.6587200000049,True,camera,vehicle,False,,False,0.0
75.49999999999999,spawned_2,20.0,0,137.6587200000049,False,137.6587200000049,False,,False,137.6587200000049,True,camera,vehicle,False,,False,0.0
75.59999999999998,spawned_2,20.0,0,137.6587200000049,False,137.6587200000049,False,,False,137.6587200000049,True,camera,vehicle,False,,False,0.0
75.69999999999997,spawned_2,20.0,0,137.6587200000049,False,137.6587200000049,False,,False,137.6587200000049,True,camera,vehicle,False,,False,0.0
75.79999999999997,spawned_2,20.0,0,137.6587200000049,False,137.6587200000049,False,,False,137.6587200000049,True,camera,vehicle,False,,False,0.0
75.89999999999996,spawned_2,20.0,0,137.6587200000049,False,137.6587200000049,False,,False,137.6587200000049,True,camera,vehicle,False,,False,0.0
75.99999999999996,spawned_2,20.0,0,137.6587200000049,False,137.6587200000049,False,,False,137.6587200000049,True,camera,vehicle,False,,False,0.0
76.09999999999995,spawned_2,20.0,0,137.6587200000049,False,137.6587200000049,False,,False,137.6587200000049,True,camera,vehicle,False,,False,0.0
76.19999999999995,spawned_2,20.0,0,137.6587200000049,False,137.6587200000049,False,,False,137.6587200000049,True,camera,vehicle,False,,False,0.0
76.29999999999994,spawned_2,20.0,0,137.6587200000049,False,137.6587200000049,False,,False,137.6587200000049,True,camera,vehicle,False,,False,0.0
76.39999999999993,spawned_2,20.0,0,137.6587200000049,False,137.6587200000049,False,,False,137.6587200000049,True,camera,vehicle,False,,False,0.0
76.49999999999993,spawned_2,20.0,0,137.6587200000049,False,137.6587200000049,False,,False,137.6587200000049,True,camera,vehicle,False,,False,0.0
76.59999999999992,spawned_2,20.0,0,137.6587200000049,False,137.6587200000049,False,,False,137.6587200000049,True,camera,vehicle,False,,False,0.0
76.69999999999992,spawned_2,20.0,0,137.6587200000049,False,137.6587200000049,False,,False,137.6587200000049,True,camera,vehicle,False,,False,0.0
76.79999999999991,spawned_2,20.0,0,137.6587200000049,False,137.6587200000049,False,,False,137.6587200000049,True,camera,vehicle,False,,False,0.0
76.8999999999999,spawned_2,20.0,0,137.6587200000049,False,137.6587200000049,False,,False,137.6587200000049,True,camera,vehicle,False,,False,0.0
76.9999999999999,spawned_2,20.0,0,137.6587200000049,False,137.6587200000049,False,,False,137.6587200000049,True,camera,vehicle,False,,False,0.0
77.0999999999999,spawned_2,20.0,0,137.6587200000049,False,137.6587200000049,False,,False,137.6587200000049,True,camera,vehicle,False,,False,0.0
77.19999999999989,spawned_2,20.0,0,137.6587200000049,False,137.6587200000049,False,,False,137.6587200000049,True,camera,vehicle,False,,False,0.0
77.29999999999988,spawned_2,20.0,0,137.6587200000049,False,137.6587200000049,False,,False,137.6587200000049,True,camera,vehicle,False,,False,0.0
77.39999999999988,spawned_2,20.0,0,137.6587200000049,False,137.6587200000049,False,,False,137.6587200000049,True,camera,vehicle,False,,False,0.0
77.49999999999987,spawned_2,20.0,0,137.6587200000049,False,137.6587200000049,False,,False,137.6587200000049,True,camera,vehicle,False,,False,0.0
77.59999999999987,spawned_2,20.0,0,137.6587200000049,False,137.6587200000049,False,,False,137.6587200000049,True,camera,vehicle,False,,False,0.0
77.69999999999986,spawned_2,20.0,0,137.6587200000049,False,137.6587200000049,False,,False,137.6587200000049,True,camera,vehicle,False,,False,0.0
77.79999999999986,spawned_2,20.0,0,137.6587200000049,False,137.6587200000049,False,,False,137.6587200000049,True,camera,vehicle,False,,False,0.0
77.89999999999985,spawned_2,20.0,0,137.6587200000049,False,137.6587200000049,False,,False,137.6587200000049,True,camera,vehicle,False,,False,0.0
77.99999999999984,spawned_2,20.0,0,137.6587200000049,False,137.6587200000049,False,,False,137.6587200000049,True,camera,vehicle,False,,False,0.0
78.09999999999984,spawned_2,20.0,0,137.6587200000049,False,137.6587200000049,False,,False,137.6587200000049,True,camera,vehicle,False,,False,0.0
78.19999999999983,spawned_2,20.0,0,137.6587200000049,False,137.6587200000049,False,,False,137.6587200000049,True,camera,vehicle,False,,False,0.0
78.29999999999983,spawned_2,20.0,0,137.6587200000049,False,137.6587200000049,False,,False,137.6587200000049,True,camera,vehicle,False,,False,0.0
78.39999999999982,spawned_2,20.0,0,137.6587200000049,False,137.6587200000049,False,,False,137.6587200000049,True,camera,vehicle,False,,False,0.0
78.49999999999982,spawned_2,20.0,0,137.6587200000049,False,137.6587200000049,False,,False,137.6587200000049,True,camera,vehicle,False,,False,0.0
78.59999999999981,spawned_2,20.0,0,137.6587200000049,False,137.6587200000049,False,,False,137.6587200000049,True,camera,vehicle,False,,False,0.0
78.6999999999998,spawned_2,20.0,0,137.6587200000049,False,137.6587200000049,False,,False,137.6587200000049,True,camera,vehicle,False,,False,0.0
78.7999999999998,spawned_2,20.0,0,137.6587200000049,False,137.6587200000049,False,,False,137.6587200000049,True,camera,vehicle,False,,False,0.0
78.89999999999979,spawned_2,20.0,0,137.6587200000049,False,137.6587200000049,False,,False,137.6587200000049,True,camera,vehicle,False,,False,0.0
78.99999999999979,spawned_2,20.0,0,137.6587200000049,False,137.6587200000049,False,,False,137.6587200000049,True,camera,vehicle,False,,False,0.0
79.09999999999978,spawned_2,20.0,0,137.6587200000049,False,137.6587200000049,False,,False,137.6587200000049,True,camera,vehicle,False,,False,0.0
79.19999999999978,spawned_2,20.0,0,137.6587200000049,False,137.6587200000049,False,,False,137.6587200000049,True,camera,vehicle,False,,False,0.0
79.29999999999977,spawned_2,20.0,0,137.6587200000049,False,137.6587200000049,False,,False,137.6587200000049,True,camera,vehicle,False,,False,0.0
79.39999999999976,spawned_2,20.0,0,137.6587200000049,False,137.6587200000049,False,,False,137.6587200000049,True,camera,vehicle,False,,False,0.0
79.49999999999976,spawned_2,20.0,0,137.6587200000049,False,137.6587200000049,False,,False,137.6587200000049,True,camera,vehicle,False,,False,0.0
79.59999999999975,spawned_2,20.0,0,137.6587200000049,False,137.6587200000049,False,,False,137.6587200000049,True,camera,vehicle,False,,False,0.0
79.69999999999975,spawned_2,20.0,0,137.6587200000049,False,137.6587200000049,False,,False,137.6587200000049,True,camera,vehicle,False,,False,0.0
79.79999999999974,spawned_2,20.0,0,137.6587200000049,False,137.6587200000049,False,,False,137.6587200000049,True,camera,vehicle,False,,False,0.0
79.89999999999974,spawned_2,20.0,0,137.6587200000049,False,137.6587200000049,False,,False,137.6587200000049,True,camera,vehicle,False,,False,0.0
79.99999999999973,spawned_2,20.0,0,137.6587200000049,False,137.6587200000049,False,,False,137.6587200000049,True,camera,vehicle,False,,False,0.0
80.09999999999972,spawned_2,20.0,0,137.6587200000049,False,137.6587200000049,False,,False,137.6587200000049,True,camera,vehicle,False,,False,0.0
80.19999999999972,spawned_2,20.0,0,137.6587200000049,False,137.6587200000049,False,,False,137.6587200000049,True,camera,vehicle,False,,False,0.0
80.29999999999971,spawned_2,20.0,0,137.6587200000049,False,137.6587200000049,False,,False,137.6587200000049,True,camera,vehicle,False,,False,0.0
80.39999999999971,spawned_2,20.0,0,137.6587200000049,False,137.6587200000049,False,,False,137.6587200000049,True,camera,vehicle,False,,False,0.0
80.4999999999997,spawned_2,20.0,0,137.6587200000049,False,137.6587200000049,False,,False,137.6587200000049,True,camera,vehicle,False,,False,0.0
80.5999999999997,spawned_2,20.0,0,137.6587200000049,False,137.6587200000049,False,,False,137.6587200000049,True,camera,vehicle,False,,False,0.0
80.69999999999969,spawned_2,20.0,0,137.6587200000049,False,137.6587200000049,False,,False,137.6587200000049,True,camera,vehicle,False,,False,0.0
80.79999999999968,spawned_2,20.0,0,137.6587200000049,False,137.6587200000049,False,,False,137.6587200000049,True,camera,vehicle,False,,False,0.0
80.89999999999968,spawned_2,20.0,0,137.6587200000049,False,137.6587200000049,False,,False,137.6587200000049,True,camera,vehicle,False,,False,0.0
80.99999999999967,spawned_2,20.0,0,137.6587200000049,False,137.6587200000049,False,,False,137.6587200000049,True,camera,vehicle,False,,False,0.0
81.09999999999967,spawned_2,20.0,0,137.6587200000049,False,137.6587200000049,False,,False,137.6587200000049,True,camera,vehicle,False,,False,0.0
81.19999999999966,spawned_2,20.0,0,137.6587200000049,False,137.6587200000049,False,,False,137.6587200000049,True,camera,vehicle,False,,False,0.0
81.29999999999966,spawned_2,20.0,0,137.6587200000049,False,137.6587200000049,False,,False,137.6587200000049,True,camera,vehicle,False,,False,0.0
81.39999999999965,spawned_2,20.0,0,137.6587200000049,False,137.6587200000049,False,,False,137.6587200000049,True,camera,vehicle,False,,False,0.0
81.49999999999964,spawned_2,20.0,0,137.6587200000049,False,137.6587200000049,False,,False,137.6587200000049,True,camera,vehicle,False,,False,0.0
81.59999999999964,spawned_2,20.0,0,137.6587200000049,False,137.6587200000049,False,,False,137.6587200000049,True,camera,vehicle,False,,False,0.0
81.69999999999963,spawned_2,20.0,0,137.6587200000049,False,137.6587200000049,False,,False,137.6587200000049,True,camera,vehicle,False,,False,0.0
81.79999999999963,spawned_2,20.0,0,137.6587200000049,False,137.6587200000049,False,,False,137.6587200000049,True,camera,vehicle,False,,False,0.0
81.89999999999962,spawned_2,20.0,0,137.6587200000049,False,137.6587200000049,False,,False,137.6587200000049,True,camera,vehicle,False,,False,0.0
81.99999999999962,spawned_2,20.0,0,137.6587200000049,False,137.6587200000049,False,,False,137.6587200000049,True,camera,vehicle,False,,False,0.0
82.09999999999961,spawned_2,20.0,0,137.6587200000049,False,137.6587200000049,False,,False,137.6587200000049,True,camera,vehicle,False,,False,0.0
82.1999999999996,spawned_2,20.0,0,137.6587200000049,False,137.6587200000049,False,,False,137.6587200000049,True,camera,vehicle,False,,False,0.0
82.2999999999996,spawned_2,20.0,0,137.6587200000049,False,137.6587200000049,False,,False,137.6587200000049,True,camera,vehicle,False,,False,0.0
82.3999999999996,spawned_2,20.0,0,137.6587200000049,False,137.6587200000049,False,,False,137.6587200000049,True,camera,vehicle,False,,False,0.0
82.49999999999959,spawned_2,20.0,0,137.6587200000049,False,137.6587200000049,False,,False,137.6587200000049,True,camera,vehicle,False,,False,0.0
82.59999999999958,spawned_2,20.0,0,137.6587200000049,False,137.6587200000049,False,,False,137.6587200000049,True,camera,vehicle,False,,False,0.0
82.69999999999958,spawned_2,20.0,0,137.6587200000049,False,137.6587200000049,False,,False,137.6587200000049,True,camera,vehicle,False,,False,0.0
82.79999999999957,spawned_2,20.0,0,137.6587200000049,False,137.6587200000049,False,,False,137.6587200000049,True,camera,vehicle,False,,False,0.0
82.89999999999957,spawned_2,20.0,0,137.6587200000049,False,137.6587200000049,False,,False,137.6587200000049,True,camera,vehicle,False,,False,0.0
82.99999999999956,spawned_2,20.0,0,137.6587200000049,False,137.6587200000049,False,,False,137.6587200000049,True,camera,vehicle,False,,False,0.0
83.09999999999955,spawned_2,20.0,0,137.6587200000049,False,137.6587200000049,False,,False,137.6587200000049,True,camera,vehicle,False,,False,0.0
83.19999999999955,spawned_2,20.0,0,137.6587200000049,False,137.6587200000049,False,,False,137.6587200000049,True,camera,vehicle,False,,False,0.0
83.29999999999954,spawned_2,20.0,0,137.6587200000049,False,137.6587200000049,False,,False,137.6587200000049,True,camera,vehicle,False,,False,0.0
83.39999999999954,spawned_2,20.0,0,137.6587200000049,False,137.6587200000049,False,,False,137.6587200000049,True,camera,vehicle,False,,False,0.0
83.49999999999953,spawned_2,20.0,0,137.6587200000049,False,137.6587200000049,False,,False,137.6587200000049,True,camera,vehicle,False,,False,0.0
83.59999999999953,spawned_2,20.0,0,137.6587200000049,False,137.6587200000049,False,,False,137.6587200000049,True,camera,vehicle,False,,False,0.0
83.69999999999952,spawned_2,20.0,0,137.6587200000049,False,137.6587200000049,False,,False,137.6587200000049,True,camera,vehicle,False,,False,0.0
83.79999999999951,spawned_2,20.0,0,137.6587200000049,False,137.6587200000049,False,,False,137.6587200000049,True,camera,vehicle,False,,False,0.0
83.89999999999951,spawned_2,20.0,0,137.6587200000049,False,137.6587200000049,False,,False,137.6587200000049,True,camera,vehicle,False,,False,0.0
83.9999999999995,spawned_2,20.0,0,137.6587200000049,False,137.6587200000049,False,,False,137.6587200000049,True,camera,vehicle,False,,False,0.0
84.0999999999995,spawned_2,20.0,0,137.6587200000049,False,137.6587200000049,False,,False,137.6587200000049,True,camera,vehicle,False,,False,0.0
84.19999999999949,spawned_2,20.0,0,137.6587200000049,False,137.6587200000049,False,,False,137.6587200000049,True,camera,vehicle,False,,False,0.0
84.29999999999949,spawned_2,20.0,0,137.6587200000049,False,137.6587200000049,False,,False,137.6587200000049,True,camera,vehicle,False,,False,0.0
84.39999999999948,spawned_2,20.0,0,137.6587200000049,False,137.6587200000049,False,,False,137.6587200000049,True,camera,vehicle,False,,False,0.0
84.49999999999947,spawned_2,20.0,0,137.6587200000049,False,137.6587200000049,False,,False,137.6587200000049,True,camera,vehicle,False,,False,0.0
84.59999999999947,spawned_2,20.0,0,137.6587200000049,False,137.6587200000049,False,,False,137.6587200000049,True,camera,vehicle,False,,False,0.0
84.69999999999946,spawned_2,20.0,0,137.6587200000049,False,137.6587200000049,False,,False,137.6587200000049,True,camera,vehicle,False,,False,0.0
84.79999999999946,spawned_2,20.0,0,137.6587200000049,False,137.6587200000049,False,,False,137.6587200000049,True,camera,vehicle,False,,False,0.0
84.89999999999945,spawned_2,20.0,0,137.6587200000049,False,137.6587200000049,False,,False,137.6587200000049,True,camera,vehicle,False,,False,0.0
84.99999999999945,spawned_2,20.0,0,137.6587200000049,False,137.6587200000049,False,,False,137.6587200000049,True,camera,vehicle,False,,False,0.0
85.09999999999944,spawned_2,20.0,0,137.6587200000049,False,137.6587200000049,False,,False,137.6587200000049,True,camera,vehicle,False,,False,0.0
85.19999999999943,spawned_2,20.0,0,137.6587200000049,False,137.6587200000049,False,,False,137.6587200000049,True,camera,vehicle,False,,False,0.0
85.29999999999943,spawned_2,20.0,0,137.6587200000049,False,137.6587200000049,False,,False,137.6587200000049,True,camera,vehicle,False,,False,0.0
85.39999999999942,spawned_2,20.0,0,137.6587200000049,False,137.6587200000049,False,,False,137.6587200000049,True,camera,vehicle,False,,False,0.0
85.49999999999942,spawned_2,20.0,0,137.6587200000049,False,137.6587200000049,False,,False,137.6587200000049,True,camera,vehicle,False,,False,0.0
85.59999999999941,spawned_2,20.0,0,137.6587200000049,False,137.6587200000049,False,,False,137.6587200000049,True,camera,vehicle,False,,False,0.0
85.6999999999994,spawned_2,20.0,0,137.6587200000049,False,137.6587200000049,False,,False,137.6587200000049,True,camera,vehicle,False,,False,0.0
85.7999999999994,spawned_2,20.0,0,137.6587200000049,False,137.6587200000049,False,,False,137.6587200000049,True,camera,vehicle,False,,False,0.0
85.8999999999994,spawned_2,20.0,0,137.6587200000049,False,137.6587200000049,False,,False,137.6587200000049,True,camera,vehicle,False,,False,0.0
85.99999999999939,spawned_2,20.0,0,137.6587200000049,False,137.6587200000049,False,,False,137.6587200000049,True,camera,vehicle,False,,False,0.0
86.09999999999938,spawned_2,20.0,0,137.6587200000049,False,137.6587200000049,False,,False,137.6587200000049,True,camera,vehicle,False,,False,0.0
86.19999999999938,spawned_2,20.0,0,137.6587200000049,False,137.6587200000049,False,,False,137.6587200000049,True,camera,vehicle,False,,False,0.0
86.29999999999937,spawned_2,20.0,0,137.6587200000049,False,137.6587200000049,False,,False,137.6587200000049,True,camera,vehicle,False,,False,0.0
86.39999999999937,spawned_2,20.0,0,137.6587200000049,False,137.6587200000049,False,,False,137.6587200000049,True,camera,vehicle,False,,False,0.0
86.49999999999936,spawned_2,20.0,0,137.6587200000049,False,137.6587200000049,False,,False,137.6587200000049,True,camera,vehicle,False,,False,0.0
86.59999999999935,spawned_2,20.0,0,137.6587200000049,False,137.6587200000049,False,,False,137.6587200000049,True,camera,vehicle,False,,False,0.0
86.69999999999935,spawned_2,20.0,0,137.6587200000049,False,137.6587200000049,False,,False,137.6587200000049,True,camera,vehicle,False,,False,0.0
86.79999999999934,spawned_2,20.0,0,137.6587200000049,False,137.6587200000049,False,,False,137.6587200000049,True,camera,vehicle,False,,False,0.0
86.89999999999934,spawned_2,20.0,0,137.6587200000049,False,137.6587200000049,False,,False,137.6587200000049,True,camera,vehicle,False,,False,0.0
86.99999999999933,spawned_2,20.0,0,137.6587200000049,False,137.6587200000049,False,,False,137.6587200000049,True,camera,vehicle,False,,False,0.0
87.09999999999933,spawned_2,20.0,0,137.6587200000049,False,137.6587200000049,False,,False,137.6587200000049,True,camera,vehicle,False,,False,0.0
87.19999999999932,spawned_2,20.0,0,137.6587200000049,False,137.6587200000049,False,,False,137.6587200000049,True,camera,vehicle,False,,False,0.0
87.29999999999932,spawned_2,20.0,0,137.6587200000049,False,137.6587200000049,False,,False,137.6587200000049,True,camera,vehicle,False,,False,0.0
87.39999999999931,spawned_2,20.0,0,137.6587200000049,False,137.6587200000049,False,,False,137.6587200000049,True,camera,vehicle,False,,False,0.0
87.4999999999993,spawned_2,20.0,0,137.6587200000049,False,137.6587200000049,False,,False,137.6587200000049,True,camera,vehicle,False,,False,0.0
87.5999999999993,spawned_2,20.0,0,137.6587200000049,False,137.6587200000049,False,,False,137.6587200000049,True,camera,vehicle,False,,False,0.0
87.69999999999929,spawned_2,20.0,0,137.6587200000049,False,137.6587200000049,False,,False,137.6587200000049,True,camera,vehicle,False,,False,0.0
87.79999999999929,spawned_2,20.0,0,137.6587200000049,False,137.6587200000049,False,,False,137.6587200000049,True,camera,vehicle,False,,False,0.0
87.89999999999928,spawned_2,20.0,0,137.6587200000049,False,137.6587200000049,False,,False,137.6587200000049,True,camera,vehicle,False,,False,0.0
87.99999999999928,spawned_2,20.0,0,137.6587200000049,False,137.6587200000049,False,,False,137.6587200000049,True,camera,vehicle,False,,False,0.0
88.09999999999927,spawned_2,20.0,0,137.6587200000049,False,137.6587200000049,False,,False,137.6587200000049,True,camera,vehicle,False,,False,0.0
88.19999999999926,spawned_2,20.0,0,137.6587200000049,False,137.6587200000049,False,,False,137.6587200000049,True,camera,vehicle,False,,False,0.0
88.29999999999926,spawned_2,20.0,0,137.6587200000049,False,137.6587200000049,False,,False,137.6587200000049,True,camera,vehicle,False,,False,0.0
88.39999999999925,spawned_2,20.0,0,137.6587200000049,False,137.6587200000049,False,,False,137.6587200000049,True,camera,vehicle,False,,False,0.0
88.49999999999925,spawned_2,20.0,0,137.6587200000049,False,137.6587200000049,False,,False,137.6587200000049,True,camera,vehicle,False,,False,0.0
88.59999999999924,spawned_2,20.0,0,137.6587200000049,False,137.6587200000049,False,,False,137.6587200000049,True,camera,vehicle,False,,False,0.0
88.69999999999924,spawned_2,20.0,0,137.6587200000049,False,137.6587200000049,False,,False,137.6587200000049,True,camera,vehicle,False,,False,0.0
88.79999999999923,spawned_2,20.0,0,137.6587200000049,False,137.6587200000049,False,,False,137.6587200000049,True,camera,vehicle,False,,False,0.0
88.89999999999922,spawned_2,20.0,0,137.6587200000049,False,137.6587200000049,False,,False,137.6587200000049,True,camera,vehicle,False,,False,0.0
88.99999999999922,spawned_2,20.0,0,137.6587200000049,False,137.6587200000049,False,,False,137.6587200000049,True,camera,vehicle,False,,False,0.0
89.09999999999921,spawned_2,20.0,0,137.6587200000049,False,137.6587200000049,False,,False,137.6587200000049,True,camera,vehicle,False,,False,0.0
89.1999999999992,spawned_2,20.0,0,137.6587200000049,False,137.6587200000049,False,,False,137.6587200000049,True,camera,vehicle,False,,False,0.0
89.2999999999992,spawned_2,20.0,0,137.6587200000049,False,137.6587200000049,False,,False,137.6587200000049,True,camera,vehicle,False,,False,0.0
89.3999999999992,spawned_2,20.0,0,137.6587200000049,False,137.6587200000049,False,,False,137.6587200000049,True,camera,vehicle,False,,False,0.0
89.49999999999919,spawned_2,20.0,0,137.6587200000049,False,137.6587200000049,False,,False,137.6587200000049,True,camera,vehicle,False,,False,0.0
89.59999999999918,spawned_2,20.0,0,137.6587200000049,False,137.6587200000049,False,,False,137.6587200000049,True,camera,vehicle,False,,False,0.0
89.69999999999918,spawned_2,20.0,0,137.6587200000049,False,137.6587200000049,False,,False,137.6587200000049,True,camera,vehicle,False,,False,0.0
89.79999999999917,spawned_2,20.0,0,137.6587200000049,False,137.6587200000049,False,,False,137.6587200000049,True,camera,vehicle,False,,False,0.0
89.89999999999917,spawned_2,20.0,0,137.6587200000049,False,137.6587200000049,False,,False,137.6587200000049,True,camera,vehicle,False,,False,0.0
89.99999999999916,spawned_2,20.0,0,137.6587200000049,False,137.6587200000049,False,,False,137.6587200000049,True,camera,vehicle,False,,False,0.0
90.09999999999916,spawned_2,20.0,0,137.6587200000049,False,137.6587200000049,False,,False,137.6587200000049,True,camera,vehicle,False,,False,0.0
90.19999999999915,spawned_2,20.0,0,137.6587200000049,False,137.6587200000049,False,,False,137.6587200000049,True,camera,vehicle,False,,False,0.0
90.29999999999914,spawned_2,20.0,0,137.6587200000049,False,137.6587200000049,False,,False,137.6587200000049,True,camera,vehicle,False,,False,0.0
90.39999999999914,spawned_2,20.0,0,137.6587200000049,False,137.6587200000049,False,,False,137.6587200000049,True,camera,vehicle,False,,False,0.0
90.49999999999913,spawned_2,20.0,0,137.6587200000049,False,137.6587200000049,False,,False,137.6587200000049,True,camera,vehicle,False,,False,0.0
90.59999999999913,spawned_2,20.0,0,137.6587200000049,False,137.6587200000049,False,,False,137.6587200000049,True,camera,vehicle,False,,False,0.0
90.69999999999912,spawned_2,20.0,0,137.6587200000049,False,137.6587200000049,False,,False,137.6587200000049,True,camera,vehicle,False,,False,0.0
90.79999999999912,spawned_2,20.0,0,137.6587200000049,False,137.6587200000049,False,,False,137.6587200000049,True,camera,vehicle,False,,False,0.0
90.89999999999911,spawned_2,20.0,0,137.6587200000049,False,137.6587200000049,False,,False,137.6587200000049,True,camera,vehicle,False,,False,0.0
90.9999999999991,spawned_2,20.0,0,137.6587200000049,False,137.6587200000049,False,,False,137.6587200000049,True,camera,vehicle,False,,False,0.0
91.0999999999991,spawned_2,20.0,0,137.6587200000049,False,137.6587200000049,False,,False,137.6587200000049,True,camera,vehicle,False,,False,0.0
91.1999999999991,spawned_2,20.0,0,137.6587200000049,False,137.6587200000049,False,,False,137.6587200000049,True,camera,vehicle,False,,False,0.0
91.29999999999909,spawned_2,20.0,0,137.6587200000049,False,137.6587200000049,False,,False,137.6587200000049,True,camera,vehicle,False,,False,0.0
91.39999999999908,spawned_2,20.0,0,137.6587200000049,False,137.6587200000049,False,,False,137.6587200000049,True,camera,vehicle,False,,False,0.0
91.49999999999908,spawned_2,20.0,0,137.6587200000049,False,137.6587200000049,False,,False,137.6587200000049,True,camera,vehicle,False,,False,0.0
91.59999999999907,spawned_2,20.0,0,137.6587200000049,False,137.6587200000049,False,,False,137.6587200000049,True,camera,vehicle,False,,False,0.0
91.69999999999906,spawned_2,20.0,0,137.6587200000049,False,137.6587200000049,False,,False,137.6587200000049,True,camera,vehicle,False,,False,0.0
91.79999999999906,spawned_2,20.0,0,137.6587200000049,False,137.6587200000049,False,,False,137.6587200000049,True,camera,vehicle,False,,False,0.0
91.89999999999905,spawned_2,20.0,0,137.6587200000049,False,137.6587200000049,False,,False,137.6587200000049,True,camera,vehicle,False,,False,0.0
91.99999999999905,spawned_2,20.0,0,137.6587200000049,False,137.6587200000049,False,,False,137.6587200000049,True,camera,vehicle,False,,False,0.0
92.09999999999904,spawned_2,20.0,0,137.6587200000049,False,137.6587200000049,False,,False,137.6587200000049,True,camera,vehicle,False,,False,0.0
92.19999999999904,spawned_2,20.0,0,137.6587200000049,False,137.6587200000049,False,,False,137.6587200000049,True,camera,vehicle,False,,False,0.0
92.29999999999903,spawned_2,20.0,0,137.6587200000049,False,137.6587200000049,False,,False,137.6587200000049,True,camera,vehicle,False,,False,0.0
92.39999999999903,spawned_2,20.0,0,137.6587200000049,False,137.6587200000049,False,,False,137.6587200000049,True,camera,vehicle,False,,False,0.0
92.49999999999902,spawned_2,20.0,0,137.6587200000049,False,137.6587200000049,False,,False,137.6587200000049,True,camera,vehicle,False,,False,0.0
92.59999999999901,spawned_2,20.0,0,137.6587200000049,False,137.6587200000049,False,,False,137.6587200000049,True,camera,vehicle,False,,False,0.0
92.69999999999901,spawned_2,20.0,0,137.6587200000049,False,137.6587200000049,False,,False,137.6587200000049,True,camera,vehicle,False,,False,0.0
92.799999999999,spawned_2,20.0,0,137.6587200000049,False,137.6587200000049,False,,False,137.6587200000049,True,camera,vehicle,False,,False,0.0
92.899999999999,spawned_2,20.0,0,137.6587200000049,False,137.6587200000049,False,,False,137.6587200000049,True,camera,vehicle,False,,False,0.0
92.99999999999899,spawned_2,20.0,0,137.6587200000049,False,137.6587200000049,False,,False,137.6587200000049,True,camera,vehicle,False,,False,0.0
93.09999999999899,spawned_2,20.0,0,137.6587200000049,False,137.6587200000049,False,,False,137.6587200000049,True,camera,vehicle,False,,False,0.0
93.19999999999898,spawned_2,20.0,0,137.6587200000049,False,137.6587200000049,False,,False,137.6587200000049,True,camera,vehicle,False,,False,0.0
93.29999999999897,spawned_2,20.0,0,137.6587200000049,False,137.6587200000049,False,,False,137.6587200000049,True,camera,vehicle,False,,False,0.0
93.39999999999897,spawned_2,20.0,0,137.6587200000049,False,137.6587200000049,False,,False,137.6587200000049,True,camera,vehicle,False,,False,0.0
93.49999999999896,spawned_2,20.0,0,137.6587200000049,False,137.6587200000049,False,,False,137.6587200000049,True,camera,vehicle,False,,False,0.0
93.59999999999896,spawned_2,20.0,0,137.6587200000049,False,137.6587200000049,False,,False,137.6587200000049,True,camera,vehicle,False,,False,0.0
93.69999999999895,spawned_2,20.0,0,137.6587200000049,False,137.6587200000049,False,,False,137.6587200000049,True,camera,vehicle,False,,False,0.0
93.79999999999895,spawned_2,20.0,0,137.6587200000049,False,137.6587200000049,False,,False,137.6587200000049,True,camera,vehicle,False,,False,0.0
93.89999999999894,spawned_2,20.0,0,137.6587200000049,False,137.6587200000049,False,,False,137.6587200000049,True,camera,vehicle,False,,False,0.0
93.99999999999893,spawned_2,20.0,0,137.6587200000049,False,137.6587200000049,False,,False,137.6587200000049,True,camera,vehicle,False,,False,0.0
94.09999999999893,spawned_2,20.0,0,137.6587200000049,False,137.6587200000049,False,,False,137.6587200000049,True,camera,vehicle,False,,False,0.0
94.19999999999892,spawned_2,20.0,0,137.6587200000049,False,137.6587200000049,False,,False,137.6587200000049,True,camera,vehicle,False,,False,0.0
94.29999999999892,spawned_2,20.0,0,137.6587200000049,False,137.6587200000049,False,,False,137.6587200000049,True,camera,vehicle,False,,False,0.0
94.39999999999891,spawned_2,20.0,0,137.6587200000049,False,137.6587200000049,False,,False,137.6587200000049,True,camera,vehicle,False,,False,0.0
94.4999999999989,spawned_2,20.0,0,137.6587200000049,False,137.6587200000049,False,,False,137.6587200000049,True,camera,vehicle,False,,False,0.0
94.5999999999989,spawned_2,20.0,0,137.6587200000049,False,137.6587200000049,False,,False,137.6587200000049,True,camera,vehicle,False,,False,0.0
94.6999999999989,spawned_2,20.0,0,137.6587200000049,False,137.6587200000049,False,,False,137.6587200000049,True,camera,vehicle,False,,False,0.0
94.79999999999889,spawned_2,20.0,0,137.6587200000049,False,137.6587200000049,False,,False,137.6587200000049,True,camera,vehicle,False,,False,0.0
94.89999999999888,spawned_2,20.0,0,137.6587200000049,False,137.6587200000049,False,,False,137.6587200000049,True,camera,vehicle,False,,False,0.0
94.99999999999888,spawned_2,20.0,0,137.6587200000049,False,137.6587200000049,False,,False,137.6587200000049,True,camera,vehicle,False,,False,0.0
95.09999999999887,spawned_2,20.0,0,137.6587200000049,False,137.6587200000049,False,,False,137.6587200000049,True,camera,vehicle,False,,False,0.0
95.19999999999887,spawned_2,20.0,0,137.6587200000049,False,137.6587200000049,False,,False,137.6587200000049,True,camera,vehicle,False,,False,0.0
95.29999999999886,spawned_2,20.0,0,137.6587200000049,False,137.6587200000049,False,,False,137.6587200000049,True,camera,vehicle,False,,False,0.0
95.39999999999885,spawned_2,20.0,0,137.6587200000049,False,137.6587200000049,False,,False,137.6587200000049,True,camera,vehicle,False,,False,0.0
95.49999999999885,spawned_2,20.0,0,137.6587200000049,False,137.6587200000049,False,,False,137.6587200000049,True,camera,vehicle,False,,False,0.0
95.59999999999884,spawned_2,20.0,0,137.6587200000049,False,137.6587200000049,False,,False,137.6587200000049,True,camera,vehicle,False,,False,0.0
95.69999999999884,spawned_2,20.0,0,137.6587200000049,False,137.6587200000049,False,,False,137.6587200000049,True,camera,vehicle,False,,False,0.0
95.79999999999883,spawned_2,20.0,0,137.6587200000049,False,137.6587200000049,False,,False,137.6587200000049,True,camera,vehicle,False,,False,0.0
95.89999999999883,spawned_2,20.0,0,137.6587200000049,False,137.6587200000049,False,,False,137.6587200000049,True,camera,vehicle,False,,False,0.0
95.99999999999882,spawned_2,20.0,0,137.6587200000049,False,137.6587200000049,False,,False,137.6587200000049,True,camera,vehicle,False,,False,0.0
96.09999999999881,spawned_2,20.0,0,137.6587200000049,False,137.6587200000049,False,,False,137.6587200000049,True,camera,vehicle,False,,False,0.0
96.19999999999881,spawned_2,20.0,0,137.6587200000049,False,137.6587200000049,False,,False,137.6587200000049,True,camera,vehicle,False,,False,0.0
96.2999999999988,spawned_2,20.0,0,137.6587200000049,False,137.6587200000049,False,,False,137.6587200000049,True,camera,vehicle,False,,False,0.0
96.3999999999988,spawned_2,20.0,0,137.6587200000049,False,137.6587200000049,False,,False,137.6587200000049,True,camera,vehicle,False,,False,0.0
96.49999999999879,spawned_2,20.0,0,137.6587200000049,False,137.6587200000049,False,,False,137.6587200000049,True,camera,vehicle,False,,False,0.0
96.59999999999879,spawned_2,20.0,0,137.6587200000049,False,137.6587200000049,False,,False,137.6587200000049,True,camera,vehicle,False,,False,0.0
96.69999999999878,spawned_2,20.0,0,137.6587200000049,False,137.6587200000049,False,,False,137.6587200000049,True,camera,vehicle,False,,False,0.0
96.79999999999878,spawned_2,20.0,0,137.6587200000049,False,137.6587200000049,False,,False,137.6587200000049,True,camera,vehicle,False,,False,0.0
96.89999999999877,spawned_2,20.0,0,137.6587200000049,False,137.6587200000049,False,,False,137.6587200000049,True,camera,vehicle,False,,False,0.0
96.99999999999876,spawned_2,20.0,0,137.6587200000049,False,137.6587200000049,False,,False,137.6587200000049,True,camera,vehicle,False,,False,0.0
97.09999999999876,spawned_2,20.0,0,137.6587200000049,False,137.6587200000049,False,,False,137.6587200000049,True,camera,vehicle,False,,False,0.0
97.19999999999875,spawned_2,20.0,0,137.6587200000049,False,137.6587200000049,False,,False,137.6587200000049,True,camera,vehicle,False,,False,0.0
97.29999999999875,spawned_2,20.0,0,137.6587200000049,False,137.6587200000049,False,,False,137.6587200000049,True,camera,vehicle,False,,False,0.0
97.39999999999874,spawned_2,20.0,0,137.6587200000049,False,137.6587200000049,False,,False,137.6587200000049,True,camera,vehicle,False,,False,0.0
97.49999999999874,spawned_2,20.0,0,137.6587200000049,False,137.6587200000049,False,,False,137.6587200000049,True,camera,vehicle,False,,False,0.0
97.59999999999873,spawned_2,20.0,0,137.6587200000049,False,137.6587200000049,False,,False,137.6587200000049,True,camera,vehicle,False,,False,0.0
97.69999999999872,spawned_2,20.0,0,137.6587200000049,False,137.6587200000049,False,,False,137.6587200000049,True,camera,vehicle,False,,False,0.0
97.79999999999872,spawned_2,20.0,0,137.6587200000049,False,137.6587200000049,False,,False,137.6587200000049,True,camera,vehicle,False,,False,0.0
97.89999999999871,spawned_2,20.0,0,137.6587200000049,False,137.6587200000049,False,,False,137.6587200000049,True,camera,vehicle,False,,False,0.0
97.9999999999987,spawned_2,20.0,0,137.6587200000049,False,137.6587200000049,False,,False,137.6587200000049,True,camera,vehicle,False,,False,0.0
98.0999999999987,spawned_2,20.0,0,137.6587200000049,False,137.6587200000049,False,,False,137.6587200000049,True,camera,vehicle,False,,False,0.0
98.1999999999987,spawned_2,20.0,0,137.6587200000049,False,137.6587200000049,False,,False,137.6587200000049,True,camera,vehicle,False,,False,0.0
98.29999999999869,spawned_2,20.0,0,137.6587200000049,False,137.6587200000049,False,,False,137.6587200000049,True,camera,vehicle,False,,False,0.0
98.39999999999868,spawned_2,20.0,0,137.6587200000049,False,137.6587200000049,False,,False,137.6587200000049,True,camera,vehicle,False,,False,0.0
98.49999999999868,spawned_2,20.0,0,137.6587200000049,False,137.6587200000049,False,,False,137.6587200000049,True,camera,vehicle,False,,False,0.0
98.59999999999867,spawned_2,20.0,0,137.6587200000049,False,137.6587200000049,False,,False,137.6587200000049,True,camera,vehicle,False,,False,0.0
98.69999999999867,spawned_2,20.0,0,137.6587200000049,False,137.6587200000049,False,,False,137.6587200000049,True,camera,vehicle,False,,False,0.0
98.79999999999866,spawned_2,20.0,0,137.6587200000049,False,137.6587200000049,False,,False,137.6587200000049,True,camera,vehicle,False,,False,0.0
98.89999999999866,spawned_2,20.0,0,137.6587200000049,False,137.6587200000049,False,,False,137.6587200000049,True,camera,vehicle,False,,False,0.0
98.99999999999865,spawned_2,20.0,0,137.6587200000049,False,137.6587200000049,False,,False,137.6587200000049,True,camera,vehicle,False,,False,0.0
99.09999999999864,spawned_2,20.0,0,137.6587200000049,False,137.6587200000049,False,,False,137.6587200000049,True,camera,vehicle,False,,False,0.0
99.19999999999864,spawned_2,20.0,0,137.6587200000049,False,137.6587200000049,False,,False,137.6587200000049,True,camera,vehicle,False,,False,0.0
99.29999999999863,spawned_2,20.0,0,137.6587200000049,False,137.6587200000049,False,,False,137.6587200000049,True,camera,vehicle,False,,False,0.0
99.39999999999863,spawned_2,20.0,0,137.6587200000049,False,137.6587200000049,False,,False,137.6587200000049,True,camera,vehicle,False,,False,0.0
99.49999999999862,spawned_2,20.0,0,137.6587200000049,False,137.6587200000049,False,,False,137.6587200000049,True,camera,vehicle,False,,False,0.0
99.59999999999862,spawned_2,20.0,0,137.6587200000049,False,137.6587200000049,False,,False,137.6587200000049,True,camera,vehicle,False,,False,0.0
99.69999999999861,spawned_2,20.0,0,137.6587200000049,False,137.6587200000049,False,,False,137.6587200000049,True,camera,vehicle,False,,False,0.0
99.7999999999986,spawned_2,20.0,0,137.6587200000049,False,137.6587200000049,False,,False,137.6587200000049,True,camera,vehicle,False,,False,0.0
99.8999999999986,spawned_2,20.0,0,137.6587200000049,False,137.6587200000049,False,,False,137.6587200000049,True,camera,vehicle,False,,False,0.0
99.9999999999986,spawned_2,20.0,0,137.6587200000049,False,137.6587200000049,False,,False,137.6587200000049,True,camera,vehicle,False,,False,0.0
100.09999999999859,spawned_2,20.0,0,137.6587200000049,False,137.6587200000049,False,,False,137.6587200000049,True,camera,vehicle,False,,False,0.0
100.19999999999858,spawned_2,20.0,0,137.6587200000049,False,137.6587200000049,False,,False,137.6587200000049,True,camera,vehicle,False,,False,0.0
100.29999999999858,spawned_2,20.0,0,137.6587200000049,False,137.6587200000049,False,,False,137.6587200000049,True,camera,vehicle,False,,False,0.0
100.39999999999857,spawned_2,20.0,0,137.6587200000049,False,137.6587200000049,False,,False,137.6587200000049,True,camera,vehicle,False,,False,0.0
100.49999999999856,spawned_2,20.0,0,137.6587200000049,False,137.6587200000049,False,,False,137.6587200000049,True,camera,vehicle,False,,False,0.0
100.59999999999856,spawned_2,20.0,0,137.6587200000049,False,137.6587200000049,False,,False,137.6587200000049,True,camera,vehicle,False,,False,0.0
100.69999999999855,spawned_2,20.0,0,137.6587200000049,False,137.6587200000049,False,,False,137.6587200000049,True,camera,vehicle,False,,False,0.0
100.79999999999855,spawned_2,20.0,0,137.6587200000049,False,137.6587200000049,False,,False,137.6587200000049,True,camera,vehicle,False,,False,0.0
100.89999999999854,spawned_2,20.0,0,137.6587200000049,False,137.6587200000049,False,,False,137.6587200000049,True,camera,vehicle,False,,False,0.0
100.99999999999854,spawned_2,20.0,0,137.6587200000049,False,137.6587200000049,False,,False,137.6587200000049,True,camera,vehicle,False,,False,0.0
101.09999999999853,spawned_2,20.0,0,137.6587200000049,False,137.6587200000049,False,,False,137.6587200000049,True,camera,vehicle,False,,False,0.0
101.19999999999852,spawned_2,20.0,0,137.6587200000049,False,137.6587200000049,False,,False,137.6587200000049,True,camera,vehicle,False,,False,0.0
101.29999999999852,spawned_2,20.0,0,137.6587200000049,False,137.6587200000049,False,,False,137.6587200000049,True,camera,vehicle,False,,False,0.0
101.39999999999851,spawned_2,20.0,0,137.6587200000049,False,137.6587200000049,False,,False,137.6587200000049,True,camera,vehicle,False,,False,0.0
101.49999999999851,spawned_2,20.0,0,137.6587200000049,False,137.6587200000049,False,,False,137.6587200000049,True,camera,vehicle,False,,False,0.0
101.5999999999985,spawned_2,20.0,0,137.6587200000049,False,137.6587200000049,False,,False,137.6587200000049,True,camera,vehicle,False,,False,0.0
101.6999999999985,spawned_2,20.0,0,137.6587200000049,False,137.6587200000049,False,,False,137.6587200000049,True,camera,vehicle,False,,False,0.0
101.79999999999849,spawned_2,20.0,0,137.6587200000049,False,137.6587200000049,False,,False,137.6587200000049,True,camera,vehicle,False,,False,0.0
101.89999999999849,spawned_2,20.0,0,137.6587200000049,False,137.6587200000049,False,,False,137.6587200000049,True,camera,vehicle,False,,False,0.0
101.99999999999848,spawned_2,20.0,0,137.6587200000049,False,137.6587200000049,False,,False,137.6587200000049,True,camera,vehicle,False,,False,0.0
102.09999999999847,spawned_2,20.0,0,137.6587200000049,False,137.6587200000049,False,,False,137.6587200000049,True,camera,vehicle,False,,False,0.0
102.19999999999847,spawned_2,20.0,0,137.62622000000488,False,137.62622000000488,False,,False,137.62622000000488,True,camera,vehicle,False,,False,0.0
102.29999999999846,spawned_2,20.0,0,137.5287200000048,False,137.5287200000048,False,,False,137.5287200000048,True,camera,vehicle,False,,False,0.0
102.39999999999846,spawned_2,20.0,0,137.36622000000466,False,137.36622000000466,False,,False,137.36622000000466,True,camera,vehicle,False,,False,0.0
102.49999999999845,spawned_2,20.0,0,137.1387200000047,False,137.1387200000047,False,,False,137.1387200000047,True,camera,vehicle,False,,False,0.0
102.59999999999845,spawned_2,20.0,0,136.84622000000468,False,136.84622000000468,False,,False,136.84622000000468,True,camera,vehicle,False,,False,0.0
102.69999999999844,spawned_2,20.0,0,136.4887200000046,False,136.4887200000046,False,,False,136.4887200000046,True,camera,vehicle,False,,False,0.0
102.79999999999843,spawned_2,20.0,0,136.06622000000448,False,136.06622000000448,False,,False,136.06622000000448,True,camera,vehicle,False,,False,0.0
102.89999999999843,spawned_2,20.0,0,135.57872000000452,False,135.57872000000452,False,,False,135.57872000000452,True,camera,vehicle,False,,False,0.0
102.99999999999842,spawned_2,20.0,0,135.0262200000045,False,135.0262200000045,False,,False,135.0262200000045,True,camera,vehicle,False,,False,0.0
103.09999999999842,spawned_2,20.0,0,134.45122000000447,False,134.45122000000447,False,,False,134.45122000000447,True,camera,vehicle,False,,False,0.0
103.19999999999841,spawned_2,20.0,0,133.8962200000044,False,133.8962200000044,False,,False,133.8962200000044,True,camera,vehicle,False,,False,0.0
103.2999999999984,spawned_2,20.0,0,133.36122000000432,False,133.36122000000432,False,,False,133.36122000000432,True,camera,vehicle,False,,False,0.0
103.3999999999984,spawned_2,20.0,0,132.84622000000422,False,132.84622000000422,False,,False,132.84622000000422,True,camera,vehicle,False,,False,0.0
103.4999999999984,spawned_2,20.0,0,132.3512200000041,False,132.3512200000041,False,,False,132.3512200000041,True,camera,vehicle,False,,False,0.0
103.59999999999839,spawned_2,20.0,0,131.87622000000397,False,131.87622000000397,False,,False,131.87622000000397,True,camera,vehicle,False,,False,0.0
103.69999999999838,spawned_2,20.0,0,131.42122000000404,False,131.42122000000404,False,,False,131.42122000000404,True,camera,vehicle,False,,False,0.0
103.79999999999838,spawned_2,20.0,0,132.0416784307546,False,132.0416784307546,False,,False,132.0416784307546,True,camera,traffic_light,False,,False,0.0
103.89999999999837,spawned_2,20.0,0,131.14759843075456,False,131.14759843075456,False,,False,131.14759843075456,True,camera,traffic_light,False,,False,0.0
103.99999999999837,spawned_2,20.0,0,130.25351843075453,False,130.25351843075453,False,,False,130.25351843075453,True,camera,traffic_light,False,,False,0.0
104.09999999999836,spawned_2,20.0,0,129.3594384307545,False,129.3594384307545,False,,False,129.3594384307545,True,camera,traffic_light,False,,False,0.0
104.19999999999835,spawned_2,20.0,0,128.46535843075446,False,128.46535843075446,False,,False,128.46535843075446,True,camera,traffic_light,False,,False,0.0
104.29999999999835,spawned_2,20.0,0,127.57127843075443,False,127.57127843075443,False,,False,127.57127843075443,True,camera,traffic_light,False,,False,0.0
104.39999999999834,spawned_2,20.0,0,126.6771984307544,False,126.6771984307544,False,,False,126.6771984307544,True,camera,traffic_light,False,,False,0.0
104.49999999999834,spawned_2,20.0,0,125.78311843075437,False,125.78311843075437,False,,False,125.78311843075437,True,camera,traffic_light,False,,False,0.0
104.59999999999833,spawned_2,20.0,0,124.88903843075434,False,124.88903843075434,False,,False,124.88903843075434,True,camera,traffic_light,False,,False,0.0
104.69999999999833,spawned_2,20.0,0,123.99495843075431,False,123.99495843075431,False,,False,123.99495843075431,True,camera,traffic_light,False,,False,0.0
104.79999999999832,spawned_2,20.0,0,123.10087843075428,False,123.10087843075428,False,,False,123.10087843075428,True,camera,traffic_light,False,,False,0.0
104.89999999999831,spawned_2,20.0,0,122.20679843075425,False,122.20679843075425,False,,False,122.20679843075425,True,camera,traffic_light,False,,False,0.0
104.99999999999831,spawned_2,20.0,0,121.31271843075422,False,121.31271843075422,False,,False,121.31271843075422,True,camera,traffic_light,False,,False,0.0
105.0999999999983,spawned_2,20.0,0,120.41863843075419,False,120.41863843075419,False,,False,120.41863843075419,True,camera,traffic_light,False,,False,0.0
105.1999999999983,spawned_2,20.0,0,119.52455843075415,False,119.52455843075415,False,,False,119.52455843075415,True,camera,traffic_light,False,,False,0.0
105.29999999999829,spawned_2,20.0,0,118.63047843075412,False,118.63047843075412,False,,False,118.63047843075412,True,camera,traffic_light,False,,False,0.0
105.39999999999829,spawned_2,20.0,0,117.7363984307541,False,117.7363984307541,False,,False,117.7363984307541,True,camera,traffic_light,False,,False,0.0
105.49999999999828,spawned_2,20.0,0,116.84231843075406,False,116.84231843075406,False,,False,116.84231843075406,True,camera,traffic_light,False,,False,0.0
105.59999999999827,spawned_2,20.0,0,115.94823843075403,False,115.94823843075403,False,,False,115.94823843075403,True,camera,traffic_light,False,,False,0.0
105.69999999999827,spawned_2,20.0,0,115.054158430754,False,115.054158430754,False,,False,115.054158430754,True,camera,traffic_light,False,,False,0.0
105.79999999999826,spawned_2,20.0,0,114.16007843075397,False,114.16007843075397,False,,False,114.16007843075397,True,camera,traffic_light,False,,False,0.0
105.89999999999826,spawned_2,20.0,0,113.26599843075394,False,113.26599843075394,False,,False,113.26599843075394,True,camera,traffic_light,False,,False,0.0
105.99999999999825,spawned_2,20.0,0,112.37191843075391,False,112.37191843075391,False,,False,112.37191843075391,True,camera,traffic_light,False,,False,0.0
106.09999999999825,spawned_2,20.0,0,111.47783843075388,False,111.47783843075388,False,,False,111.47783843075388,True,camera,traffic_light,False,,False,0.0
106.19999999999824,spawned_2,20.0,0,110.58375843075385,False,110.58375843075385,False,,False,110.58375843075385,True,camera,traffic_light,False,,False,0.0
106.29999999999824,spawned_2,20.0,0,109.68967843075382,False,109.68967843075382,False,,False,109.68967843075382,True,camera,traffic_light,False,,False,0.0
106.39999999999823,spawned_2,20.0,0,108.79559843075378,False,108.79559843075378,False,,False,108.79559843075378,True,camera,traffic_light,False,,False,0.0
106.49999999999822,spawned_2,20.0,0,107.90151843075375,False,107.90151843075375,False,,False,107.90151843075375,True,camera,traffic_light,False,,False,0.0
106.59999999999822,spawned_2,20.0,0,107.00743843075372,False,107.00743843075372,False,,False,107.00743843075372,True,camera,traffic_light,False,,False,0.0
106.69999999999821,spawned_2,20.0,0,106.11335843075369,False,106.11335843075369,False,,False,106.11335843075369,True,camera,traffic_light,False,,False,0.0
106.7999999999982,spawned_2,20.0,0,105.21927843075366,False,105.21927843075366,False,,False,105.21927843075366,True,camera,traffic_light,False,,False,0.0
106.8999999999982,spawned_2,20.0,0,104.32519843075363,False,104.32519843075363,False,,False,104.32519843075363,True,camera,traffic_light,False,,False,0.0
106.9999999999982,spawned_2,20.0,0,103.4311184307536,False,103.4311184307536,False,,False,103.4311184307536,True,camera,traffic_light,False,,False,0.0
107.09999999999819,spawned_2,20.0,0,102.53703843075357,False,102.53703843075357,False,,False,102.53703843075357,True,camera,traffic_light,False,,False,0.0
107.19999999999818,spawned_2,20.0,0,101.64295843075354,False,101.64295843075354,False,,False,101.64295843075354,True,camera,traffic_light,False,,False,0.0
107.29999999999818,spawned_2,20.0,0,100.7488784307535,False,100.7488784307535,False,,False,100.7488784307535,True,camera,traffic_light,False,,False,0.0
107.39999999999817,spawned_2,20.0,0,99.85479843075348,False,99.85479843075348,False,,False,99.85479843075348,True,camera,traffic_light,False,,False,0.0
107.49999999999817,spawned_2,20.0,0,98.96071843075345,False,98.96071843075345,False,,False,98.96071843075345,True,camera,traffic_light,False,,False,0.0
107.59999999999816,spawned_2,20.0,0,98.06663843075341,False,98.06663843075341,False,,False,98.06663843075341,True,camera,traffic_light,False,,False,0.0
107.69999999999816,spawned_2,20.0,0,97.17255843075338,False,97.17255843075338,False,,False,97.17255843075338,True,camera,traffic_light,False,,False,0.0
107.79999999999815,spawned_2,20.0,0,96.27847843075335,False,96.27847843075335,False,,False,96.27847843075335,True,camera,traffic_light,False,,False,0.0
107.89999999999814,spawned_2,20.0,0,95.38439843075332,False,95.38439843075332,False,,False,95.38439843075332,True,camera,traffic_light,False,,False,0.0
107.99999999999814,spawned_2,20.0,0,94.49031843075329,False,94.49031843075329,False,,False,94.49031843075329,True,camera,traffic_light,False,,False,0.0
108.09999999999813,spawned_2,20.0,0,93.59623843075326,False,93.59623843075326,False,,False,93.59623843075326,True,camera,traffic_light,False,,False,0.0
108.19999999999813,spawned_2,20.0,0,92.70215843075323,False,92.70215843075323,False,,False,92.70215843075323,True,camera,traffic_light,False,,False,0.0
108.29999999999812,spawned_2,20.0,0,91.8080784307532,False,91.8080784307532,False,,False,91.8080784307532,True,camera,traffic_light,False,,False,0.0
108.39999999999812,spawned_2,20.0,0,90.91399843075317,False,90.91399843075317,False,,False,90.91399843075317,True,camera,traffic_light,False,,False,0.0
108.49999999999811,spawned_2,20.0,0,90.01991843075314,False,90.01991843075314,False,,False,90.01991843075314,True,camera,traffic_light,False,,False,0.0
108.5999999999981,spawned_2,20.0,0,89.1258384307531,False,89.1258384307531,False,,False,89.1258384307531,True,camera,traffic_light,False,,False,0.0
108.6999999999981,spawned_2,20.0,0,88.23175843075308,False,88.23175843075308,False,,False,88.23175843075308,True,camera,traffic_light,False,,False,0.0
108.7999999999981,spawned_2,20.0,0,87.33767843075304,False,87.33767843075304,False,,False,87.33767843075304,True,camera,traffic_light,False,,False,0.0
108.89999999999809,spawned_2,20.0,0,86.44359843075301,False,86.44359843075301,False,,False,86.44359843075301,True,camera,traffic_light,False,,False,0.0
108.99999999999808,spawned_2,20.0,0,85.54951843075298,False,85.54951843075298,False,,False,85.54951843075298,True,camera,traffic_light,False,,False,0.0
109.09999999999808,spawned_2,20.0,0,84.65543843075295,False,84.65543843075295,False,,False,84.65543843075295,True,camera,traffic_light,False,,False,0.0
109.19999999999807,spawned_2,20.0,0,83.76135843075292,False,83.76135843075292,False,,False,83.76135843075292,True,camera,traffic_light,False,,False,0.0
109.29999999999806,spawned_2,20.0,0,82.86727843075289,False,82.86727843075289,False,,False,82.86727843075289,True,camera,traffic_light,False,,False,0.0
109.39999999999806,spawned_2,20.0,0,81.97319843075286,False,81.97319843075286,False,,False,81.97319843075286,True,camera,traffic_light,False,,False,0.0
109.49999999999805,spawned_2,20.0,0,81.07911843075283,False,81.07911843075283,False,,False,81.07911843075283,True,camera,traffic_light,False,,False,0.0
109.59999999999805,spawned_2,20.0,0,80.1850384307528,False,80.1850384307528,False,,False,80.1850384307528,True,camera,traffic_light,False,,False,0.0
109.69999999999804,spawned_2,20.0,0,79.29095843075277,False,79.29095843075277,False,79.29095843075277,False,79.29095843075277,True,camera,traffic_light,False,,False,0.0
109.79999999999804,spawned_2,20.0,0,78.39687843075274,False,78.39687843075274,False,78.39687843075274,False,78.39687843075274,True,camera,traffic_light,False,,False,0.0
109.89999999999803,spawned_2,20.0,0,77.5027984307527,False,77.5027984307527,False,77.5027984307527,False,77.5027984307527,True,camera,traffic_light,False,,False,0.0
109.99999999999802,spawned_2,20.0,0,76.60871843075267,False,76.60871843075267,False,76.60871843075267,False,76.60871843075267,True,camera,traffic_light,False,,False,0.0
110.09999999999802,spawned_2,20.0,0,75.71463843075264,False,75.71463843075264,False,75.71463843075264,False,75.71463843075264,True,camera,traffic_light,False,,False,0.0
110.19999999999801,spawned_2,20.0,0,74.82055843075261,False,74.82055843075261,False,74.82055843075261,False,74.82055843075261,True,camera,traffic_light,False,,False,0.0
110.29999999999801,spawned_2,20.0,0,73.92647843075258,False,73.92647843075258,False,73.92647843075258,False,73.92647843075258,True,camera,traffic_light,False,,False,0.0
110.399999999998,spawned_2,20.0,0,73.03239843075255,False,73.03239843075255,False,73.03239843075255,False,73.03239843075255,True,camera,traffic_light,False,,False,0.0
110.499999999998,spawned_2,20.0,0,72.13831843075252,False,72.13831843075252,False,72.13831843075252,False,72.13831843075252,True,camera,traffic_light,False,,False,0.0
110.59999999999799,spawned_2,20.0,0,71.24423843075249,False,71.24423843075249,False,71.24423843075249,False,71.24423843075249,True,camera,traffic_light,False,,False,0.0
110.69999999999798,spawned_2,20.0,0,70.35015843075246,False,70.35015843075246,False,70.35015843075246,False,70.35015843075246,True,camera,traffic_light,False,,False,0.0
110.79999999999798,spawned_2,20.0,0,69.45607843075243,False,69.45607843075243,False,69.45607843075243,False,69.45607843075243,True,camera,traffic_light,False,,False,0.0
110.89999999999797,spawned_2,20.0,0,68.5619984307524,False,68.5619984307524,False,68.5619984307524,False,68.5619984307524,True,camera,traffic_light,False,,False,0.0
110.99999999999797,spawned_2,20.0,0,67.66791843075237,False,67.66791843075237,False,67.66791843075237,False,67.66791843075237,True,camera,traffic_light,False,,False,0.0
111.09999999999796,spawned_2,20.0,0,66.77383843075233,False,66.77383843075233,False,66.77383843075233,False,66.77383843075233,True,camera,traffic_light,False,,False,0.0
111.19999999999796,spawned_2,20.0,0,65.8797584307523,False,65.8797584307523,False,65.8797584307523,False,65.8797584307523,True,camera,traffic_light,False,,False,0.0
111.29999999999795,spawned_2,20.0,0,64.98567843075227,False,64.98567843075227,False,64.98567843075227,False,64.98567843075227,True,camera,traffic_light,False,,False,0.0
111.39999999999795,spawned_2,20.0,0,64.09159843075224,False,64.09159843075224,False,64.09159843075224,False,64.09159843075224,True,camera,traffic_light,False,,False,0.0
111.49999999999794,spawned_2,20.0,0,63.19751843075221,False,63.19751843075221,False,63.19751843075221,False,63.19751843075221,True,camera,traffic_light,False,,False,0.0
111.59999999999793,spawned_2,20.0,0,62.30343843075218,False,62.30343843075218,False,62.30343843075218,False,62.30343843075218,True,camera,traffic_light,False,,False,0.0
111.69999999999793,spawned_2,20.0,0,61.40935843075215,False,61.40935843075215,False,61.40935843075215,False,61.40935843075215,True,camera,traffic_light,False,,False,0.0
111.79999999999792,spawned_2,20.0,0,60.51527843075212,False,60.51527843075212,False,60.51527843075212,False,60.51527843075212,True,camera,traffic_light,False,,False,0.0
111.89999999999792,spawned_2,20.0,0,59.62119843075209,False,59.62119843075209,False,59.62119843075209,False,59.62119843075209,True,camera,traffic_light,False,,False,0.0
111.99999999999791,spawned_2,20.0,0,58.72711843075206,False,58.72711843075206,False,58.72711843075206,False,58.72711843075206,True,camera,traffic_light,False,,False,0.0
112.0999999999979,spawned_2,20.0,0,,False,,False,,False,,False,none,,False,,False,0.0
112.1999999999979,spawned_2,20.0,0,,False,,False,,False,,False,none,,False,,False,0.0
112.2999999999979,spawned_2,20.0,0,,False,,False,,False,,False,none,,False,,False,0.0
112.39999999999789,spawned_2,20.0,0,,False,,False,,False,,False,none,,False,,False,0.0
112.49999999999788,spawned_2,20.0,0,,False,,False,,False,,False,none,,False,,False,0.0
112.59999999999788,spawned_2,20.0,0,,False,,False,,False,,False,none,,False,,False,0.0
112.69999999999787,spawned_2,20.0,0,,False,,False,,False,,False,none,,False,,False,0.0
112.79999999999787,spawned_2,20.0,0,,False,,False,,False,,False,none,,False,,False,0.0
112.89999999999786,spawned_2,20.0,0,,False,,False,,False,,False,none,,False,,False,0.0
112.99999999999785,spawned_2,20.0,0,,False,,False,,False,,False,none,,False,,False,0.0
113.09999999999785,spawned_2,20.0,0,,False,,False,,False,,False,none,,False,,False,0.0
113.19999999999784,spawned_2,20.0,0,,False,,False,,False,,False,none,,False,,False,0.0
113.29999999999784,spawned_2,20.0,0,,False,,False,,False,,False,none,,False,,False,0.0
113.39999999999783,spawned_2,20.0,0,,False,,False,,False,,False,none,,False,,False,0.0
113.49999999999783,spawned_2,20.0,0,,False,,False,,False,,False,none,,False,,False,0.0
113.59999999999782,spawned_2,20.0,0,,False,,False,,False,,False,none,,False,,False,0.0
113.69999999999781,spawned_2,20.0,0,,False,,False,,False,,False,none,,False,,False,0.0
113.79999999999781,spawned_2,20.0,0,,False,,False,,False,,False,none,,False,,False,0.0
113.8999999999978,spawned_2,20.0,0,,False,,False,,False,,False,none,,False,,False,0.0
113.9999999999978,spawned_2,20.0,0,,False,,False,,False,,False,none,,False,,False,0.0
114.09999999999779,spawned_2,20.0,0,,False,,False,,False,,False,none,,False,,False,0.0
114.19999999999779,spawned_2,20.0,0,,False,,False,,False,,False,none,,False,,False,0.0
114.29999999999778,spawned_2,20.0,0,,False,,False,,False,,False,none,,False,,False,0.0
114.39999999999777,spawned_2,20.0,0,,False,,False,,False,,False,none,,False,,False,0.0
114.49999999999777,spawned_2,20.0,0,,False,,False,,False,,False,none,,False,,False,0.0
114.59999999999776,spawned_2,20.0,0,,False,,False,,False,,False,none,,False,,False,0.0
114.69999999999776,spawned_2,20.0,0,,False,,False,,False,,False,none,,False,,False,0.0
114.79999999999775,spawned_2,20.0,0,,False,,False,,False,,False,none,,False,,False,0.0
114.89999999999775,spawned_2,20.0,0,,False,,False,,False,,False,none,,False,,False,0.0
114.99999999999774,spawned_2,20.0,0,,False,,False,,False,,False,none,,False,,False,0.0
115.09999999999773,spawned_2,20.0,0,,False,,False,,False,,False,none,,False,,False,0.0
115.19999999999773,spawned_2,20.0,0,,False,,False,,False,,False,none,,False,,False,0.0
115.29999999999772,spawned_2,20.0,0,,False,,False,,False,,False,none,,False,,False,0.0
115.39999999999772,spawned_2,20.0,0,,False,,False,,False,,False,none,,False,,False,0.0
115.49999999999771,spawned_2,20.0,0,,False,,False,,False,,False,none,,False,,False,0.0
115.5999999999977,spawned_2,20.0,0,,False,,False,,False,,False,none,,False,,False,0.0
115.6999999999977,spawned_2,20.0,0,,False,,False,,False,,False,none,,False,,False,0.0
115.7999999999977,spawned_2,20.0,0,,False,,False,,False,,False,none,,False,,False,0.0
115.89999999999769,spawned_2,20.0,0,,False,,False,,False,,False,none,,False,,False,0.0
115.99999999999768,spawned_2,20.0,0,,False,,False,,False,,False,none,,False,,False,0.0
116.09999999999768,spawned_2,20.0,0,,False,,False,,False,,False,none,,False,,False,0.0
116.19999999999767,spawned_2,20.0,0,,False,,False,,False,,False,none,,False,,False,0.0
116.29999999999767,spawned_2,20.0,0,,False,,False,,False,,False,none,,False,,False,0.0
116.39999999999766,spawned_2,20.0,0,,False,,False,,False,,False,none,,False,,False,0.0
116.49999999999766,spawned_2,20.0,0,,False,,False,,False,,False,none,,False,,False,0.0
116.59999999999765,spawned_2,20.0,0,,False,,False,,False,,False,none,,False,,False,0.0
116.69999999999764,spawned_2,20.0,0,,False,,False,,False,,False,none,,False,,False,0.0
116.79999999999764,spawned_2,20.0,0,,False,,False,,False,,False,none,,False,,False,0.0
116.89999999999763,spawned_2,20.0,0,,False,,False,,False,,False,none,,False,,False,0.0
116.99999999999763,spawned_2,20.0,0,,False,,False,,False,,False,none,,False,,False,0.0
117.09999999999762,spawned_2,20.0,0,,False,,False,,False,,False,none,,False,,False,0.0
117.19999999999762,spawned_2,20.0,0,,False,,False,,False,,False,none,,False,,False,0.0
117.29999999999761,spawned_2,20.0,0,,False,,False,,False,,False,none,,False,,False,0.0
117.3999999999976,spawned_2,20.0,0,,False,,False,,False,,False,none,,False,,False,0.0
117.4999999999976,spawned_2,20.0,0,,False,,False,,False,,False,none,,False,,False,0.0
117.59999999999759,spawned_2,20.0,0,,False,,False,,False,,False,none,,False,,False,0.0
117.69999999999759,spawned_2,20.0,0,,False,,False,,False,,False,none,,False,,False,0.0
117.79999999999758,spawned_2,20.0,0,,False,,False,,False,,False,none,,False,,False,0.0
117.89999999999758,spawned_2,20.0,0,,False,,False,,False,,False,none,,False,,False,0.0
117.99999999999757,spawned_2,20.0,0,,False,,False,,False,,False,none,,False,,False,0.0
118.09999999999756,spawned_2,20.0,0,4.188238430750175,False,4.188238430750175,False,4.188238430750175,False,4.188238430750175,True,camera,traffic_light,False,,False,0.0
118.19999999999756,spawned_2,18.545991410164635,0,3.3266584307501716,False,3.3266584307501716,False,3.3266584307501716,False,3.3266584307501716,True,camera,traffic_light,False,,False,0.0
118.29999999999755,spawned_2,17.091982820329275,0,2.5300784307502227,False,2.5300784307502227,False,2.5300784307502227,False,2.5300784307502227,True,camera,traffic_light,False,,False,0.0
118.39999999999755,spawned_2,15.637974230493912,0,1.7984984307503282,False,1.7984984307503282,False,1.7984984307503282,False,1.7984984307503282,True,camera,traffic_light,False,,False,0.0
118.49999999999754,spawned_2,14.183965640658549,0,1.131918430750261,False,1.131918430750261,False,1.131918430750261,False,1.131918430750261,True,camera,traffic_light,False,,False,0.0
118.59999999999754,spawned_2,12.729957050823188,0,0.5303384307502483,False,0.5303384307502483,False,0.5303384307502483,False,0.5303384307502483,True,camera,traffic_light,False,,False,0.0
118.69999999999753,spawned_2,11.275948460987825,0,,False,,False,,False,,False,none,,False,,False,0.0
118.79999999999752,spawned_2,11.723335719398706,0,,False,,False,,False,,False,none,,False,,False,0.0
118.89999999999752,spawned_2,12.170722977809588,0,,False,,False,,False,,False,none,,False,,False,0.0
118.99999999999751,spawned_2,12.618110236220467,0,,False,,False,,False,,False,none,,False,,False,0.0
119.09999999999751,spawned_2,13.065497494631348,0,,False,,False,,False,,False,none,,False,,False,0.0
119.1999999999975,spawned_2,13.51288475304223,0,,False,,False,,False,,False,none,,False,,False,0.0
48.00000000000041,spawned_3,20.0,0,113.74727343505441,False,113.74727343505441,False,,False,113.74727343505441,True,camera,vehicle,False,,False,0.0
48.10000000000041,spawned_3,20.0,0,113.75147531346931,False,113.75147531346931,False,,False,113.75147531346931,True,camera,vehicle,False,,False,0.0
48.200000000000415,spawned_3,20.0,0,113.75549352591571,False,113.75549352591571,False,,False,113.75549352591571,True,camera,vehicle,False,,False,0.0
48.300000000000416,spawned_3,20.0,0,113.7593361488997,False,113.7593361488997,False,,False,113.7593361488997,True,camera,vehicle,False,,False,0.0
48.40000000000042,spawned_3,20.0,0,113.76301089952057,False,113.76301089952057,False,,False,113.76301089952057,True,camera,vehicle,False,,False,0.0
48.50000000000042,spawned_3,20.0,0,113.76652515183366,False,113.76652515183366,False,,False,113.76652515183366,True,camera,vehicle,False,,False,0.0
48.60000000000042,spawned_3,20.0,0,113.76988595243716,False,113.76988595243716,False,,False,113.76988595243716,True,camera,vehicle,False,,False,0.0
48.70000000000042,spawned_3,20.0,0,113.77310003532193,False,113.77310003532193,False,,False,113.77310003532193,True,camera,vehicle,False,,False,0.0
48.80000000000042,spawned_3,20.0,0,113.77617383602177,False,113.77617383602177,False,,False,113.77617383602177,True,camera,vehicle,False,,False,0.0
48.900000000000425,spawned_3,20.0,0,113.77911350509942,False,113.77911350509942,False,,False,113.77911350509942,True,camera,vehicle,False,,False,0.0
49.000000000000426,spawned_3,20.0,0,113.78192492100032,False,113.78192492100032,False,,False,113.78192492100032,True,camera,vehicle,False,,False,0.0
49.10000000000043,spawned_3,20.0,0,113.78461370230718,False,113.78461370230718,False,,False,113.78461370230718,True,camera,vehicle,False,,False,0.0
49.20000000000043,spawned_3,20.0,0,113.78718521942363,False,113.78718521942363,False,,False,113.78718521942363,True,camera,vehicle,False,,False,0.0
49.30000000000043,spawned_3,20.0,0,113.7896446057157,False,113.7896446057157,False,,False,113.7896446057157,True,camera,vehicle,False,,False,0.0
49.40000000000043,spawned_3,20.0,0,113.7919967681375,False,113.7919967681375,False,,False,113.7919967681375,True,camera,vehicle,False,,False,0.0
49.50000000000043,spawned_3,20.0,0,113.79424639736658,False,113.79424639736658,False,,False,113.79424639736658,True,camera,vehicle,False,,False,0.0
49.600000000000435,spawned_3,20.0,0,113.79639797747251,False,113.79639797747251,False,,False,113.79639797747251,True,camera,vehicle,False,,False,0.0
49.700000000000436,spawned_3,20.0,0,113.7984557951412,False,113.7984557951412,False,,False,113.7984557951412,True,camera,vehicle,False,,False,0.0
49.80000000000044,spawned_3,20.0,0,113.80042394847663,False,113.80042394847663,False,,False,113.80042394847663,True,camera,vehicle,False,,False,0.0
49.90000000000044,spawned_3,20.0,0,113.80230635540022,False,113.80230635540022,False,,False,113.80230635540022,True,camera,vehicle,False,,False,0.0
50.00000000000044,spawned_3,20.0,0,113.80410676166701,False,113.80410676166701,False,,False,113.80410676166701,True,camera,vehicle,False,,False,0.0
50.10000000000044,spawned_3,20.0,0,113.805828748517,False,113.805828748517,False,,False,113.805828748517,True,camera,vehicle,False,,False,0.0
50.20000000000044,spawned_3,20.0,0,113.80747573997888,False,113.80747573997888,False,,False,113.80747573997888,True,camera,vehicle,False,,False,0.0
50.300000000000445,spawned_3,20.0,0,113.80905100984262,False,113.80905100984262,False,,False,113.80905100984262,True,camera,vehicle,False,,False,0.0
50.400000000000446,spawned_3,20.0,0,113.81055768831635,False,113.81055768831635,False,,False,113.81055768831635,True,camera,vehicle,False,,False,0.0
50.50000000000045,spawned_3,20.0,0,113.81199876838298,False,113.81199876838298,False,,False,113.81199876838298,True,camera,vehicle,False,,False,0.0
50.60000000000045,spawned_3,20.0,0,113.8133771118699,False,113.8133771118699,False,,False,113.8133771118699,True,camera,vehicle,False,,False,0.0
50.70000000000045,spawned_3,20.0,0,113.81469545524533,False,113.81469545524533,False,,False,113.81469545524533,True,camera,vehicle,False,,False,0.0
50.80000000000045,spawned_3,20.0,0,113.81595641515457,False,113.81595641515457,False,,False,113.81595641515457,True,camera,vehicle,False,,False,0.0
50.90000000000045,spawned_3,20.0,0,113.81716249370731,False,113.81716249370731,False,,False,113.81716249370731,True,camera,vehicle,False,,False,0.0
51.000000000000455,spawned_3,20.0,0,113.81831608352854,False,113.81831608352854,False,,False,113.81831608352854,True,camera,vehicle,False,,False,0.0
51.100000000000456,spawned_3,20.0,0,113.81941947258304,False,113.81941947258304,False,,False,113.81941947258304,True,camera,vehicle,False,,False,0.0
51.20000000000046,spawned_3,20.0,0,113.82047484878422,False,113.82047484878422,False,,False,113.82047484878422,True,camera,vehicle,False,,False,0.0
51.30000000000046,spawned_3,20.0,0,113.82148430439781,False,113.82148430439781,False,,False,113.82148430439781,True,camera,vehicle,False,,False,0.0
51.40000000000046,spawned_3,20.0,0,113.82244984024862,False,113.82244984024862,False,,False,113.82244984024862,True,camera,vehicle,False,,False,0.0
51.50000000000046,spawned_3,20.0,0,113.82337336974035,False,113.82337336974035,False,,False,113.82337336974035,True,camera,vehicle,False,,False,0.0
51.60000000000046,spawned_3,20.0,0,113.82425672269676,False,113.82425672269676,False,,False,113.82425672269676,True,camera,vehicle,False,,False,0.0
51.700000000000465,spawned_3,20.0,0,113.8251016490317,False,113.8251016490317,False,,False,113.8251016490317,True,camera,vehicle,False,,False,0.0
51.800000000000466,spawned_3,20.0,0,113.82590982225656,False,113.82590982225656,False,,False,113.82590982225656,True,camera,vehicle,False,,False,0.0
51.90000000000047,spawned_3,20.0,0,113.8266828428325,False,113.8266828428325,False,,False,113.8266828428325,True,camera,vehicle,False,,False,0.0
52.00000000000047,spawned_3,20.0,0,113.82742224137348,False,113.82742224137348,False,,False,113.82742224137348,True,camera,vehicle,False,,False,0.0
52.10000000000047,spawned_3,20.0,0,113.82812948170817,False,113.82812948170817,False,,False,113.82812948170817,True,camera,vehicle,False,,False,0.0
52.20000000000047,spawned_3,20.0,0,113.8288059638063,False,113.8288059638063,False,,False,113.8288059638063,True,camera,vehicle,False,,False,0.0
52.30000000000047,spawned_3,20.0,0,113.82945302657527,False,113.82945302657527,False,,False,113.82945302657527,True,camera,vehicle,False,,False,0.0
52.400000000000475,spawned_3,20.0,0,113.83007195053403,False,113.83007195053403,False,,False,113.83007195053403,True,camera,vehicle,False,,False,0.0
52.500000000000476,spawned_3,20.0,0,113.83066396036838,False,113.83066396036838,False,,False,113.83066396036838,True,camera,vehicle,False,,False,0.0
52.60000000000048,spawned_3,20.0,0,113.83123022737414,False,113.83123022737414,False,,False,113.83123022737414,True,camera,vehicle,False,,False,0.0
52.70000000000048,spawned_3,20.0,0,113.83177187179194,False,113.83177187179194,False,,False,113.83177187179194,True,camera,vehicle,False,,False,0.0
52.80000000000048,spawned_3,20.0,0,113.8322899650401,False,113.8322899650401,False,,False,113.8322899650401,True,camera,vehicle,False,,False,0.0
52.90000000000048,spawned_3,20.0,0,113.83278553184869,False,113.83278553184869,False,,False,113.83278553184869,True,camera,vehicle,False,,False,0.0
53.00000000000048,spawned_3,20.0,0,113.83325955229964,False,113.83325955229964,False,,False,113.83325955229964,True,camera,vehicle,False,,False,0.0
53.100000000000485,spawned_3,20.0,0,113.83371296377766,False,113.83371296377766,False,,False,113.83371296377766,True,camera,vehicle,False,,False,0.0
53.200000000000486,spawned_3,20.0,0,113.83414666283522,False,113.83414666283522,False,,False,113.83414666283522,True,camera,vehicle,False,,False,0.0
53.30000000000049,spawned_3,20.0,0,113.83456150697555,False,113.83456150697555,False,,False,113.83456150697555,True,camera,vehicle,False,,False,0.0
53.40000000000049,spawned_3,20.0,0,113.8349583163573,False,113.8349583163573,False,,False,113.8349583163573,True,camera,vehicle,False,,False,0.0
53.50000000000049,spawned_3,20.0,0,113.83533787542501,False,113.83533787542501,False,,False,113.83533787542501,True,camera,vehicle,False,,False,0.0
53.60000000000049,spawned_3,20.0,0,113.83570093446735,False,113.83570093446735,False,,False,113.83570093446735,True,camera,vehicle,False,,False,0.0
53.70000000000049,spawned_3,20.0,0,113.83604821110748,False,113.83604821110748,False,,False,113.83604821110748,True,camera,vehicle,False,,False,0.0
53.800000000000495,spawned_3,20.0,0,113.83638039172808,False,113.83638039172808,False,,False,113.83638039172808,True,camera,vehicle,False,,False,0.0
53.900000000000496,spawned_3,20.0,0,113.8366981328337,False,113.8366981328337,False,,False,113.8366981328337,True,camera,vehicle,False,,False,0.0
54.0000000000005,spawned_3,20.0,0,113.83700206235392,False,113.83700206235392,False,,False,113.83700206235392,True,camera,vehicle,False,,False,0.0
54.1000000000005,spawned_3,20.0,0,113.83729278088924,False,113.83729278088924,False,,False,113.83729278088924,True,camera,vehicle,False,,False,0.0
54.2000000000005,spawned_3,20.0,0,113.83757086290223,False,113.83757086290223,False,,False,113.83757086290223,True,camera,vehicle,False,,False,0.0
54.3000000000005,spawned_3,20.0,0,113.83783685785704,False,113.83783685785704,False,,False,113.83783685785704,True,camera,vehicle,False,,False,0.0
54.4000000000005,spawned_3,20.0,0,113.83809129130884,False,113.83809129130884,False,,False,113.83809129130884,True,camera,vehicle,False,,False,0.0
54.500000000000504,spawned_3,20.0,0,113.83833466594558,False,113.83833466594558,False,,False,113.83833466594558,True,camera,vehicle,False,,False,0.0
54.600000000000506,spawned_3,20.0,0,113.83856746258414,False,113.83856746258414,False,,False,113.83856746258414,True,camera,vehicle,False,,False,0.0
54.70000000000051,spawned_3,20.0,0,113.83879014112358,False,113.83879014112358,False,,False,113.83879014112358,True,camera,vehicle,False,,False,0.0
54.80000000000051,spawned_3,20.0,0,113.83900314145592,False,113.83900314145592,False,,False,113.83900314145592,True,camera,vehicle,False,,False,0.0
54.90000000000051,spawned_3,20.0,0,113.83920688433761,False,113.83920688433761,False,,False,113.83920688433761,True,camera,vehicle,False,,False,0.0
55.00000000000051,spawned_3,20.0,0,113.83940177222303,False,113.83940177222303,False,,False,113.83940177222303,True,camera,vehicle,False,,False,0.0
55.10000000000051,spawned_3,20.0,0,113.83958819006125,False,113.83958819006125,False,,False,113.83958819006125,True,camera,vehicle,False,,False,0.0
55.200000000000514,spawned_3,20.0,0,113.83976650605837,False,113.83976650605837,False,,False,113.83976650605837,True,camera,vehicle,False,,False,0.0
55.300000000000516,spawned_3,20.0,0,113.83993707240654,False,113.83993707240654,False,,False,113.83993707240654,True,camera,vehicle,False,,False,0.0
55.40000000000052,spawned_3,20.0,0,113.84010022598068,False,113.84010022598068,False,,False,113.84010022598068,True,camera,vehicle,False,,False,0.0
55.50000000000052,spawned_3,20.0,0,113.84025628900577,False,113.84025628900577,False,,False,113.84025628900577,True,camera,vehicle,False,,False,0.0
55.60000000000052,spawned_3,20.0,0,113.84040556969421,False,113.84040556969421,False,,False,113.84040556969421,True,camera,vehicle,False,,False,0.0
55.70000000000052,spawned_3,20.0,0,113.84054836285554,False,113.84054836285554,False,,False,113.84054836285554,True,camera,vehicle,False,,False,0.0
55.80000000000052,spawned_3,20.0,0,113.84068495048007,False,113.84068495048007,False,,False,113.84068495048007,True,camera,vehicle,False,,False,0.0
55.900000000000524,spawned_3,20.0,0,113.84081560229652,False,113.84081560229652,False,,False,113.84081560229652,True,camera,vehicle,False,,False,0.0
56.000000000000526,spawned_3,20.0,0,113.84094057630557,False,113.84094057630557,False,,False,113.84094057630557,True,camera,vehicle,False,,False,0.0
56.10000000000053,spawned_3,20.0,0,113.8410601192902,False,113.8410601192902,False,,False,113.8410601192902,True,camera,vehicle,False,,False,0.0
56.20000000000053,spawned_3,20.0,0,113.84117446730363,False,113.84117446730363,False,,False,113.84117446730363,True,camera,vehicle,False,,False,0.0
56.30000000000053,spawned_3,20.0,0,113.84128384613632,False,113.84128384613632,False,,False,113.84128384613632,True,camera,vehicle,False,,False,0.0
56.40000000000053,spawned_3,20.0,0,113.84138847176234,False,113.84138847176234,False,,False,113.84138847176234,True,camera,vehicle,False,,False,0.0
56.50000000000053,spawned_3,20.0,0,113.84148855076626,False,113.84148855076626,False,,False,113.84148855076626,True,camera,vehicle,False,,False,0.0
56.600000000000534,spawned_3,20.0,0,113.8415842807517,False,113.8415842807517,False,,False,113.8415842807517,True,camera,vehicle,False,,False,0.0
56.700000000000536,spawned_3,20.0,0,113.84167585073203,False,113.84167585073203,False,,False,113.84167585073203,True,camera,vehicle,False,,False,0.0
56.80000000000054,spawned_3,20.0,0,113.84176344150387,False,113.84176344150387,False,,False,113.84176344150387,True,camera,vehicle,False,,False,0.0
56.90000000000054,spawned_3,20.0,0,113.84184722600446,False,113.84184722600446,False,,False,113.84184722600446,True,camera,vehicle,False,,False,0.0
57.00000000000054,spawned_3,20.0,0,113.84192736965349,False,113.84192736965349,False,,False,113.84192736965349,True,camera,vehicle,False,,False,0.0
57.10000000000054,spawned_3,20.0,0,113.84200403068019,False,113.84200403068019,False,,False,113.84200403068019,True,camera,vehicle,False,,False,0.0
57.20000000000054,spawned_3,20.0,0,113.84207736043561,False,113.84207736043561,False,,False,113.84207736043561,True,camera,vehicle,False,,False,0.0
57.300000000000544,spawned_3,20.0,0,113.84214750369233,False,113.84214750369233,False,,False,113.84214750369233,True,camera,vehicle,False,,False,0.0
57.400000000000546,spawned_3,20.0,0,113.84221459892979,False,113.84221459892979,False,,False,113.84221459892979,True,camera,vehicle,False,,False,0.0
57.50000000000055,spawned_3,20.0,0,113.8422787786086,False,113.8422787786086,False,,False,113.8422787786086,True,camera,vehicle,False,,False,0.0
57.60000000000055,spawned_3,20.0,0,113.84234016943185,False,113.84234016943185,False,,False,113.84234016943185,True,camera,vehicle,False,,False,0.0
57.70000000000055,spawned_3,20.0,0,113.8423988925955,False,113.8423988925955,False,,False,113.8423988925955,True,camera,vehicle,False,,False,0.0
57.80000000000055,spawned_3,20.0,0,113.84245506402783,False,113.84245506402783,False,,False,113.84245506402783,True,camera,vehicle,False,,False,0.0
57.90000000000055,spawned_3,20.0,0,113.84250879461865,False,113.84250879461865,False,,False,113.84250879461865,True,camera,vehicle,False,,False,0.0
58.000000000000554,spawned_3,20.0,0,113.84256019043812,False,113.84256019043812,False,,False,113.84256019043812,True,camera,vehicle,False,,False,0.0
58.100000000000556,spawned_3,20.0,0,113.84260935294628,False,113.84260935294628,False,,False,113.84260935294628,True,camera,vehicle,False,,False,0.0
58.20000000000056,spawned_3,20.0,0,113.84265637919361,False,113.84265637919361,False,,False,113.84265637919361,True,camera,vehicle,False,,False,0.0
58.30000000000056,spawned_3,20.0,0,113.84270136201269,False,113.84270136201269,False,,False,113.84270136201269,True,camera,vehicle,False,,False,0.0
58.40000000000056,spawned_3,20.0,0,113.84274439020146,False,113.84274439020146,False,,False,113.84274439020146,True,camera,vehicle,False,,False,0.0
58.50000000000056,spawned_3,20.0,0,113.84278554869877,False,113.84278554869877,False,,False,113.84278554869877,True,camera,vehicle,False,,False,0.0
58.60000000000056,spawned_3,20.0,0,113.84282491875206,False,113.84282491875206,False,,False,113.84282491875206,True,camera,vehicle,False,,False,0.0
58.700000000000564,spawned_3,20.0,0,113.84286257807764,False,113.84286257807764,False,,False,113.84286257807764,True,camera,vehicle,False,,False,0.0
58.800000000000566,spawned_3,20.0,0,113.84289860101444,False,113.84289860101444,False,,False,113.84289860101444,True,camera,vehicle,False,,False,0.0
58.90000000000057,spawned_3,20.0,0,113.84293305867084,False,113.84293305867084,False,,False,113.84293305867084,True,camera,vehicle,False,,False,0.0
59.00000000000057,spawned_3,20.0,0,113.84296601906476,False,113.84296601906476,False,,False,113.84296601906476,True,camera,vehicle,False,,False,0.0
59.10000000000057,spawned_3,20.0,0,113.84299754725839,False,113.84299754725839,False,,False,113.84299754725839,True,camera,vehicle,False,,False,0.0
59.20000000000057,spawned_3,20.0,0,113.8430277054864,False,113.8430277054864,False,,False,113.8430277054864,True,camera,vehicle,False,,False,0.0
59.30000000000057,spawned_3,20.0,0,113.84305655327887,False,113.84305655327887,False,,False,113.84305655327887,True,camera,vehicle,False,,False,0.0
59.400000000000574,spawned_3,20.0,0,113.84308414757902,False,113.84308414757902,False,,False,113.84308414757902,True,camera,vehicle,False,,False,0.0
59.500000000000576,spawned_3,20.0,0,113.84311054285524,False,113.84311054285524,False,,False,113.84311054285524,True,camera,vehicle,False,,False,0.0
59.60000000000058,spawned_3,20.0,0,113.84313579120919,False,113.84313579120919,False,,False,113.84313579120919,True,camera,vehicle,False,,False,0.0
59.70000000000058,spawned_3,20.0,0,113.84315994247834,False,113.84315994247834,False,,False,113.84315994247834,True,camera,vehicle,False,,False,0.0
59.80000000000058,spawned_3,20.0,0,113.8431830443343,False,113.8431830443343,False,,False,113.8431830443343,True,camera,vehicle,False,,False,0.0
59.90000000000058,spawned_3,20.0,0,113.8432051423772,False,113.8432051423772,False,,False,113.8432051423772,True,camera,vehicle,False,,False,0.0
60.00000000000058,spawned_3,20.0,0,113.84322628022551,False,113.84322628022551,False,,False,113.84322628022551,True,camera,vehicle,False,,False,0.0
60.100000000000584,spawned_3,20.0,0,113.82939042042176,False,113.82939042042176,False,,False,113.82939042042176,True,camera,vehicle,False,,False,0.0
60.200000000000585,spawned_3,20.0,0,113.78942066407865,False,113.78942066407865,False,,False,113.78942066407865,True,camera,vehicle,False,,False,0.0
60.30000000000059,spawned_3,20.0,0,113.72642360947191,False,113.72642360947191,False,,False,113.72642360947191,True,camera,vehicle,False,,False,0.0
60.40000000000059,spawned_3,20.0,0,113.64337412015232,False,113.64337412015232,False,,False,113.64337412015232,True,camera,vehicle,False,,False,0.0
60.50000000000059,spawned_3,20.0,0,113.54306334316618,False,113.54306334316618,False,,False,113.54306334316618,True,camera,vehicle,False,,False,0.0
60.60000000000059,spawned_3,20.0,0,113.42805768381288,False,113.42805768381288,False,,False,113.42805768381288,True,camera,vehicle,False,,False,0.0
60.70000000000059,spawned_3,20.0,0,113.30067133101102,False,113.30067133101102,False,,False,113.30067133101102,True,camera,vehicle,False,,False,0.0
60.800000000000594,spawned_3,20.0,0,113.16295304852031,False,113.16295304852031,False,,False,113.16295304852031,True,camera,vehicle,False,,False,0.0
60.900000000000595,spawned_3,20.0,0,113.0166861840055,False,113.0166861840055,False,,False,113.0166861840055,True,camera,vehicle,False,,False,0.0
61.0000000000006,spawned_3,20.0,0,112.86339955969845,False,112.86339955969845,False,,False,112.86339955969845,True,camera,vehicle,False,,False,0.0
61.1000000000006,spawned_3,20.0,0,112.7043862558861,False,112.7043862558861,False,,False,112.7043862558861,True,camera,vehicle,False,,False,0.0
61.2000000000006,spawned_3,20.0,0,112.5407272417691,False,112.5407272417691,False,,False,112.5407272417691,True,camera,vehicle,False,,False,0.0
61.3000000000006,spawned_3,20.0,0,112.3733171789944,False,112.3733171789944,False,,False,112.3733171789944,True,camera,vehicle,False,,False,0.0
61.4000000000006,spawned_3,20.0,0,112.20289031581456,False,112.20289031581456,False,,False,112.20289031581456,True,camera,vehicle,False,,False,0.0
61.500000000000604,spawned_3,20.0,0,112.0300450297209,False,112.0300450297209,False,,False,112.0300450297209,True,camera,vehicle,False,,False,0.0
61.600000000000605,spawned_3,20.0,0,111.85526614969808,False,111.85526614969808,False,,False,111.85526614969808,True,camera,vehicle,False,,False,0.0
61.70000000000061,spawned_3,20.0,0,111.67894464217989,False,111.67894464217989,False,,False,111.67894464217989,True,camera,vehicle,False,,False,0.0
61.80000000000061,spawned_3,20.0,0,111.50139456745978,False,111.50139456745978,False,,False,111.50139456745978,True,camera,vehicle,False,,False,0.0
61.90000000000061,spawned_3,20.0,0,111.32286742085444,False,111.32286742085444,False,,False,111.32286742085444,True,camera,vehicle,False,,False,0.0
62.00000000000061,spawned_3,20.0,0,111.14356409051402,False,111.14356409051402,False,,False,111.14356409051402,True,camera,vehicle,False,,False,0.0
62.10000000000061,spawned_3,20.0,0,110.96364471732409,False,110.96364471732409,False,,False,110.96364471732409,True,camera,vehicle,False,,False,0.0
62.200000000000614,spawned_3,20.0,0,110.78323675394927,False,110.78323675394927,False,,False,110.78323675394927,True,camera,vehicle,False,,False,0.0
62.300000000000615,spawned_3,20.0,0,110.60244150657047,False,110.60244150657047,False,,False,110.60244150657047,True,camera,vehicle,False,,False,0.0
62.40000000000062,spawned_3,20.0,0,110.42133941612224,False,110.42133941612224,False,,False,110.42133941612224,True,camera,vehicle,False,,False,0.0
62.50000000000062,spawned_3,20.0,0,110.23999430360391,False,110.23999430360391,False,,False,110.23999430360391,True,camera,vehicle,False,,False,0.0
62.60000000000062,spawned_3,20.0,0,110.05845677108732,False,110.05845677108732,False,,False,110.05845677108732,True,camera,vehicle,False,,False,0.0
62.70000000000062,spawned_3,20.0,0,109.87676691902925,False,109.87676691902925,False,,False,109.87676691902925,True,camera,vehicle,False,,False,0.0
62.80000000000062,spawned_3,20.0,0,109.69495651272643,False,109.69495651272643,False,,False,109.69495651272643,True,camera,vehicle,False,,False,0.0
62.900000000000624,spawned_3,20.0,0,109.51305070668946,False,109.51305070668946,False,,False,109.51305070668946,True,camera,vehicle,False,,False,0.0
63.000000000000625,spawned_3,20.0,0,109.33106941532606,False,109.33106941532606,False,,False,109.33106941532606,True,camera,vehicle,False,,False,0.0
63.10000000000063,spawned_3,20.0,0,109.13905478073923,False,109.13905478073923,False,,False,109.13905478073923,True,camera,vehicle,False,,False,0.0
63.20000000000063,spawned_3,20.0,0,108.9470401461524,False,108.9470401461524,False,,False,108.9470401461524,True,camera,vehicle,False,,False,0.0
63.30000000000063,spawned_3,20.0,0,108.77502551156556,False,108.77502551156556,False,,False,108.77502551156556,True,camera,vehicle,False,,False,0.0
63.40000000000063,spawned_3,20.0,0,108.6230108769787,False,108.6230108769787,False,,False,108.6230108769787,True,camera,vehicle,False,,False,0.0
63.50000000000063,spawned_3,20.0,0,108.49099624239182,False,108.49099624239182,False,,False,108.49099624239182,True,camera,vehicle,False,,False,0.0
63.600000000000634,spawned_3,20.0,0,108.37898160780492,False,108.37898160780492,False,,False,108.37898160780492,True,camera,vehicle,False,,False,0.0
63.700000000000635,spawned_3,20.0,0,108.286966973218,False,108.286966973218,False,,False,108.286966973218,True,camera,vehicle,False,,False,0.0
63.80000000000064,spawned_3,20.0,0,108.21495233863118,False,108.21495233863118,False,,False,108.21495233863118,True,camera,vehicle,False,,False,0.0
63.90000000000064,spawned_3,20.0,0,108.16293770404434,False,108.16293770404434,False,,False,108.16293770404434,True,camera,vehicle,False,,False,0.0
64.00000000000064,spawned_3,20.0,0,108.13092306945748,False,108.13092306945748,False,,False,108.13092306945748,True,camera,vehicle,False,,False,0.0
64.10000000000063,spawned_3,20.0,0,108.1189084348706,False,108.1189084348706,False,,False,108.1189084348706,True,camera,vehicle,False,,False,0.0
64.20000000000063,spawned_3,20.0,0,108.12689380028371,False,108.12689380028371,False,,False,108.12689380028371,True,camera,vehicle,False,,False,0.0
64.30000000000062,spawned_3,20.0,0,108.1548791656968,False,108.1548791656968,False,,False,108.1548791656968,True,camera,vehicle,False,,False,0.0
64.40000000000062,spawned_3,20.0,0,108.20286453110998,False,108.20286453110998,False,,False,108.20286453110998,True,camera,vehicle,False,,False,0.0
64.50000000000061,spawned_3,20.0,0,108.27084989652315,False,108.27084989652315,False,,False,108.27084989652315,True,camera,vehicle,False,,False,0.0
64.6000000000006,spawned_3,20.0,0,108.35883526193629,False,108.35883526193629,False,,False,108.35883526193629,True,camera,vehicle,False,,False,0.0
64.7000000000006,spawned_3,20.0,0,108.46682062734942,False,108.46682062734942,False,,False,108.46682062734942,True,camera,vehicle,False,,False,0.0
64.8000000000006,spawned_3,20.0,0,108.59480599276253,False,108.59480599276253,False,,False,108.59480599276253,True,camera,vehicle,False,,False,0.0
64.90000000000059,spawned_3,20.0,0,108.74279135817562,False,108.74279135817562,False,,False,108.74279135817562,True,camera,vehicle,False,,False,0.0
65.00000000000058,spawned_3,20.0,0,108.9007079234591,False,108.9007079234591,False,,False,108.9007079234591,True,camera,vehicle,False,,False,0.0
65.10000000000058,spawned_3,20.0,0,109.0581812733999,False,109.0581812733999,False,,False,109.0581812733999,True,camera,vehicle,False,,False,0.0
65.20000000000057,spawned_3,20.0,0,109.21464210815338,False,109.21464210815338,False,,False,109.21464210815338,True,camera,vehicle,False,,False,0.0
65.30000000000057,spawned_3,20.0,0,109.36959977264007,False,109.36959977264007,False,,False,109.36959977264007,True,camera,vehicle,False,,False,0.0
65.40000000000056,spawned_3,20.0,0,109.52263264803673,False,109.52263264803673,False,,False,109.52263264803673,True,camera,vehicle,False,,False,0.0
65.50000000000055,spawned_3,20.0,0,109.67338002010922,False,109.67338002010922,False,,False,109.67338002010922,True,camera,vehicle,False,,False,0.0
65.60000000000055,spawned_3,20.0,0,109.8215351259388,False,109.8215351259388,False,,False,109.8215351259388,True,camera,vehicle,False,,False,0.0
65.70000000000054,spawned_3,20.0,0,109.96683915137089,False,109.96683915137089,False,,False,109.96683915137089,True,camera,vehicle,False,,False,0.0
65.80000000000054,spawned_3,20.0,0,110.10907600360338,False,110.10907600360338,False,,False,110.10907600360338,True,camera,vehicle,False,,False,0.0
65.90000000000053,spawned_3,20.0,0,110.24806772219517,False,110.24806772219517,False,,False,110.24806772219517,True,camera,vehicle,False,,False,0.0
66.00000000000053,spawned_3,20.0,0,110.38367042112145,False,110.38367042112145,False,,False,110.38367042112145,True,camera,vehicle,False,,False,0.0
66.10000000000052,spawned_3,20.0,0,110.51577067690232,False,110.51577067690232,False,,False,110.51577067690232,True,camera,vehicle,False,,False,0.0
66.20000000000051,spawned_3,20.0,0,110.64428229509474,False,110.64428229509474,False,,False,110.64428229509474,True,camera,vehicle,False,,False,0.0
66.30000000000051,spawned_3,20.0,0,110.76914340084454,False,110.76914340084454,False,,False,110.76914340084454,True,camera,vehicle,False,,False,0.0
66.4000000000005,spawned_3,20.0,0,110.89031380968447,False,110.89031380968447,False,,False,110.89031380968447,True,camera,vehicle,False,,False,0.0
66.5000000000005,spawned_3,20.0,0,111.00777264301621,False,111.00777264301621,False,,False,111.00777264301621,True,camera,vehicle,False,,False,0.0
66.60000000000049,spawned_3,20.0,0,111.12151615922915,False,111.12151615922915,False,,False,111.12151615922915,True,camera,vehicle,False,,False,0.0
66.70000000000049,spawned_3,20.0,0,111.2315557765744,False,111.2315557765744,False,,False,111.2315557765744,True,camera,vehicle,False,,False,0.0
66.80000000000048,spawned_3,20.0,0,111.3379162680128,False,111.3379162680128,False,,False,111.3379162680128,True,camera,vehicle,False,,False,0.0
66.90000000000047,spawned_3,20.0,0,111.44063411151399,False,111.44063411151399,False,,False,111.44063411151399,True,camera,vehicle,False,,False,0.0
67.00000000000047,spawned_3,20.0,0,111.53975598187014,False,111.53975598187014,False,,False,111.53975598187014,True,camera,vehicle,False,,False,0.0
67.10000000000046,spawned_3,20.0,0,111.63533737214516,False,111.63533737214516,False,,False,111.63533737214516,True,camera,vehicle,False,,False,0.0
67.20000000000046,spawned_3,20.0,0,111.72744133450556,False,111.72744133450556,False,,False,111.72744133450556,True,camera,vehicle,False,,False,0.0
67.30000000000045,spawned_3,20.0,0,111.81613733146969,False,111.81613733146969,False,,False,111.81613733146969,True,camera,vehicle,False,,False,0.0
67.40000000000045,spawned_3,20.0,0,111.90150018963027,False,111.90150018963027,False,,False,111.90150018963027,True,camera,vehicle,False,,False,0.0
67.50000000000044,spawned_3,20.0,0,111.98360914870955,False,111.98360914870955,False,,False,111.98360914870955,True,camera,vehicle,False,,False,0.0
67.60000000000043,spawned_3,20.0,0,112.0625469994452,False,112.0625469994452,False,,False,112.0625469994452,True,camera,vehicle,False,,False,0.0
67.70000000000043,spawned_3,20.0,0,112.13839930431175,False,112.13839930431175,False,,False,112.13839930431175,True,camera,vehicle,False,,False,0.0
67.80000000000042,spawned_3,20.0,0,112.21125369549259,False,112.21125369549259,False,,False,112.21125369549259,True,camera,vehicle,False,,False,0.0
67.90000000000042,spawned_3,20.0,0,112.28119924484997,False,112.28119924484997,False,,False,112.28119924484997,True,camera,vehicle,False,,False,0.0
68.00000000000041,spawned_3,20.0,0,112.34832590092162,False,112.34832590092162,False,,False,112.34832590092162,True,camera,vehicle,False,,False,0.0
68.1000000000004,spawned_3,20.0,0,112.41272398821093,False,112.41272398821093,False,,False,112.41272398821093,True,camera,vehicle,False,,False,0.0
68.2000000000004,spawned_3,20.0,0,112.47448376425325,False,112.47448376425325,False,,False,112.47448376425325,True,camera,vehicle,False,,False,0.0
68.3000000000004,spawned_3,20.0,0,112.53369503013641,False,112.53369503013641,False,,False,112.53369503013641,True,camera,vehicle,False,,False,0.0
68.40000000000039,spawned_3,20.0,0,112.59044679034025,False,112.59044679034025,False,,False,112.59044679034025,True,camera,vehicle,False,,False,0.0
68.50000000000038,spawned_3,20.0,0,112.6448269579414,False,112.6448269579414,False,,False,112.6448269579414,True,camera,vehicle,False,,False,0.0
68.60000000000038,spawned_3,20.0,0,112.69692210140784,False,112.69692210140784,False,,False,112.69692210140784,True,camera,vehicle,False,,False,0.0
68.70000000000037,spawned_3,20.0,0,112.74681722939033,False,112.74681722939033,False,,False,112.74681722939033,True,camera,vehicle,False,,False,0.0
68.80000000000037,spawned_3,20.0,0,112.79459561009503,False,112.79459561009503,False,,False,112.79459561009503,True,camera,vehicle,False,,False,0.0
68.90000000000036,spawned_3,20.0,0,112.84033862200772,False,112.84033862200772,False,,False,112.84033862200772,True,camera,vehicle,False,,False,0.0
69.00000000000036,spawned_3,20.0,0,112.8841256329224,False,112.8841256329224,False,,False,112.8841256329224,True,camera,vehicle,False,,False,0.0
69.10000000000035,spawned_3,20.0,0,112.9260339044115,False,112.9260339044115,False,,False,112.9260339044115,True,camera,vehicle,False,,False,0.0
69.20000000000034,spawned_3,20.0,0,112.9661385190592,False,112.9661385190592,False,,False,112.9661385190592,True,camera,vehicle,False,,False,0.0
69.30000000000034,spawned_3,20.0,0,113.00451232796206,False,113.00451232796206,False,,False,113.00451232796206,True,camera,vehicle,False,,False,0.0
69.40000000000033,spawned_3,20.0,0,113.04122591618057,False,113.04122591618057,False,,False,113.04122591618057,True,camera,vehicle,False,,False,0.0
69.50000000000033,spawned_3,20.0,0,113.07634758400013,False,113.07634758400013,False,,False,113.07634758400013,True,camera,vehicle,False,,False,0.0
69.60000000000032,spawned_3,20.0,0,113.10994334203212,False,113.10994334203212,False,,False,113.10994334203212,True,camera,vehicle,False,,False,0.0
69.70000000000032,spawned_3,20.0,0,113.14207691834872,False,113.14207691834872,False,,False,113.14207691834872,True,camera,vehicle,False,,False,0.0
69.80000000000031,spawned_3,20.0,0,113.17280977600421,False,113.17280977600421,False,,False,113.17280977600421,True,camera,vehicle,False,,False,0.0
69.9000000000003,spawned_3,20.0,0,113.20220113944617,False,113.20220113944617,False,,False,113.20220113944617,True,camera,vehicle,False,,False,0.0
70.0000000000003,spawned_3,20.0,0,113.23030802846017,False,113.23030802846017,False,,False,113.23030802846017,True,camera,vehicle,False,,False,0.0
70.10000000000029,spawned_3,20.0,0,113.2571852984297,False,113.2571852984297,False,,False,113.2571852984297,True,camera,vehicle,False,,False,0.0
70.20000000000029,spawned_3,20.0,0,113.28288568581468,False,113.28288568581468,False,,False,113.28288568581468,True,camera,vehicle,False,,False,0.0
70.30000000000028,spawned_3,20.0,0,113.30745985787166,False,113.30745985787166,False,,False,113.30745985787166,True,camera,vehicle,False,,False,0.0
70.40000000000028,spawned_3,20.0,0,113.33095646574725,False,113.33095646574725,False,,False,113.33095646574725,True,camera,vehicle,False,,False,0.0
70.50000000000027,spawned_3,20.0,0,113.35342220017435,False,113.35342220017435,False,,False,113.35342220017435,True,camera,vehicle,False,,False,0.0
70.60000000000026,spawned_3,20.0,0,113.3749018490953,False,113.3749018490953,False,,False,113.3749018490953,True,camera,vehicle,False,,False,0.0
70.70000000000026,spawned_3,20.0,0,113.39543835661891,False,113.39543835661891,False,,False,113.39543835661891,True,camera,vehicle,False,,False,0.0
70.80000000000025,spawned_3,20.0,0,113.41507288279513,False,113.41507288279513,False,,False,113.41507288279513,True,camera,vehicle,False,,False,0.0
70.90000000000025,spawned_3,20.0,0,113.43384486375942,False,113.43384486375942,False,,False,113.43384486375942,True,camera,vehicle,False,,False,0.0
71.00000000000024,spawned_3,20.0,0,113.45179207186345,False,113.45179207186345,False,,False,113.45179207186345,True,camera,vehicle,False,,False,0.0
71.10000000000024,spawned_3,20.0,0,113.46895067546347,False,113.46895067546347,False,,False,113.46895067546347,True,camera,vehicle,False,,False,0.0
71.20000000000023,spawned_3,20.0,0,113.4853552980884,False,113.4853552980884,False,,False,113.4853552980884,True,camera,vehicle,False,,False,0.0
71.30000000000022,spawned_3,20.0,0,113.50103907675464,False,113.50103907675464,False,,False,113.50103907675464,True,camera,vehicle,False,,False,0.0
71.40000000000022,spawned_3,20.0,0,113.51603371923488,False,113.51603371923488,False,,False,113.51603371923488,True,camera,vehicle,False,,False,0.0
71.50000000000021,spawned_3,20.0,0,113.53036956012261,False,113.53036956012261,False,,False,113.53036956012261,True,camera,vehicle,False,,False,0.0
71.60000000000021,spawned_3,20.0,0,113.54407561556559,False,113.54407561556559,False,,False,113.54407561556559,True,camera,vehicle,False,,False,0.0
71.7000000000002,spawned_3,20.0,0,113.55717963656866,False,113.55717963656866,False,,False,113.55717963656866,True,camera,vehicle,False,,False,0.0
71.8000000000002,spawned_3,20.0,0,113.56970816079024,False,113.56970816079024,False,,False,113.56970816079024,True,camera,vehicle,False,,False,0.0
71.90000000000019,spawned_3,20.0,0,113.5816865627769,False,113.5816865627769,False,,False,113.5816865627769,True,camera,vehicle,False,,False,0.0
72.00000000000018,spawned_3,20.0,0,113.59313910259868,False,113.59313910259868,False,,False,113.59313910259868,True,camera,vehicle,False,,False,0.0
72.10000000000018,spawned_3,20.0,0,113.60408897286368,False,113.60408897286368,False,,False,113.60408897286368,True,camera,vehicle,False,,False,0.0
72.20000000000017,spawned_3,20.0,0,113.61455834410128,False,113.61455834410128,False,,False,113.61455834410128,True,camera,vehicle,False,,False,0.0
72.30000000000017,spawned_3,20.0,0,113.62456840851871,False,113.62456840851871,False,,False,113.62456840851871,True,camera,vehicle,False,,False,0.0
72.40000000000016,spawned_3,20.0,0,113.63413942213924,False,113.63413942213924,False,,False,113.63413942213924,True,camera,vehicle,False,,False,0.0
72.50000000000016,spawned_3,20.0,0,113.64329074534453,False,113.64329074534453,False,,False,113.64329074534453,True,camera,vehicle,False,,False,0.0
72.60000000000015,spawned_3,20.0,0,113.65204088184396,False,113.65204088184396,False,,False,113.65204088184396,True,camera,vehicle,False,,False,0.0
72.70000000000014,spawned_3,20.0,0,113.66040751610376,False,113.66040751610376,False,,False,113.66040751610376,True,camera,vehicle,False,,False,0.0
72.80000000000014,spawned_3,20.0,0,113.6684075492708,False,113.6684075492708,False,,False,113.6684075492708,True,camera,vehicle,False,,False,0.0
72.90000000000013,spawned_3,20.0,0,113.67605713362843,False,113.67605713362843,False,,False,113.67605713362843,True,camera,vehicle,False,,False,0.0
73.00000000000013,spawned_3,20.0,0,113.68337170562722,False,113.68337170562722,False,,False,113.68337170562722,True,camera,vehicle,False,,False,0.0
73.10000000000012,spawned_3,20.0,0,113.69036601753146,False,113.69036601753146,False,,False,113.69036601753146,True,camera,vehicle,False,,False,0.0
73.20000000000012,spawned_3,20.0,0,113.69705416772752,False,113.69705416772752,False,,False,113.69705416772752,True,camera,vehicle,False,,False,0.0
73.30000000000011,spawned_3,20.0,0,113.70344962973752,False,113.70344962973752,False,,False,113.70344962973752,True,camera,vehicle,False,,False,0.0
73.4000000000001,spawned_3,20.0,0,113.70956527998464,False,113.70956527998464,False,,False,113.70956527998464,True,camera,vehicle,False,,False,0.0
73.5000000000001,spawned_3,20.0,0,113.71541342435455,False,113.71541342435455,False,,False,113.71541342435455,True,camera,vehicle,False,,False,0.0
73.6000000000001,spawned_3,20.0,0,113.7210058235994,False,113.7210058235994,False,,False,113.7210058235994,True,camera,vehicle,False,,False,0.0
73.70000000000009,spawned_3,20.0,0,113.72635371762692,False,113.72635371762692,False,,False,113.72635371762692,True,camera,vehicle,False,,False,0.0
73.80000000000008,spawned_3,20.0,0,113.73146784872097,False,113.73146784872097,False,,False,113.73146784872097,True,camera,vehicle,False,,False,0.0
73.90000000000008,spawned_3,20.0,0,113.73635848373453,False,113.73635848373453,False,,False,113.73635848373453,True,camera,vehicle,False,,False,0.0
74.00000000000007,spawned_3,20.0,0,113.74103543529816,False,113.74103543529816,False,,False,113.74103543529816,True,camera,vehicle,False,,False,0.0
74.10000000000007,spawned_3,20.0,0,113.74550808208448,False,113.74550808208448,False,,False,113.74550808208448,True,camera,vehicle,False,,False,0.0
74.20000000000006,spawned_3,20.0,0,113.7497853881689,False,113.7497853881689,False,,False,113.7497853881689,True,camera,vehicle,False,,False,0.0
74.30000000000005,spawned_3,20.0,0,113.75387592152447,False,113.75387592152447,False,,False,113.75387592152447,True,camera,vehicle,False,,False,0.0
74.40000000000005,spawned_3,20.0,0,113.75778787168872,False,113.75778787168872,False,,False,113.75778787168872,True,camera,vehicle,False,,False,0.0
74.50000000000004,spawned_3,20.0,0,113.7615290666381,False,113.7615290666381,False,,False,113.7615290666381,True,camera,vehicle,False,,False,0.0
74.60000000000004,spawned_3,20.0,0,113.76510698890445,False,113.76510698890445,False,,False,113.76510698890445,True,camera,vehicle,False,,False,0.0
74.70000000000003,spawned_3,20.0,0,113.76852879096816,False,113.76852879096816,False,,False,113.76852879096816,True,camera,vehicle,False,,False,0.0
74.80000000000003,spawned_3,20.0,0,113.77180130995828,False,113.77180130995828,False,,False,113.77180130995828,True,camera,vehicle,False,,False,0.0
74.90000000000002,spawned_3,20.0,0,113.77493108169165,False,113.77493108169165,False,,False,113.77493108169165,True,camera,vehicle,False,,False,0.0
75.00000000000001,spawned_3,20.0,0,113.77792435408071,False,113.77792435408071,False,,False,113.77792435408071,True,camera,vehicle,False,,False,0.0
75.10000000000001,spawned_3,20.0,0,113.78078709993758,False,113.78078709993758,False,,False,113.78078709993758,True,camera,vehicle,False,,False,0.0
75.2,spawned_3,20.0,0,113.78352502920188,False,113.78352502920188,False,,False,113.78352502920188,True,camera,vehicle,False,,False,0.0
75.3,spawned_3,20.0,0,113.78614360061908,False,113.78614360061908,False,,False,113.78614360061908,True,camera,vehicle,False,,False,0.0
75.39999999999999,spawned_3,20.0,0,113.78864803289287,False,113.78864803289287,False,,False,113.78864803289287,True,camera,vehicle,False,,False,0.0
75.49999999999999,spawned_3,20.0,0,113.79104331533642,False,113.79104331533642,False,,False,113.79104331533642,True,camera,vehicle,False,,False,0.0
75.59999999999998,spawned_3,20.0,0,113.79333421804517,False,113.79333421804517,False,,False,113.79333421804517,True,camera,vehicle,False,,False,0.0
75.69999999999997,spawned_3,20.0,0,113.79552530161232,False,113.79552530161232,False,,False,113.79552530161232,True,camera,vehicle,False,,False,0.0
75.79999999999997,spawned_3,20.0,0,113.79762092640851,False,113.79762092640851,False,,False,113.79762092640851,True,camera,vehicle,False,,False,0.0
75.89999999999996,spawned_3,20.0,0,113.79962526144493,False,113.79962526144493,False,,False,113.79962526144493,True,camera,vehicle,False,,False,0.0
75.99999999999996,spawned_3,20.0,0,113.80154229283937,False,113.80154229283937,False,,False,113.80154229283937,True,camera,vehicle,False,,False,0.0
76.09999999999995,spawned_3,20.0,0,113.80337583190249,False,113.80337583190249,False,,False,113.80337583190249,True,camera,vehicle,False,,False,0.0
76.19999999999995,spawned_3,20.0,0,113.8051295228629,False,113.8051295228629,False,,False,113.8051295228629,True,camera,vehicle,False,,False,0.0
76.29999999999994,spawned_3,20.0,0,113.80680685024572,False,113.80680685024572,False,,False,113.80680685024572,True,camera,vehicle,False,,False,0.0
76.39999999999993,spawned_3,20.0,0,113.80841114592215,False,113.80841114592215,False,,False,113.80841114592215,True,camera,vehicle,False,,False,0.0
76.49999999999993,spawned_3,20.0,0,113.8099455958436,False,113.8099455958436,False,,False,113.8099455958436,True,camera,vehicle,False,,False,0.0
76.59999999999992,spawned_3,20.0,0,113.81141324647547,False,113.81141324647547,False,,False,113.81141324647547,True,camera,vehicle,False,,False,0.0
76.69999999999992,spawned_3,20.0,0,113.81281701094406,False,113.81281701094406,False,,False,113.81281701094406,True,camera,vehicle,False,,False,0.0
76.79999999999991,spawned_3,20.0,0,113.81415967490955,False,113.81415967490955,False,,False,113.81415967490955,True,camera,vehicle,False,,False,0.0
76.8999999999999,spawned_3,20.0,0,113.81544390217755,False,113.81544390217755,False,,False,113.81544390217755,True,camera,vehicle,False,,False,0.0
76.9999999999999,spawned_3,20.0,0,113.81667224006083,False,113.81667224006083,False,,False,113.81667224006083,True,camera,vehicle,False,,False,0.0
77.0999999999999,spawned_3,20.0,0,113.81784712450269,False,113.81784712450269,False,,False,113.81784712450269,True,camera,vehicle,False,,False,0.0
77.19999999999989,spawned_3,20.0,0,113.81897088497317,False,113.81897088497317,False,,False,113.81897088497317,True,camera,vehicle,False,,False,0.0
77.29999999999988,spawned_3,20.0,0,113.82004574914708,False,113.82004574914708,False,,False,113.82004574914708,True,camera,vehicle,False,,False,0.0
77.39999999999988,spawned_3,20.0,0,113.82107384737549,False,113.82107384737549,False,,False,113.82107384737549,True,camera,vehicle,False,,False,0.0
77.49999999999987,spawned_3,20.0,0,113.82205721695846,False,113.82205721695846,False,,False,113.82205721695846,True,camera,vehicle,False,,False,0.0
77.59999999999987,spawned_3,20.0,0,113.82299780622839,False,113.82299780622839,False,,False,113.82299780622839,True,camera,vehicle,False,,False,0.0
77.69999999999986,spawned_3,20.0,0,113.82389747845309,False,113.82389747845309,False,,False,113.82389747845309,True,camera,vehicle,False,,False,0.0
77.79999999999986,spawned_3,20.0,0,113.82475801556609,False,113.82475801556609,False,,False,113.82475801556609,True,camera,vehicle,False,,False,0.0
77.89999999999985,spawned_3,20.0,0,113.82558112173183,False,113.82558112173183,False,,False,113.82558112173183,True,camera,vehicle,False,,False,0.0
77.99999999999984,spawned_3,20.0,0,113.82636842675333,False,113.82636842675333,False,,False,113.82636842675333,True,camera,vehicle,False,,False,0.0
78.09999999999984,spawned_3,20.0,0,113.82712148933001,False,113.82712148933001,False,,False,113.82712148933001,True,camera,vehicle,False,,False,0.0
78.19999999999983,spawned_3,20.0,0,113.82784180017097,False,113.82784180017097,False,,False,113.82784180017097,True,camera,vehicle,False,,False,0.0
78.29999999999983,spawned_3,20.0,0,113.82853078497146,False,113.82853078497146,False,,False,113.82853078497146,True,camera,vehicle,False,,False,0.0
78.39999999999982,spawned_3,20.0,0,113.82918980725833,False,113.82918980725833,False,,False,113.82918980725833,True,camera,vehicle,False,,False,0.0
78.49999999999982,spawned_3,20.0,0,113.82982017110942,False,113.82982017110942,False,,False,113.82982017110942,True,camera,vehicle,False,,False,0.0
78.59999999999981,spawned_3,20.0,0,113.83042312375437,False,113.83042312375437,False,,False,113.83042312375437,True,camera,vehicle,False,,False,0.0
78.6999999999998,spawned_3,20.0,0,113.83099985805973,False,113.83099985805973,False,,False,113.83099985805973,True,camera,vehicle,False,,False,0.0
78.7999999999998,spawned_3,20.0,0,113.83155151490587,False,113.83155151490587,False,,False,113.83155151490587,True,camera,vehicle,False,,False,0.0
78.89999999999979,spawned_3,20.0,0,113.83207918545872,False,113.83207918545872,False,,False,113.83207918545872,True,camera,vehicle,False,,False,0.0
78.99999999999979,spawned_3,20.0,0,113.83258391334198,False,113.83258391334198,False,,False,113.83258391334198,True,camera,vehicle,False,,False,0.0
79.09999999999978,spawned_3,20.0,0,113.8330666967139,False,113.8330666967139,False,,False,113.8330666967139,True,camera,vehicle,False,,False,0.0
79.19999999999978,spawned_3,20.0,0,113.83352849025289,False,113.83352849025289,False,,False,113.83352849025289,True,camera,vehicle,False,,False,0.0
79.29999999999977,spawned_3,20.0,0,113.83397020705604,False,113.83397020705604,False,,False,113.83397020705604,True,camera,vehicle,False,,False,0.0
79.39999999999976,spawned_3,20.0,0,113.83439272045416,False,113.83439272045416,False,,False,113.83439272045416,True,camera,vehicle,False,,False,0.0
79.49999999999976,spawned_3,20.0,0,113.83479686574753,False,113.83479686574753,False,,False,113.83479686574753,True,camera,vehicle,False,,False,0.0
79.59999999999975,spawned_3,20.0,0,113.83518344186552,False,113.83518344186552,False,,False,113.83518344186552,True,camera,vehicle,False,,False,0.0
79.69999999999975,spawned_3,20.0,0,113.83555321295341,False,113.83555321295341,False,,False,113.83555321295341,True,camera,vehicle,False,,False,0.0
79.79999999999974,spawned_3,20.0,0,113.83590690988945,False,113.83590690988945,False,,False,113.83590690988945,True,camera,vehicle,False,,False,0.0
79.89999999999974,spawned_3,20.0,0,113.83624523173626,False,113.83624523173626,False,,False,113.83624523173626,True,camera,vehicle,False,,False,0.0
79.99999999999973,spawned_3,20.0,0,113.8358544499198,False,113.8358544499198,False,,False,113.8358544499198,True,camera,vehicle,False,,False,0.0
80.09999999999972,spawned_3,20.0,0,113.8317541777343,False,113.8317541777343,False,,False,113.8317541777343,True,camera,vehicle,False,,False,0.0
80.19999999999972,spawned_3,20.0,0,113.81973523559975,False,113.81973523559975,False,,False,113.81973523559975,True,camera,vehicle,False,,False,0.0
80.29999999999971,spawned_3,20.0,0,113.79615575305115,False,113.79615575305115,False,,False,113.79615575305115,True,camera,vehicle,False,,False,0.0
80.39999999999971,spawned_3,20.0,0,113.75780744398025,False,113.75780744398025,False,,False,113.75780744398025,True,camera,vehicle,False,,False,0.0
80.4999999999997,spawned_3,20.0,0,113.7018235318908,False,113.7018235318908,False,,False,113.7018235318908,True,camera,vehicle,False,,False,0.0
80.5999999999997,spawned_3,20.0,0,113.62561368648278,False,113.62561368648278,False,,False,113.62561368648278,True,camera,vehicle,False,,False,0.0
80.69999999999969,spawned_3,20.0,0,113.52681741441427,False,113.52681741441427,False,,False,113.52681741441427,True,camera,vehicle,False,,False,0.0
80.79999999999968,spawned_3,20.0,0,113.4032707296451,False,113.4032707296451,False,,False,113.4032707296451,True,camera,vehicle,False,,False,0.0
80.89999999999968,spawned_3,20.0,0,113.25298293617527,False,113.25298293617527,False,,False,113.25298293617527,True,camera,vehicle,False,,False,0.0
80.99999999999967,spawned_3,20.0,0,113.07412162957769,False,113.07412162957769,False,,False,113.07412162957769,True,camera,vehicle,False,,False,0.0
81.09999999999967,spawned_3,20.0,0,112.86500489599132,False,112.86500489599132,False,,False,112.86500489599132,True,camera,vehicle,False,,False,0.0
81.19999999999966,spawned_3,20.0,0,112.62410034109303,False,112.62410034109303,False,,False,112.62410034109303,True,camera,vehicle,False,,False,0.0
81.29999999999966,spawned_3,20.0,0,112.35003112161007,False,112.35003112161007,False,,False,112.35003112161007,True,camera,vehicle,False,,False,0.0
81.39999999999965,spawned_3,20.0,0,112.04158963523275,False,112.04158963523275,False,,False,112.04158963523275,True,camera,vehicle,False,,False,0.0
81.49999999999964,spawned_3,20.0,0,111.69775996831038,False,111.69775996831038,False,,False,111.69775996831038,True,camera,vehicle,False,,False,0.0
81.59999999999964,spawned_3,20.0,0,111.31775056907452,False,111.31775056907452,False,,False,111.31775056907452,True,camera,vehicle,False,,False,0.0
81.69999999999963,spawned_3,20.0,0,110.90103878232253,False,110.90103878232253,False,,False,110.90103878232253,True,camera,vehicle,False,,False,0.0
81.79999999999963,spawned_3,20.0,0,110.44742856217078,False,110.44742856217078,False,,False,110.44742856217078,True,camera,vehicle,False,,False,0.0
81.89999999999962,spawned_3,20.0,0,109.95712130720028,False,109.95712130720028,False,,False,109.95712130720028,True,camera,vehicle,False,,False,0.0
81.99999999999962,spawned_3,20.0,0,109.43079636485425,False,109.43079636485425,False,,False,109.43079636485425,True,camera,vehicle,False,,False,0.0
82.09999999999961,spawned_3,20.0,0,108.86969097329643,False,108.86969097329643,False,,False,108.86969097329643,True,camera,vehicle,False,,False,0.0
82.1999999999996,spawned_3,20.0,0,108.27565818123617,False,108.27565818123617,False,,False,108.27565818123617,True,camera,vehicle,False,,False,0.0
82.2999999999996,spawned_3,20.0,0,107.65116711996404,False,107.65116711996404,False,,False,107.65116711996404,True,camera,vehicle,False,,False,0.0
82.3999999999996,spawned_3,20.0,0,106.99920146973477,False,106.99920146973477,False,,False,106.99920146973477,True,camera,vehicle,False,,False,0.0
82.49999999999959,spawned_3,20.0,0,106.32302768010402,False,106.32302768010402,False,,False,106.32302768010402,True,camera,vehicle,False,,False,0.0
82.59999999999958,spawned_3,20.0,0,105.62586170036082,False,105.62586170036082,False,,False,105.62586170036082,True,camera,vehicle,False,,False,0.0
82.69999999999958,spawned_3,20.0,0,104.91054261811018,False,104.91054261811018,False,,False,104.91054261811018,True,camera,vehicle,False,,False,0.0
82.79999999999957,spawned_3,20.0,0,104.17935003534478,False,104.17935003534478,False,,False,104.17935003534478,True,camera,vehicle,False,,False,0.0
82.89999999999957,spawned_3,20.0,0,103.4507157125314,False,103.4507157125314,False,,False,103.4507157125314,True,camera,vehicle,False,,False,0.0
82.99999999999956,spawned_3,20.0,0,102.74208138971801,False,102.74208138971801,False,,False,102.74208138971801,True,camera,vehicle,False,,False,0.0
83.09999999999955,spawned_3,20.0,0,102.0534470669046,False,102.0534470669046,False,,False,102.0534470669046,True,camera,vehicle,False,,False,0.0
83.19999999999955,spawned_3,20.0,0,101.38481274409116,False,101.38481274409116,False,,False,101.38481274409116,True,camera,vehicle,False,,False,0.0
83.29999999999954,spawned_3,20.0,0,100.73617842127783,False,100.73617842127783,False,,False,100.73617842127783,True,camera,vehicle,False,,False,0.0
83.39999999999954,spawned_3,20.0,0,100.10754409846447,False,100.10754409846447,False,,False,100.10754409846447,True,camera,vehicle,False,,False,0.0
83.49999999999953,spawned_3,20.0,0,99.4989097756511,False,99.4989097756511,False,,False,99.4989097756511,True,camera,vehicle,False,,False,0.0
83.59999999999953,spawned_3,20.0,0,98.91027545283771,False,98.91027545283771,False,,False,98.91027545283771,True,camera,vehicle,False,,False,0.0
83.69999999999952,spawned_3,20.0,0,98.3416411300243,False,98.3416411300243,False,,False,98.3416411300243,True,camera,vehicle,False,,False,0.0
83.79999999999951,spawned_3,20.0,0,97.79300680721087,False,97.79300680721087,False,,False,97.79300680721087,True,camera,vehicle,False,,False,0.0
83.89999999999951,spawned_3,20.0,0,97.26437248439743,False,97.26437248439743,False,,False,97.26437248439743,True,camera,vehicle,False,,False,0.0
83.9999999999995,spawned_3,20.0,0,96.75573816158408,False,96.75573816158408,False,,False,96.75573816158408,True,camera,vehicle,False,,False,0.0
84.0999999999995,spawned_3,20.0,0,96.26710383877071,False,96.26710383877071,False,,False,96.26710383877071,True,camera,vehicle,False,,False,0.0
84.19999999999949,spawned_3,20.0,0,95.79846951595732,False,95.79846951595732,False,,False,95.79846951595732,True,camera,vehicle,False,,False,0.0
84.29999999999949,spawned_3,20.0,0,95.34983519314392,False,95.34983519314392,False,,False,95.34983519314392,True,camera,vehicle,False,,False,0.0
84.39999999999948,spawned_3,20.0,0,94.9212008703305,False,94.9212008703305,False,,False,94.9212008703305,True,camera,vehicle,False,,False,0.0
84.49999999999947,spawned_3,20.0,0,94.51256654751705,False,94.51256654751705,False,,False,94.51256654751705,True,camera,vehicle,False,,False,0.0
84.59999999999947,spawned_3,20.0,0,94.12393222470371,False,94.12393222470371,False,,False,94.12393222470371,True,camera,vehicle,False,,False,0.0
84.69999999999946,spawned_3,20.0,0,93.75529790189034,False,93.75529790189034,False,,False,93.75529790189034,True,camera,vehicle,False,,False,0.0
84.79999999999946,spawned_3,20.0,0,93.40666357907696,False,93.40666357907696,False,,False,93.40666357907696,True,camera,vehicle,False,,False,0.0
84.89999999999945,spawned_3,20.0,0,93.07802925626356,False,93.07802925626356,False,,False,93.07802925626356,True,camera,vehicle,False,,False,0.0
84.99999999999945,spawned_3,20.0,0,92.6859592153777,False,92.6859592153777,False,,False,92.6859592153777,True,camera,roundabout_giveway,False,,False,0.0
85.09999999999944,spawned_3,20.0,0,91.79187921537766,False,91.79187921537766,False,,False,91.79187921537766,True,camera,roundabout_giveway,False,,False,0.0
85.19999999999943,spawned_3,20.0,0,90.89779921537763,False,90.89779921537763,False,,False,90.89779921537763,True,camera,roundabout_giveway,False,,False,0.0
85.29999999999943,spawned_3,20.0,0,90.0037192153776,False,90.0037192153776,False,,False,90.0037192153776,True,camera,roundabout_giveway,False,,False,0.0
85.39999999999942,spawned_3,20.0,0,89.10963921537757,False,89.10963921537757,False,,False,89.10963921537757,True,camera,roundabout_giveway,False,,False,0.0
85.49999999999942,spawned_3,20.0,0,88.21555921537754,False,88.21555921537754,False,,False,88.21555921537754,True,camera,roundabout_giveway,False,,False,0.0
85.59999999999941,spawned_3,20.0,0,87.32147921537751,False,87.32147921537751,False,,False,87.32147921537751,True,camera,roundabout_giveway,False,,False,0.0
85.6999999999994,spawned_3,20.0,0,86.42739921537748,False,86.42739921537748,False,,False,86.42739921537748,True,camera,roundabout_giveway,False,,False,0.0
85.7999999999994,spawned_3,20.0,0,85.53331921537745,False,85.53331921537745,False,,False,85.53331921537745,True,camera,roundabout_giveway,False,,False,0.0
85.8999999999994,spawned_3,20.0,0,84.63923921537742,False,84.63923921537742,False,,False,84.63923921537742,True,camera,roundabout_giveway,False,,False,0.0
85.99999999999939,spawned_3,20.0,0,83.74515921537738,False,83.74515921537738,False,,False,83.74515921537738,True,camera,roundabout_giveway,False,,False,0.0
86.09999999999938,spawned_3,20.0,0,82.85107921537735,False,82.85107921537735,False,,False,82.85107921537735,True,camera,roundabout_giveway,False,,False,0.0
86.19999999999938,spawned_3,20.0,0,81.95699921537732,False,81.95699921537732,False,,False,81.95699921537732,True,camera,roundabout_giveway,False,,False,0.0
86.29999999999937,spawned_3,20.0,0,81.06291921537729,False,81.06291921537729,False,,False,81.06291921537729,True,camera,roundabout_giveway,False,,False,0.0
86.39999999999937,spawned_3,20.0,0,80.16883921537726,False,80.16883921537726,False,,False,80.16883921537726,True,camera,roundabout_giveway,False,,False,0.0
86.49999999999936,spawned_3,20.0,0,79.27475921537723,False,79.27475921537723,False,79.27475921537723,False,79.27475921537723,True,camera,roundabout_giveway,False,,False,0.0
86.59999999999935,spawned_3,20.0,0,78.3806792153772,False,78.3806792153772,False,78.3806792153772,False,78.3806792153772,True,camera,roundabout_giveway,False,,False,0.0
86.69999999999935,spawned_3,20.0,0,77.48659921537717,False,77.48659921537717,False,77.48659921537717,False,77.48659921537717,True,camera,roundabout_giveway,False,,False,0.0
86.79999999999934,spawned_3,20.0,0,76.59251921537714,False,76.59251921537714,False,76.59251921537714,False,76.59251921537714,True,camera,roundabout_giveway,False,,False,0.0
86.89999999999934,spawned_3,20.0,0,75.6984392153771,False,75.6984392153771,False,75.6984392153771,False,75.6984392153771,True,camera,roundabout_giveway,False,,False,0.0
86.99999999999933,spawned_3,20.0,0,74.80435921537708,False,74.80435921537708,False,74.80435921537708,False,74.80435921537708,True,camera,roundabout_giveway,False,,False,0.0
87.09999999999933,spawned_3,20.0,0,73.91027921537705,False,73.91027921537705,False,73.91027921537705,False,73.91027921537705,True,camera,roundabout_giveway,False,,False,0.0
87.19999999999932,spawned_3,20.0,0,73.01619921537701,False,73.01619921537701,False,73.01619921537701,False,73.01619921537701,True,camera,roundabout_giveway,False,,False,0.0
87.29999999999932,spawned_3,20.0,0,72.12211921537698,False,72.12211921537698,False,72.12211921537698,False,72.12211921537698,True,camera,roundabout_giveway,False,,False,0.0
87.39999999999931,spawned_3,20.0,0,71.22803921537695,False,71.22803921537695,False,71.22803921537695,False,71.22803921537695,True,camera,roundabout_giveway,False,,False,0.0
87.4999999999993,spawned_3,20.0,0,70.33395921537692,False,70.33395921537692,False,70.33395921537692,False,70.33395921537692,True,camera,roundabout_giveway,False,,False,0.0
87.5999999999993,spawned_3,20.0,0,69.43987921537689,False,69.43987921537689,False,69.43987921537689,False,69.43987921537689,True,camera,roundabout_giveway,False,,False,0.0
87.69999999999929,spawned_3,20.0,0,68.54579921537686,False,68.54579921537686,False,68.54579921537686,False,68.54579921537686,True,camera,roundabout_giveway,False,,False,0.0
87.79999999999929,spawned_3,20.0,0,67.65171921537683,False,67.65171921537683,False,67.65171921537683,False,67.65171921537683,True,camera,roundabout_giveway,False,,False,0.0
87.89999999999928,spawned_3,20.0,0,92.51899957186185,False,92.51899957186185,False,,False,92.51899957186185,True,camera,vehicle,False,,False,0.0
87.99999999999928,spawned_3,20.0,0,92.81036524904846,False,92.81036524904846,False,,False,92.81036524904846,True,camera,vehicle,False,,False,0.0
88.09999999999927,spawned_3,20.0,0,93.12173092623505,False,93.12173092623505,False,,False,93.12173092623505,True,camera,vehicle,False,,False,0.0
88.19999999999926,spawned_3,20.0,0,93.45309660342161,False,93.45309660342161,False,,False,93.45309660342161,True,camera,vehicle,False,,False,0.0
88.29999999999926,spawned_3,20.0,0,93.80446228060816,False,93.80446228060816,False,,False,93.80446228060816,True,camera,vehicle,False,,False,0.0
88.39999999999925,spawned_3,20.0,0,94.17582795779481,False,94.17582795779481,False,,False,94.17582795779481,True,camera,vehicle,False,,False,0.0
88.49999999999925,spawned_3,20.0,0,94.56719363498144,False,94.56719363498144,False,,False,94.56719363498144,True,camera,vehicle,False,,False,0.0
88.59999999999924,spawned_3,20.0,0,94.97855931216804,False,94.97855931216804,False,,False,94.97855931216804,True,camera,vehicle,False,,False,0.0
88.69999999999924,spawned_3,20.0,0,95.40992498935464,False,95.40992498935464,False,,False,95.40992498935464,True,camera,vehicle,False,,False,0.0
88.79999999999923,spawned_3,20.0,0,95.85412782794788,False,95.85412782794788,False,,False,95.85412782794788,True,camera,vehicle,False,,False,0.0
88.89999999999922,spawned_3,20.0,0,96.30116782794789,False,96.30116782794789,False,,False,96.30116782794789,True,camera,vehicle,False,,False,0.0
88.99999999999922,spawned_3,20.0,0,96.74820782794791,False,96.74820782794791,False,,False,96.74820782794791,True,camera,vehicle,False,,False,0.0
89.09999999999921,spawned_3,20.0,0,97.19524782794792,False,97.19524782794792,False,,False,97.19524782794792,True,camera,vehicle,False,,False,0.0
89.1999999999992,spawned_3,20.0,0,97.64228782794794,False,97.64228782794794,False,,False,97.64228782794794,True,camera,vehicle,False,,False,0.0
89.2999999999992,spawned_3,20.0,0,98.08932782794795,False,98.08932782794795,False,,False,98.08932782794795,True,camera,vehicle,False,,False,0.0
89.3999999999992,spawned_3,20.0,0,98.5360229577725,False,98.5360229577725,False,,False,98.5360229577725,True,camera,vehicle,False,,False,0.0
89.49999999999919,spawned_3,20.0,0,98.98148886747538,False,98.98148886747538,False,,False,98.98148886747538,True,camera,vehicle,False,,False,0.0
89.59999999999918,spawned_3,20.0,0,99.4247021419817,False,99.4247021419817,False,,False,99.4247021419817,True,camera,vehicle,False,,False,0.0
89.69999999999918,spawned_3,20.0,0,99.86474426788084,False,99.86474426788084,False,,False,99.86474426788084,True,camera,vehicle,False,,False,0.0
89.79999999999917,spawned_3,20.0,0,100.30079029854289,False,100.30079029854289,False,,False,100.30079029854289,True,camera,vehicle,False,,False,0.0
89.89999999999917,spawned_3,20.0,0,100.73209938384309,False,100.73209938384309,False,,False,100.73209938384309,True,camera,vehicle,False,,False,0.0
89.99999999999916,spawned_3,20.0,0,101.15800678563153,False,101.15800678563153,False,,False,101.15800678563153,True,camera,vehicle,False,,False,0.0
90.09999999999916,spawned_3,20.0,0,101.57791708760362,False,101.57791708760362,False,,False,101.57791708760362,True,camera,vehicle,False,,False,0.0
90.19999999999915,spawned_3,20.0,0,101.99129837265832,False,101.99129837265832,False,,False,101.99129837265832,True,camera,vehicle,False,,False,0.0
90.29999999999914,spawned_3,20.0,0,102.39767718893461,False,102.39767718893461,False,,False,102.39767718893461,True,camera,vehicle,False,,False,0.0
90.39999999999914,spawned_3,20.0,0,102.7966341620986,False,102.7966341620986,False,,False,102.7966341620986,True,camera,vehicle,False,,False,0.0
90.49999999999913,spawned_3,20.0,0,103.18780013930734,False,103.18780013930734,False,,False,103.18780013930734,True,camera,vehicle,False,,False,0.0
90.59999999999913,spawned_3,20.0,0,103.57085277184797,False,103.57085277184797,False,,False,103.57085277184797,True,camera,vehicle,False,,False,0.0
90.69999999999912,spawned_3,20.0,0,103.94551346035075,False,103.94551346035075,False,,False,103.94551346035075,True,camera,vehicle,False,,False,0.0
90.79999999999912,spawned_3,20.0,0,104.31154459985885,False,104.31154459985885,False,,False,104.31154459985885,True,camera,vehicle,False,,False,0.0
90.89999999999911,spawned_3,20.0,0,104.66874707276395,False,104.66874707276395,False,,False,104.66874707276395,True,camera,vehicle,False,,False,0.0
90.9999999999991,spawned_3,20.0,0,105.01695794630496,False,105.01695794630496,False,,False,105.01695794630496,True,camera,vehicle,False,,False,0.0
91.0999999999991,spawned_3,20.0,0,105.35604833845366,False,105.35604833845366,False,,False,105.35604833845366,True,camera,vehicle,False,,False,0.0
91.1999999999991,spawned_3,20.0,0,105.68592142193074,False,105.68592142193074,False,,False,105.68592142193074,True,camera,vehicle,False,,False,0.0
91.29999999999909,spawned_3,20.0,0,106.00651054106618,False,106.00651054106618,False,,False,106.00651054106618,True,camera,vehicle,False,,False,0.0
91.39999999999908,spawned_3,20.0,0,106.31777742045472,False,106.31777742045472,False,,False,106.31777742045472,True,camera,vehicle,False,,False,0.0
91.49999999999908,spawned_3,20.0,0,106.61971044800748,False,106.61971044800748,False,,False,106.61971044800748,True,camera,vehicle,False,,False,0.0
91.59999999999907,spawned_3,20.0,0,106.91232301817831,False,106.91232301817831,False,,False,106.91232301817831,True,camera,vehicle,False,,False,0.0
91.69999999999906,spawned_3,20.0,0,107.1956519239476,False,107.1956519239476,False,,False,107.1956519239476,True,camera,vehicle,False,,False,0.0
91.79999999999906,spawned_3,20.0,0,107.46975578862578,False,107.46975578862578,False,,False,107.46975578862578,True,camera,vehicle,False,,False,0.0
91.89999999999905,spawned_3,20.0,0,107.73471353075706,False,107.73471353075706,False,,False,107.73471353075706,True,camera,vehicle,False,,False,0.0
91.99999999999905,spawned_3,20.0,0,107.99062285737989,False,107.99062285737989,False,,False,107.99062285737989,True,camera,vehicle,False,,False,0.0
92.09999999999904,spawned_3,20.0,0,108.2375987826648,False,108.2375987826648,False,,False,108.2375987826648,True,camera,vehicle,False,,False,0.0
92.19999999999904,spawned_3,20.0,0,108.47577217051628,False,108.47577217051628,False,,False,108.47577217051628,True,camera,vehicle,False,,False,0.0
92.29999999999903,spawned_3,20.0,0,108.7052883010931,False,108.7052883010931,False,,False,108.7052883010931,True,camera,vehicle,False,,False,0.0
92.39999999999903,spawned_3,20.0,0,108.92630546238638,False,108.92630546238638,False,,False,108.92630546238638,True,camera,vehicle,False,,False,0.0
92.49999999999902,spawned_3,20.0,0,109.13899356898787,False,109.13899356898787,False,,False,109.13899356898787,True,camera,vehicle,False,,False,0.0
92.59999999999901,spawned_3,20.0,0,109.34353281098765,False,109.34353281098765,False,,False,109.34353281098765,True,camera,vehicle,False,,False,0.0
92.69999999999901,spawned_3,20.0,0,109.54011233656377,False,109.54011233656377,False,,False,109.54011233656377,True,camera,vehicle,False,,False,0.0
92.799999999999,spawned_3,20.0,0,109.72892897226097,False,109.72892897226097,False,,False,109.72892897226097,True,camera,vehicle,False,,False,0.0
92.899999999999,spawned_3,20.0,0,109.91018598521578,False,109.91018598521578,False,,False,109.91018598521578,True,camera,vehicle,False,,False,0.0
92.99999999999899,spawned_3,20.0,0,110.08409189167139,False,110.08409189167139,False,,False,110.08409189167139,True,camera,vehicle,False,,False,0.0
93.09999999999899,spawned_3,20.0,0,110.25085931605145,False,110.25085931605145,False,,False,110.25085931605145,True,camera,vehicle,False,,False,0.0
93.19999999999898,spawned_3,20.0,0,110.41070390464074,False,110.41070390464074,False,,False,110.41070390464074,True,camera,vehicle,False,,False,0.0
93.29999999999897,spawned_3,20.0,0,110.56384329756952,False,110.56384329756952,False,,False,110.56384329756952,True,camera,vehicle,False,,False,0.0
93.39999999999897,spawned_3,20.0,0,110.71049616233552,False,110.71049616233552,False,,False,110.71049616233552,True,camera,vehicle,False,,False,0.0
93.49999999999896,spawned_3,20.0,0,110.85088129154678,False,110.85088129154678,False,,False,110.85088129154678,True,camera,vehicle,False,,False,0.0
93.59999999999896,spawned_3,20.0,0,110.98521676694679,False,110.98521676694679,False,,False,110.98521676694679,True,camera,vehicle,False,,False,0.0
93.69999999999895,spawned_3,20.0,0,111.11371919112344,False,111.11371919112344,False,,False,111.11371919112344,True,camera,vehicle,False,,False,0.0
93.79999999999895,spawned_3,20.0,0,111.23660298761388,False,111.23660298761388,False,,False,111.23660298761388,True,camera,vehicle,False,,False,0.0
93.89999999999894,spawned_3,20.0,0,111.35407976943509,False,111.35407976943509,False,,False,111.35407976943509,True,camera,vehicle,False,,False,0.0
93.99999999999893,spawned_3,20.0,0,111.46635777540041,False,111.46635777540041,False,,False,111.46635777540041,True,camera,vehicle,False,,False,0.0
94.09999999999893,spawned_3,20.0,0,111.57364137295303,False,111.57364137295303,False,,False,111.57364137295303,True,camera,vehicle,False,,False,0.0
94.19999999999892,spawned_3,20.0,0,111.67613062566738,False,111.67613062566738,False,,False,111.67613062566738,True,camera,vehicle,False,,False,0.0
94.29999999999892,spawned_3,20.0,0,111.77402092304976,False,111.77402092304976,False,,False,111.77402092304976,True,camera,vehicle,False,,False,0.0
94.39999999999891,spawned_3,20.0,0,111.8675026698238,False,111.8675026698238,False,,False,111.8675026698238,True,camera,vehicle,False,,False,0.0
94.4999999999989,spawned_3,20.0,0,111.95676103151186,False,111.95676103151186,False,,False,111.95676103151186,True,camera,vehicle,False,,False,0.0
94.5999999999989,spawned_3,20.0,0,112.04197573282931,False,112.04197573282931,False,,False,112.04197573282931,True,camera,vehicle,False,,False,0.0
94.6999999999989,spawned_3,20.0,0,112.12332090519021,False,112.12332090519021,False,,False,112.12332090519021,True,camera,vehicle,False,,False,0.0
94.79999999999889,spawned_3,20.0,0,112.20096497947975,False,112.20096497947975,False,,False,112.20096497947975,True,camera,vehicle,False,,False,0.0
94.89999999999888,spawned_3,20.0,0,112.27507062017548,False,112.27507062017548,False,,False,112.27507062017548,True,camera,vehicle,False,,False,0.0
94.99999999999888,spawned_3,20.0,0,112.34579469688833,False,112.34579469688833,False,,False,112.34579469688833,True,camera,vehicle,False,,False,0.0
95.09999999999887,spawned_3,20.0,0,112.41328828944529,False,112.41328828944529,False,,False,112.41328828944529,True,camera,vehicle,False,,False,0.0
95.19999999999887,spawned_3,20.0,0,112.4776967227292,False,112.4776967227292,False,,False,112.4776967227292,True,camera,vehicle,False,,False,0.0
95.29999999999886,spawned_3,20.0,0,112.53915962763017,False,112.53915962763017,False,,False,112.53915962763017,True,camera,vehicle,False,,False,0.0
95.39999999999885,spawned_3,20.0,0,112.5978110246374,False,112.5978110246374,False,,False,112.5978110246374,True,camera,vehicle,False,,False,0.0
95.49999999999885,spawned_3,20.0,0,112.65377942679493,False,112.65377942679493,False,,False,112.65377942679493,True,camera,vehicle,False,,False,0.0
95.59999999999884,spawned_3,20.0,0,112.70718795896255,False,112.70718795896255,False,,False,112.70718795896255,True,camera,vehicle,False,,False,0.0
95.69999999999884,spawned_3,20.0,0,112.7581544905538,False,112.7581544905538,False,,False,112.7581544905538,True,camera,vehicle,False,,False,0.0
95.79999999999883,spawned_3,20.0,0,112.80679177915454,False,112.80679177915454,False,,False,112.80679177915454,True,camera,vehicle,False,,False,0.0
95.89999999999883,spawned_3,20.0,0,112.8532076226661,False,112.8532076226661,False,,False,112.8532076226661,True,camera,vehicle,False,,False,0.0
95.99999999999882,spawned_3,20.0,0,112.89750501784852,False,112.89750501784852,False,,False,112.89750501784852,True,camera,vehicle,False,,False,0.0
96.09999999999881,spawned_3,20.0,0,112.93978232336735,False,112.93978232336735,False,,False,112.93978232336735,True,camera,vehicle,False,,False,0.0
96.19999999999881,spawned_3,20.0,0,112.98013342566469,False,112.98013342566469,False,,False,112.98013342566469,True,camera,vehicle,False,,False,0.0
96.2999999999988,spawned_3,20.0,0,113.0186479061847,False,113.0186479061847,False,,False,113.0186479061847,True,camera,vehicle,False,,False,0.0
96.3999999999988,spawned_3,20.0,0,113.05541120867429,False,113.05541120867429,False,,False,113.05541120867429,True,camera,vehicle,False,,False,0.0
96.49999999999879,spawned_3,20.0,0,113.09050480546216,False,113.09050480546216,False,,False,113.09050480546216,True,camera,vehicle,False,,False,0.0
96.59999999999879,spawned_3,20.0,0,113.12400636178359,False,113.12400636178359,False,,False,113.12400636178359,True,camera,vehicle,False,,False,0.0
96.69999999999878,spawned_3,20.0,0,113.15598989737077,False,113.15598989737077,False,,False,113.15598989737077,True,camera,vehicle,False,,False,0.0
96.79999999999878,spawned_3,20.0,0,113.18652594466357,False,113.18652594466357,False,,False,113.18652594466357,True,camera,vehicle,False,,False,0.0
96.89999999999877,spawned_3,20.0,0,113.2156817031198,False,113.2156817031198,False,,False,113.2156817031198,True,camera,vehicle,False,,False,0.0
96.99999999999876,spawned_3,20.0,0,113.24352118921047,False,113.24352118921047,False,,False,113.24352118921047,True,camera,vehicle,False,,False,0.0
97.09999999999876,spawned_3,20.0,0,113.27010538178615,False,113.27010538178615,False,,False,113.27010538178615,True,camera,vehicle,False,,False,0.0
97.19999999999875,spawned_3,20.0,0,113.29549236258049,False,113.29549236258049,False,,False,113.29549236258049,True,camera,vehicle,False,,False,0.0
97.29999999999875,spawned_3,20.0,0,113.31973745169262,False,113.31973745169262,False,,False,113.31973745169262,True,camera,vehicle,False,,False,0.0
97.39999999999874,spawned_3,20.0,0,113.34289333795437,False,113.34289333795437,False,,False,113.34289333795437,True,camera,vehicle,False,,False,0.0
97.49999999999874,spawned_3,20.0,0,113.36501020413834,False,113.36501020413834,False,,False,113.36501020413834,True,camera,vehicle,False,,False,0.0
97.59999999999873,spawned_3,20.0,0,113.38613584701443,False,113.38613584701443,False,,False,113.38613584701443,True,camera,vehicle,False,,False,0.0
97.69999999999872,spawned_3,20.0,0,113.40631579229398,False,113.40631579229398,False,,False,113.40631579229398,True,camera,vehicle,False,,False,0.0
97.79999999999872,spawned_3,20.0,0,113.4255934045384,False,113.4255934045384,False,,False,113.4255934045384,True,camera,vehicle,False,,False,0.0
97.89999999999871,spawned_3,20.0,0,113.44400999213008,False,113.44400999213008,False,,False,113.44400999213008,True,camera,vehicle,False,,False,0.0
97.9999999999987,spawned_3,20.0,0,113.46160490742682,False,113.46160490742682,False,,False,113.46160490742682,True,camera,vehicle,False,,False,0.0
98.0999999999987,spawned_3,20.0,0,113.47841564223609,False,113.47841564223609,False,,False,113.47841564223609,True,camera,vehicle,False,,False,0.0
98.1999999999987,spawned_3,20.0,0,113.49447791875627,False,113.49447791875627,False,,False,113.49447791875627,True,camera,vehicle,False,,False,0.0
98.29999999999869,spawned_3,20.0,0,113.50982577614468,False,113.50982577614468,False,,False,113.50982577614468,True,camera,vehicle,False,,False,0.0
98.39999999999868,spawned_3,20.0,0,113.52449165287226,False,113.52449165287226,False,,False,113.52449165287226,True,camera,vehicle,False,,False,0.0
98.49999999999868,spawned_3,20.0,0,113.53850646503429,False,113.53850646503429,False,,False,113.53850646503429,True,camera,vehicle,False,,False,0.0
98.59999999999867,spawned_3,20.0,0,113.55189968078344,False,113.55189968078344,False,,False,113.55189968078344,True,camera,vehicle,False,,False,0.0
98.69999999999867,spawned_3,20.0,0,113.56469939105409,False,113.56469939105409,False,,False,113.56469939105409,True,camera,vehicle,False,,False,0.0
98.79999999999866,spawned_3,20.0,0,113.57693237674334,False,113.57693237674334,False,,False,113.57693237674334,True,camera,vehicle,False,,False,0.0
98.89999999999866,spawned_3,20.0,0,113.58862417251339,False,113.58862417251339,False,,False,113.58862417251339,True,camera,vehicle,False,,False,0.0
98.99999999999865,spawned_3,20.0,0,113.59979912737413,False,113.59979912737413,False,,False,113.59979912737413,True,camera,vehicle,False,,False,0.0
99.09999999999864,spawned_3,20.0,0,113.61048046220185,False,113.61048046220185,False,,False,113.61048046220185,True,camera,vehicle,False,,False,0.0
99.19999999999864,spawned_3,20.0,0,113.6206903243451,False,113.6206903243451,False,,False,113.6206903243451,True,camera,vehicle,False,,False,0.0
99.29999999999863,spawned_3,20.0,0,113.63044983946361,False,113.63044983946361,False,,False,113.63044983946361,True,camera,vehicle,False,,False,0.0
99.39999999999863,spawned_3,20.0,0,113.63977916073895,False,113.63977916073895,False,,False,113.63977916073895,True,camera,vehicle,False,,False,0.0
99.49999999999862,spawned_3,20.0,0,113.64869751559286,False,113.64869751559286,False,,False,113.64869751559286,True,camera,vehicle,False,,False,0.0
99.59999999999862,spawned_3,20.0,0,113.65722325004162,False,113.65722325004162,False,,False,113.65722325004162,True,camera,vehicle,False,,False,0.0
99.69999999999861,spawned_3,20.0,0,113.66537387080734,False,113.66537387080734,False,,False,113.66537387080734,True,camera,vehicle,False,,False,0.0
99.7999999999986,spawned_3,20.0,0,113.67316608530655,False,113.67316608530655,False,,False,113.67316608530655,True,camera,vehicle,False,,False,0.0
99.8999999999986,spawned_3,20.0,0,113.68061583962526,False,113.68061583962526,False,,False,113.68061583962526,True,camera,vehicle,False,,False,0.0
99.9999999999986,spawned_3,20.0,0,113.68773835458683,False,113.68773835458683,False,,False,113.68773835458683,True,camera,vehicle,False,,False,0.0
100.09999999999859,spawned_3,20.0,0,113.69454816001416,False,113.69454816001416,False,,False,113.69454816001416,True,camera,vehicle,False,,False,0.0
100.19999999999858,spawned_3,20.0,0,113.70105912728081,False,113.70105912728081,False,,False,113.70105912728081,True,camera,vehicle,False,,False,0.0
100.29999999999858,spawned_3,20.0,0,113.70728450024149,False,113.70728450024149,False,,False,113.70728450024149,True,camera,vehicle,False,,False,0.0
100.39999999999857,spawned_3,20.0,0,113.71323692462897,False,113.71323692462897,False,,False,113.71323692462897,True,camera,vehicle,False,,False,0.0
100.49999999999856,spawned_3,20.0,0,113.71892847599565,False,113.71892847599565,False,,False,113.71892847599565,True,camera,vehicle,False,,False,0.0
100.59999999999856,spawned_3,20.0,0,113.7243706862796,False,113.7243706862796,False,,False,113.7243706862796,True,camera,vehicle,False,,False,0.0
100.69999999999855,spawned_3,20.0,0,113.72957456906579,False,113.72957456906579,False,,False,113.72957456906579,True,camera,vehicle,False,,False,0.0
100.79999999999855,spawned_3,20.0,0,113.73455064361042,False,113.73455064361042,False,,False,113.73455064361042,True,camera,vehicle,False,,False,0.0
100.89999999999854,spawned_3,20.0,0,113.73930895769513,False,113.73930895769513,False,,False,113.73930895769513,True,camera,vehicle,False,,False,0.0
100.99999999999854,spawned_3,20.0,0,113.74385910937053,False,113.74385910937053,False,,False,113.74385910937053,True,camera,vehicle,False,,False,0.0
101.09999999999853,spawned_3,20.0,0,113.74821026764698,False,113.74821026764698,False,,False,113.74821026764698,True,camera,vehicle,False,,False,0.0
101.19999999999852,spawned_3,20.0,0,113.75237119218832,False,113.75237119218832,False,,False,113.75237119218832,True,camera,vehicle,False,,False,0.0
101.29999999999852,spawned_3,20.0,0,113.75635025205838,False,113.75635025205838,False,,False,113.75635025205838,True,camera,vehicle,False,,False,0.0
101.39999999999851,spawned_3,20.0,0,113.76015544357051,False,113.76015544357051,False,,False,113.76015544357051,True,camera,vehicle,False,,False,0.0
101.49999999999851,spawned_3,20.0,0,113.76379440728533,False,113.76379440728533,False,,False,113.76379440728533,True,camera,vehicle,False,,False,0.0
101.5999999999985,spawned_3,20.0,0,113.76727444419976,False,113.76727444419976,False,,False,113.76727444419976,True,camera,vehicle,False,,False,0.0
101.6999999999985,spawned_3,20.0,0,113.77060253116883,False,113.77060253116883,False,,False,113.77060253116883,True,camera,vehicle,False,,False,0.0
101.79999999999849,spawned_3,20.0,0,113.77378533559977,False,113.77378533559977,False,,False,113.77378533559977,True,camera,vehicle,False,,False,0.0
101.89999999999849,spawned_3,20.0,0,113.77682922945337,False,113.77682922945337,False,,False,113.77682922945337,True,camera,vehicle,False,,False,0.0
101.99999999999848,spawned_3,20.0,0,113.77974030258883,False,113.77974030258883,False,,False,113.77974030258883,True,camera,vehicle,False,,False,0.0
102.09999999999847,spawned_3,20.0,0,113.78252437548349,False,113.78252437548349,False,,False,113.78252437548349,True,camera,vehicle,False,,False,0.0
102.19999999999847,spawned_3,20.0,0,113.78518701135977,False,113.78518701135977,False,,False,113.78518701135977,True,camera,vehicle,False,,False,0.0
102.29999999999846,spawned_3,20.0,0,113.7877335277476,False,113.7877335277476,False,,False,113.7877335277476,True,camera,vehicle,False,,False,0.0
102.39999999999846,spawned_3,20.0,0,113.79016900751094,False,113.79016900751094,False,,False,113.79016900751094,True,camera,vehicle,False,,False,0.0
102.49999999999845,spawned_3,20.0,0,113.79249830936396,False,113.79249830936396,False,,False,113.79249830936396,True,camera,vehicle,False,,False,0.0
102.59999999999845,spawned_3,20.0,0,113.79472607790171,False,113.79472607790171,False,,False,113.79472607790171,True,camera,vehicle,False,,False,0.0
102.69999999999844,spawned_3,20.0,0,113.79685675316955,False,113.79685675316955,False,,False,113.79685675316955,True,camera,vehicle,False,,False,0.0
102.79999999999843,spawned_3,20.0,0,113.79889457979357,False,113.79889457979357,False,,False,113.79889457979357,True,camera,vehicle,False,,False,0.0
102.89999999999843,spawned_3,20.0,0,113.80084361569197,False,113.80084361569197,False,,False,113.80084361569197,True,camera,vehicle,False,,False,0.0
102.99999999999842,spawned_3,20.0,0,113.802707740389,False,113.802707740389,False,,False,113.802707740389,True,camera,vehicle,False,,False,0.0
103.09999999999842,spawned_3,20.0,0,113.80449066294955,False,113.80449066294955,False,,False,113.80449066294955,True,camera,vehicle,False,,False,0.0
103.19999999999841,spawned_3,20.0,0,113.80619592955327,False,113.80619592955327,False,,False,113.80619592955327,True,camera,vehicle,False,,False,0.0
103.2999999999984,spawned_3,20.0,0,113.80782693072365,False,113.80782693072365,False,,False,113.80782693072365,True,camera,vehicle,False,,False,0.0
103.3999999999984,spawned_3,20.0,0,113.80938690823086,False,113.80938690823086,False,,False,113.80938690823086,True,camera,vehicle,False,,False,0.0
103.4999999999984,spawned_3,20.0,0,113.81087896168128,False,113.81087896168128,False,,False,113.81087896168128,True,camera,vehicle,False,,False,0.0
103.59999999999839,spawned_3,20.0,0,113.81230605481005,False,113.81230605481005,False,,False,113.81230605481005,True,camera,vehicle,False,,False,0.0
103.69999999999838,spawned_3,20.0,0,113.81367102148988,False,113.81367102148988,False,,False,113.81367102148988,True,camera,vehicle,False,,False,0.0
103.79999999999838,spawned_3,20.0,0,113.81497657146906,False,113.81497657146906,False,,False,113.81497657146906,True,camera,vehicle,False,,False,0.0
103.89999999999837,spawned_3,20.0,0,113.81622529585229,False,113.81622529585229,False,,False,113.81622529585229,True,camera,vehicle,False,,False,0.0
103.99999999999837,spawned_3,20.0,0,113.81741967233552,False,113.81741967233552,False,,False,113.81741967233552,True,camera,vehicle,False,,False,0.0
104.09999999999836,spawned_3,20.0,0,113.81856207020587,False,113.81856207020587,False,,False,113.81856207020587,True,camera,vehicle,False,,False,0.0
104.19999999999835,spawned_3,20.0,0,113.81965475511834,False,113.81965475511834,False,,False,113.81965475511834,True,camera,vehicle,False,,False,0.0
104.29999999999835,spawned_3,20.0,0,113.82069989365868,False,113.82069989365868,False,,False,113.82069989365868,True,camera,vehicle,False,,False,0.0
104.39999999999834,spawned_3,20.0,0,113.82169955770337,False,113.82169955770337,False,,False,113.82169955770337,True,camera,vehicle,False,,False,0.0
104.49999999999834,spawned_3,20.0,0,113.8226557285841,False,113.8226557285841,False,,False,113.8226557285841,True,camera,vehicle,False,,False,0.0
104.59999999999833,spawned_3,20.0,0,113.82357030106868,False,113.82357030106868,False,,False,113.82357030106868,True,camera,vehicle,False,,False,0.0
104.69999999999833,spawned_3,20.0,0,113.82444508716299,False,113.82444508716299,False,,False,113.82444508716299,True,camera,vehicle,False,,False,0.0
104.79999999999832,spawned_3,20.0,0,113.82528181974521,False,113.82528181974521,False,,False,113.82528181974521,True,camera,vehicle,False,,False,0.0
104.89999999999831,spawned_3,20.0,0,113.82608215603909,False,113.82608215603909,False,,False,113.82608215603909,True,camera,vehicle,False,,False,0.0
104.99999999999831,spawned_3,20.0,0,113.82684768093213,False,113.82684768093213,False,,False,113.82684768093213,True,camera,vehicle,False,,False,0.0
105.0999999999983,spawned_3,20.0,0,113.82757991014728,False,113.82757991014728,False,,False,113.82757991014728,True,camera,vehicle,False,,False,0.0
105.1999999999983,spawned_3,20.0,0,113.82828029327516,False,113.82828029327516,False,,False,113.82828029327516,True,camera,vehicle,False,,False,0.0
105.29999999999829,spawned_3,20.0,0,113.82895021667082,False,113.82895021667082,False,,False,113.82895021667082,True,camera,vehicle,False,,False,0.0
105.39999999999829,spawned_3,20.0,0,113.82959100622338,False,113.82959100622338,False,,False,113.82959100622338,True,camera,vehicle,False,,False,0.0
105.49999999999828,spawned_3,20.0,0,113.83020393000311,False,113.83020393000311,False,,False,113.83020393000311,True,camera,vehicle,False,,False,0.0
105.59999999999827,spawned_3,20.0,0,113.83079020079208,False,113.83079020079208,False,,False,113.83079020079208,True,camera,vehicle,False,,False,0.0
105.69999999999827,spawned_3,20.0,0,113.83135097850322,False,113.83135097850322,False,,False,113.83135097850322,True,camera,vehicle,False,,False,0.0
105.79999999999826,spawned_3,20.0,0,113.83188737249179,False,113.83188737249179,False,,False,113.83188737249179,True,camera,vehicle,False,,False,0.0
105.89999999999826,spawned_3,20.0,0,113.8324004437668,False,113.8324004437668,False,,False,113.8324004437668,True,camera,vehicle,False,,False,0.0
105.99999999999825,spawned_3,20.0,0,113.83289120710356,False,113.83289120710356,False,,False,113.83289120710356,True,camera,vehicle,False,,False,0.0
106.09999999999825,spawned_3,20.0,0,113.83336063306479,False,113.83336063306479,False,,False,113.83336063306479,True,camera,vehicle,False,,False,0.0
106.19999999999824,spawned_3,20.0,0,113.83380964993171,False,113.83380964993171,False,,False,113.83380964993171,True,camera,vehicle,False,,False,0.0
106.29999999999824,spawned_3,20.0,0,113.83423914555055,False,113.83423914555055,False,,False,113.83423914555055,True,camera,vehicle,False,,False,0.0
106.39999999999823,spawned_3,20.0,0,113.83464996909856,False,113.83464996909856,False,,False,113.83464996909856,True,camera,vehicle,False,,False,0.0
106.49999999999822,spawned_3,20.0,0,113.83504293277201,False,113.83504293277201,False,,False,113.83504293277201,True,camera,vehicle,False,,False,0.0
106.59999999999822,spawned_3,20.0,0,113.83541881340034,False,113.83541881340034,False,,False,113.83541881340034,True,camera,vehicle,False,,False,0.0
106.69999999999821,spawned_3,20.0,0,113.83577835398978,False,113.83577835398978,False,,False,113.83577835398978,True,camera,vehicle,False,,False,0.0
106.7999999999982,spawned_3,20.0,0,113.83612226519836,False,113.83612226519836,False,,False,113.83612226519836,True,camera,vehicle,False,,False,0.0
106.8999999999982,spawned_3,20.0,0,113.83645122674739,False,113.83645122674739,False,,False,113.83645122674739,True,camera,vehicle,False,,False,0.0
106.9999999999982,spawned_3,20.0,0,113.83676588877097,False,113.83676588877097,False,,False,113.83676588877097,True,camera,vehicle,False,,False,0.0
107.09999999999819,spawned_3,20.0,0,113.83706687310587,False,113.83706687310587,False,,False,113.83706687310587,True,camera,vehicle,False,,False,0.0
107.19999999999818,spawned_3,20.0,0,113.83735477452501,False,113.83735477452501,False,,False,113.83735477452501,True,camera,vehicle,False,,False,0.0
107.29999999999818,spawned_3,20.0,0,113.83763016191801,False,113.83763016191801,False,,False,113.83763016191801,True,camera,vehicle,False,,False,0.0
107.39999999999817,spawned_3,20.0,0,113.8378935794185,False,113.8378935794185,False,,False,113.8378935794185,True,camera,vehicle,False,,False,0.0
107.49999999999817,spawned_3,20.0,0,113.83814554748369,False,113.83814554748369,False,,False,113.83814554748369,True,camera,vehicle,False,,False,0.0
107.59999999999816,spawned_3,20.0,0,113.8383865639255,False,113.8383865639255,False,,False,113.8383865639255,True,camera,vehicle,False,,False,0.0
107.69999999999816,spawned_3,20.0,0,113.83861710489737,False,113.83861710489737,False,,False,113.83861710489737,True,camera,vehicle,False,,False,0.0
107.79999999999815,spawned_3,20.0,0,113.83883762583787,False,113.83883762583787,False,,False,113.83883762583787,True,camera,vehicle,False,,False,0.0
107.89999999999814,spawned_3,20.0,0,113.83904856237291,False,113.83904856237291,False,,False,113.83904856237291,True,camera,vehicle,False,,False,0.0
107.99999999999814,spawned_3,20.0,0,113.83925033117885,False,113.83925033117885,False,,False,113.83925033117885,True,camera,vehicle,False,,False,0.0
108.09999999999813,spawned_3,20.0,0,113.8394433308074,False,113.8394433308074,False,,False,113.8394433308074,True,camera,vehicle,False,,False,0.0
108.19999999999813,spawned_3,20.0,0,113.83962794247486,False,113.83962794247486,False,,False,113.83962794247486,True,camera,vehicle,False,,False,0.0
108.29999999999812,spawned_3,20.0,0,113.83980453081722,False,113.83980453081722,False,,False,113.83980453081722,True,camera,vehicle,False,,False,0.0
108.39999999999812,spawned_3,20.0,0,113.83997344461181,False,113.83997344461181,False,,False,113.83997344461181,True,camera,vehicle,False,,False,0.0
108.49999999999811,spawned_3,20.0,0,113.84013501746767,False,113.84013501746767,False,,False,113.84013501746767,True,camera,vehicle,False,,False,0.0
108.5999999999981,spawned_3,20.0,0,113.84028956848579,False,113.84028956848579,False,,False,113.84028956848579,True,camera,vehicle,False,,False,0.0
108.6999999999981,spawned_3,20.0,0,113.8404374028903,False,113.8404374028903,False,,False,113.8404374028903,True,camera,vehicle,False,,False,0.0
108.7999999999981,spawned_3,20.0,0,113.84057881263311,False,113.84057881263311,False,,False,113.84057881263311,True,camera,vehicle,False,,False,0.0
108.89999999999809,spawned_3,20.0,0,113.84071407697093,False,113.84071407697093,False,,False,113.84071407697093,True,camera,vehicle,False,,False,0.0
108.99999999999808,spawned_3,20.0,0,113.84084346301779,False,113.84084346301779,False,,False,113.84084346301779,True,camera,vehicle,False,,False,0.0
109.09999999999808,spawned_3,20.0,0,113.84096722627373,False,113.84096722627373,False,,False,113.84096722627373,True,camera,vehicle,False,,False,0.0
109.19999999999807,spawned_3,20.0,0,113.84108561112953,False,113.84108561112953,False,,False,113.84108561112953,True,camera,vehicle,False,,False,0.0
109.29999999999806,spawned_3,20.0,0,113.84119885135033,False,113.84119885135033,False,,False,113.84119885135033,True,camera,vehicle,False,,False,0.0
109.39999999999806,spawned_3,20.0,0,113.84130717053836,False,113.84130717053836,False,,False,113.84130717053836,True,camera,vehicle,False,,False,0.0
109.49999999999805,spawned_3,20.0,0,113.84141078257426,False,113.84141078257426,False,,False,113.84141078257426,True,camera,vehicle,False,,False,0.0
109.59999999999805,spawned_3,20.0,0,113.84150989204068,False,113.84150989204068,False,,False,113.84150989204068,True,camera,vehicle,False,,False,0.0
109.69999999999804,spawned_3,20.0,0,113.84160469462608,False,113.84160469462608,False,,False,113.84160469462608,True,camera,vehicle,False,,False,0.0
109.79999999999804,spawned_3,20.0,0,113.841695377512,False,113.841695377512,False,,False,113.841695377512,True,camera,vehicle,False,,False,0.0
109.89999999999803,spawned_3,20.0,0,113.84178211974267,False,113.84178211974267,False,,False,113.84178211974267,True,camera,vehicle,False,,False,0.0
109.99999999999802,spawned_3,20.0,0,113.84186509257984,False,113.84186509257984,False,,False,113.84186509257984,True,camera,vehicle,False,,False,0.0
110.09999999999802,spawned_3,20.0,0,113.84194445983985,False,113.84194445983985,False,,False,113.84194445983985,True,camera,vehicle,False,,False,0.0
110.19999999999801,spawned_3,20.0,0,113.84202037821865,False,113.84202037821865,False,,False,113.84202037821865,True,camera,vehicle,False,,False,0.0
110.29999999999801,spawned_3,20.0,0,113.84209299760096,False,113.84209299760096,False,,False,113.84209299760096,True,camera,vehicle,False,,False,0.0
110.399999999998,spawned_3,20.0,0,113.84216246135611,False,113.84216246135611,False,,False,113.84216246135611,True,camera,vehicle,False,,False,0.0
110.499999999998,spawned_3,20.0,0,113.84222890662181,False,113.84222890662181,False,,False,113.84222890662181,True,camera,vehicle,False,,False,0.0
110.59999999999799,spawned_3,20.0,0,113.84229246457517,False,113.84229246457517,False,,False,113.84229246457517,True,camera,vehicle,False,,False,0.0
110.69999999999798,spawned_3,20.0,0,113.84235326069143,False,113.84235326069143,False,,False,113.84235326069143,True,camera,vehicle,False,,False,0.0
110.79999999999798,spawned_3,20.0,0,113.84241141499228,False,113.84241141499228,False,,False,113.84241141499228,True,camera,vehicle,False,,False,0.0
110.89999999999797,spawned_3,20.0,0,113.8424670422828,False,113.8424670422828,False,,False,113.8424670422828,True,camera,vehicle,False,,False,0.0
110.99999999999797,spawned_3,20.0,0,113.84252025237834,False,113.84252025237834,False,,False,113.84252025237834,True,camera,vehicle,False,,False,0.0
111.09999999999796,spawned_3,20.0,0,113.84257115032119,False,113.84257115032119,False,,False,113.84257115032119,True,camera,vehicle,False,,False,0.0
111.19999999999796,spawned_3,20.0,0,113.84261983658848,False,113.84261983658848,False,,False,113.84261983658848,True,camera,vehicle,False,,False,0.0
111.29999999999795,spawned_3,20.0,0,113.84266640729038,False,113.84266640729038,False,,False,113.84266640729038,True,camera,vehicle,False,,False,0.0
111.39999999999795,spawned_3,20.0,0,113.84271095435997,False,113.84271095435997,False,,False,113.84271095435997,True,camera,vehicle,False,,False,0.0
111.49999999999794,spawned_3,20.0,0,113.84275356573494,False,113.84275356573494,False,,False,113.84275356573494,True,camera,vehicle,False,,False,0.0
111.59999999999793,spawned_3,20.0,0,113.84279432553103,False,113.84279432553103,False,,False,113.84279432553103,True,camera,vehicle,False,,False,0.0
111.69999999999793,spawned_3,20.0,0,113.84283331420852,False,113.84283331420852,False,,False,113.84283331420852,True,camera,vehicle,False,,False,0.0
111.79999999999792,spawned_3,20.0,0,113.84287060873089,False,113.84287060873089,False,,False,113.84287060873089,True,camera,vehicle,False,,False,0.0
111.89999999999792,spawned_3,20.0,0,113.84290628271697,False,113.84290628271697,False,,False,113.84290628271697,True,camera,vehicle,False,,False,0.0
111.99999999999791,spawned_3,20.0,0,113.84294040658597,False,113.84294040658597,False,,False,113.84294040658597,True,camera,vehicle,False,,False,0.0
112.0999999999979,spawned_3,20.0,0,113.84297304769689,False,113.84297304769689,False,,False,113.84297304769689,True,camera,vehicle,False,,False,0.0
112.1999999999979,spawned_3,20.0,0,113.84300427048174,False,113.84300427048174,False,,False,113.84300427048174,True,camera,vehicle,False,,False,0.0
112.2999999999979,spawned_3,20.0,0,113.84303413657199,False,113.84303413657199,False,,False,113.84303413657199,True,camera,vehicle,False,,False,0.0
112.39999999999789,spawned_3,20.0,0,113.8430627049213,False,113.8430627049213,False,,False,113.8430627049213,True,camera,vehicle,False,,False,0.0
112.49999999999788,spawned_3,20.0,0,113.84309003192084,False,113.84309003192084,False,,False,113.84309003192084,True,camera,vehicle,False,,False,0.0
112.59999999999788,spawned_3,20.0,0,113.84311617151161,False,113.84311617151161,False,,False,113.84311617151161,True,camera,vehicle,False,,False,0.0
112.69999999999787,spawned_3,20.0,0,113.84314117529061,False,113.84314117529061,False,,False,113.84314117529061,True,camera,vehicle,False,,False,0.0
112.79999999999787,spawned_3,20.0,0,113.84316509261225,False,113.84316509261225,False,,False,113.84316509261225,True,camera,vehicle,False,,False,0.0
112.89999999999786,spawned_3,20.0,0,113.84318797068636,False,113.84318797068636,False,,False,113.84318797068636,True,camera,vehicle,False,,False,0.0
112.99999999999785,spawned_3,20.0,0,113.84320985467139,False,113.84320985467139,False,,False,113.84320985467139,True,camera,vehicle,False,,False,0.0
113.09999999999785,spawned_3,20.0,0,113.84323078776333,False,113.84323078776333,False,,False,113.84323078776333,True,camera,vehicle,False,,False,0.0
113.19999999999784,spawned_3,20.0,0,113.843250811281,False,113.843250811281,False,,False,113.843250811281,True,camera,vehicle,False,,False,0.0
113.29999999999784,spawned_3,20.0,0,113.8432699647476,False,113.8432699647476,False,,False,113.8432699647476,True,camera,vehicle,False,,False,0.0
113.39999999999783,spawned_3,20.0,0,113.84328828596927,False,113.84328828596927,False,,False,113.84328828596927,True,camera,vehicle,False,,False,0.0
113.49999999999783,spawned_3,20.0,0,113.84330581110885,False,113.84330581110885,False,,False,113.84330581110885,True,camera,vehicle,False,,False,0.0
113.59999999999782,spawned_3,20.0,0,113.84332257475808,False,113.84332257475808,False,,False,113.84332257475808,True,camera,vehicle,False,,False,0.0
113.69999999999781,spawned_3,20.0,0,113.84333861000528,False,113.84333861000528,False,,False,113.84333861000528,True,camera,vehicle,False,,False,0.0
113.79999999999781,spawned_3,20.0,0,113.84335394850132,False,113.84335394850132,False,,False,113.84335394850132,True,camera,vehicle,False,,False,0.0
113.8999999999978,spawned_3,20.0,0,113.84336862052123,False,113.84336862052123,False,,False,113.84336862052123,True,camera,vehicle,False,,False,0.0
113.9999999999978,spawned_3,20.0,0,113.84338265502493,False,113.84338265502493,False,,False,113.84338265502493,True,camera,vehicle,False,,False,0.0
114.09999999999779,spawned_3,20.0,0,113.84339607971356,False,113.84339607971356,False,,False,113.84339607971356,True,camera,vehicle,False,,False,0.0
114.19999999999779,spawned_3,20.0,0,113.8434089210848,False,113.8434089210848,False,,False,113.8434089210848,True,camera,vehicle,False,,False,0.0
114.29999999999778,spawned_3,20.0,0,113.84342120448491,False,113.84342120448491,False,,False,113.84342120448491,True,camera,vehicle,False,,False,0.0
114.39999999999777,spawned_3,20.0,0,113.84343295415852,False,113.84343295415852,False,,False,113.84343295415852,True,camera,vehicle,False,,False,0.0
114.49999999999777,spawned_3,20.0,0,113.84344419329705,False,113.84344419329705,False,,False,113.84344419329705,True,camera,vehicle,False,,False,0.0
114.59999999999776,spawned_3,20.0,0,113.84345494408421,False,113.84345494408421,False,,False,113.84345494408421,True,camera,vehicle,False,,False,0.0
114.69999999999776,spawned_3,20.0,0,113.84346522773944,False,113.84346522773944,False,,False,113.84346522773944,True,camera,vehicle,False,,False,0.0
114.79999999999775,spawned_3,20.0,0,113.84347506456038,False,113.84347506456038,False,,False,113.84347506456038,True,camera,vehicle,False,,False,0.0
114.89999999999775,spawned_3,20.0,0,113.84348447396269,False,113.84348447396269,False,,False,113.84348447396269,True,camera,vehicle,False,,False,0.0
114.99999999999774,spawned_3,20.0,0,113.84349347451825,False,113.84349347451825,False,,False,113.84349347451825,True,camera,vehicle,False,,False,0.0
115.09999999999773,spawned_3,20.0,0,113.843502083992,False,113.843502083992,False,,False,113.843502083992,True,camera,vehicle,False,,False,0.0
115.19999999999773,spawned_3,20.0,0,113.84351031937695,False,113.84351031937695,False,,False,113.84351031937695,True,camera,vehicle,False,,False,0.0
115.29999999999772,spawned_3,20.0,0,113.84351819692779,False,113.84351819692779,False,,False,113.84351819692779,True,camera,vehicle,False,,False,0.0
115.39999999999772,spawned_3,20.0,0,113.8435257321928,False,113.8435257321928,False,,False,113.8435257321928,True,camera,vehicle,False,,False,0.0
115.49999999999771,spawned_3,20.0,0,113.84353294004472,False,113.84353294004472,False,,False,113.84353294004472,True,camera,vehicle,False,,False,0.0
115.5999999999977,spawned_3,20.0,0,113.84353983470987,False,113.84353983470987,False,,False,113.84353983470987,True,camera,vehicle,False,,False,0.0
115.6999999999977,spawned_3,20.0,0,113.84354642979679,False,113.84354642979679,False,,False,113.84354642979679,True,camera,vehicle,False,,False,0.0
115.7999999999977,spawned_3,20.0,0,113.84355273832239,False,113.84355273832239,False,,False,113.84355273832239,True,camera,vehicle,False,,False,0.0
115.89999999999769,spawned_3,20.0,0,113.8435587727381,False,113.8435587727381,False,,False,113.8435587727381,True,camera,vehicle,False,,False,0.0
115.99999999999768,spawned_3,20.0,0,113.84356454495446,False,113.84356454495446,False,,False,113.84356454495446,True,camera,vehicle,False,,False,0.0
116.09999999999768,spawned_3,20.0,0,113.84357006636401,False,113.84357006636401,False,,False,113.84357006636401,True,camera,vehicle,False,,False,0.0
116.19999999999767,spawned_3,20.0,0,113.84357534786477,False,113.84357534786477,False,,False,113.84357534786477,True,camera,vehicle,False,,False,0.0
116.29999999999767,spawned_3,20.0,0,113.8435803998807,False,113.8435803998807,False,,False,113.8435803998807,True,camera,vehicle,False,,False,0.0
116.39999999999766,spawned_3,20.0,0,113.84358523238348,False,113.84358523238348,False,,False,113.84358523238348,True,camera,vehicle,False,,False,0.0
116.49999999999766,spawned_3,20.0,0,113.84358985491099,False,113.84358985491099,False,,False,113.84358985491099,True,camera,vehicle,False,,False,0.0
116.59999999999765,spawned_3,20.0,0,113.84359427658683,False,113.84359427658683,False,,False,113.84359427658683,True,camera,vehicle,False,,False,0.0
116.69999999999764,spawned_3,20.0,0,113.84359850613805,False,113.84359850613805,False,,False,113.84359850613805,True,camera,vehicle,False,,False,0.0
116.79999999999764,spawned_3,20.0,0,113.84360255191291,False,113.84360255191291,False,,False,113.84360255191291,True,camera,vehicle,False,,False,0.0
116.89999999999763,spawned_3,20.0,0,113.84360642189654,False,113.84360642189654,False,,False,113.84360642189654,True,camera,vehicle,False,,False,0.0
116.99999999999763,spawned_3,20.0,0,113.8436101237271,False,113.8436101237271,False,,False,113.8436101237271,True,camera,vehicle,False,,False,0.0
117.09999999999762,spawned_3,20.0,0,113.84361366471103,False,113.84361366471103,False,,False,113.84361366471103,True,camera,vehicle,False,,False,0.0
117.19999999999762,spawned_3,20.0,0,113.84361705183733,False,113.84361705183733,False,,False,113.84361705183733,True,camera,vehicle,False,,False,0.0
117.29999999999761,spawned_3,20.0,0,113.84362029179101,False,113.84362029179101,False,,False,113.84362029179101,True,camera,vehicle,False,,False,0.0
117.3999999999976,spawned_3,20.0,0,113.84362339096697,False,113.84362339096697,False,,False,113.84362339096697,True,camera,vehicle,False,,False,0.0
117.4999999999976,spawned_3,20.0,0,113.843626355482,False,113.843626355482,False,,False,113.843626355482,True,camera,vehicle,False,,False,0.0
117.59999999999759,spawned_3,20.0,0,113.84362919118735,False,113.84362919118735,False,,False,113.84362919118735,True,camera,vehicle,False,,False,0.0
117.69999999999759,spawned_3,20.0,0,113.8436319036798,False,113.8436319036798,False,,False,113.8436319036798,True,camera,vehicle,False,,False,0.0
117.79999999999758,spawned_3,20.0,0,113.84363449831312,False,113.84363449831312,False,,False,113.84363449831312,True,camera,vehicle,False,,False,0.0
117.89999999999758,spawned_3,20.0,0,113.84363698020843,False,113.84363698020843,False,,False,113.84363698020843,True,camera,vehicle,False,,False,0.0
117.99999999999757,spawned_3,20.0,0,113.84363935426404,False,113.84363935426404,False,,False,113.84363935426404,True,camera,vehicle,False,,False,0.0
118.09999999999756,spawned_3,20.0,0,113.8436416251659,False,113.8436416251659,False,,False,113.8436416251659,True,camera,vehicle,False,,False,0.0
118.19999999999756,spawned_3,20.0,0,113.843643797396,False,113.843643797396,False,,False,113.843643797396,True,camera,vehicle,False,,False,0.0
118.29999999999755,spawned_3,20.0,0,113.84355943074752,False,113.84355943074752,False,,False,113.84355943074752,True,camera,vehicle,False,,False,0.0
118.39999999999755,spawned_3,20.0,0,113.84305697736954,False,113.84305697736954,False,,False,113.84305697736954,True,camera,vehicle,False,,False,0.0
118.49999999999754,spawned_3,20.0,0,113.84151349752892,False,113.84151349752892,False,,False,113.84151349752892,True,camera,vehicle,False,,False,0.0
118.59999999999754,spawned_3,20.0,0,113.83806167357966,False,113.83806167357966,False,,False,113.83806167357966,True,camera,vehicle,False,,False,0.0
118.69999999999753,spawned_3,20.0,0,113.831627432402,False,113.831627432402,False,,False,113.831627432402,True,camera,vehicle,False,,False,0.0
118.79999999999752,spawned_3,20.0,0,113.82095897419708,False,113.82095897419708,False,,False,113.82095897419708,True,camera,vehicle,False,,False,0.0
118.89999999999752,spawned_3,20.0,0,113.80476420177138,False,113.80476420177138,False,,False,113.80476420177138,True,camera,vehicle,False,,False,0.0
118.99999999999751,spawned_3,20.0,0,113.78194537779541,False,113.78194537779541,False,,False,113.78194537779541,True,camera,vehicle,False,,False,0.0
119.09999999999751,spawned_3,20.0,0,113.75168952221384,False,113.75168952221384,False,,False,113.75168952221384,True,camera,vehicle,False,,False,0.0
119.1999999999975,spawned_3,20.0,0,113.71343377792255,False,113.71343377792255,False,,False,113.71343377792255,True,camera,vehicle,False,,False,0.0
119.2999999999975,spawned_3,20.0,0,113.66683744593615,False,113.66683744593615,False,,False,113.66683744593615,True,camera,vehicle,False,,False,0.0
119.39999999999749,spawned_3,20.0,0,113.61502704586997,False,113.61502704586997,False,,False,113.61502704586997,True,camera,vehicle,False,,False,0.0
119.49999999999748,spawned_3,20.0,0,113.55892289957978,False,113.55892289957978,False,,False,113.55892289957978,True,camera,vehicle,False,,False,0.0
119.59999999999748,spawned_3,20.0,0,113.49422474368475,False,113.49422474368475,False,,False,113.49422474368475,True,camera,vehicle,False,,False,0.0
119.69999999999747,spawned_3,20.0,0,113.41724052938389,False,113.41724052938389,False,,False,113.41724052938389,True,camera,vehicle,False,,False,0.0
119.79999999999747,spawned_3,20.0,0,113.32473978444068,False,113.32473978444068,False,,False,113.32473978444068,True,camera,vehicle,False,,False,0.0
119.89999999999746,spawned_3,20.0,0,113.21385450183311,False,113.21385450183311,False,,False,113.21385450183311,True,camera,vehicle,False,,False,0.0
64.00000000000064,spawned_4,20.0,1,,False,,False,,False,,False,none,,False,,False,0.0
64.10000000000063,spawned_4,20.0,1,,False,,False,,False,,False,none,,False,,False,0.0
64.20000000000063,spawned_4,20.0,1,,False,,False,,False,,False,none,,False,,False,0.0
64.30000000000062,spawned_4,20.0,1,,False,,False,,False,,False,none,,False,,False,0.0
64.40000000000062,spawned_4,20.0,1,,False,,False,,False,,False,none,,False,,False,0.0
64.50000000000061,spawned_4,20.0,1,,False,,False,,False,,False,none,,False,,False,0.0
64.6000000000006,spawned_4,20.0,1,,False,,False,,False,,False,none,,False,,False,0.0
64.7000000000006,spawned_4,20.0,1,,False,,False,,False,,False,none,,False,,False,0.0
64.8000000000006,spawned_4,20.0,1,,False,,False,,False,,False,none,,False,,False,0.0
64.90000000000059,spawned_4,20.0,1,,False,,False,,False,,False,none,,False,,False,0.0
65.00000000000058,spawned_4,20.0,1,,False,,False,,False,,False,none,,False,,False,0.0
65.10000000000058,spawned_4,20.0,1,,False,,False,,False,,False,none,,False,,False,0.0
65.20000000000057,spawned_4,20.0,1,,False,,False,,False,,False,none,,False,,False,0.0
65.30000000000057,spawned_4,20.0,1,,False,,False,,False,,False,none,,False,,False,0.0
65.40000000000056,spawned_4,20.0,1,,False,,False,,False,,False,none,,False,,False,0.0
65.50000000000055,spawned_4,20.0,1,,False,,False,,False,,False,none,,False,,False,0.0
65.60000000000055,spawned_4,20.0,1,,False,,False,,False,,False,none,,False,,False,0.0
65.70000000000054,spawned_4,20.0,1,,False,,False,,False,,False,none,,False,,False,0.0
65.80000000000054,spawned_4,20.0,1,,False,,False,,False,,False,none,,False,,False,0.0
65.90000000000053,spawned_4,20.0,1,,False,,False,,False,,False,none,,False,,False,0.0
66.00000000000053,spawned_4,20.0,1,,False,,False,,False,,False,none,,False,,False,0.0
66.10000000000052,spawned_4,20.0,1,,False,,False,,False,,False,none,,False,,False,0.0
66.20000000000051,spawned_4,20.0,1,,False,,False,,False,,False,none,,False,,False,0.0
66.30000000000051,spawned_4,20.0,1,,False,,False,,False,,False,none,,False,,False,0.0
66.4000000000005,spawned_4,20.0,1,,False,,False,,False,,False,none,,False,,False,0.0
66.5000000000005,spawned_4,20.0,1,,False,,False,,False,,False,none,,False,,False,0.0
66.60000000000049,spawned_4,20.0,1,,False,,False,,False,,False,none,,False,,False,0.0
66.70000000000049,spawned_4,20.0,1,,False,,False,,False,,False,none,,False,,False,0.0
66.80000000000048,spawned_4,20.0,1,,False,,False,,False,,False,none,,False,,False,0.0
66.90000000000047,spawned_4,20.0,1,,False,,False,,False,,False,none,,False,,False,0.0
67.00000000000047,spawned_4,20.0,1,,False,,False,,False,,False,none,,False,,False,0.0
67.10000000000046,spawned_4,20.0,1,,False,,False,,False,,False,none,,False,,False,0.0
67.20000000000046,spawned_4,20.0,1,,False,,False,,False,,False,none,,False,,False,0.0
67.30000000000045,spawned_4,20.0,1,,False,,False,,False,,False,none,,False,,False,0.0
67.40000000000045,spawned_4,20.0,1,,False,,False,,False,,False,none,,False,,False,0.0
67.50000000000044,spawned_4,20.0,1,,False,,False,,False,,False,none,,False,,False,0.0
67.60000000000043,spawned_4,20.0,1,,False,,False,,False,,False,none,,False,,False,0.0
67.70000000000043,spawned_4,20.0,1,,False,,False,,False,,False,none,,False,,False,0.0
67.80000000000042,spawned_4,20.0,1,,False,,False,,False,,False,none,,False,,False,0.0
67.90000000000042,spawned_4,20.0,1,,False,,False,,False,,False,none,,False,,False,0.0
68.00000000000041,spawned_4,20.0,1,,False,,False,,False,,False,none,,False,,False,0.0
68.1000000000004,spawned_4,20.0,1,,False,,False,,False,,False,none,,False,,False,0.0
68.2000000000004,spawned_4,20.0,1,,False,,False,,False,,False,none,,False,,False,0.0
68.3000000000004,spawned_4,20.0,1,,False,,False,,False,,False,none,,False,,False,0.0
68.40000000000039,spawned_4,20.0,1,,False,,False,,False,,False,none,,False,,False,0.0
68.50000000000038,spawned_4,20.0,1,,False,,False,,False,,False,none,,False,,False,0.0
68.60000000000038,spawned_4,20.0,1,,False,,False,,False,,False,none,,False,,False,0.0
68.70000000000037,spawned_4,20.0,1,,False,,False,,False,,False,none,,False,,False,0.0
68.80000000000037,spawned_4,20.0,1,,False,,False,,False,,False,none,,False,,False,0.0
68.90000000000036,spawned_4,20.0,1,,False,,False,,False,,False,none,,False,,False,0.0
69.00000000000036,spawned_4,20.0,1,,False,,False,,False,,False,none,,False,,False,0.0
69.10000000000035,spawned_4,20.0,1,,False,,False,,False,,False,none,,False,,False,0.0
69.20000000000034,spawned_4,20.0,1,,False,,False,,False,,False,none,,False,,False,0.0
69.30000000000034,spawned_4,20.0,1,,False,,False,,False,,False,none,,False,,False,0.0
69.40000000000033,spawned_4,20.0,1,,False,,False,,False,,False,none,,False,,False,0.0
69.50000000000033,spawned_4,20.0,1,,False,,False,,False,,False,none,,False,,False,0.0
69.60000000000032,spawned_4,20.0,1,,False,,False,,False,,False,none,,False,,False,0.0
69.70000000000032,spawned_4,20.0,1,,False,,False,,False,,False,none,,False,,False,0.0
69.80000000000031,spawned_4,20.0,1,,False,,False,,False,,False,none,,False,,False,0.0
69.9000000000003,spawned_4,20.0,1,,False,,False,,False,,False,none,,False,,False,0.0
70.0000000000003,spawned_4,20.0,1,,False,,False,,False,,False,none,,False,,False,0.0
70.10000000000029,spawned_4,20.0,1,,False,,False,,False,,False,none,,False,,False,0.0
70.20000000000029,spawned_4,20.0,1,,False,,False,,False,,False,none,,False,,False,0.0
70.30000000000028,spawned_4,20.0,1,,False,,False,,False,,False,none,,False,,False,0.0
70.40000000000028,spawned_4,20.0,1,,False,,False,,False,,False,none,,False,,False,0.0
70.50000000000027,spawned_4,20.0,1,,False,,False,,False,,False,none,,False,,False,0.0
70.60000000000026,spawned_4,20.0,1,,False,,False,,False,,False,none,,False,,False,0.0
70.70000000000026,spawned_4,20.0,1,,False,,False,,False,,False,none,,False,,False,0.0
70.80000000000025,spawned_4,20.0,1,,False,,False,,False,,False,none,,False,,False,0.0
70.90000000000025,spawned_4,20.0,1,,False,,False,,False,,False,none,,False,,False,0.0
71.00000000000024,spawned_4,20.0,1,,False,,False,,False,,False,none,,False,,False,0.0
71.10000000000024,spawned_4,20.0,1,,False,,False,,False,,False,none,,False,,False,0.0
71.20000000000023,spawned_4,20.0,1,,False,,False,,False,,False,none,,False,,False,0.0
71.30000000000022,spawned_4,20.0,1,,False,,False,,False,,False,none,,False,,False,0.0
71.40000000000022,spawned_4,20.0,1,,False,,False,,False,,False,none,,False,,False,0.0
71.50000000000021,spawned_4,20.0,1,,False,,False,,False,,False,none,,False,,False,0.0
71.60000000000021,spawned_4,20.0,1,,False,,False,,False,,False,none,,False,,False,0.0
71.7000000000002,spawned_4,20.0,1,,False,,False,,False,,False,none,,False,,False,0.0
71.8000000000002,spawned_4,20.0,1,,False,,False,,False,,False,none,,False,,False,0.0
71.90000000000019,spawned_4,20.0,1,,False,,False,,False,,False,none,,False,,False,0.0
72.00000000000018,spawned_4,20.0,1,,False,,False,,False,,False,none,,False,,False,0.0
72.10000000000018,spawned_4,20.0,1,,False,,False,,False,,False,none,,False,,False,0.0
72.20000000000017,spawned_4,20.0,1,,False,,False,,False,,False,none,,False,,False,0.0
72.30000000000017,spawned_4,20.0,1,,False,,False,,False,,False,none,,False,,False,0.0
72.40000000000016,spawned_4,20.0,1,,False,,False,,False,,False,none,,False,,False,0.0
72.50000000000016,spawned_4,20.0,1,,False,,False,,False,,False,none,,False,,False,0.0
72.60000000000015,spawned_4,20.0,1,,False,,False,,False,,False,none,,False,,False,0.0
72.70000000000014,spawned_4,20.0,1,,False,,False,,False,,False,none,,False,,False,0.0
72.80000000000014,spawned_4,20.0,1,,False,,False,,False,,False,none,,False,,False,0.0
72.90000000000013,spawned_4,20.0,1,,False,,False,,False,,False,none,,False,,False,0.0
73.00000000000013,spawned_4,20.0,1,,False,,False,,False,,False,none,,False,,False,0.0
73.10000000000012,spawned_4,20.0,1,,False,,False,,False,,False,none,,False,,False,0.0
73.20000000000012,spawned_4,20.0,1,,False,,False,,False,,False,none,,False,,False,0.0
73.30000000000011,spawned_4,20.0,1,,False,,False,,False,,False,none,,False,,False,0.0
73.4000000000001,spawned_4,20.0,1,,False,,False,,False,,False,none,,False,,False,0.0
73.5000000000001,spawned_4,20.0,1,,False,,False,,False,,False,none,,False,,False,0.0
73.6000000000001,spawned_4,20.0,1,,False,,False,,False,,False,none,,False,,False,0.0
73.70000000000009,spawned_4,20.0,1,,False,,False,,False,,False,none,,False,,False,0.0
73.80000000000008,spawned_4,20.0,1,,False,,False,,False,,False,none,,False,,False,0.0
73.90000000000008,spawned_4,20.0,1,,False,,False,,False,,False,none,,False,,False,0.0
74.00000000000007,spawned_4,20.0,1,,False,,False,,False,,False,none,,False,,False,0.0
74.10000000000007,spawned_4,20.0,1,,False,,False,,False,,False,none,,False,,False,0.0
74.20000000000006,spawned_4,20.0,1,,False,,False,,False,,False,none,,False,,False,0.0
74.30000000000005,spawned_4,20.0,1,,False,,False,,False,,False,none,,False,,False,0.0
74.40000000000005,spawned_4,20.0,1,,False,,False,,False,,False,none,,False,,False,0.0
74.50000000000004,spawned_4,20.0,1,,False,,False,,False,,False,none,,False,,False,0.0
74.60000000000004,spawned_4,20.0,1,,False,,False,,False,,False,none,,False,,False,0.0
74.70000000000003,spawned_4,20.0,1,,False,,False,,False,,False,none,,False,,False,0.0
74.80000000000003,spawned_4,20.0,1,,False,,False,,False,,False,none,,False,,False,0.0
74.90000000000002,spawned_4,20.0,1,,False,,False,,False,,False,none,,False,,False,0.0
75.00000000000001,spawned_4,20.0,1,,False,,False,,False,,False,none,,False,,False,0.0
75.10000000000001,spawned_4,20.0,1,,False,,False,,False,,False,none,,False,,False,0.0
75.2,spawned_4,20.0,1,,False,,False,,False,,False,none,,False,,False,0.0
75.3,spawned_4,20.0,1,,False,,False,,False,,False,none,,False,,False,0.0
75.39999999999999,spawned_4,20.0,1,,False,,False,,False,,False,none,,False,,False,0.0
75.49999999999999,spawned_4,20.0,1,,False,,False,,False,,False,none,,False,,False,0.0
75.59999999999998,spawned_4,20.0,1,,False,,False,,False,,False,none,,False,,False,0.0
75.69999999999997,spawned_4,20.0,1,,False,,False,,False,,False,none,,False,,False,0.0
75.79999999999997,spawned_4,20.0,1,,False,,False,,False,,False,none,,False,,False,0.0
75.89999999999996,spawned_4,20.0,1,,False,,False,,False,,False,none,,False,,False,0.0
75.99999999999996,spawned_4,20.0,1,,False,,False,,False,,False,none,,False,,False,0.0
76.09999999999995,spawned_4,20.0,1,,False,,False,,False,,False,none,,False,,False,0.0
76.19999999999995,spawned_4,20.0,1,,False,,False,,False,,False,none,,False,,False,0.0
76.29999999999994,spawned_4,20.0,1,,False,,False,,False,,False,none,,False,,False,0.0
76.39999999999993,spawned_4,20.0,1,,False,,False,,False,,False,none,,False,,False,0.0
76.49999999999993,spawned_4,20.0,1,,False,,False,,False,,False,none,,False,,False,0.0
76.59999999999992,spawned_4,20.0,1,,False,,False,,False,,False,none,,False,,False,0.0
76.69999999999992,spawned_4,20.0,1,,False,,False,,False,,False,none,,False,,False,0.0
76.79999999999991,spawned_4,20.0,1,,False,,False,,False,,False,none,,False,,False,0.0
76.8999999999999,spawned_4,20.0,1,,False,,False,,False,,False,none,,False,,False,0.0
76.9999999999999,spawned_4,20.0,1,,False,,False,,False,,False,none,,False,,False,0.0
77.0999999999999,spawned_4,20.0,1,,False,,False,,False,,False,none,,False,,False,0.0
77.19999999999989,spawned_4,20.0,1,,False,,False,,False,,False,none,,False,,False,0.0
77.29999999999988,spawned_4,20.0,1,,False,,False,,False,,False,none,,False,,False,0.0
77.39999999999988,spawned_4,20.0,1,,False,,False,,False,,False,none,,False,,False,0.0
77.49999999999987,spawned_4,20.0,1,,False,,False,,False,,False,none,,False,,False,0.0
77.59999999999987,spawned_4,20.0,1,,False,,False,,False,,False,none,,False,,False,0.0
77.69999999999986,spawned_4,20.0,1,,False,,False,,False,,False,none,,False,,False,0.0
77.79999999999986,spawned_4,20.0,1,,False,,False,,False,,False,none,,False,,False,0.0
77.89999999999985,spawned_4,20.0,1,,False,,False,,False,,False,none,,False,,False,0.0
77.99999999999984,spawned_4,20.0,1,,False,,False,,False,,False,none,,False,,False,0.0
78.09999999999984,spawned_4,20.0,1,,False,,False,,False,,False,none,,False,,False,0.0
78.19999999999983,spawned_4,20.0,1,,False,,False,,False,,False,none,,False,,False,0.0
78.29999999999983,spawned_4,20.0,1,,False,,False,,False,,False,none,,False,,False,0.0
78.39999999999982,spawned_4,20.0,1,,False,,False,,False,,False,none,,False,,False,0.0
78.49999999999982,spawned_4,20.0,1,,False,,False,,False,,False,none,,False,,False,0.0
78.59999999999981,spawned_4,20.0,1,,False,,False,,False,,False,none,,False,,False,0.0
78.6999999999998,spawned_4,20.0,1,,False,,False,,False,,False,none,,False,,False,0.0
78.7999999999998,spawned_4,20.0,1,,False,,False,,False,,False,none,,False,,False,0.0
78.89999999999979,spawned_4,20.0,1,,False,,False,,False,,False,none,,False,,False,0.0
78.99999999999979,spawned_4,20.0,1,,False,,False,,False,,False,none,,False,,False,0.0
79.09999999999978,spawned_4,20.0,1,,False,,False,,False,,False,none,,False,,False,0.0
79.19999999999978,spawned_4,20.0,1,,False,,False,,False,,False,none,,False,,False,0.0
79.29999999999977,spawned_4,20.0,1,,False,,False,,False,,False,none,,False,,False,0.0
79.39999999999976,spawned_4,20.0,1,,False,,False,,False,,False,none,,False,,False,0.0
79.49999999999976,spawned_4,20.0,1,,False,,False,,False,,False,none,,False,,False,0.0
79.59999999999975,spawned_4,20.0,1,,False,,False,,False,,False,none,,False,,False,0.0
79.69999999999975,spawned_4,20.0,1,,False,,False,,False,,False,none,,False,,False,0.0
79.79999999999974,spawned_4,20.0,1,,False,,False,,False,,False,none,,False,,False,0.0
79.89999999999974,spawned_4,20.0,1,,False,,False,,False,,False,none,,False,,False,0.0
79.99999999999973,spawned_4,20.0,1,,False,,False,,False,,False,none,,False,,False,0.0
80.09999999999972,spawned_4,20.0,1,,False,,False,,False,,False,none,,False,,False,0.0
80.19999999999972,spawned_4,20.0,1,,False,,False,,False,,False,none,,False,,False,0.0
80.29999999999971,spawned_4,20.0,1,,False,,False,,False,,False,none,,False,,False,0.0
80.39999999999971,spawned_4,20.0,1,,False,,False,,False,,False,none,,False,,False,0.0
80.4999999999997,spawned_4,20.0,1,,False,,False,,False,,False,none,,False,,False,0.0
80.5999999999997,spawned_4,20.0,1,,False,,False,,False,,False,none,,False,,False,0.0
80.69999999999969,spawned_4,20.0,1,,False,,False,,False,,False,none,,False,,False,0.0
80.79999999999968,spawned_4,20.0,1,,False,,False,,False,,False,none,,False,,False,0.0
80.89999999999968,spawned_4,20.0,1,,False,,False,,False,,False,none,,False,,False,0.0
80.99999999999967,spawned_4,20.0,1,,False,,False,,False,,False,none,,False,,False,0.0
81.09999999999967,spawned_4,20.0,1,,False,,False,,False,,False,none,,False,,False,0.0
81.19999999999966,spawned_4,20.0,1,,False,,False,,False,,False,none,,False,,False,0.0
81.29999999999966,spawned_4,20.0,1,,False,,False,,False,,False,none,,False,,False,0.0
81.39999999999965,spawned_4,20.0,1,,False,,False,,False,,False,none,,False,,False,0.0
81.49999999999964,spawned_4,20.0,1,,False,,False,,False,,False,none,,False,,False,0.0
81.59999999999964,spawned_4,20.0,1,,False,,False,,False,,False,none,,False,,False,0.0
81.69999999999963,spawned_4,20.0,1,,False,,False,,False,,False,none,,False,,False,0.0
81.79999999999963,spawned_4,20.0,1,,False,,False,,False,,False,none,,False,,False,0.0
81.89999999999962,spawned_4,20.0,1,,False,,False,,False,,False,none,,False,,False,0.0
81.99999999999962,spawned_4,20.0,1,,False,,False,,False,,False,none,,False,,False,0.0
82.09999999999961,spawned_4,20.0,1,,False,,False,,False,,False,none,,False,,False,0.0
82.1999999999996,spawned_4,20.0,1,,False,,False,,False,,False,none,,False,,False,0.0
82.2999999999996,spawned_4,20.0,1,,False,,False,,False,,False,none,,False,,False,0.0
82.3999999999996,spawned_4,20.0,1,,False,,False,,False,,False,none,,False,,False,0.0
82.49999999999959,spawned_4,20.0,1,,False,,False,,False,,False,none,,False,,False,0.0
82.59999999999958,spawned_4,20.0,1,,False,,False,,False,,False,none,,False,,False,0.0
82.69999999999958,spawned_4,20.0,1,,False,,False,,False,,False,none,,False,,False,0.0
82.79999999999957,spawned_4,20.0,1,,False,,False,,False,,False,none,,False,,False,0.0
82.89999999999957,spawned_4,20.0,1,,False,,False,,False,,False,none,,False,,False,0.0
82.99999999999956,spawned_4,20.0,1,,False,,False,,False,,False,none,,False,,False,0.0
83.09999999999955,spawned_4,20.0,1,,False,,False,,False,,False,none,,False,,False,0.0
83.19999999999955,spawned_4,20.0,1,,False,,False,,False,,False,none,,False,,False,0.0
83.29999999999954,spawned_4,20.0,1,,False,,False,,False,,False,none,,False,,False,0.0
83.39999999999954,spawned_4,20.0,1,,False,,False,,False,,False,none,,False,,False,0.0
83.49999999999953,spawned_4,20.0,1,,False,,False,,False,,False,none,,False,,False,0.0
83.59999999999953,spawned_4,20.0,1,,False,,False,,False,,False,none,,False,,False,0.0
83.69999999999952,spawned_4,20.0,1,,False,,False,,False,,False,none,,False,,False,0.0
83.79999999999951,spawned_4,20.0,1,,False,,False,,False,,False,none,,False,,False,0.0
83.89999999999951,spawned_4,20.0,1,,False,,False,,False,,False,none,,False,,False,0.0
83.9999999999995,spawned_4,20.0,1,,False,,False,,False,,False,none,,False,,False,0.0
84.0999999999995,spawned_4,20.0,1,,False,,False,,False,,False,none,,False,,False,0.0
84.19999999999949,spawned_4,20.0,1,,False,,False,,False,,False,none,,False,,False,0.0
84.29999999999949,spawned_4,20.0,1,,False,,False,,False,,False,none,,False,,False,0.0
84.39999999999948,spawned_4,20.0,1,,False,,False,,False,,False,none,,False,,False,0.0
84.49999999999947,spawned_4,20.0,1,,False,,False,,False,,False,none,,False,,False,0.0
84.59999999999947,spawned_4,20.0,1,,False,,False,,False,,False,none,,False,,False,0.0
84.69999999999946,spawned_4,20.0,1,,False,,False,,False,,False,none,,False,,False,0.0
84.79999999999946,spawned_4,20.0,1,,False,,False,,False,,False,none,,False,,False,0.0
84.89999999999945,spawned_4,20.0,1,,False,,False,,False,,False,none,,False,,False,0.0
84.99999999999945,spawned_4,20.0,1,,False,,False,,False,,False,none,,False,,False,0.0
85.09999999999944,spawned_4,20.0,1,,False,,False,,False,,False,none,,False,,False,0.0
85.19999999999943,spawned_4,20.0,1,,False,,False,,False,,False,none,,False,,False,0.0
85.29999999999943,spawned_4,20.0,1,,False,,False,,False,,False,none,,False,,False,0.0
85.39999999999942,spawned_4,20.0,1,,False,,False,,False,,False,none,,False,,False,0.0
85.49999999999942,spawned_4,20.0,1,,False,,False,,False,,False,none,,False,,False,0.0
85.59999999999941,spawned_4,20.0,1,,False,,False,,False,,False,none,,False,,False,0.0
85.6999999999994,spawned_4,20.0,1,,False,,False,,False,,False,none,,False,,False,0.0
85.7999999999994,spawned_4,20.0,1,,False,,False,,False,,False,none,,False,,False,0.0
85.8999999999994,spawned_4,20.0,1,,False,,False,,False,,False,none,,False,,False,0.0
85.99999999999939,spawned_4,20.0,1,,False,,False,,False,,False,none,,False,,False,0.0
86.09999999999938,spawned_4,20.0,1,,False,,False,,False,,False,none,,False,,False,0.0
86.19999999999938,spawned_4,20.0,1,,False,,False,,False,,False,none,,False,,False,0.0
86.29999999999937,spawned_4,20.0,1,,False,,False,,False,,False,none,,False,,False,0.0
86.39999999999937,spawned_4,20.0,1,,False,,False,,False,,False,none,,False,,False,0.0
86.49999999999936,spawned_4,20.0,1,,False,,False,,False,,False,none,,False,,False,0.0
86.59999999999935,spawned_4,20.0,1,,False,,False,,False,,False,none,,False,,False,0.0
86.69999999999935,spawned_4,20.0,1,,False,,False,,False,,False,none,,False,,False,0.0
86.79999999999934,spawned_4,20.0,1,,False,,False,,False,,False,none,,False,,False,0.0
86.89999999999934,spawned_4,20.0,1,,False,,False,,False,,False,none,,False,,False,0.0
86.99999999999933,spawned_4,20.0,1,,False,,False,,False,,False,none,,False,,False,0.0
87.09999999999933,spawned_4,20.0,1,,False,,False,,False,,False,none,,False,,False,0.0
87.19999999999932,spawned_4,20.0,1,,False,,False,,False,,False,none,,False,,False,0.0
87.29999999999932,spawned_4,20.0,1,,False,,False,,False,,False,none,,False,,False,0.0
87.39999999999931,spawned_4,20.0,1,,False,,False,,False,,False,none,,False,,False,0.0
87.4999999999993,spawned_4,20.0,1,,False,,False,,False,,False,none,,False,,False,0.0
87.5999999999993,spawned_4,20.0,1,,False,,False,,False,,False,none,,False,,False,0.0
87.69999999999929,spawned_4,20.0,1,,False,,False,,False,,False,none,,False,,False,0.0
87.79999999999929,spawned_4,20.0,1,,False,,False,,False,,False,none,,False,,False,0.0
87.89999999999928,spawned_4,20.0,1,,False,,False,,False,,False,none,,False,,False,0.0
87.99999999999928,spawned_4,20.0,1,,False,,False,,False,,False,none,,False,,False,0.0
88.09999999999927,spawned_4,20.0,1,,False,,False,,False,,False,none,,False,,False,0.0
88.19999999999926,spawned_4,20.0,1,,False,,False,,False,,False,none,,False,,False,0.0
88.29999999999926,spawned_4,20.0,1,,False,,False,,False,,False,none,,False,,False,0.0
88.39999999999925,spawned_4,20.0,1,,False,,False,,False,,False,none,,False,,False,0.0
88.49999999999925,spawned_4,20.0,1,,False,,False,,False,,False,none,,False,,False,0.0
88.59999999999924,spawned_4,20.0,1,,False,,False,,False,,False,none,,False,,False,0.0
88.69999999999924,spawned_4,20.0,1,,False,,False,,False,,False,none,,False,,False,0.0
88.79999999999923,spawned_4,20.0,1,,False,,False,,False,,False,none,,False,,False,0.0
88.89999999999922,spawned_4,20.0,1,,False,,False,,False,,False,none,,False,,False,0.0
88.99999999999922,spawned_4,20.0,1,,False,,False,,False,,False,none,,False,,False,0.0
89.09999999999921,spawned_4,20.0,1,,False,,False,,False,,False,none,,False,,False,0.0
89.1999999999992,spawned_4,20.0,1,,False,,False,,False,,False,none,,False,,False,0.0
89.2999999999992,spawned_4,20.0,1,,False,,False,,False,,False,none,,False,,False,0.0
89.3999999999992,spawned_4,20.0,1,,False,,False,,False,,False,none,,False,,False,0.0
89.49999999999919,spawned_4,20.0,1,,False,,False,,False,,False,none,,False,,False,0.0
89.59999999999918,spawned_4,20.0,1,,False,,False,,False,,False,none,,False,,False,0.0
89.69999999999918,spawned_4,20.0,1,,False,,False,,False,,False,none,,False,,False,0.0
89.79999999999917,spawned_4,20.0,1,,False,,False,,False,,False,none,,False,,False,0.0
89.89999999999917,spawned_4,20.0,1,,False,,False,,False,,False,none,,False,,False,0.0
89.99999999999916,spawned_4,20.0,1,,False,,False,,False,,False,none,,False,,False,0.0
90.09999999999916,spawned_4,20.0,1,,False,,False,,False,,False,none,,False,,False,0.0
90.19999999999915,spawned_4,20.0,1,,False,,False,,False,,False,none,,False,,False,0.0
90.29999999999914,spawned_4,20.0,1,,False,,False,,False,,False,none,,False,,False,0.0
90.39999999999914,spawned_4,20.0,1,,False,,False,,False,,False,none,,False,,False,0.0
90.49999999999913,spawned_4,20.0,1,,False,,False,,False,,False,none,,False,,False,0.0
90.59999999999913,spawned_4,20.0,1,,False,,False,,False,,False,none,,False,,False,0.0
90.69999999999912,spawned_4,20.0,1,,False,,False,,False,,False,none,,False,,False,0.0
90.79999999999912,spawned_4,20.0,1,,False,,False,,False,,False,none,,False,,False,0.0
90.89999999999911,spawned_4,20.0,1,,False,,False,,False,,False,none,,False,,False,0.0
90.9999999999991,spawned_4,20.0,1,,False,,False,,False,,False,none,,False,,False,0.0
91.0999999999991,spawned_4,20.0,1,,False,,False,,False,,False,none,,False,,False,0.0
91.1999999999991,spawned_4,20.0,1,,False,,False,,False,,False,none,,False,,False,0.0
91.29999999999909,spawned_4,20.0,1,,False,,False,,False,,False,none,,False,,False,0.0
91.39999999999908,spawned_4,20.0,1,,False,,False,,False,,False,none,,False,,False,0.0
91.49999999999908,spawned_4,20.0,1,,False,,False,,False,,False,none,,False,,False,0.0
91.59999999999907,spawned_4,20.0,1,,False,,False,,False,,False,none,,False,,False,0.0
91.69999999999906,spawned_4,20.0,1,,False,,False,,False,,False,none,,False,,False,0.0
91.79999999999906,spawned_4,20.0,1,,False,,False,,False,,False,none,,False,,False,0.0
91.89999999999905,spawned_4,20.0,1,,False,,False,,False,,False,none,,False,,False,0.0
91.99999999999905,spawned_4,20.0,1,,False,,False,,False,,False,none,,False,,False,0.0
92.09999999999904,spawned_4,20.0,1,,False,,False,,False,,False,none,,False,,False,0.0
92.19999999999904,spawned_4,20.0,1,,False,,False,,False,,False,none,,False,,False,0.0
92.29999999999903,spawned_4,20.0,1,,False,,False,,False,,False,none,,False,,False,0.0
92.39999999999903,spawned_4,20.0,1,,False,,False,,False,,False,none,,False,,False,0.0
92.49999999999902,spawned_4,20.0,1,,False,,False,,False,,False,none,,False,,False,0.0
92.59999999999901,spawned_4,20.0,1,,False,,False,,False,,False,none,,False,,False,0.0
92.69999999999901,spawned_4,20.0,1,,False,,False,,False,,False,none,,False,,False,0.0
92.799999999999,spawned_4,20.0,1,,False,,False,,False,,False,none,,False,,False,0.0
92.899999999999,spawned_4,20.0,1,,False,,False,,False,,False,none,,False,,False,0.0
92.99999999999899,spawned_4,20.0,1,,False,,False,,False,,False,none,,False,,False,0.0
93.09999999999899,spawned_4,20.0,1,,False,,False,,False,,False,none,,False,,False,0.0
93.19999999999898,spawned_4,20.0,1,,False,,False,,False,,False,none,,False,,False,0.0
93.29999999999897,spawned_4,20.0,1,,False,,False,,False,,False,none,,False,,False,0.0
93.39999999999897,spawned_4,20.0,1,,False,,False,,False,,False,none,,False,,False,0.0
93.49999999999896,spawned_4,20.0,1,,False,,False,,False,,False,none,,False,,False,0.0
93.59999999999896,spawned_4,20.0,1,,False,,False,,False,,False,none,,False,,False,0.0
93.69999999999895,spawned_4,20.0,1,,False,,False,,False,,False,none,,False,,False,0.0
93.79999999999895,spawned_4,20.0,1,,False,,False,,False,,False,none,,False,,False,0.0
93.89999999999894,spawned_4,20.0,1,,False,,False,,False,,False,none,,False,,False,0.0
93.99999999999893,spawned_4,20.0,1,,False,,False,,False,,False,none,,False,,False,0.0
94.09999999999893,spawned_4,20.0,1,,False,,False,,False,,False,none,,False,,False,0.0
94.19999999999892,spawned_4,20.0,1,,False,,False,,False,,False,none,,False,,False,0.0
94.29999999999892,spawned_4,20.0,1,,False,,False,,False,,False,none,,False,,False,0.0
94.39999999999891,spawned_4,20.0,1,,False,,False,,False,,False,none,,False,,False,0.0
94.4999999999989,spawned_4,20.0,1,,False,,False,,False,,False,none,,False,,False,0.0
94.5999999999989,spawned_4,20.0,1,,False,,False,,False,,False,none,,False,,False,0.0
94.6999999999989,spawned_4,20.0,1,,False,,False,,False,,False,none,,False,,False,0.0
94.79999999999889,spawned_4,20.0,1,,False,,False,,False,,False,none,,False,,False,0.0
94.89999999999888,spawned_4,20.0,1,,False,,False,,False,,False,none,,False,,False,0.0
94.99999999999888,spawned_4,20.0,1,,False,,False,,False,,False,none,,False,,False,0.0
95.09999999999887,spawned_4,20.0,1,,False,,False,,False,,False,none,,False,,False,0.0
95.19999999999887,spawned_4,20.0,1,,False,,False,,False,,False,none,,False,,False,0.0
95.29999999999886,spawned_4,20.0,1,,False,,False,,False,,False,none,,False,,False,0.0
95.39999999999885,spawned_4,20.0,1,,False,,False,,False,,False,none,,False,,False,0.0
95.49999999999885,spawned_4,20.0,1,,False,,False,,False,,False,none,,False,,False,0.0
95.59999999999884,spawned_4,20.0,1,,False,,False,,False,,False,none,,False,,False,0.0
95.69999999999884,spawned_4,20.0,1,,False,,False,,False,,False,none,,False,,False,0.0
95.79999999999883,spawned_4,20.0,1,,False,,False,,False,,False,none,,False,,False,0.0
95.89999999999883,spawned_4,20.0,1,,False,,False,,False,,False,none,,False,,False,0.0
95.99999999999882,spawned_4,20.0,1,,False,,False,,False,,False,none,,False,,False,0.0
96.09999999999881,spawned_4,20.0,1,,False,,False,,False,,False,none,,False,,False,0.0
96.19999999999881,spawned_4,20.0,1,,False,,False,,False,,False,none,,False,,False,0.0
96.2999999999988,spawned_4,20.0,1,,False,,False,,False,,False,none,,False,,False,0.0
96.3999999999988,spawned_4,20.0,1,,False,,False,,False,,False,none,,False,,False,0.0
96.49999999999879,spawned_4,20.0,1,,False,,False,,False,,False,none,,False,,False,0.0
96.59999999999879,spawned_4,20.0,1,,False,,False,,False,,False,none,,False,,False,0.0
96.69999999999878,spawned_4,20.0,1,,False,,False,,False,,False,none,,False,,False,0.0
96.79999999999878,spawned_4,20.0,1,,False,,False,,False,,False,none,,False,,False,0.0
96.89999999999877,spawned_4,20.0,1,,False,,False,,False,,False,none,,False,,False,0.0
96.99999999999876,spawned_4,20.0,1,,False,,False,,False,,False,none,,False,,False,0.0
97.09999999999876,spawned_4,20.0,1,,False,,False,,False,,False,none,,False,,False,0.0
97.19999999999875,spawned_4,20.0,1,,False,,False,,False,,False,none,,False,,False,0.0
97.29999999999875,spawned_4,20.0,1,,False,,False,,False,,False,none,,False,,False,0.0
97.39999999999874,spawned_4,20.0,1,,False,,False,,False,,False,none,,False,,False,0.0
97.49999999999874,spawned_4,20.0,1,,False,,False,,False,,False,none,,False,,False,0.0
97.59999999999873,spawned_4,20.0,1,,False,,False,,False,,False,none,,False,,False,0.0
97.69999999999872,spawned_4,20.0,1,,False,,False,,False,,False,none,,False,,False,0.0
97.79999999999872,spawned_4,20.0,1,,False,,False,,False,,False,none,,False,,False,0.0
97.89999999999871,spawned_4,20.0,1,,False,,False,,False,,False,none,,False,,False,0.0
97.9999999999987,spawned_4,20.0,1,,False,,False,,False,,False,none,,False,,False,0.0
98.0999999999987,spawned_4,20.0,1,,False,,False,,False,,False,none,,False,,False,0.0
98.1999999999987,spawned_4,20.0,1,,False,,False,,False,,False,none,,False,,False,0.0
98.29999999999869,spawned_4,20.0,1,,False,,False,,False,,False,none,,False,,False,0.0
98.39999999999868,spawned_4,20.0,1,,False,,False,,False,,False,none,,False,,False,0.0
98.49999999999868,spawned_4,20.0,1,,False,,False,,False,,False,none,,False,,False,0.0
98.59999999999867,spawned_4,20.0,1,,False,,False,,False,,False,none,,False,,False,0.0
98.69999999999867,spawned_4,20.0,1,,False,,False,,False,,False,none,,False,,False,0.0
98.79999999999866,spawned_4,20.0,1,,False,,False,,False,,False,none,,False,,False,0.0
98.89999999999866,spawned_4,20.0,1,,False,,False,,False,,False,none,,False,,False,0.0
98.99999999999865,spawned_4,20.0,1,,False,,False,,False,,False,none,,False,,False,0.0
99.09999999999864,spawned_4,20.0,1,,False,,False,,False,,False,none,,False,,False,0.0
99.19999999999864,spawned_4,20.0,1,,False,,False,,False,,False,none,,False,,False,0.0
99.29999999999863,spawned_4,20.0,1,,False,,False,,False,,False,none,,False,,False,0.0
99.39999999999863,spawned_4,20.0,1,,False,,False,,False,,False,none,,False,,False,0.0
99.49999999999862,spawned_4,20.0,1,,False,,False,,False,,False,none,,False,,False,0.0
99.59999999999862,spawned_4,20.0,1,,False,,False,,False,,False,none,,False,,False,0.0
99.69999999999861,spawned_4,20.0,1,,False,,False,,False,,False,none,,False,,False,0.0
99.7999999999986,spawned_4,20.0,1,,False,,False,,False,,False,none,,False,,False,0.0
99.8999999999986,spawned_4,20.0,1,,False,,False,,False,,False,none,,False,,False,0.0
99.9999999999986,spawned_4,20.0,1,,False,,False,,False,,False,none,,False,,False,0.0
100.09999999999859,spawned_4,20.0,1,,False,,False,,False,,False,none,,False,,False,0.0
100.19999999999858,spawned_4,20.0,1,,False,,False,,False,,False,none,,False,,False,0.0
100.29999999999858,spawned_4,20.0,1,,False,,False,,False,,False,none,,False,,False,0.0
100.39999999999857,spawned_4,20.0,1,,False,,False,,False,,False,none,,False,,False,0.0
100.49999999999856,spawned_4,20.0,1,,False,,False,,False,,False,none,,False,,False,0.0
100.59999999999856,spawned_4,20.0,1,,False,,False,,False,,False,none,,False,,False,0.0
100.69999999999855,spawned_4,20.0,1,,False,,False,,False,,False,none,,False,,False,0.0
100.79999999999855,spawned_4,20.0,1,,False,,False,,False,,False,none,,False,,False,0.0
100.89999999999854,spawned_4,20.0,1,,False,,False,,False,,False,none,,False,,False,0.0
100.99999999999854,spawned_4,20.0,1,,False,,False,,False,,False,none,,False,,False,0.0
101.09999999999853,spawned_4,20.0,1,,False,,False,,False,,False,none,,False,,False,0.0
101.19999999999852,spawned_4,20.0,1,,False,,False,,False,,False,none,,False,,False,0.0
101.29999999999852,spawned_4,20.0,1,,False,,False,,False,,False,none,,False,,False,0.0
101.39999999999851,spawned_4,20.0,1,,False,,False,,False,,False,none,,False,,False,0.0
101.49999999999851,spawned_4,20.0,1,,False,,False,,False,,False,none,,False,,False,0.0
101.5999999999985,spawned_4,20.0,1,,False,,False,,False,,False,none,,False,,False,0.0
101.6999999999985,spawned_4,20.0,1,,False,,False,,False,,False,none,,False,,False,0.0
101.79999999999849,spawned_4,20.0,1,,False,,False,,False,,False,none,,False,,False,0.0
101.89999999999849,spawned_4,20.0,1,,False,,False,,False,,False,none,,False,,False,0.0
101.99999999999848,spawned_4,20.0,1,,False,,False,,False,,False,none,,False,,False,0.0
102.09999999999847,spawned_4,20.0,1,,False,,False,,False,,False,none,,False,,False,0.0
102.19999999999847,spawned_4,20.0,1,,False,,False,,False,,False,none,,False,,False,0.0
102.29999999999846,spawned_4,20.0,1,,False,,False,,False,,False,none,,False,,False,0.0
102.39999999999846,spawned_4,20.0,1,,False,,False,,False,,False,none,,False,,False,0.0
102.49999999999845,spawned_4,20.0,1,,False,,False,,False,,False,none,,False,,False,0.0
102.59999999999845,spawned_4,20.0,1,,False,,False,,False,,False,none,,False,,False,0.0
102.69999999999844,spawned_4,20.0,1,,False,,False,,False,,False,none,,False,,False,0.0
102.79999999999843,spawned_4,20.0,1,,False,,False,,False,,False,none,,False,,False,0.0
102.89999999999843,spawned_4,20.0,1,,False,,False,,False,,False,none,,False,,False,0.0
102.99999999999842,spawned_4,20.0,1,,False,,False,,False,,False,none,,False,,False,0.0
103.09999999999842,spawned_4,20.0,1,,False,,False,,False,,False,none,,False,,False,0.0
103.19999999999841,spawned_4,20.0,1,,False,,False,,False,,False,none,,False,,False,0.0
103.2999999999984,spawned_4,20.0,1,,False,,False,,False,,False,none,,False,,False,0.0
103.3999999999984,spawned_4,20.0,1,,False,,False,,False,,False,none,,False,,False,0.0
103.4999999999984,spawned_4,20.0,1,,False,,False,,False,,False,none,,False,,False,0.0
103.59999999999839,spawned_4,20.0,1,,False,,False,,False,,False,none,,False,,False,0.0
103.69999999999838,spawned_4,20.0,1,,False,,False,,False,,False,none,,False,,False,0.0
103.79999999999838,spawned_4,20.0,1,,False,,False,,False,,False,none,,False,,False,0.0
103.89999999999837,spawned_4,20.0,1,,False,,False,,False,,False,none,,False,,False,0.0
103.99999999999837,spawned_4,20.0,1,,False,,False,,False,,False,none,,False,,False,0.0
104.09999999999836,spawned_4,20.0,1,,False,,False,,False,,False,none,,False,,False,0.0
104.19999999999835,spawned_4,20.0,1,,False,,False,,False,,False,none,,False,,False,0.0
104.29999999999835,spawned_4,20.0,1,,False,,False,,False,,False,none,,False,,False,0.0
104.39999999999834,spawned_4,20.0,1,,False,,False,,False,,False,none,,False,,False,0.0
104.49999999999834,spawned_4,20.0,1,,False,,False,,False,,False,none,,False,,False,0.0
104.59999999999833,spawned_4,20.0,1,,False,,False,,False,,False,none,,False,,False,0.0
104.69999999999833,spawned_4,20.0,1,,False,,False,,False,,False,none,,False,,False,0.0
104.79999999999832,spawned_4,20.0,1,,False,,False,,False,,False,none,,False,,False,0.0
104.89999999999831,spawned_4,20.0,1,,False,,False,,False,,False,none,,False,,False,0.0
104.99999999999831,spawned_4,20.0,1,,False,,False,,False,,False,none,,False,,False,0.0
105.0999999999983,spawned_4,20.0,1,,False,,False,,False,,False,none,,False,,False,0.0
105.1999999999983,spawned_4,20.0,1,,False,,False,,False,,False,none,,False,,False,0.0
105.29999999999829,spawned_4,20.0,1,,False,,False,,False,,False,none,,False,,False,0.0
105.39999999999829,spawned_4,20.0,1,,False,,False,,False,,False,none,,False,,False,0.0
105.49999999999828,spawned_4,20.0,1,,False,,False,,False,,False,none,,False,,False,0.0
105.59999999999827,spawned_4,20.0,1,,False,,False,,False,,False,none,,False,,False,0.0
105.69999999999827,spawned_4,20.0,1,,False,,False,,False,,False,none,,False,,False,0.0
105.79999999999826,spawned_4,20.0,1,,False,,False,,False,,False,none,,False,,False,0.0
105.89999999999826,spawned_4,20.0,1,,False,,False,,False,,False,none,,False,,False,0.0
105.99999999999825,spawned_4,20.0,1,,False,,False,,False,,False,none,,False,,False,0.0
106.09999999999825,spawned_4,20.0,1,,False,,False,,False,,False,none,,False,,False,0.0
106.19999999999824,spawned_4,20.0,1,,False,,False,,False,,False,none,,False,,False,0.0
106.29999999999824,spawned_4,20.0,1,,False,,False,,False,,False,none,,False,,False,0.0
106.39999999999823,spawned_4,20.0,1,,False,,False,,False,,False,none,,False,,False,0.0
106.49999999999822,spawned_4,20.0,1,,False,,False,,False,,False,none,,False,,False,0.0
106.59999999999822,spawned_4,20.0,1,,False,,False,,False,,False,none,,False,,False,0.0
106.69999999999821,spawned_4,20.0,1,,False,,False,,False,,False,none,,False,,False,0.0
106.7999999999982,spawned_4,20.0,1,,False,,False,,False,,False,none,,False,,False,0.0
106.8999999999982,spawned_4,20.0,1,,False,,False,,False,,False,none,,False,,False,0.0
106.9999999999982,spawned_4,20.0,1,,False,,False,,False,,False,none,,False,,False,0.0
107.09999999999819,spawned_4,20.0,1,,False,,False,,False,,False,none,,False,,False,0.0
107.19999999999818,spawned_4,20.0,1,,False,,False,,False,,False,none,,False,,False,0.0
107.29999999999818,spawned_4,20.0,1,,False,,False,,False,,False,none,,False,,False,0.0
107.39999999999817,spawned_4,20.0,1,,False,,False,,False,,False,none,,False,,False,0.0
107.49999999999817,spawned_4,20.0,1,,False,,False,,False,,False,none,,False,,False,0.0
107.59999999999816,spawned_4,20.0,1,,False,,False,,False,,False,none,,False,,False,0.0
107.69999999999816,spawned_4,20.0,1,,False,,False,,False,,False,none,,False,,False,0.0
107.79999999999815,spawned_4,20.0,1,,False,,False,,False,,False,none,,False,,False,0.0
107.89999999999814,spawned_4,20.0,1,,False,,False,,False,,False,none,,False,,False,0.0
107.99999999999814,spawned_4,20.0,1,,False,,False,,False,,False,none,,False,,False,0.0
108.09999999999813,spawned_4,20.0,1,,False,,False,,False,,False,none,,False,,False,0.0
108.19999999999813,spawned_4,20.0,1,,False,,False,,False,,False,none,,False,,False,0.0
108.29999999999812,spawned_4,20.0,1,,False,,False,,False,,False,none,,False,,False,0.0
108.39999999999812,spawned_4,20.0,1,,False,,False,,False,,False,none,,False,,False,0.0
108.49999999999811,spawned_4,20.0,1,,False,,False,,False,,False,none,,False,,False,0.0
108.5999999999981,spawned_4,20.0,1,,False,,False,,False,,False,none,,False,,False,0.0
108.6999999999981,spawned_4,20.0,1,,False,,False,,False,,False,none,,False,,False,0.0
108.7999999999981,spawned_4,20.0,1,,False,,False,,False,,False,none,,False,,False,0.0
108.89999999999809,spawned_4,20.0,1,,False,,False,,False,,False,none,,False,,False,0.0
108.99999999999808,spawned_4,20.0,1,,False,,False,,False,,False,none,,False,,False,0.0
109.09999999999808,spawned_4,20.0,1,,False,,False,,False,,False,none,,False,,False,0.0
109.19999999999807,spawned_4,20.0,1,,False,,False,,False,,False,none,,False,,False,0.0
109.29999999999806,spawned_4,20.0,1,,False,,False,,False,,False,none,,False,,False,0.0
109.39999999999806,spawned_4,20.0,1,,False,,False,,False,,False,none,,False,,False,0.0
109.49999999999805,spawned_4,20.0,1,,False,,False,,False,,False,none,,False,,False,0.0
109.59999999999805,spawned_4,20.0,1,,False,,False,,False,,False,none,,False,,False,0.0
109.69999999999804,spawned_4,20.0,1,,False,,False,,False,,False,none,,False,,False,0.0
109.79999999999804,spawned_4,20.0,1,,False,,False,,False,,False,none,,False,,False,0.0
109.89999999999803,spawned_4,20.0,1,,False,,False,,False,,False,none,,False,,False,0.0
109.99999999999802,spawned_4,20.0,1,,False,,False,,False,,False,none,,False,,False,0.0
110.09999999999802,spawned_4,20.0,1,,False,,False,,False,,False,none,,False,,False,0.0
110.19999999999801,spawned_4,20.0,1,,False,,False,,False,,False,none,,False,,False,0.0
110.29999999999801,spawned_4,20.0,1,,False,,False,,False,,False,none,,False,,False,0.0
110.399999999998,spawned_4,20.0,1,,False,,False,,False,,False,none,,False,,False,0.0
110.499999999998,spawned_4,20.0,1,,False,,False,,False,,False,none,,False,,False,0.0
110.59999999999799,spawned_4,20.0,1,,False,,False,,False,,False,none,,False,,False,0.0
110.69999999999798,spawned_4,20.0,1,,False,,False,,False,,False,none,,False,,False,0.0
110.79999999999798,spawned_4,20.0,1,,False,,False,,False,,False,none,,False,,False,0.0
110.89999999999797,spawned_4,20.0,1,,False,,False,,False,,False,none,,False,,False,0.0
110.99999999999797,spawned_4,20.0,1,,False,,False,,False,,False,none,,False,,False,0.0
111.09999999999796,spawned_4,20.0,1,,False,,False,,False,,False,none,,False,,False,0.0
111.19999999999796,spawned_4,20.0,1,,False,,False,,False,,False,none,,False,,False,0.0
111.29999999999795,spawned_4,20.0,1,,False,,False,,False,,False,none,,False,,False,0.0
111.39999999999795,spawned_4,20.0,1,,False,,False,,False,,False,none,,False,,False,0.0
111.49999999999794,spawned_4,20.0,1,,False,,False,,False,,False,none,,False,,False,0.0
111.59999999999793,spawned_4,20.0,1,,False,,False,,False,,False,none,,False,,False,0.0
111.69999999999793,spawned_4,20.0,1,,False,,False,,False,,False,none,,False,,False,0.0
111.79999999999792,spawned_4,20.0,1,,False,,False,,False,,False,none,,False,,False,0.0
111.89999999999792,spawned_4,20.0,1,,False,,False,,False,,False,none,,False,,False,0.0
111.99999999999791,spawned_4,20.0,1,,False,,False,,False,,False,none,,False,,False,0.0
112.0999999999979,spawned_4,20.0,1,,False,,False,,False,,False,none,,False,,False,0.0
112.1999999999979,spawned_4,20.0,1,,False,,False,,False,,False,none,,False,,False,0.0
112.2999999999979,spawned_4,20.0,1,,False,,False,,False,,False,none,,False,,False,0.0
112.39999999999789,spawned_4,20.0,1,,False,,False,,False,,False,none,,False,,False,0.0
112.49999999999788,spawned_4,20.0,1,,False,,False,,False,,False,none,,False,,False,0.0
112.59999999999788,spawned_4,20.0,1,,False,,False,,False,,False,none,,False,,False,0.0
112.69999999999787,spawned_4,20.0,1,,False,,False,,False,,False,none,,False,,False,0.0
112.79999999999787,spawned_4,20.0,1,,False,,False,,False,,False,none,,False,,False,0.0
112.89999999999786,spawned_4,20.0,1,,False,,False,,False,,False,none,,False,,False,0.0
112.99999999999785,spawned_4,20.0,1,,False,,False,,False,,False,none,,False,,False,0.0
113.09999999999785,spawned_4,20.0,1,,False,,False,,False,,False,none,,False,,False,0.0
113.19999999999784,spawned_4,20.0,1,,False,,False,,False,,False,none,,False,,False,0.0
113.29999999999784,spawned_4,20.0,1,,False,,False,,False,,False,none,,False,,False,0.0
113.39999999999783,spawned_4,20.0,1,,False,,False,,False,,False,none,,False,,False,0.0
113.49999999999783,spawned_4,20.0,1,,False,,False,,False,,False,none,,False,,False,0.0
113.59999999999782,spawned_4,20.0,1,,False,,False,,False,,False,none,,False,,False,0.0
113.69999999999781,spawned_4,20.0,1,,False,,False,,False,,False,none,,False,,False,0.0
113.79999999999781,spawned_4,20.0,1,,False,,False,,False,,False,none,,False,,False,0.0
113.8999999999978,spawned_4,20.0,1,,False,,False,,False,,False,none,,False,,False,0.0
113.9999999999978,spawned_4,20.0,1,,False,,False,,False,,False,none,,False,,False,0.0
114.09999999999779,spawned_4,20.0,1,,False,,False,,False,,False,none,,False,,False,0.0
114.19999999999779,spawned_4,20.0,1,,False,,False,,False,,False,none,,False,,False,0.0
114.29999999999778,spawned_4,20.0,1,,False,,False,,False,,False,none,,False,,False,0.0
114.39999999999777,spawned_4,20.0,1,,False,,False,,False,,False,none,,False,,False,0.0
114.49999999999777,spawned_4,20.0,1,,False,,False,,False,,False,none,,False,,False,0.0
114.59999999999776,spawned_4,20.0,1,,False,,False,,False,,False,none,,False,,False,0.0
114.69999999999776,spawned_4,20.0,1,,False,,False,,False,,False,none,,False,,False,0.0
114.79999999999775,spawned_4,20.0,1,,False,,False,,False,,False,none,,False,,False,0.0
114.89999999999775,spawned_4,20.0,1,,False,,False,,False,,False,none,,False,,False,0.0
114.99999999999774,spawned_4,20.0,1,,False,,False,,False,,False,none,,False,,False,0.0
115.09999999999773,spawned_4,20.0,1,,False,,False,,False,,False,none,,False,,False,0.0
115.19999999999773,spawned_4,20.0,1,,False,,False,,False,,False,none,,False,,False,0.0
115.29999999999772,spawned_4,20.0,1,,False,,False,,False,,False,none,,False,,False,0.0
115.39999999999772,spawned_4,20.0,1,,False,,False,,False,,False,none,,False,,False,0.0
115.49999999999771,spawned_4,20.0,1,,False,,False,,False,,False,none,,False,,False,0.0
115.5999999999977,spawned_4,20.0,1,,False,,False,,False,,False,none,,False,,False,0.0
115.6999999999977,spawned_4,20.0,1,,False,,False,,False,,False,none,,False,,False,0.0
115.7999999999977,spawned_4,20.0,1,,False,,False,,False,,False,none,,False,,False,0.0
115.89999999999769,spawned_4,20.0,1,,False,,False,,False,,False,none,,False,,False,0.0
115.99999999999768,spawned_4,20.0,1,,False,,False,,False,,False,none,,False,,False,0.0
116.09999999999768,spawned_4,20.0,1,,False,,False,,False,,False,none,,False,,False,0.0
116.19999999999767,spawned_4,20.0,1,,False,,False,,False,,False,none,,False,,False,0.0
116.29999999999767,spawned_4,20.0,1,,False,,False,,False,,False,none,,False,,False,0.0
116.39999999999766,spawned_4,20.0,1,,False,,False,,False,,False,none,,False,,False,0.0
116.49999999999766,spawned_4,20.0,1,,False,,False,,False,,False,none,,False,,False,0.0
116.59999999999765,spawned_4,20.0,1,,False,,False,,False,,False,none,,False,,False,0.0
116.69999999999764,spawned_4,20.0,1,,False,,False,,False,,False,none,,False,,False,0.0
116.79999999999764,spawned_4,20.0,1,,False,,False,,False,,False,none,,False,,False,0.0
116.89999999999763,spawned_4,20.0,1,,False,,False,,False,,False,none,,False,,False,0.0
116.99999999999763,spawned_4,20.0,1,,False,,False,,False,,False,none,,False,,False,0.0
117.09999999999762,spawned_4,20.0,1,,False,,False,,False,,False,none,,False,,False,0.0
117.19999999999762,spawned_4,20.0,1,,False,,False,,False,,False,none,,False,,False,0.0
117.29999999999761,spawned_4,20.0,1,,False,,False,,False,,False,none,,False,,False,0.0
117.3999999999976,spawned_4,20.0,1,,False,,False,,False,,False,none,,False,,False,0.0
117.4999999999976,spawned_4,20.0,1,,False,,False,,False,,False,none,,False,,False,0.0
117.59999999999759,spawned_4,20.0,1,,False,,False,,False,,False,none,,False,,False,0.0
117.69999999999759,spawned_4,20.0,1,,False,,False,,False,,False,none,,False,,False,0.0
117.79999999999758,spawned_4,20.0,1,,False,,False,,False,,False,none,,False,,False,0.0
117.89999999999758,spawned_4,20.0,1,,False,,False,,False,,False,none,,False,,False,0.0
117.99999999999757,spawned_4,20.0,1,,False,,False,,False,,False,none,,False,,False,0.0
118.09999999999756,spawned_4,20.0,1,,False,,False,,False,,False,none,,False,,False,0.0
118.19999999999756,spawned_4,20.0,1,,False,,False,,False,,False,none,,False,,False,0.0
118.29999999999755,spawned_4,20.0,1,,False,,False,,False,,False,none,,False,,False,0.0
118.39999999999755,spawned_4,20.0,1,,False,,False,,False,,False,none,,False,,False,0.0
118.49999999999754,spawned_4,20.0,1,,False,,False,,False,,False,none,,False,,False,0.0
118.59999999999754,spawned_4,20.0,1,,False,,False,,False,,False,none,,False,,False,0.0
118.69999999999753,spawned_4,20.0,1,,False,,False,,False,,False,none,,False,,False,0.0
118.79999999999752,spawned_4,20.0,1,,False,,False,,False,,False,none,,False,,False,0.0
118.89999999999752,spawned_4,20.0,1,,False,,False,,False,,False,none,,False,,False,0.0
118.99999999999751,spawned_4,20.0,1,,False,,False,,False,,False,none,,False,,False,0.0
119.09999999999751,spawned_4,20.0,1,,False,,False,,False,,False,none,,False,,False,0.0
119.1999999999975,spawned_4,20.0,1,,False,,False,,False,,False,none,,False,,False,0.0
119.2999999999975,spawned_4,20.0,1,,False,,False,,False,,False,none,,False,,False,0.0
119.39999999999749,spawned_4,20.0,1,,False,,False,,False,,False,none,,False,,False,0.0
119.49999999999748,spawned_4,20.0,1,,False,,False,,False,,False,none,,False,,False,0.0
119.59999999999748,spawned_4,20.0,1,,False,,False,,False,,False,none,,False,,False,0.0
119.69999999999747,spawned_4,20.0,1,,False,,False,,False,,False,none,,False,,False,0.0
119.79999999999747,spawned_4,20.0,1,,False,,False,,False,,False,none,,False,,False,0.0
119.89999999999746,spawned_4,20.0,1,,False,,False,,False,,False,none,,False,,False,0.0
80.09999999999972,spawned_5,20.0,1,139.44687999999582,False,139.44687999999582,False,,False,139.44687999999582,True,camera,vehicle,False,,False,0.0
80.19999999999972,spawned_5,20.0,1,139.44687999999582,False,139.44687999999582,False,,False,139.44687999999582,True,camera,vehicle,False,,False,0.0
80.29999999999971,spawned_5,20.0,1,139.44687999999582,False,139.44687999999582,False,,False,139.44687999999582,True,camera,vehicle,False,,False,0.0
80.39999999999971,spawned_5,20.0,1,139.44687999999582,False,139.44687999999582,False,,False,139.44687999999582,True,camera,vehicle,False,,False,0.0
80.4999999999997,spawned_5,20.0,1,139.44687999999582,False,139.44687999999582,False,,False,139.44687999999582,True,camera,vehicle,False,,False,0.0
80.5999999999997,spawned_5,20.0,1,139.44687999999582,False,139.44687999999582,False,,False,139.44687999999582,True,camera,vehicle,False,,False,0.0
80.69999999999969,spawned_5,20.0,1,139.44687999999582,False,139.44687999999582,False,,False,139.44687999999582,True,camera,vehicle,False,,False,0.0
80.79999999999968,spawned_5,20.0,1,139.44687999999582,False,139.44687999999582,False,,False,139.44687999999582,True,camera,vehicle,False,,False,0.0
80.89999999999968,spawned_5,20.0,1,139.44687999999582,False,139.44687999999582,False,,False,139.44687999999582,True,camera,vehicle,False,,False,0.0
80.99999999999967,spawned_5,20.0,1,139.44687999999582,False,139.44687999999582,False,,False,139.44687999999582,True,camera,vehicle,False,,False,0.0
81.09999999999967,spawned_5,20.0,1,139.44687999999582,False,139.44687999999582,False,,False,139.44687999999582,True,camera,vehicle,False,,False,0.0
81.19999999999966,spawned_5,20.0,1,139.44687999999582,False,139.44687999999582,False,,False,139.44687999999582,True,camera,vehicle,False,,False,0.0
81.29999999999966,spawned_5,20.0,1,139.44687999999582,False,139.44687999999582,False,,False,139.44687999999582,True,camera,vehicle,False,,False,0.0
81.39999999999965,spawned_5,20.0,1,139.44687999999582,False,139.44687999999582,False,,False,139.44687999999582,True,camera,vehicle,False,,False,0.0
81.49999999999964,spawned_5,20.0,1,139.44687999999582,False,139.44687999999582,False,,False,139.44687999999582,True,camera,vehicle,False,,False,0.0
81.59999999999964,spawned_5,20.0,1,139.44687999999582,False,139.44687999999582,False,,False,139.44687999999582,True,camera,vehicle,False,,False,0.0
81.69999999999963,spawned_5,20.0,1,139.44687999999582,False,139.44687999999582,False,,False,139.44687999999582,True,camera,vehicle,False,,False,0.0
81.79999999999963,spawned_5,20.0,1,139.44687999999582,False,139.44687999999582,False,,False,139.44687999999582,True,camera,vehicle,False,,False,0.0
81.89999999999962,spawned_5,20.0,1,139.44687999999582,False,139.44687999999582,False,,False,139.44687999999582,True,camera,vehicle,False,,False,0.0
81.99999999999962,spawned_5,20.0,1,139.44687999999582,False,139.44687999999582,False,,False,139.44687999999582,True,camera,vehicle,False,,False,0.0
82.09999999999961,spawned_5,20.0,1,139.44687999999582,False,139.44687999999582,False,,False,139.44687999999582,True,camera,vehicle,False,,False,0.0
82.1999999999996,spawned_5,20.0,1,139.44687999999582,False,139.44687999999582,False,,False,139.44687999999582,True,camera,vehicle,False,,False,0.0
82.2999999999996,spawned_5,20.0,1,139.44687999999582,False,139.44687999999582,False,,False,139.44687999999582,True,camera,vehicle,False,,False,0.0
82.3999999999996,spawned_5,20.0,1,139.44687999999582,False,139.44687999999582,False,,False,139.44687999999582,True,camera,vehicle,False,,False,0.0
82.49999999999959,spawned_5,20.0,1,139.44687999999582,False,139.44687999999582,False,,False,139.44687999999582,True,camera,vehicle,False,,False,0.0
82.59999999999958,spawned_5,20.0,1,139.44687999999582,False,139.44687999999582,False,,False,139.44687999999582,True,camera,vehicle,False,,False,0.0
82.69999999999958,spawned_5,20.0,1,139.44687999999582,False,139.44687999999582,False,,False,139.44687999999582,True,camera,vehicle,False,,False,0.0
82.79999999999957,spawned_5,20.0,1,139.44687999999582,False,139.44687999999582,False,,False,139.44687999999582,True,camera,vehicle,False,,False,0.0
82.89999999999957,spawned_5,20.0,1,139.44687999999582,False,139.44687999999582,False,,False,139.44687999999582,True,camera,vehicle,False,,False,0.0
82.99999999999956,spawned_5,20.0,1,139.44687999999582,False,139.44687999999582,False,,False,139.44687999999582,True,camera,vehicle,False,,False,0.0
83.09999999999955,spawned_5,20.0,1,139.44687999999582,False,139.44687999999582,False,,False,139.44687999999582,True,camera,vehicle,False,,False,0.0
83.19999999999955,spawned_5,20.0,1,139.44687999999582,False,139.44687999999582,False,,False,139.44687999999582,True,camera,vehicle,False,,False,0.0
83.29999999999954,spawned_5,20.0,1,139.44687999999582,False,139.44687999999582,False,,False,139.44687999999582,True,camera,vehicle,False,,False,0.0
83.39999999999954,spawned_5,20.0,1,139.44687999999582,False,139.44687999999582,False,,False,139.44687999999582,True,camera,vehicle,False,,False,0.0
83.49999999999953,spawned_5,20.0,1,139.44687999999582,False,139.44687999999582,False,,False,139.44687999999582,True,camera,vehicle,False,,False,0.0
83.59999999999953,spawned_5,20.0,1,139.44687999999582,False,139.44687999999582,False,,False,139.44687999999582,True,camera,vehicle,False,,False,0.0
83.69999999999952,spawned_5,20.0,1,139.44687999999582,False,139.44687999999582,False,,False,139.44687999999582,True,camera,vehicle,False,,False,0.0
83.79999999999951,spawned_5,20.0,1,139.44687999999582,False,139.44687999999582,False,,False,139.44687999999582,True,camera,vehicle,False,,False,0.0
83.89999999999951,spawned_5,20.0,1,139.44687999999582,False,139.44687999999582,False,,False,139.44687999999582,True,camera,vehicle,False,,False,0.0
83.9999999999995,spawned_5,20.0,1,139.44687999999582,False,139.44687999999582,False,,False,139.44687999999582,True,camera,vehicle,False,,False,0.0
84.0999999999995,spawned_5,20.0,1,139.44687999999582,False,139.44687999999582,False,,False,139.44687999999582,True,camera,vehicle,False,,False,0.0
84.19999999999949,spawned_5,20.0,1,139.44687999999582,False,139.44687999999582,False,,False,139.44687999999582,True,camera,vehicle,False,,False,0.0
84.29999999999949,spawned_5,20.0,1,139.44687999999582,False,139.44687999999582,False,,False,139.44687999999582,True,camera,vehicle,False,,False,0.0
84.39999999999948,spawned_5,20.0,1,139.44687999999582,False,139.44687999999582,False,,False,139.44687999999582,True,camera,vehicle,False,,False,0.0
84.49999999999947,spawned_5,20.0,1,139.44687999999582,False,139.44687999999582,False,,False,139.44687999999582,True,camera,vehicle,False,,False,0.0
84.59999999999947,spawned_5,20.0,1,139.44687999999582,False,139.44687999999582,False,,False,139.44687999999582,True,camera,vehicle,False,,False,0.0
84.69999999999946,spawned_5,20.0,1,139.44687999999582,False,139.44687999999582,False,,False,139.44687999999582,True,camera,vehicle,False,,False,0.0
84.79999999999946,spawned_5,20.0,1,139.44687999999582,False,139.44687999999582,False,,False,139.44687999999582,True,camera,vehicle,False,,False,0.0
84.89999999999945,spawned_5,20.0,1,139.44687999999582,False,139.44687999999582,False,,False,139.44687999999582,True,camera,vehicle,False,,False,0.0
84.99999999999945,spawned_5,20.0,1,139.44687999999582,False,139.44687999999582,False,,False,139.44687999999582,True,camera,vehicle,False,,False,0.0
85.09999999999944,spawned_5,20.0,1,139.44687999999582,False,139.44687999999582,False,,False,139.44687999999582,True,camera,vehicle,False,,False,0.0
85.19999999999943,spawned_5,20.0,1,139.44687999999582,False,139.44687999999582,False,,False,139.44687999999582,True,camera,vehicle,False,,False,0.0
85.29999999999943,spawned_5,20.0,1,139.44687999999582,False,139.44687999999582,False,,False,139.44687999999582,True,camera,vehicle,False,,False,0.0
85.39999999999942,spawned_5,20.0,1,139.44687999999582,False,139.44687999999582,False,,False,139.44687999999582,True,camera,vehicle,False,,False,0.0
85.49999999999942,spawned_5,20.0,1,139.44687999999582,False,139.44687999999582,False,,False,139.44687999999582,True,camera,vehicle,False,,False,0.0
85.59999999999941,spawned_5,20.0,1,139.44687999999582,False,139.44687999999582,False,,False,139.44687999999582,True,camera,vehicle,False,,False,0.0
85.6999999999994,spawned_5,20.0,1,139.44687999999582,False,139.44687999999582,False,,False,139.44687999999582,True,camera,vehicle,False,,False,0.0
85.7999999999994,spawned_5,20.0,1,139.44687999999582,False,139.44687999999582,False,,False,139.44687999999582,True,camera,vehicle,False,,False,0.0
85.8999999999994,spawned_5,20.0,1,139.44687999999582,False,139.44687999999582,False,,False,139.44687999999582,True,camera,vehicle,False,,False,0.0
85.99999999999939,spawned_5,20.0,1,139.44687999999582,False,139.44687999999582,False,,False,139.44687999999582,True,camera,vehicle,False,,False,0.0
86.09999999999938,spawned_5,20.0,1,139.44687999999582,False,139.44687999999582,False,,False,139.44687999999582,True,camera,vehicle,False,,False,0.0
86.19999999999938,spawned_5,20.0,1,139.44687999999582,False,139.44687999999582,False,,False,139.44687999999582,True,camera,vehicle,False,,False,0.0
86.29999999999937,spawned_5,20.0,1,139.44687999999582,False,139.44687999999582,False,,False,139.44687999999582,True,camera,vehicle,False,,False,0.0
86.39999999999937,spawned_5,20.0,1,139.44687999999582,False,139.44687999999582,False,,False,139.44687999999582,True,camera,vehicle,False,,False,0.0
86.49999999999936,spawned_5,20.0,1,139.44687999999582,False,139.44687999999582,False,,False,139.44687999999582,True,camera,vehicle,False,,False,0.0
86.59999999999935,spawned_5,20.0,1,139.44687999999582,False,139.44687999999582,False,,False,139.44687999999582,True,camera,vehicle,False,,False,0.0
86.69999999999935,spawned_5,20.0,1,139.44687999999582,False,139.44687999999582,False,,False,139.44687999999582,True,camera,vehicle,False,,False,0.0
86.79999999999934,spawned_5,20.0,1,139.44687999999582,False,139.44687999999582,False,,False,139.44687999999582,True,camera,vehicle,False,,False,0.0
86.89999999999934,spawned_5,20.0,1,139.44687999999582,False,139.44687999999582,False,,False,139.44687999999582,True,camera,vehicle,False,,False,0.0
86.99999999999933,spawned_5,20.0,1,139.44687999999582,False,139.44687999999582,False,,False,139.44687999999582,True,camera,vehicle,False,,False,0.0
87.09999999999933,spawned_5,20.0,1,139.44687999999582,False,139.44687999999582,False,,False,139.44687999999582,True,camera,vehicle,False,,False,0.0
87.19999999999932,spawned_5,20.0,1,139.44687999999582,False,139.44687999999582,False,,False,139.44687999999582,True,camera,vehicle,False,,False,0.0
87.29999999999932,spawned_5,20.0,1,139.44687999999582,False,139.44687999999582,False,,False,139.44687999999582,True,camera,vehicle,False,,False,0.0
87.39999999999931,spawned_5,20.0,1,139.44687999999582,False,139.44687999999582,False,,False,139.44687999999582,True,camera,vehicle,False,,False,0.0
87.4999999999993,spawned_5,20.0,1,139.44687999999582,False,139.44687999999582,False,,False,139.44687999999582,True,camera,vehicle,False,,False,0.0
87.5999999999993,spawned_5,20.0,1,139.44687999999582,False,139.44687999999582,False,,False,139.44687999999582,True,camera,vehicle,False,,False,0.0
87.69999999999929,spawned_5,20.0,1,139.44687999999582,False,139.44687999999582,False,,False,139.44687999999582,True,camera,vehicle,False,,False,0.0
87.79999999999929,spawned_5,20.0,1,139.44687999999582,False,139.44687999999582,False,,False,139.44687999999582,True,camera,vehicle,False,,False,0.0
87.89999999999928,spawned_5,20.0,1,139.44687999999582,False,139.44687999999582,False,,False,139.44687999999582,True,camera,vehicle,False,,False,0.0
87.99999999999928,spawned_5,20.0,1,139.44687999999582,False,139.44687999999582,False,,False,139.44687999999582,True,camera,vehicle,False,,False,0.0
88.09999999999927,spawned_5,20.0,1,139.44687999999582,False,139.44687999999582,False,,False,139.44687999999582,True,camera,vehicle,False,,False,0.0
88.19999999999926,spawned_5,20.0,1,139.44687999999582,False,139.44687999999582,False,,False,139.44687999999582,True,camera,vehicle,False,,False,0.0
88.29999999999926,spawned_5,20.0,1,139.44687999999582,False,139.44687999999582,False,,False,139.44687999999582,True,camera,vehicle,False,,False,0.0
88.39999999999925,spawned_5,20.0,1,139.44687999999582,False,139.44687999999582,False,,False,139.44687999999582,True,camera,vehicle,False,,False,0.0
88.49999999999925,spawned_5,20.0,1,139.44687999999582,False,139.44687999999582,False,,False,139.44687999999582,True,camera,vehicle,False,,False,0.0
88.59999999999924,spawned_5,20.0,1,139.44687999999582,False,139.44687999999582,False,,False,139.44687999999582,True,camera,vehicle,False,,False,0.0
88.69999999999924,spawned_5,20.0,1,139.44687999999582,False,139.44687999999582,False,,False,139.44687999999582,True,camera,vehicle,False,,False,0.0
88.79999999999923,spawned_5,20.0,1,139.44687999999582,False,139.44687999999582,False,,False,139.44687999999582,True,camera,vehicle,False,,False,0.0
88.89999999999922,spawned_5,20.0,1,139.44687999999582,False,139.44687999999582,False,,False,139.44687999999582,True,camera,vehicle,False,,False,0.0
88.99999999999922,spawned_5,20.0,1,139.44687999999582,False,139.44687999999582,False,,False,139.44687999999582,True,camera,vehicle,False,,False,0.0
89.09999999999921,spawned_5,20.0,1,139.44687999999582,False,139.44687999999582,False,,False,139.44687999999582,True,camera,vehicle,False,,False,0.0
89.1999999999992,spawned_5,20.0,1,139.44687999999582,False,139.44687999999582,False,,False,139.44687999999582,True,camera,vehicle,False,,False,0.0
89.2999999999992,spawned_5,20.0,1,139.44687999999582,False,139.44687999999582,False,,False,139.44687999999582,True,camera,vehicle,False,,False,0.0
89.3999999999992,spawned_5,20.0,1,139.44687999999582,False,139.44687999999582,False,,False,139.44687999999582,True,camera,vehicle,False,,False,0.0
89.49999999999919,spawned_5,20.0,1,139.44687999999582,False,139.44687999999582,False,,False,139.44687999999582,True,camera,vehicle,False,,False,0.0
89.59999999999918,spawned_5,20.0,1,139.44687999999582,False,139.44687999999582,False,,False,139.44687999999582,True,camera,vehicle,False,,False,0.0
89.69999999999918,spawned_5,20.0,1,139.44687999999582,False,139.44687999999582,False,,False,139.44687999999582,True,camera,vehicle,False,,False,0.0
89.79999999999917,spawned_5,20.0,1,139.44687999999582,False,139.44687999999582,False,,False,139.44687999999582,True,camera,vehicle,False,,False,0.0
89.89999999999917,spawned_5,20.0,1,139.44687999999582,False,139.44687999999582,False,,False,139.44687999999582,True,camera,vehicle,False,,False,0.0
89.99999999999916,spawned_5,20.0,1,139.44687999999582,False,139.44687999999582,False,,False,139.44687999999582,True,camera,vehicle,False,,False,0.0
90.09999999999916,spawned_5,20.0,1,139.44687999999584,False,139.44687999999584,False,,False,139.44687999999584,True,camera,vehicle,False,,False,0.0
90.19999999999915,spawned_5,20.0,1,139.44687999999587,False,139.44687999999587,False,,False,139.44687999999587,True,camera,vehicle,False,,False,0.0
90.29999999999914,spawned_5,20.0,1,139.4468799999959,False,139.4468799999959,False,,False,139.4468799999959,True,camera,vehicle,False,,False,0.0
90.39999999999914,spawned_5,20.0,1,139.44687999999593,False,139.44687999999593,False,,False,139.44687999999593,True,camera,vehicle,False,,False,0.0
90.49999999999913,spawned_5,20.0,1,139.44687999999596,False,139.44687999999596,False,,False,139.44687999999596,True,camera,vehicle,False,,False,0.0
90.59999999999913,spawned_5,20.0,1,139.44687999999599,False,139.44687999999599,False,,False,139.44687999999599,True,camera,vehicle,False,,False,0.0
90.69999999999912,spawned_5,20.0,1,139.446879999996,False,139.446879999996,False,,False,139.446879999996,True,camera,vehicle,False,,False,0.0
90.79999999999912,spawned_5,20.0,1,139.44687999999604,False,139.44687999999604,False,,False,139.44687999999604,True,camera,vehicle,False,,False,0.0
90.89999999999911,spawned_5,20.0,1,139.44687999999607,False,139.44687999999607,False,,False,139.44687999999607,True,camera,vehicle,False,,False,0.0
90.9999999999991,spawned_5,20.0,1,139.4468799999961,False,139.4468799999961,False,,False,139.4468799999961,True,camera,vehicle,False,,False,0.0
91.0999999999991,spawned_5,20.0,1,139.44687999999613,False,139.44687999999613,False,,False,139.44687999999613,True,camera,vehicle,False,,False,0.0
91.1999999999991,spawned_5,20.0,1,139.44687999999616,False,139.44687999999616,False,,False,139.44687999999616,True,camera,vehicle,False,,False,0.0
91.29999999999909,spawned_5,20.0,1,139.44687999999618,False,139.44687999999618,False,,False,139.44687999999618,True,camera,vehicle,False,,False,0.0
91.39999999999908,spawned_5,20.0,1,139.4468799999962,False,139.4468799999962,False,,False,139.4468799999962,True,camera,vehicle,False,,False,0.0
91.49999999999908,spawned_5,20.0,1,139.44687999999624,False,139.44687999999624,False,,False,139.44687999999624,True,camera,vehicle,False,,False,0.0
91.59999999999907,spawned_5,20.0,1,139.44687999999627,False,139.44687999999627,False,,False,139.44687999999627,True,camera,vehicle,False,,False,0.0
91.69999999999906,spawned_5,20.0,1,139.4468799999963,False,139.4468799999963,False,,False,139.4468799999963,True,camera,vehicle,False,,False,0.0
91.79999999999906,spawned_5,20.0,1,139.44687999999633,False,139.44687999999633,False,,False,139.44687999999633,True,camera,vehicle,False,,False,0.0
91.89999999999905,spawned_5,20.0,1,139.44687999999636,False,139.44687999999636,False,,False,139.44687999999636,True,camera,vehicle,False,,False,0.0
91.99999999999905,spawned_5,20.0,1,139.44687999999638,False,139.44687999999638,False,,False,139.44687999999638,True,camera,vehicle,False,,False,0.0
92.09999999999904,spawned_5,20.0,1,139.4468799999964,False,139.4468799999964,False,,False,139.4468799999964,True,camera,vehicle,False,,False,0.0
92.19999999999904,spawned_5,20.0,1,139.44687999999644,False,139.44687999999644,False,,False,139.44687999999644,True,camera,vehicle,False,,False,0.0
92.29999999999903,spawned_5,20.0,1,139.44687999999647,False,139.44687999999647,False,,False,139.44687999999647,True,camera,vehicle,False,,False,0.0
92.39999999999903,spawned_5,20.0,1,139.4468799999965,False,139.4468799999965,False,,False,139.4468799999965,True,camera,vehicle,False,,False,0.0
92.49999999999902,spawned_5,20.0,1,139.44687999999653,False,139.44687999999653,False,,False,139.44687999999653,True,camera,vehicle,False,,False,0.0
92.59999999999901,spawned_5,20.0,1,139.44687999999655,False,139.44687999999655,False,,False,139.44687999999655,True,camera,vehicle,False,,False,0.0
92.69999999999901,spawned_5,20.0,1,139.44687999999658,False,139.44687999999658,False,,False,139.44687999999658,True,camera,vehicle,False,,False,0.0
92.799999999999,spawned_5,20.0,1,139.4468799999966,False,139.4468799999966,False,,False,139.4468799999966,True,camera,vehicle,False,,False,0.0
92.899999999999,spawned_5,20.0,1,139.44687999999664,False,139.44687999999664,False,,False,139.44687999999664,True,camera,vehicle,False,,False,0.0
92.99999999999899,spawned_5,20.0,1,139.44687999999667,False,139.44687999999667,False,,False,139.44687999999667,True,camera,vehicle,False,,False,0.0
93.09999999999899,spawned_5,20.0,1,139.4468799999967,False,139.4468799999967,False,,False,139.4468799999967,True,camera,vehicle,False,,False,0.0
93.19999999999898,spawned_5,20.0,1,139.44687999999672,False,139.44687999999672,False,,False,139.44687999999672,True,camera,vehicle,False,,False,0.0
93.29999999999897,spawned_5,20.0,1,139.44687999999675,False,139.44687999999675,False,,False,139.44687999999675,True,camera,vehicle,False,,False,0.0
93.39999999999897,spawned_5,20.0,1,139.44687999999678,False,139.44687999999678,False,,False,139.44687999999678,True,camera,vehicle,False,,False,0.0
93.49999999999896,spawned_5,20.0,1,139.4468799999968,False,139.4468799999968,False,,False,139.4468799999968,True,camera,vehicle,False,,False,0.0
93.59999999999896,spawned_5,20.0,1,139.44687999999684,False,139.44687999999684,False,,False,139.44687999999684,True,camera,vehicle,False,,False,0.0
93.69999999999895,spawned_5,20.0,1,139.44687999999687,False,139.44687999999687,False,,False,139.44687999999687,True,camera,vehicle,False,,False,0.0
93.79999999999895,spawned_5,20.0,1,139.4468799999969,False,139.4468799999969,False,,False,139.4468799999969,True,camera,vehicle,False,,False,0.0
93.89999999999894,spawned_5,20.0,1,139.44687999999692,False,139.44687999999692,False,,False,139.44687999999692,True,camera,vehicle,False,,False,0.0
93.99999999999893,spawned_5,20.0,1,139.44687999999695,False,139.44687999999695,False,,False,139.44687999999695,True,camera,vehicle,False,,False,0.0
94.09999999999893,spawned_5,20.0,1,139.44687999999698,False,139.44687999999698,False,,False,139.44687999999698,True,camera,vehicle,False,,False,0.0
94.19999999999892,spawned_5,20.0,1,139.446879999997,False,139.446879999997,False,,False,139.446879999997,True,camera,vehicle,False,,False,0.0
94.29999999999892,spawned_5,20.0,1,139.44687999999704,False,139.44687999999704,False,,False,139.44687999999704,True,camera,vehicle,False,,False,0.0
94.39999999999891,spawned_5,20.0,1,139.44687999999707,False,139.44687999999707,False,,False,139.44687999999707,True,camera,vehicle,False,,False,0.0
94.4999999999989,spawned_5,20.0,1,139.4468799999971,False,139.4468799999971,False,,False,139.4468799999971,True,camera,vehicle,False,,False,0.0
94.5999999999989,spawned_5,20.0,1,139.44687999999712,False,139.44687999999712,False,,False,139.44687999999712,True,camera,vehicle,False,,False,0.0
94.6999999999989,spawned_5,20.0,1,139.44687999999715,False,139.44687999999715,False,,False,139.44687999999715,True,camera,vehicle,False,,False,0.0
94.79999999999889,spawned_5,20.0,1,139.44687999999718,False,139.44687999999718,False,,False,139.44687999999718,True,camera,vehicle,False,,False,0.0
94.89999999999888,spawned_5,20.0,1,139.4468799999972,False,139.4468799999972,False,,False,139.4468799999972,True,camera,vehicle,False,,False,0.0
94.99999999999888,spawned_5,20.0,1,139.44687999999724,False,139.44687999999724,False,,False,139.44687999999724,True,camera,vehicle,False,,False,0.0
95.09999999999887,spawned_5,20.0,1,139.44687999999726,False,139.44687999999726,False,,False,139.44687999999726,True,camera,vehicle,False,,False,0.0
95.19999999999887,spawned_5,20.0,1,139.4468799999973,False,139.4468799999973,False,,False,139.4468799999973,True,camera,vehicle,False,,False,0.0
95.29999999999886,spawned_5,20.0,1,139.44687999999732,False,139.44687999999732,False,,False,139.44687999999732,True,camera,vehicle,False,,False,0.0
95.39999999999885,spawned_5,20.0,1,139.44687999999735,False,139.44687999999735,False,,False,139.44687999999735,True,camera,vehicle,False,,False,0.0
95.49999999999885,spawned_5,20.0,1,139.44687999999738,False,139.44687999999738,False,,False,139.44687999999738,True,camera,vehicle,False,,False,0.0
95.59999999999884,spawned_5,20.0,1,139.4468799999974,False,139.4468799999974,False,,False,139.4468799999974,True,camera,vehicle,False,,False,0.0
95.69999999999884,spawned_5,20.0,1,139.44687999999744,False,139.44687999999744,False,,False,139.44687999999744,True,camera,vehicle,False,,False,0.0
95.79999999999883,spawned_5,20.0,1,139.44687999999746,False,139.44687999999746,False,,False,139.44687999999746,True,camera,vehicle,False,,False,0.0
95.89999999999883,spawned_5,20.0,1,139.4468799999975,False,139.4468799999975,False,,False,139.4468799999975,True,camera,vehicle,False,,False,0.0
95.99999999999882,spawned_5,20.0,1,139.44687999999752,False,139.44687999999752,False,,False,139.44687999999752,True,camera,vehicle,False,,False,0.0
96.09999999999881,spawned_5,20.0,1,139.44687999999755,False,139.44687999999755,False,,False,139.44687999999755,True,camera,vehicle,False,,False,0.0
96.19999999999881,spawned_5,20.0,1,139.44687999999758,False,139.44687999999758,False,,False,139.44687999999758,True,camera,vehicle,False,,False,0.0
96.2999999999988,spawned_5,20.0,1,139.4468799999976,False,139.4468799999976,False,,False,139.4468799999976,True,camera,vehicle,False,,False,0.0
96.3999999999988,spawned_5,20.0,1,139.44687999999763,False,139.44687999999763,False,,False,139.44687999999763,True,camera,vehicle,False,,False,0.0
96.49999999999879,spawned_5,20.0,1,139.44687999999766,False,139.44687999999766,False,,False,139.44687999999766,True,camera,vehicle,False,,False,0.0
96.59999999999879,spawned_5,20.0,1,139.4468799999977,False,139.4468799999977,False,,False,139.4468799999977,True,camera,vehicle,False,,False,0.0
96.69999999999878,spawned_5,20.0,1,139.44687999999772,False,139.44687999999772,False,,False,139.44687999999772,True,camera,vehicle,False,,False,0.0
96.79999999999878,spawned_5,20.0,1,139.44687999999775,False,139.44687999999775,False,,False,139.44687999999775,True,camera,vehicle,False,,False,0.0
96.89999999999877,spawned_5,20.0,1,139.44687999999778,False,139.44687999999778,False,,False,139.44687999999778,True,camera,vehicle,False,,False,0.0
96.99999999999876,spawned_5,20.0,1,139.4468799999978,False,139.4468799999978,False,,False,139.4468799999978,True,camera,vehicle,False,,False,0.0
97.09999999999876,spawned_5,20.0,1,139.44687999999783,False,139.44687999999783,False,,False,139.44687999999783,True,camera,vehicle,False,,False,0.0
97.19999999999875,spawned_5,20.0,1,139.44687999999786,False,139.44687999999786,False,,False,139.44687999999786,True,camera,vehicle,False,,False,0.0
97.29999999999875,spawned_5,20.0,1,139.4468799999979,False,139.4468799999979,False,,False,139.4468799999979,True,camera,vehicle,False,,False,0.0
97.39999999999874,spawned_5,20.0,1,139.44687999999792,False,139.44687999999792,False,,False,139.44687999999792,True,camera,vehicle,False,,False,0.0
97.49999999999874,spawned_5,20.0,1,139.44687999999795,False,139.44687999999795,False,,False,139.44687999999795,True,camera,vehicle,False,,False,0.0
97.59999999999873,spawned_5,20.0,1,139.44687999999798,False,139.44687999999798,False,,False,139.44687999999798,True,camera,vehicle,False,,False,0.0
97.69999999999872,spawned_5,20.0,1,139.446879999998,False,139.446879999998,False,,False,139.446879999998,True,camera,vehicle,False,,False,0.0
97.79999999999872,spawned_5,20.0,1,139.44687999999803,False,139.44687999999803,False,,False,139.44687999999803,True,camera,vehicle,False,,False,0.0
97.89999999999871,spawned_5,20.0,1,139.44687999999806,False,139.44687999999806,False,,False,139.44687999999806,True,camera,vehicle,False,,False,0.0
97.9999999999987,spawned_5,20.0,1,139.4468799999981,False,139.4468799999981,False,,False,139.4468799999981,True,camera,vehicle,False,,False,0.0
98.0999999999987,spawned_5,20.0,1,139.44687999999812,False,139.44687999999812,False,,False,139.44687999999812,True,camera,vehicle,False,,False,0.0
98.1999999999987,spawned_5,20.0,1,139.44687999999815,False,139.44687999999815,False,,False,139.44687999999815,True,camera,vehicle,False,,False,0.0
98.29999999999869,spawned_5,20.0,1,139.44687999999817,False,139.44687999999817,False,,False,139.44687999999817,True,camera,vehicle,False,,False,0.0
98.39999999999868,spawned_5,20.0,1,139.4468799999982,False,139.4468799999982,False,,False,139.4468799999982,True,camera,vehicle,False,,False,0.0
98.49999999999868,spawned_5,20.0,1,139.44687999999823,False,139.44687999999823,False,,False,139.44687999999823,True,camera,vehicle,False,,False,0.0
98.59999999999867,spawned_5,20.0,1,139.44687999999826,False,139.44687999999826,False,,False,139.44687999999826,True,camera,vehicle,False,,False,0.0
98.69999999999867,spawned_5,20.0,1,139.4468799999983,False,139.4468799999983,False,,False,139.4468799999983,True,camera,vehicle,False,,False,0.0
98.79999999999866,spawned_5,20.0,1,139.44687999999832,False,139.44687999999832,False,,False,139.44687999999832,True,camera,vehicle,False,,False,0.0
98.89999999999866,spawned_5,20.0,1,139.44687999999834,False,139.44687999999834,False,,False,139.44687999999834,True,camera,vehicle,False,,False,0.0
98.99999999999865,spawned_5,20.0,1,139.44687999999837,False,139.44687999999837,False,,False,139.44687999999837,True,camera,vehicle,False,,False,0.0
99.09999999999864,spawned_5,20.0,1,139.4468799999984,False,139.4468799999984,False,,False,139.4468799999984,True,camera,vehicle,False,,False,0.0
99.19999999999864,spawned_5,20.0,1,139.44687999999843,False,139.44687999999843,False,,False,139.44687999999843,True,camera,vehicle,False,,False,0.0
99.29999999999863,spawned_5,20.0,1,139.44687999999846,False,139.44687999999846,False,,False,139.44687999999846,True,camera,vehicle,False,,False,0.0
99.39999999999863,spawned_5,20.0,1,139.4468799999985,False,139.4468799999985,False,,False,139.4468799999985,True,camera,vehicle,False,,False,0.0
99.49999999999862,spawned_5,20.0,1,139.44687999999852,False,139.44687999999852,False,,False,139.44687999999852,True,camera,vehicle,False,,False,0.0
99.59999999999862,spawned_5,20.0,1,139.44687999999854,False,139.44687999999854,False,,False,139.44687999999854,True,camera,vehicle,False,,False,0.0
99.69999999999861,spawned_5,20.0,1,139.44687999999857,False,139.44687999999857,False,,False,139.44687999999857,True,camera,vehicle,False,,False,0.0
99.7999999999986,spawned_5,20.0,1,139.4468799999986,False,139.4468799999986,False,,False,139.4468799999986,True,camera,vehicle,False,,False,0.0
99.8999999999986,spawned_5,20.0,1,139.44687999999863,False,139.44687999999863,False,,False,139.44687999999863,True,camera,vehicle,False,,False,0.0
99.9999999999986,spawned_5,20.0,1,139.44687999999866,False,139.44687999999866,False,,False,139.44687999999866,True,camera,vehicle,False,,False,0.0
100.09999999999859,spawned_5,20.0,1,139.44687999999869,False,139.44687999999869,False,,False,139.44687999999869,True,camera,vehicle,False,,False,0.0
100.19999999999858,spawned_5,20.0,1,139.4468799999987,False,139.4468799999987,False,,False,139.4468799999987,True,camera,vehicle,False,,False,0.0
100.29999999999858,spawned_5,20.0,1,139.44687999999874,False,139.44687999999874,False,,False,139.44687999999874,True,camera,vehicle,False,,False,0.0
100.39999999999857,spawned_5,20.0,1,139.44687999999877,False,139.44687999999877,False,,False,139.44687999999877,True,camera,vehicle,False,,False,0.0
100.49999999999856,spawned_5,20.0,1,139.4468799999988,False,139.4468799999988,False,,False,139.4468799999988,True,camera,vehicle,False,,False,0.0
100.59999999999856,spawned_5,20.0,1,139.44687999999883,False,139.44687999999883,False,,False,139.44687999999883,True,camera,vehicle,False,,False,0.0
100.69999999999855,spawned_5,20.0,1,139.44687999999886,False,139.44687999999886,False,,False,139.44687999999886,True,camera,vehicle,False,,False,0.0
100.79999999999855,spawned_5,20.0,1,139.44687999999888,False,139.44687999999888,False,,False,139.44687999999888,True,camera,vehicle,False,,False,0.0
100.89999999999854,spawned_5,20.0,1,139.4468799999989,False,139.4468799999989,False,,False,139.4468799999989,True,camera,vehicle,False,,False,0.0
100.99999999999854,spawned_5,20.0,1,139.44687999999894,False,139.44687999999894,False,,False,139.44687999999894,True,camera,vehicle,False,,False,0.0
101.09999999999853,spawned_5,20.0,1,139.44687999999897,False,139.44687999999897,False,,False,139.44687999999897,True,camera,vehicle,False,,False,0.0
101.19999999999852,spawned_5,20.0,1,139.446879999999,False,139.446879999999,False,,False,139.446879999999,True,camera,vehicle,False,,False,0.0
101.29999999999852,spawned_5,20.0,1,139.44687999999903,False,139.44687999999903,False,,False,139.44687999999903,True,camera,vehicle,False,,False,0.0
101.39999999999851,spawned_5,20.0,1,139.44687999999906,False,139.44687999999906,False,,False,139.44687999999906,True,camera,vehicle,False,,False,0.0
101.49999999999851,spawned_5,20.0,1,139.44687999999908,False,139.44687999999908,False,,False,139.44687999999908,True,camera,vehicle,False,,False,0.0
101.5999999999985,spawned_5,20.0,1,139.4468799999991,False,139.4468799999991,False,,False,139.4468799999991,True,camera,vehicle,False,,False,0.0
101.6999999999985,spawned_5,20.0,1,139.44687999999914,False,139.44687999999914,False,,False,139.44687999999914,True,camera,vehicle,False,,False,0.0
101.79999999999849,spawned_5,20.0,1,139.44687999999917,False,139.44687999999917,False,,False,139.44687999999917,True,camera,vehicle,False,,False,0.0
101.89999999999849,spawned_5,20.0,1,139.4468799999992,False,139.4468799999992,False,,False,139.4468799999992,True,camera,vehicle,False,,False,0.0
101.99999999999848,spawned_5,20.0,1,139.44687999999923,False,139.44687999999923,False,,False,139.44687999999923,True,camera,vehicle,False,,False,0.0
102.09999999999847,spawned_5,20.0,1,139.44687999999925,False,139.44687999999925,False,,False,139.44687999999925,True,camera,vehicle,False,,False,0.0
102.19999999999847,spawned_5,20.0,1,139.44687999999928,False,139.44687999999928,False,,False,139.44687999999928,True,camera,vehicle,False,,False,0.0
102.29999999999846,spawned_5,20.0,1,139.4468799999993,False,139.4468799999993,False,,False,139.4468799999993,True,camera,vehicle,False,,False,0.0
102.39999999999846,spawned_5,20.0,1,139.44687999999934,False,139.44687999999934,False,,False,139.44687999999934,True,camera,vehicle,False,,False,0.0
102.49999999999845,spawned_5,20.0,1,139.44687999999937,False,139.44687999999937,False,,False,139.44687999999937,True,camera,vehicle,False,,False,0.0
102.59999999999845,spawned_5,20.0,1,139.4468799999994,False,139.4468799999994,False,,False,139.4468799999994,True,camera,vehicle,False,,False,0.0
102.69999999999844,spawned_5,20.0,1,139.44687999999942,False,139.44687999999942,False,,False,139.44687999999942,True,camera,vehicle,False,,False,0.0
102.79999999999843,spawned_5,20.0,1,139.44687999999945,False,139.44687999999945,False,,False,139.44687999999945,True,camera,vehicle,False,,False,0.0
102.89999999999843,spawned_5,20.0,1,139.44687999999948,False,139.44687999999948,False,,False,139.44687999999948,True,camera,vehicle,False,,False,0.0
102.99999999999842,spawned_5,20.0,1,139.4468799999995,False,139.4468799999995,False,,False,139.4468799999995,True,camera,vehicle,False,,False,0.0
103.09999999999842,spawned_5,20.0,1,139.44687999999954,False,139.44687999999954,False,,False,139.44687999999954,True,camera,vehicle,False,,False,0.0
103.19999999999841,spawned_5,20.0,1,139.44687999999957,False,139.44687999999957,False,,False,139.44687999999957,True,camera,vehicle,False,,False,0.0
103.2999999999984,spawned_5,20.0,1,139.4468799999996,False,139.4468799999996,False,,False,139.4468799999996,True,camera,vehicle,False,,False,0.0
103.3999999999984,spawned_5,20.0,1,139.44687999999962,False,139.44687999999962,False,,False,139.44687999999962,True,camera,vehicle,False,,False,0.0
103.4999999999984,spawned_5,20.0,1,139.44687999999965,False,139.44687999999965,False,,False,139.44687999999965,True,camera,vehicle,False,,False,0.0
103.59999999999839,spawned_5,20.0,1,139.44687999999968,False,139.44687999999968,False,,False,139.44687999999968,True,camera,vehicle,False,,False,0.0
103.69999999999838,spawned_5,20.0,1,139.4468799999997,False,139.4468799999997,False,,False,139.4468799999997,True,camera,vehicle,False,,False,0.0
103.79999999999838,spawned_5,20.0,1,139.44687999999974,False,139.44687999999974,False,,False,139.44687999999974,True,camera,vehicle,False,,False,0.0
103.89999999999837,spawned_5,20.0,1,139.44687999999977,False,139.44687999999977,False,,False,139.44687999999977,True,camera,vehicle,False,,False,0.0
103.99999999999837,spawned_5,20.0,1,139.4468799999998,False,139.4468799999998,False,,False,139.4468799999998,True,camera,vehicle,False,,False,0.0
104.09999999999836,spawned_5,20.0,1,139.44687999999982,False,139.44687999999982,False,,False,139.44687999999982,True,camera,vehicle,False,,False,0.0
104.19999999999835,spawned_5,20.0,1,139.44687999999985,False,139.44687999999985,False,,False,139.44687999999985,True,camera,vehicle,False,,False,0.0
104.29999999999835,spawned_5,20.0,1,139.44687999999988,False,139.44687999999988,False,,False,139.44687999999988,True,camera,vehicle,False,,False,0.0
104.39999999999834,spawned_5,20.0,1,139.4468799999999,False,139.4468799999999,False,,False,139.4468799999999,True,camera,vehicle,False,,False,0.0
104.49999999999834,spawned_5,20.0,1,139.44687999999994,False,139.44687999999994,False,,False,139.44687999999994,True,camera,vehicle,False,,False,0.0
104.59999999999833,spawned_5,20.0,1,139.44687999999996,False,139.44687999999996,False,,False,139.44687999999996,True,camera,vehicle,False,,False,0.0
104.69999999999833,spawned_5,20.0,1,139.44688,False,139.44688,False,,False,139.44688,True,camera,vehicle,False,,False,0.0
104.79999999999832,spawned_5,20.0,1,139.44688000000002,False,139.44688000000002,False,,False,139.44688000000002,True,camera,vehicle,False,,False,0.0
104.89999999999831,spawned_5,20.0,1,139.44688000000005,False,139.44688000000005,False,,False,139.44688000000005,True,camera,vehicle,False,,False,0.0
104.99999999999831,spawned_5,20.0,1,139.44688000000008,False,139.44688000000008,False,,False,139.44688000000008,True,camera,vehicle,False,,False,0.0
105.0999999999983,spawned_5,20.0,1,139.4468800000001,False,139.4468800000001,False,,False,139.4468800000001,True,camera,vehicle,False,,False,0.0
105.1999999999983,spawned_5,20.0,1,139.44688000000014,False,139.44688000000014,False,,False,139.44688000000014,True,camera,vehicle,False,,False,0.0
105.29999999999829,spawned_5,20.0,1,139.44688000000016,False,139.44688000000016,False,,False,139.44688000000016,True,camera,vehicle,False,,False,0.0
105.39999999999829,spawned_5,20.0,1,139.4468800000002,False,139.4468800000002,False,,False,139.4468800000002,True,camera,vehicle,False,,False,0.0
105.49999999999828,spawned_5,20.0,1,139.44688000000022,False,139.44688000000022,False,,False,139.44688000000022,True,camera,vehicle,False,,False,0.0
105.59999999999827,spawned_5,20.0,1,139.44688000000025,False,139.44688000000025,False,,False,139.44688000000025,True,camera,vehicle,False,,False,0.0
105.69999999999827,spawned_5,20.0,1,139.44688000000028,False,139.44688000000028,False,,False,139.44688000000028,True,camera,vehicle,False,,False,0.0
105.79999999999826,spawned_5,20.0,1,139.4468800000003,False,139.4468800000003,False,,False,139.4468800000003,True,camera,vehicle,False,,False,0.0
105.89999999999826,spawned_5,20.0,1,139.44688000000033,False,139.44688000000033,False,,False,139.44688000000033,True,camera,vehicle,False,,False,0.0
105.99999999999825,spawned_5,20.0,1,139.44688000000036,False,139.44688000000036,False,,False,139.44688000000036,True,camera,vehicle,False,,False,0.0
106.09999999999825,spawned_5,20.0,1,139.4468800000004,False,139.4468800000004,False,,False,139.4468800000004,True,camera,vehicle,False,,False,0.0
106.19999999999824,spawned_5,20.0,1,139.4468800000004,False,139.4468800000004,False,,False,139.4468800000004,True,camera,vehicle,False,,False,0.0
106.29999999999824,spawned_5,20.0,1,139.4468800000004,False,139.4468800000004,False,,False,139.4468800000004,True,camera,vehicle,False,,False,0.0
106.39999999999823,spawned_5,20.0,1,139.4468800000004,False,139.4468800000004,False,,False,139.4468800000004,True,camera,vehicle,False,,False,0.0
106.49999999999822,spawned_5,20.0,1,139.4468800000004,False,139.4468800000004,False,,False,139.4468800000004,True,camera,vehicle,False,,False,0.0
106.59999999999822,spawned_5,20.0,1,139.4468800000004,False,139.4468800000004,False,,False,139.4468800000004,True,camera,vehicle,False,,False,0.0
106.69999999999821,spawned_5,20.0,1,139.4468800000004,False,139.4468800000004,False,,False,139.4468800000004,True,camera,vehicle,False,,False,0.0
106.7999999999982,spawned_5,20.0,1,139.4468800000004,False,139.4468800000004,False,,False,139.4468800000004,True,camera,vehicle,False,,False,0.0
106.8999999999982,spawned_5,20.0,1,139.4468800000004,False,139.4468800000004,False,,False,139.4468800000004,True,camera,vehicle,False,,False,0.0
106.9999999999982,spawned_5,20.0,1,139.4468800000004,False,139.4468800000004,False,,False,139.4468800000004,True,camera,vehicle,False,,False,0.0
107.09999999999819,spawned_5,20.0,1,139.4468800000004,False,139.4468800000004,False,,False,139.4468800000004,True,camera,vehicle,False,,False,0.0
107.19999999999818,spawned_5,20.0,1,139.4468800000004,False,139.4468800000004,False,,False,139.4468800000004,True,camera,vehicle,False,,False,0.0
107.29999999999818,spawned_5,20.0,1,139.4468800000004,False,139.4468800000004,False,,False,139.4468800000004,True,camera,vehicle,False,,False,0.0
107.39999999999817,spawned_5,20.0,1,139.4468800000004,False,139.4468800000004,False,,False,139.4468800000004,True,camera,vehicle,False,,False,0.0
107.49999999999817,spawned_5,20.0,1,139.4468800000004,False,139.4468800000004,False,,False,139.4468800000004,True,camera,vehicle,False,,False,0.0
107.59999999999816,spawned_5,20.0,1,139.4468800000004,False,139.4468800000004,False,,False,139.4468800000004,True,camera,vehicle,False,,False,0.0
107.69999999999816,spawned_5,20.0,1,139.4468800000004,False,139.4468800000004,False,,False,139.4468800000004,True,camera,vehicle,False,,False,0.0
107.79999999999815,spawned_5,20.0,1,139.4468800000004,False,139.4468800000004,False,,False,139.4468800000004,True,camera,vehicle,False,,False,0.0
107.89999999999814,spawned_5,20.0,1,139.4468800000004,False,139.4468800000004,False,,False,139.4468800000004,True,camera,vehicle,False,,False,0.0
107.99999999999814,spawned_5,20.0,1,139.4468800000004,False,139.4468800000004,False,,False,139.4468800000004,True,camera,vehicle,False,,False,0.0
108.09999999999813,spawned_5,20.0,1,139.4468800000004,False,139.4468800000004,False,,False,139.4468800000004,True,camera,vehicle,False,,False,0.0
108.19999999999813,spawned_5,20.0,1,139.4468800000004,False,139.4468800000004,False,,False,139.4468800000004,True,camera,vehicle,False,,False,0.0
108.29999999999812,spawned_5,20.0,1,139.4468800000004,False,139.4468800000004,False,,False,139.4468800000004,True,camera,vehicle,False,,False,0.0
108.39999999999812,spawned_5,20.0,1,139.4468800000004,False,139.4468800000004,False,,False,139.4468800000004,True,camera,vehicle,False,,False,0.0
108.49999999999811,spawned_5,20.0,1,139.4468800000004,False,139.4468800000004,False,,False,139.4468800000004,True,camera,vehicle,False,,False,0.0
108.5999999999981,spawned_5,20.0,1,139.4468800000004,False,139.4468800000004,False,,False,139.4468800000004,True,camera,vehicle,False,,False,0.0
108.6999999999981,spawned_5,20.0,1,139.4468800000004,False,139.4468800000004,False,,False,139.4468800000004,True,camera,vehicle,False,,False,0.0
108.7999999999981,spawned_5,20.0,1,139.4468800000004,False,139.4468800000004,False,,False,139.4468800000004,True,camera,vehicle,False,,False,0.0
108.89999999999809,spawned_5,20.0,1,139.4468800000004,False,139.4468800000004,False,,False,139.4468800000004,True,camera,vehicle,False,,False,0.0
108.99999999999808,spawned_5,20.0,1,139.4468800000004,False,139.4468800000004,False,,False,139.4468800000004,True,camera,vehicle,False,,False,0.0
109.09999999999808,spawned_5,20.0,1,139.4468800000004,False,139.4468800000004,False,,False,139.4468800000004,True,camera,vehicle,False,,False,0.0
109.19999999999807,spawned_5,20.0,1,139.4468800000004,False,139.4468800000004,False,,False,139.4468800000004,True,camera,vehicle,False,,False,0.0
109.29999999999806,spawned_5,20.0,1,139.4468800000004,False,139.4468800000004,False,,False,139.4468800000004,True,camera,vehicle,False,,False,0.0
109.39999999999806,spawned_5,20.0,1,139.4468800000004,False,139.4468800000004,False,,False,139.4468800000004,True,camera,vehicle,False,,False,0.0
109.49999999999805,spawned_5,20.0,1,139.4468800000004,False,139.4468800000004,False,,False,139.4468800000004,True,camera,vehicle,False,,False,0.0
109.59999999999805,spawned_5,20.0,1,139.4468800000004,False,139.4468800000004,False,,False,139.4468800000004,True,camera,vehicle,False,,False,0.0
109.69999999999804,spawned_5,20.0,1,139.4468800000004,False,139.4468800000004,False,,False,139.4468800000004,True,camera,vehicle,False,,False,0.0
109.79999999999804,spawned_5,20.0,1,139.4468800000004,False,139.4468800000004,False,,False,139.4468800000004,True,camera,vehicle,False,,False,0.0
109.89999999999803,spawned_5,20.0,1,139.4468800000004,False,139.4468800000004,False,,False,139.4468800000004,True,camera,vehicle,False,,False,0.0
109.99999999999802,spawned_5,20.0,1,139.4468800000004,False,139.4468800000004,False,,False,139.4468800000004,True,camera,vehicle,False,,False,0.0
110.09999999999802,spawned_5,20.0,1,139.4468800000004,False,139.4468800000004,False,,False,139.4468800000004,True,camera,vehicle,False,,False,0.0
110.19999999999801,spawned_5,20.0,1,139.4468800000004,False,139.4468800000004,False,,False,139.4468800000004,True,camera,vehicle,False,,False,0.0
110.29999999999801,spawned_5,20.0,1,139.4468800000004,False,139.4468800000004,False,,False,139.4468800000004,True,camera,vehicle,False,,False,0.0
110.399999999998,spawned_5,20.0,1,139.4468800000004,False,139.4468800000004,False,,False,139.4468800000004,True,camera,vehicle,False,,False,0.0
110.499999999998,spawned_5,20.0,1,139.4468800000004,False,139.4468800000004,False,,False,139.4468800000004,True,camera,vehicle,False,,False,0.0
110.59999999999799,spawned_5,20.0,1,139.4468800000004,False,139.4468800000004,False,,False,139.4468800000004,True,camera,vehicle,False,,False,0.0
110.69999999999798,spawned_5,20.0,1,139.4468800000004,False,139.4468800000004,False,,False,139.4468800000004,True,camera,vehicle,False,,False,0.0
110.79999999999798,spawned_5,20.0,1,139.4468800000004,False,139.4468800000004,False,,False,139.4468800000004,True,camera,vehicle,False,,False,0.0
110.89999999999797,spawned_5,20.0,1,139.4468800000004,False,139.4468800000004,False,,False,139.4468800000004,True,camera,vehicle,False,,False,0.0
110.99999999999797,spawned_5,20.0,1,139.4468800000004,False,139.4468800000004,False,,False,139.4468800000004,True,camera,vehicle,False,,False,0.0
111.09999999999796,spawned_5,20.0,1,139.4468800000004,False,139.4468800000004,False,,False,139.4468800000004,True,camera,vehicle,False,,False,0.0
111.19999999999796,spawned_5,20.0,1,139.4468800000004,False,139.4468800000004,False,,False,139.4468800000004,True,camera,vehicle,False,,False,0.0
111.29999999999795,spawned_5,20.0,1,139.4468800000004,False,139.4468800000004,False,,False,139.4468800000004,True,camera,vehicle,False,,False,0.0
111.39999999999795,spawned_5,20.0,1,139.4468800000004,False,139.4468800000004,False,,False,139.4468800000004,True,camera,vehicle,False,,False,0.0
111.49999999999794,spawned_5,20.0,1,139.4468800000004,False,139.4468800000004,False,,False,139.4468800000004,True,camera,vehicle,False,,False,0.0
111.59999999999793,spawned_5,20.0,1,139.4468800000004,False,139.4468800000004,False,,False,139.4468800000004,True,camera,vehicle,False,,False,0.0
111.69999999999793,spawned_5,20.0,1,139.4468800000004,False,139.4468800000004,False,,False,139.4468800000004,True,camera,vehicle,False,,False,0.0
111.79999999999792,spawned_5,20.0,1,139.4468800000004,False,139.4468800000004,False,,False,139.4468800000004,True,camera,vehicle,False,,False,0.0
111.89999999999792,spawned_5,20.0,1,139.4468800000004,False,139.4468800000004,False,,False,139.4468800000004,True,camera,vehicle,False,,False,0.0
111.99999999999791,spawned_5,20.0,1,139.4468800000004,False,139.4468800000004,False,,False,139.4468800000004,True,camera,vehicle,False,,False,0.0
112.0999999999979,spawned_5,20.0,1,139.4468800000004,False,139.4468800000004,False,,False,139.4468800000004,True,camera,vehicle,False,,False,0.0
112.1999999999979,spawned_5,20.0,1,139.4468800000004,False,139.4468800000004,False,,False,139.4468800000004,True,camera,vehicle,False,,False,0.0
112.2999999999979,spawned_5,20.0,1,139.4468800000004,False,139.4468800000004,False,,False,139.4468800000004,True,camera,vehicle,False,,False,0.0
112.39999999999789,spawned_5,20.0,1,139.4468800000004,False,139.4468800000004,False,,False,139.4468800000004,True,camera,vehicle,False,,False,0.0
112.49999999999788,spawned_5,20.0,1,139.4468800000004,False,139.4468800000004,False,,False,139.4468800000004,True,camera,vehicle,False,,False,0.0
112.59999999999788,spawned_5,20.0,1,139.4468800000004,False,139.4468800000004,False,,False,139.4468800000004,True,camera,vehicle,False,,False,0.0
112.69999999999787,spawned_5,20.0,1,139.4468800000004,False,139.4468800000004,False,,False,139.4468800000004,True,camera,vehicle,False,,False,0.0
112.79999999999787,spawned_5,20.0,1,139.4468800000004,False,139.4468800000004,False,,False,139.4468800000004,True,camera,vehicle,False,,False,0.0
112.89999999999786,spawned_5,20.0,1,139.4468800000004,False,139.4468800000004,False,,False,139.4468800000004,True,camera,vehicle,False,,False,0.0
112.99999999999785,spawned_5,20.0,1,139.4468800000004,False,139.4468800000004,False,,False,139.4468800000004,True,camera,vehicle,False,,False,0.0
113.09999999999785,spawned_5,20.0,1,139.4468800000004,False,139.4468800000004,False,,False,139.4468800000004,True,camera,vehicle,False,,False,0.0
113.19999999999784,spawned_5,20.0,1,139.4468800000004,False,139.4468800000004,False,,False,139.4468800000004,True,camera,vehicle,False,,False,0.0
113.29999999999784,spawned_5,20.0,1,139.4468800000004,False,139.4468800000004,False,,False,139.4468800000004,True,camera,vehicle,False,,False,0.0
113.39999999999783,spawned_5,20.0,1,139.4468800000004,False,139.4468800000004,False,,False,139.4468800000004,True,camera,vehicle,False,,False,0.0
113.49999999999783,spawned_5,20.0,1,139.4468800000004,False,139.4468800000004,False,,False,139.4468800000004,True,camera,vehicle,False,,False,0.0
113.59999999999782,spawned_5,20.0,1,139.4468800000004,False,139.4468800000004,False,,False,139.4468800000004,True,camera,vehicle,False,,False,0.0
113.69999999999781,spawned_5,20.0,1,139.4468800000004,False,139.4468800000004,False,,False,139.4468800000004,True,camera,vehicle,False,,False,0.0
113.79999999999781,spawned_5,20.0,1,139.4468800000004,False,139.4468800000004,False,,False,139.4468800000004,True,camera,vehicle,False,,False,0.0
113.8999999999978,spawned_5,20.0,1,139.4468800000004,False,139.4468800000004,False,,False,139.4468800000004,True,camera,vehicle,False,,False,0.0
113.9999999999978,spawned_5,20.0,1,139.4468800000004,False,139.4468800000004,False,,False,139.4468800000004,True,camera,vehicle,False,,False,0.0
114.09999999999779,spawned_5,20.0,1,139.4468800000004,False,139.4468800000004,False,,False,139.4468800000004,True,camera,vehicle,False,,False,0.0
114.19999999999779,spawned_5,20.0,1,139.4468800000004,False,139.4468800000004,False,,False,139.4468800000004,True,camera,vehicle,False,,False,0.0
114.29999999999778,spawned_5,20.0,1,139.4468800000004,False,139.4468800000004,False,,False,139.4468800000004,True,camera,vehicle,False,,False,0.0
114.39999999999777,spawned_5,20.0,1,139.4468800000004,False,139.4468800000004,False,,False,139.4468800000004,True,camera,vehicle,False,,False,0.0
114.49999999999777,spawned_5,20.0,1,139.4468800000004,False,139.4468800000004,False,,False,139.4468800000004,True,camera,vehicle,False,,False,0.0
114.59999999999776,spawned_5,20.0,1,139.4468800000004,False,139.4468800000004,False,,False,139.4468800000004,True,camera,vehicle,False,,False,0.0
114.69999999999776,spawned_5,20.0,1,139.4468800000004,False,139.4468800000004,False,,False,139.4468800000004,True,camera,vehicle,False,,False,0.0
114.79999999999775,spawned_5,20.0,1,139.4468800000004,False,139.4468800000004,False,,False,139.4468800000004,True,camera,vehicle,False,,False,0.0
114.89999999999775,spawned_5,20.0,1,139.4468800000004,False,139.4468800000004,False,,False,139.4468800000004,True,camera,vehicle,False,,False,0.0
114.99999999999774,spawned_5,20.0,1,139.4468800000004,False,139.4468800000004,False,,False,139.4468800000004,True,camera,vehicle,False,,False,0.0
115.09999999999773,spawned_5,20.0,1,139.4468800000004,False,139.4468800000004,False,,False,139.4468800000004,True,camera,vehicle,False,,False,0.0
115.19999999999773,spawned_5,20.0,1,139.4468800000004,False,139.4468800000004,False,,False,139.4468800000004,True,camera,vehicle,False,,False,0.0
115.29999999999772,spawned_5,20.0,1,139.4468800000004,False,139.4468800000004,False,,False,139.4468800000004,True,camera,vehicle,False,,False,0.0
115.39999999999772,spawned_5,20.0,1,139.44688000000036,False,139.44688000000036,False,,False,139.44688000000036,True,camera,vehicle,False,,False,0.0
115.49999999999771,spawned_5,20.0,1,139.44688000000036,False,139.44688000000036,False,,False,139.44688000000036,True,camera,vehicle,False,,False,0.0
115.5999999999977,spawned_5,20.0,1,139.44688000000036,False,139.44688000000036,False,,False,139.44688000000036,True,camera,vehicle,False,,False,0.0
115.6999999999977,spawned_5,20.0,1,139.44688000000036,False,139.44688000000036,False,,False,139.44688000000036,True,camera,vehicle,False,,False,0.0
115.7999999999977,spawned_5,20.0,1,139.44688000000036,False,139.44688000000036,False,,False,139.44688000000036,True,camera,vehicle,False,,False,0.0
115.89999999999769,spawned_5,20.0,1,139.44688000000036,False,139.44688000000036,False,,False,139.44688000000036,True,camera,vehicle,False,,False,0.0
115.99999999999768,spawned_5,20.0,1,139.44688000000036,False,139.44688000000036,False,,False,139.44688000000036,True,camera,vehicle,False,,False,0.0
116.09999999999768,spawned_5,20.0,1,139.44688000000036,False,139.44688000000036,False,,False,139.44688000000036,True,camera,vehicle,False,,False,0.0
116.19999999999767,spawned_5,20.0,1,139.44688000000036,False,139.44688000000036,False,,False,139.44688000000036,True,camera,vehicle,False,,False,0.0
116.29999999999767,spawned_5,20.0,1,139.44688000000033,False,139.44688000000033,False,,False,139.44688000000033,True,camera,vehicle,False,,False,0.0
116.39999999999766,spawned_5,20.0,1,139.44688000000033,False,139.44688000000033,False,,False,139.44688000000033,True,camera,vehicle,False,,False,0.0
116.49999999999766,spawned_5,20.0,1,139.44688000000033,False,139.44688000000033,False,,False,139.44688000000033,True,camera,vehicle,False,,False,0.0
116.59999999999765,spawned_5,20.0,1,139.44688000000033,False,139.44688000000033,False,,False,139.44688000000033,True,camera,vehicle,False,,False,0.0
116.69999999999764,spawned_5,20.0,1,139.44688000000033,False,139.44688000000033,False,,False,139.44688000000033,True,camera,vehicle,False,,False,0.0
116.79999999999764,spawned_5,20.0,1,139.44688000000033,False,139.44688000000033,False,,False,139.44688000000033,True,camera,vehicle,False,,False,0.0
116.89999999999763,spawned_5,20.0,1,139.44688000000033,False,139.44688000000033,False,,False,139.44688000000033,True,camera,vehicle,False,,False,0.0
116.99999999999763,spawned_5,20.0,1,139.44688000000033,False,139.44688000000033,False,,False,139.44688000000033,True,camera,vehicle,False,,False,0.0
117.09999999999762,spawned_5,20.0,1,139.44688000000033,False,139.44688000000033,False,,False,139.44688000000033,True,camera,vehicle,False,,False,0.0
117.19999999999762,spawned_5,20.0,1,139.4468800000003,False,139.4468800000003,False,,False,139.4468800000003,True,camera,vehicle,False,,False,0.0
117.29999999999761,spawned_5,20.0,1,139.4468800000003,False,139.4468800000003,False,,False,139.4468800000003,True,camera,vehicle,False,,False,0.0
117.3999999999976,spawned_5,20.0,1,139.4468800000003,False,139.4468800000003,False,,False,139.4468800000003,True,camera,vehicle,False,,False,0.0
117.4999999999976,spawned_5,20.0,1,139.4468800000003,False,139.4468800000003,False,,False,139.4468800000003,True,camera,vehicle,False,,False,0.0
117.59999999999759,spawned_5,20.0,1,139.4468800000003,False,139.4468800000003,False,,False,139.4468800000003,True,camera,vehicle,False,,False,0.0
117.69999999999759,spawned_5,20.0,1,139.4468800000003,False,139.4468800000003,False,,False,139.4468800000003,True,camera,vehicle,False,,False,0.0
117.79999999999758,spawned_5,20.0,1,139.4468800000003,False,139.4468800000003,False,,False,139.4468800000003,True,camera,vehicle,False,,False,0.0
117.89999999999758,spawned_5,20.0,1,139.4468800000003,False,139.4468800000003,False,,False,139.4468800000003,True,camera,vehicle,False,,False,0.0
117.99999999999757,spawned_5,20.0,1,139.4468800000003,False,139.4468800000003,False,,False,139.4468800000003,True,camera,vehicle,False,,False,0.0
118.09999999999756,spawned_5,20.0,1,139.4468800000003,False,139.4468800000003,False,,False,139.4468800000003,True,camera,vehicle,False,,False,0.0
118.19999999999756,spawned_5,20.0,1,139.4468800000003,False,139.4468800000003,False,,False,139.4468800000003,True,camera,vehicle,False,,False,0.0
118.29999999999755,spawned_5,20.0,1,139.4468800000003,False,139.4468800000003,False,,False,139.4468800000003,True,camera,vehicle,False,,False,0.0
118.39999999999755,spawned_5,20.0,1,139.4468800000003,False,139.4468800000003,False,,False,139.4468800000003,True,camera,vehicle,False,,False,0.0
118.49999999999754,spawned_5,20.0,1,139.44688000000028,False,139.44688000000028,False,,False,139.44688000000028,True,camera,vehicle,False,,False,0.0
118.59999999999754,spawned_5,20.0,1,139.44688000000028,False,139.44688000000028,False,,False,139.44688000000028,True,camera,vehicle,False,,False,0.0
118.69999999999753,spawned_5,20.0,1,139.44688000000028,False,139.44688000000028,False,,False,139.44688000000028,True,camera,vehicle,False,,False,0.0
118.79999999999752,spawned_5,20.0,1,139.44688000000028,False,139.44688000000028,False,,False,139.44688000000028,True,camera,vehicle,False,,False,0.0
118.89999999999752,spawned_5,20.0,1,139.44688000000028,False,139.44688000000028,False,,False,139.44688000000028,True,camera,vehicle,False,,False,0.0
118.99999999999751,spawned_5,20.0,1,139.44688000000028,False,139.44688000000028,False,,False,139.44688000000028,True,camera,vehicle,False,,False,0.0
119.09999999999751,spawned_5,20.0,1,139.44688000000028,False,139.44688000000028,False,,False,139.44688000000028,True,camera,vehicle,False,,False,0.0
119.1999999999975,spawned_5,20.0,1,139.44688000000028,False,139.44688000000028,False,,False,139.44688000000028,True,camera,vehicle,False,,False,0.0
119.2999999999975,spawned_5,20.0,1,139.44688000000028,False,139.44688000000028,False,,False,139.44688000000028,True,camera,vehicle,False,,False,0.0
119.39999999999749,spawned_5,20.0,1,139.44688000000028,False,139.44688000000028,False,,False,139.44688000000028,True,camera,vehicle,False,,False,0.0
119.49999999999748,spawned_5,20.0,1,139.44688000000028,False,139.44688000000028,False,,False,139.44688000000028,True,camera,vehicle,False,,False,0.0
119.59999999999748,spawned_5,20.0,1,139.44688000000025,False,139.44688000000025,False,,False,139.44688000000025,True,camera,vehicle,False,,False,0.0
119.69999999999747,spawned_5,20.0,1,139.44688000000025,False,139.44688000000025,False,,False,139.44688000000025,True,camera,vehicle,False,,False,0.0
119.79999999999747,spawned_5,20.0,1,139.44688000000025,False,139.44688000000025,False,,False,139.44688000000025,True,camera,vehicle,False,,False,0.0
119.89999999999746,spawned_5,20.0,1,139.44688000000025,False,139.44688000000025,False,,False,139.44688000000025,True,camera,vehicle,False,,False,0.0
112.0999999999979,spawned_6,20.0,1,,False,,False,,False,,False,none,,False,,False,0.0
112.1999999999979,spawned_6,20.0,1,,False,,False,,False,,False,none,,False,,False,0.0
112.2999999999979,spawned_6,20.0,1,,False,,False,,False,,False,none,,False,,False,0.0
112.39999999999789,spawned_6,20.0,1,,False,,False,,False,,False,none,,False,,False,0.0
112.49999999999788,spawned_6,20.0,1,,False,,False,,False,,False,none,,False,,False,0.0
112.59999999999788,spawned_6,20.0,1,,False,,False,,False,,False,none,,False,,False,0.0
112.69999999999787,spawned_6,20.0,1,,False,,False,,False,,False,none,,False,,False,0.0
112.79999999999787,spawned_6,20.0,1,,False,,False,,False,,False,none,,False,,False,0.0
112.89999999999786,spawned_6,20.0,1,,False,,False,,False,,False,none,,False,,False,0.0
112.99999999999785,spawned_6,20.0,1,,False,,False,,False,,False,none,,False,,False,0.0
113.09999999999785,spawned_6,20.0,1,,False,,False,,False,,False,none,,False,,False,0.0
113.19999999999784,spawned_6,20.0,1,,False,,False,,False,,False,none,,False,,False,0.0
113.29999999999784,spawned_6,20.0,1,,False,,False,,False,,False,none,,False,,False,0.0
113.39999999999783,spawned_6,20.0,1,,False,,False,,False,,False,none,,False,,False,0.0
113.49999999999783,spawned_6,20.0,1,,False,,False,,False,,False,none,,False,,False,0.0
113.59999999999782,spawned_6,20.0,1,,False,,False,,False,,False,none,,False,,False,0.0
113.69999999999781,spawned_6,20.0,1,,False,,False,,False,,False,none,,False,,False,0.0
113.79999999999781,spawned_6,20.0,1,,False,,False,,False,,False,none,,False,,False,0.0
113.8999999999978,spawned_6,20.0,1,,False,,False,,False,,False,none,,False,,False,0.0
113.9999999999978,spawned_6,20.0,1,,False,,False,,False,,False,none,,False,,False,0.0
114.09999999999779,spawned_6,20.0,1,,False,,False,,False,,False,none,,False,,False,0.0
114.19999999999779,spawned_6,20.0,1,,False,,False,,False,,False,none,,False,,False,0.0
114.29999999999778,spawned_6,20.0,1,,False,,False,,False,,False,none,,False,,False,0.0
114.39999999999777,spawned_6,20.0,1,,False,,False,,False,,False,none,,False,,False,0.0
114.49999999999777,spawned_6,20.0,1,,False,,False,,False,,False,none,,False,,False,0.0
114.59999999999776,spawned_6,20.0,1,,False,,False,,False,,False,none,,False,,False,0.0
114.69999999999776,spawned_6,20.0,1,,False,,False,,False,,False,none,,False,,False,0.0
114.79999999999775,spawned_6,20.0,1,,False,,False,,False,,False,none,,False,,False,0.0
114.89999999999775,spawned_6,20.0,1,,False,,False,,False,,False,none,,False,,False,0.0
114.99999999999774,spawned_6,20.0,1,,False,,False,,False,,False,none,,False,,False,0.0
115.09999999999773,spawned_6,20.0,1,,False,,False,,False,,False,none,,False,,False,0.0
115.19999999999773,spawned_6,20.0,1,,False,,False,,False,,False,none,,False,,False,0.0
115.29999999999772,spawned_6,20.0,1,,False,,False,,False,,False,none,,False,,False,0.0
115.39999999999772,spawned_6,20.0,1,,False,,False,,False,,False,none,,False,,False,0.0
115.49999999999771,spawned_6,20.0,1,,False,,False,,False,,False,none,,False,,False,0.0
115.5999999999977,spawned_6,20.0,1,,False,,False,,False,,False,none,,False,,False,0.0
115.6999999999977,spawned_6,20.0,1,,False,,False,,False,,False,none,,False,,False,0.0
115.7999999999977,spawned_6,20.0,1,,False,,False,,False,,False,none,,False,,False,0.0
115.89999999999769,spawned_6,20.0,1,,False,,False,,False,,False,none,,False,,False,0.0
115.99999999999768,spawned_6,20.0,1,,False,,False,,False,,False,none,,False,,False,0.0
116.09999999999768,spawned_6,20.0,1,,False,,False,,False,,False,none,,False,,False,0.0
116.19999999999767,spawned_6,20.0,1,,False,,False,,False,,False,none,,False,,False,0.0
116.29999999999767,spawned_6,20.0,1,,False,,False,,False,,False,none,,False,,False,0.0
116.39999999999766,spawned_6,20.0,1,,False,,False,,False,,False,none,,False,,False,0.0
116.49999999999766,spawned_6,20.0,1,,False,,False,,False,,False,none,,False,,False,0.0
116.59999999999765,spawned_6,20.0,1,,False,,False,,False,,False,none,,False,,False,0.0
116.69999999999764,spawned_6,20.0,1,,False,,False,,False,,False,none,,False,,False,0.0
116.79999999999764,spawned_6,20.0,1,,False,,False,,False,,False,none,,False,,False,0.0
116.89999999999763,spawned_6,20.0,1,,False,,False,,False,,False,none,,False,,False,0.0
116.99999999999763,spawned_6,20.0,1,,False,,False,,False,,False,none,,False,,False,0.0
117.09999999999762,spawned_6,20.0,1,,False,,False,,False,,False,none,,False,,False,0.0
117.19999999999762,spawned_6,20.0,1,,False,,False,,False,,False,none,,False,,False,0.0
117.29999999999761,spawned_6,20.0,1,,False,,False,,False,,False,none,,False,,False,0.0
117.3999999999976,spawned_6,20.0,1,,False,,False,,False,,False,none,,False,,False,0.0
117.4999999999976,spawned_6,20.0,1,,False,,False,,False,,False,none,,False,,False,0.0
117.59999999999759,spawned_6,20.0,1,,False,,False,,False,,False,none,,False,,False,0.0
117.69999999999759,spawned_6,20.0,1,,False,,False,,False,,False,none,,False,,False,0.0
117.79999999999758,spawned_6,20.0,1,,False,,False,,False,,False,none,,False,,False,0.0
117.89999999999758,spawned_6,20.0,1,,False,,False,,False,,False,none,,False,,False,0.0
117.99999999999757,spawned_6,20.0,1,,False,,False,,False,,False,none,,False,,False,0.0
118.09999999999756,spawned_6,20.0,1,,False,,False,,False,,False,none,,False,,False,0.0
118.19999999999756,spawned_6,20.0,1,,False,,False,,False,,False,none,,False,,False,0.0
118.29999999999755,spawned_6,20.0,1,,False,,False,,False,,False,none,,False,,False,0.0
118.39999999999755,spawned_6,20.0,1,,False,,False,,False,,False,none,,False,,False,0.0
118.49999999999754,spawned_6,20.0,1,,False,,False,,False,,False,none,,False,,False,0.0
118.59999999999754,spawned_6,20.0,1,,False,,False,,False,,False,none,,False,,False,0.0
118.69999999999753,spawned_6,20.0,1,,False,,False,,False,,False,none,,False,,False,0.0
118.79999999999752,spawned_6,20.0,1,,False,,False,,False,,False,none,,False,,False,0.0
118.89999999999752,spawned_6,20.0,1,,False,,False,,False,,False,none,,False,,False,0.0
118.99999999999751,spawned_6,20.0,1,,False,,False,,False,,False,none,,False,,False,0.0
119.09999999999751,spawned_6,20.0,1,,False,,False,,False,,False,none,,False,,False,0.0
119.1999999999975,spawned_6,20.0,1,,False,,False,,False,,False,none,,False,,False,0.0
119.2999999999975,spawned_6,20.0,1,,False,,False,,False,,False,none,,False,,False,0.0
119.39999999999749,spawned_6,20.0,1,,False,,False,,False,,False,none,,False,,False,0.0
119.49999999999748,spawned_6,20.0,1,,False,,False,,False,,False,none,,False,,False,0.0
119.59999999999748,spawned_6,20.0,1,,False,,False,,False,,False,none,,False,,False,0.0
119.69999999999747,spawned_6,20.0,1,,False,,False,,False,,False,none,,False,,False,0.0
119.79999999999747,spawned_6,20.0,1,,False,,False,,False,,False,none,,False,,False,0.0
119.89999999999746,spawned_6,20.0,1,,False,,False,,False,,False,none,,False,,False,0.0
