time,vehicle_id,speed_mph,lane,radar_dist,radar_attacked,camera_dist,camera_attacked,lidar_dist,lidar_attacked,belief_dist,obstacle_present,belief_source,reacting_to,collision,severity,roundabout_confused,roundabout_excursion_remaining
0.0,v1_camera,28.0,0,,False,,False,,False,,False,none,,False,,False,0.0
0.1,v1_camera,28.0,0,,False,,False,,False,,False,none,,False,,False,0.0
0.2,v1_camera,28.0,0,,False,,False,,False,,False,none,,False,,False,0.0
0.30000000000000004,v1_camera,28.0,0,,False,,False,,False,,False,none,,False,,False,0.0
0.4,v1_camera,28.0,0,,False,,False,,False,,False,none,,False,,False,0.0
0.5,v1_camera,28.0,0,,False,,False,,False,,False,none,,False,,False,0.0
0.6,v1_camera,28.0,0,,False,,False,,False,,False,none,,False,,False,0.0
0.7,v1_camera,28.0,0,,False,,False,,False,,False,none,,False,,False,0.0
0.7999999999999999,v1_camera,28.0,0,,False,,False,,False,,False,none,,False,,False,0.0
0.8999999999999999,v1_camera,28.0,0,,False,,False,,False,,False,none,,False,,False,0.0
0.9999999999999999,v1_camera,28.0,0,,False,,False,,False,,False,none,,False,,False,0.0
1.0999999999999999,v1_camera,28.0,0,,False,,False,,False,,False,none,,False,,False,0.0
1.2,v1_camera,28.0,0,,False,,False,,False,,False,none,,False,,False,0.0
1.3,v1_camera,28.0,0,,False,,False,,False,,False,none,,False,,False,0.0
1.4000000000000001,v1_camera,28.0,0,,False,,False,,False,,False,none,,False,,False,0.0
1.5000000000000002,v1_camera,28.0,0,,False,,False,,False,,False,none,,False,,False,0.0
1.6000000000000003,v1_camera,28.0,0,,False,,False,,False,,False,none,,False,,False,0.0
1.7000000000000004,v1_camera,28.0,0,,False,,False,,False,,False,none,,False,,False,0.0
1.8000000000000005,v1_camera,28.0,0,,False,,False,,False,,False,none,,False,,False,0.0
1.9000000000000006,v1_camera,28.0,0,,False,,False,,False,,False,none,,False,,False,0.0
2.0000000000000004,v1_camera,28.0,0,,False,,False,,False,,False,none,,False,,False,0.0
2.1000000000000005,v1_camera,28.0,0,,False,,False,,False,,False,none,,False,,False,0.0
2.2000000000000006,v1_camera,28.0,0,,False,,False,,False,,False,none,,False,,False,0.0
2.3000000000000007,v1_camera,28.0,0,,False,,False,,False,,False,none,,False,,False,0.0
2.400000000000001,v1_camera,28.0,0,149.95891200000005,False,149.95891200000005,False,,False,149.95891200000005,True,camera,hazard:pedestrian_crossing,False,,False,0.0
2.500000000000001,v1_camera,28.0,0,148.70720000000006,False,148.70720000000006,False,,False,148.70720000000006,True,camera,hazard:pedestrian_crossing,False,,False,0.0
2.600000000000001,v1_camera,28.0,0,147.45548800000006,False,147.45548800000006,False,,False,147.45548800000006,True,camera,hazard:pedestrian_crossing,False,,False,0.0
2.700000000000001,v1_camera,28.0,0,146.20377600000006,False,146.20377600000006,False,,False,146.20377600000006,True,camera,hazard:pedestrian_crossing,False,,False,0.0
2.800000000000001,v1_camera,28.0,0,144.95206400000006,False,144.95206400000006,False,,False,144.95206400000006,True,camera,hazard:pedestrian_crossing,False,,False,0.0
2.9000000000000012,v1_camera,28.0,0,143.70035200000007,False,143.70035200000007,False,,False,143.70035200000007,True,camera,hazard:pedestrian_crossing,False,,False,0.0
3.0000000000000013,v1_camera,28.0,0,142.44864000000007,False,142.44864000000007,False,,False,142.44864000000007,True,camera,hazard:pedestrian_crossing,False,,False,0.0
3.1000000000000014,v1_camera,28.0,0,141.19692800000007,False,141.19692800000007,False,,False,141.19692800000007,True,camera,hazard:pedestrian_crossing,False,,False,0.0
3.2000000000000015,v1_camera,28.0,0,139.94521600000007,False,139.94521600000007,False,,False,139.94521600000007,True,camera,hazard:pedestrian_crossing,False,,False,0.0
3.3000000000000016,v1_camera,28.0,0,138.69350400000008,False,138.69350400000008,False,,False,138.69350400000008,True,camera,hazard:pedestrian_crossing,False,,False,0.0
3.4000000000000017,v1_camera,28.0,0,137.44179200000008,False,137.44179200000008,False,,False,137.44179200000008,True,camera,hazard:pedestrian_crossing,False,,False,0.0
3.5000000000000018,v1_camera,28.0,0,136.19008000000008,False,136.19008000000008,False,,False,136.19008000000008,True,camera,hazard:pedestrian_crossing,False,,False,0.0
3.600000000000002,v1_camera,28.0,0,134.93836800000008,False,134.93836800000008,False,,False,134.93836800000008,True,camera,hazard:pedestrian_crossing,False,,False,0.0
3.700000000000002,v1_camera,28.0,0,133.68665600000008,False,133.68665600000008,False,,False,133.68665600000008,True,camera,hazard:pedestrian_crossing,False,,False,0.0
3.800000000000002,v1_camera,28.0,0,132.4349440000001,False,132.4349440000001,False,,False,132.4349440000001,True,camera,hazard:pedestrian_crossing,False,,False,0.0
3.900000000000002,v1_camera,28.0,0,131.1832320000001,False,131.1832320000001,False,,False,131.1832320000001,True,camera,hazard:pedestrian_crossing,False,,False,0.0
4.000000000000002,v1_camera,28.0,0,129.9315200000001,False,129.9315200000001,False,,False,129.9315200000001,True,camera,hazard:pedestrian_crossing,False,,False,0.0
4.100000000000001,v1_camera,28.0,0,128.6798080000001,False,128.6798080000001,False,,False,128.6798080000001,True,camera,hazard:pedestrian_crossing,False,,False,0.0
4.200000000000001,v1_camera,28.0,0,127.4280960000001,False,127.4280960000001,False,,False,127.4280960000001,True,camera,hazard:pedestrian_crossing,False,,False,0.0
4.300000000000001,v1_camera,28.0,0,126.1763840000001,False,126.1763840000001,False,,False,126.1763840000001,True,camera,hazard:pedestrian_crossing,False,,False,0.0
4.4,v1_camera,28.0,0,124.9246720000001,False,124.9246720000001,False,,False,124.9246720000001,True,camera,hazard:pedestrian_crossing,False,,False,0.0
4.5,v1_camera,28.0,0,123.6729600000001,False,123.6729600000001,False,,False,123.6729600000001,True,camera,hazard:pedestrian_crossing,False,,False,0.0
4.6,v1_camera,28.0,0,122.4212480000001,False,122.4212480000001,False,,False,122.4212480000001,True,camera,hazard:pedestrian_crossing,False,,False,0.0
4.699999999999999,v1_camera,28.0,0,121.16953600000011,False,121.16953600000011,False,,False,121.16953600000011,True,camera,hazard:pedestrian_crossing,False,,False,0.0
4.799999999999999,v1_camera,28.0,0,119.91782400000011,False,119.91782400000011,False,,False,119.91782400000011,True,camera,hazard:pedestrian_crossing,False,,False,0.0
4.899999999999999,v1_camera,28.0,0,118.66611200000011,False,118.66611200000011,False,,False,118.66611200000011,True,camera,hazard:pedestrian_crossing,False,,False,0.0
4.999999999999998,v1_camera,28.0,0,117.41440000000011,False,117.41440000000011,False,,False,117.41440000000011,True,camera,hazard:pedestrian_crossing,False,,False,0.0
5.099999999999998,v1_camera,28.0,0,116.16268800000012,False,116.16268800000012,False,,False,116.16268800000012,True,camera,hazard:pedestrian_crossing,False,,False,0.0
5.1999999999999975,v1_camera,28.0,0,114.91097600000012,False,114.91097600000012,False,,False,114.91097600000012,True,camera,hazard:pedestrian_crossing,False,,False,0.0
5.299999999999997,v1_camera,28.0,0,113.65926400000012,False,113.65926400000012,False,,False,113.65926400000012,True,camera,hazard:pedestrian_crossing,False,,False,0.0
5.399999999999997,v1_camera,28.0,0,112.40755200000012,False,112.40755200000012,False,,False,112.40755200000012,True,camera,hazard:pedestrian_crossing,False,,False,0.0
5.4999999999999964,v1_camera,28.0,0,111.15584000000013,False,111.15584000000013,False,,False,111.15584000000013,True,camera,hazard:pedestrian_crossing,False,,False,0.0
5.599999999999996,v1_camera,28.0,0,109.90412800000013,False,109.90412800000013,False,,False,109.90412800000013,True,camera,hazard:pedestrian_crossing,False,,False,0.0
5.699999999999996,v1_camera,28.0,0,108.65241600000013,False,108.65241600000013,False,,False,108.65241600000013,True,camera,hazard:pedestrian_crossing,False,,False,0.0
5.799999999999995,v1_camera,28.0,0,107.40070400000013,False,107.40070400000013,False,,False,107.40070400000013,True,camera,hazard:pedestrian_crossing,False,,False,0.0
5.899999999999995,v1_camera,28.0,0,106.14899200000013,False,106.14899200000013,False,,False,106.14899200000013,True,camera,hazard:pedestrian_crossing,False,,False,0.0
5.999999999999995,v1_camera,28.0,0,104.89728000000014,False,104.89728000000014,False,,False,104.89728000000014,True,camera,hazard:pedestrian_crossing,False,,False,0.0
6.099999999999994,v1_camera,28.0,0,103.64556800000014,False,103.64556800000014,False,,False,103.64556800000014,True,camera,hazard:pedestrian_crossing,False,,False,0.0
6.199999999999994,v1_camera,28.0,0,102.39385600000014,False,102.39385600000014,False,,False,102.39385600000014,True,camera,hazard:pedestrian_crossing,False,,False,0.0
6.299999999999994,v1_camera,28.0,0,101.14214400000014,False,101.14214400000014,False,,False,101.14214400000014,True,camera,hazard:pedestrian_crossing,False,,False,0.0
6.399999999999993,v1_camera,28.0,0,99.89043200000015,False,99.89043200000015,False,,False,99.89043200000015,True,camera,hazard:pedestrian_crossing,False,,False,0.0
6.499999999999993,v1_camera,28.0,0,98.63872000000015,False,98.63872000000015,False,,False,98.63872000000015,True,camera,hazard:pedestrian_crossing,False,,False,0.0
6.5999999999999925,v1_camera,28.0,0,97.38700800000015,False,97.38700800000015,False,,False,97.38700800000015,True,camera,hazard:pedestrian_crossing,False,,False,0.0
6.699999999999992,v1_camera,28.0,0,96.13529600000015,False,96.13529600000015,False,,False,96.13529600000015,True,camera,hazard:pedestrian_crossing,False,,False,0.0
6.799999999999992,v1_camera,28.0,0,94.88358400000016,False,94.88358400000016,False,,False,94.88358400000016,True,camera,hazard:pedestrian_crossing,False,,False,0.0
6.8999999999999915,v1_camera,28.0,0,93.63187200000016,False,93.63187200000016,False,,False,93.63187200000016,True,camera,hazard:pedestrian_crossing,False,,False,0.0
6.999999999999991,v1_camera,28.0,0,92.38016000000016,False,92.38016000000016,False,,False,92.38016000000016,True,camera,hazard:pedestrian_crossing,False,,False,0.0
7.099999999999991,v1_camera,28.0,0,91.12844800000016,False,91.12844800000016,False,,False,91.12844800000016,True,camera,hazard:pedestrian_crossing,False,,False,0.0
7.19999999999999,v1_camera,28.0,0,89.87673600000016,False,89.87673600000016,False,,False,89.87673600000016,True,camera,hazard:pedestrian_crossing,False,,False,0.0
7.29999999999999,v1_camera,28.0,0,88.62502400000017,False,88.62502400000017,False,,False,88.62502400000017,True,camera,hazard:pedestrian_crossing,False,,False,0.0
7.39999999999999,v1_camera,28.0,0,87.37331200000017,False,87.37331200000017,False,,False,87.37331200000017,True,camera,hazard:pedestrian_crossing,False,,False,0.0
7.499999999999989,v1_camera,28.0,0,86.12160000000017,False,86.12160000000017,False,,False,86.12160000000017,True,camera,hazard:pedestrian_crossing,False,,False,0.0
7.599999999999989,v1_camera,28.0,0,84.86988800000017,False,84.86988800000017,False,,False,84.86988800000017,True,camera,hazard:pedestrian_crossing,False,,False,0.0
7.699999999999989,v1_camera,28.0,0,83.61817600000018,False,83.61817600000018,False,,False,83.61817600000018,True,camera,hazard:pedestrian_crossing,False,,False,0.0
7.799999999999988,v1_camera,28.0,0,82.36646400000018,False,82.36646400000018,False,,False,82.36646400000018,True,camera,hazard:pedestrian_crossing,False,,False,0.0
7.899999999999988,v1_camera,28.0,0,81.11475200000018,False,81.11475200000018,False,,False,81.11475200000018,True,camera,hazard:pedestrian_crossing,False,,False,0.0
7.999999999999988,v1_camera,28.0,0,79.86304000000018,False,79.86304000000018,False,79.86304000000018,False,79.86304000000018,True,camera,hazard:pedestrian_crossing,False,,False,0.0
8.099999999999987,v1_camera,28.0,0,78.61132800000019,False,78.61132800000019,False,78.61132800000019,False,78.61132800000019,True,camera,hazard:pedestrian_crossing,False,,False,0.0
8.199999999999987,v1_camera,28.0,0,77.35961600000019,False,77.35961600000019,False,77.35961600000019,False,77.35961600000019,True,camera,hazard:pedestrian_crossing,False,,False,0.0
8.299999999999986,v1_camera,28.0,0,76.10790400000019,False,76.10790400000019,False,76.10790400000019,False,76.10790400000019,True,camera,hazard:pedestrian_crossing,False,,False,0.0
8.399999999999986,v1_camera,28.0,0,74.85619200000019,False,74.85619200000019,False,74.85619200000019,False,74.85619200000019,True,camera,hazard:pedestrian_crossing,False,,False,0.0
8.499999999999986,v1_camera,28.0,0,73.6044800000002,False,73.6044800000002,False,73.6044800000002,False,73.6044800000002,True,camera,hazard:pedestrian_crossing,False,,False,0.0
8.599999999999985,v1_camera,28.0,0,72.3527680000002,False,72.3527680000002,False,72.3527680000002,False,72.3527680000002,True,camera,hazard:pedestrian_crossing,False,,False,0.0
8.699999999999985,v1_camera,28.0,0,71.1010560000002,False,71.1010560000002,False,71.1010560000002,False,71.1010560000002,True,camera,hazard:pedestrian_crossing,False,,False,0.0
8.799999999999985,v1_camera,28.0,0,69.8493440000002,False,69.8493440000002,False,69.8493440000002,False,69.8493440000002,True,camera,hazard:pedestrian_crossing,False,,False,0.0
8.899999999999984,v1_camera,28.0,0,68.5976320000002,False,68.5976320000002,False,68.5976320000002,False,68.5976320000002,True,camera,hazard:pedestrian_crossing,False,,False,0.0
8.999999999999984,v1_camera,28.0,0,67.3459200000002,False,67.3459200000002,False,67.3459200000002,False,67.3459200000002,True,camera,hazard:pedestrian_crossing,False,,False,0.0
9.099999999999984,v1_camera,28.0,0,66.09420800000021,False,66.09420800000021,False,66.09420800000021,False,66.09420800000021,True,camera,hazard:pedestrian_crossing,False,,False,0.0
9.199999999999983,v1_camera,28.0,0,64.84249600000021,False,64.84249600000021,False,64.84249600000021,False,64.84249600000021,True,camera,hazard:pedestrian_crossing,False,,False,0.0
9.299999999999983,v1_camera,28.0,0,63.59078400000021,False,63.59078400000021,False,63.59078400000021,False,63.59078400000021,True,camera,hazard:pedestrian_crossing,False,,False,0.0
9.399999999999983,v1_camera,28.0,0,62.339072000000215,False,62.339072000000215,False,62.339072000000215,False,62.339072000000215,True,camera,hazard:pedestrian_crossing,False,,False,0.0
9.499999999999982,v1_camera,28.0,0,61.08736000000022,False,61.08736000000022,False,61.08736000000022,False,61.08736000000022,True,camera,hazard:pedestrian_crossing,False,,False,0.0
9.599999999999982,v1_camera,28.0,0,59.83564800000022,False,,True,59.83564800000022,False,,False,none,hazard:pedestrian_crossing,False,,False,0.0
9.699999999999982,v1_camera,28.0,0,58.58393600000022,False,,True,58.58393600000022,False,,False,none,hazard:pedestrian_crossing,False,,False,0.0
9.799999999999981,v1_camera,28.0,0,57.332224000000224,False,,True,57.332224000000224,False,,False,none,hazard:pedestrian_crossing,False,,False,0.0
9.89999999999998,v1_camera,28.0,0,56.080512000000226,False,,True,56.080512000000226,False,,False,none,hazard:pedestrian_crossing,False,,False,0.0
9.99999999999998,v1_camera,28.0,0,54.82880000000023,False,,True,54.82880000000023,False,,False,none,hazard:pedestrian_crossing,False,,False,0.0
10.09999999999998,v1_camera,28.0,0,53.57708800000023,False,,True,53.57708800000023,False,,False,none,hazard:pedestrian_crossing,False,,False,0.0
10.19999999999998,v1_camera,28.0,0,52.32537600000023,False,,True,52.32537600000023,False,,False,none,hazard:pedestrian_crossing,False,,False,0.0
10.29999999999998,v1_camera,28.0,0,51.073664000000235,False,,True,51.073664000000235,False,,False,none,hazard:pedestrian_crossing,False,,False,0.0
10.399999999999979,v1_camera,28.0,0,49.82195200000024,False,,True,49.82195200000024,False,,False,none,hazard:pedestrian_crossing,False,,False,0.0
10.499999999999979,v1_camera,28.0,0,48.57024000000024,False,,True,48.57024000000024,False,,False,none,hazard:pedestrian_crossing,False,,False,0.0
10.599999999999978,v1_camera,28.0,0,47.31852800000024,False,,True,47.31852800000024,False,,False,none,hazard:pedestrian_crossing,False,,False,0.0
10.699999999999978,v1_camera,28.0,0,46.066816000000244,False,,True,46.066816000000244,False,,False,none,hazard:pedestrian_crossing,False,,False,0.0
10.799999999999978,v1_camera,28.0,0,44.81510400000025,False,,True,44.81510400000025,False,,False,none,hazard:pedestrian_crossing,False,,False,0.0
10.899999999999977,v1_camera,28.0,0,43.56339200000025,False,,True,43.56339200000025,False,,False,none,hazard:pedestrian_crossing,False,,False,0.0
10.999999999999977,v1_camera,28.0,0,42.31168000000025,False,,True,42.31168000000025,False,,False,none,hazard:pedestrian_crossing,False,,False,0.0
11.099999999999977,v1_camera,28.0,0,41.059968000000254,False,,True,41.059968000000254,False,,False,none,hazard:pedestrian_crossing,False,,False,0.0
11.199999999999976,v1_camera,28.0,0,39.808256000000256,False,,True,39.808256000000256,False,,False,none,hazard:pedestrian_crossing,False,,False,0.0
11.299999999999976,v1_camera,28.0,0,38.55654400000026,False,,True,38.55654400000026,False,,False,none,hazard:pedestrian_crossing,False,,False,0.0
11.399999999999975,v1_camera,28.0,0,37.30483200000026,False,,True,37.30483200000026,False,,False,none,hazard:pedestrian_crossing,False,,False,0.0
11.499999999999975,v1_camera,28.0,0,36.05312000000026,False,,True,36.05312000000026,False,,False,none,hazard:pedestrian_crossing,False,,False,0.0
11.599999999999975,v1_camera,28.0,0,34.801408000000265,False,,True,34.801408000000265,False,,False,none,hazard:pedestrian_crossing,False,,False,0.0
11.699999999999974,v1_camera,28.0,0,33.54969600000027,False,,True,33.54969600000027,False,,False,none,hazard:pedestrian_crossing,False,,False,0.0
11.799999999999974,v1_camera,28.0,0,32.29798400000027,False,,True,32.29798400000027,False,,False,none,hazard:pedestrian_crossing,False,,False,0.0
11.899999999999974,v1_camera,28.0,0,31.046272000000272,False,,True,31.046272000000272,False,,False,none,hazard:pedestrian_crossing,False,,False,0.0
11.999999999999973,v1_camera,28.0,0,29.794560000000274,False,,True,29.794560000000274,False,,False,none,hazard:pedestrian_crossing,False,,False,0.0
12.099999999999973,v1_camera,28.0,0,28.542848000000276,False,,True,28.542848000000276,False,,False,none,hazard:pedestrian_crossing,False,,False,0.0
12.199999999999973,v1_camera,28.0,0,27.29113600000028,False,,True,27.29113600000028,False,,False,none,hazard:pedestrian_crossing,False,,False,0.0
12.299999999999972,v1_camera,28.0,0,26.03942400000028,False,,True,26.03942400000028,False,,False,none,hazard:pedestrian_crossing,False,,False,0.0
12.399999999999972,v1_camera,28.0,0,24.787712000000283,False,,True,24.787712000000283,False,,False,none,hazard:pedestrian_crossing,False,,False,0.0
12.499999999999972,v1_camera,28.0,0,23.536000000000286,False,,True,23.536000000000286,False,,False,none,hazard:pedestrian_crossing,False,,False,0.0
12.599999999999971,v1_camera,28.0,0,22.284288000000288,False,,True,22.284288000000288,False,,False,none,hazard:pedestrian_crossing,False,,False,0.0
12.69999999999997,v1_camera,28.0,0,21.03257600000029,False,,True,21.03257600000029,False,,False,none,hazard:pedestrian_crossing,False,,False,0.0
12.79999999999997,v1_camera,28.0,0,19.780864000000292,False,,True,19.780864000000292,False,,False,none,hazard:pedestrian_crossing,False,,False,0.0
12.89999999999997,v1_camera,28.0,0,18.529152000000295,False,,True,18.529152000000295,False,,False,none,hazard:pedestrian_crossing,False,,False,0.0
12.99999999999997,v1_camera,28.0,0,17.277440000000297,False,,True,17.277440000000297,False,,False,none,hazard:pedestrian_crossing,False,,False,0.0
13.09999999999997,v1_camera,28.0,0,16.0257280000003,False,,True,16.0257280000003,False,,False,none,hazard:pedestrian_crossing,False,,False,0.0
13.199999999999969,v1_camera,28.0,0,14.774016000000302,False,,True,14.774016000000302,False,,False,none,hazard:pedestrian_crossing,False,,False,0.0
13.299999999999969,v1_camera,28.0,0,13.522304000000304,False,,True,13.522304000000304,False,,False,none,hazard:pedestrian_crossing,False,,False,0.0
13.399999999999968,v1_camera,28.0,0,12.270592000000306,False,,True,12.270592000000306,False,,False,none,hazard:pedestrian_crossing,False,,False,0.0
13.499999999999968,v1_camera,28.0,0,11.018880000000308,False,,True,11.018880000000308,False,,False,none,hazard:pedestrian_crossing,False,,False,0.0
13.599999999999968,v1_camera,28.0,0,9.76716800000031,False,,True,9.76716800000031,False,,False,none,hazard:pedestrian_crossing,False,,False,0.0
13.699999999999967,v1_camera,28.0,0,8.515456000000313,False,,True,8.515456000000313,False,,False,none,hazard:pedestrian_crossing,False,,False,0.0
13.799999999999967,v1_camera,28.0,0,7.263744000000315,False,,True,7.263744000000315,False,,False,none,hazard:pedestrian_crossing,False,,False,0.0
13.899999999999967,v1_camera,28.0,0,6.012032000000318,False,,True,6.012032000000318,False,,False,none,hazard:pedestrian_crossing,False,,False,0.0
13.999999999999966,v1_camera,28.0,0,4.76032000000032,False,,True,4.76032000000032,False,,False,none,hazard:pedestrian_crossing,False,,False,0.0
14.099999999999966,v1_camera,28.0,0,3.508608000000322,False,,True,3.508608000000322,False,,False,none,hazard:pedestrian_crossing,False,,False,0.0
14.199999999999966,v1_camera,28.0,0,2.2568960000003244,False,,True,2.2568960000003244,False,,False,none,hazard:pedestrian_crossing,False,,False,0.0
14.299999999999965,v1_camera,28.0,0,1.0051840000003267,False,,True,1.0051840000003267,False,,False,none,hazard:pedestrian_crossing,False,,False,0.0
14.399999999999965,v1_camera,28.0,0,,False,,True,,False,,False,none,,True,serious,False,0.0
14.499999999999964,v1_camera,0.0,0,,False,,False,,False,,False,crashed,,True,serious,False,0.0
14.599999999999964,v1_camera,0.0,0,,False,,False,,False,,False,crashed,,True,serious,False,0.0
14.699999999999964,v1_camera,0.0,0,,False,,False,,False,,False,crashed,,True,serious,False,0.0
14.799999999999963,v1_camera,0.0,0,,False,,False,,False,,False,crashed,,True,serious,False,0.0
14.899999999999963,v1_camera,0.0,0,,False,,False,,False,,False,crashed,,True,serious,False,0.0
14.999999999999963,v1_camera,0.0,0,,False,,False,,False,,False,crashed,,True,serious,False,0.0
15.099999999999962,v1_camera,0.0,0,,False,,False,,False,,False,crashed,,True,serious,False,0.0
15.199999999999962,v1_camera,0.0,0,,False,,False,,False,,False,crashed,,True,serious,False,0.0
15.299999999999962,v1_camera,0.0,0,,False,,False,,False,,False,crashed,,True,serious,False,0.0
15.399999999999961,v1_camera,0.0,0,,False,,False,,False,,False,crashed,,True,serious,False,0.0
15.499999999999961,v1_camera,0.0,0,,False,,False,,False,,False,crashed,,True,serious,False,0.0
15.59999999999996,v1_camera,0.0,0,,False,,False,,False,,False,crashed,,True,serious,False,0.0
15.69999999999996,v1_camera,0.0,0,,False,,False,,False,,False,crashed,,True,serious,False,0.0
15.79999999999996,v1_camera,0.0,0,,False,,False,,False,,False,crashed,,True,serious,False,0.0
15.89999999999996,v1_camera,0.0,0,,False,,False,,False,,False,crashed,,True,serious,False,0.0
15.99999999999996,v1_camera,0.0,0,,False,,False,,False,,False,crashed,,True,serious,False,0.0
16.09999999999996,v1_camera,0.0,0,,False,,False,,False,,False,crashed,,True,serious,False,0.0
16.19999999999996,v1_camera,0.0,0,,False,,False,,False,,False,crashed,,True,serious,False,0.0
16.29999999999996,v1_camera,0.0,0,,False,,False,,False,,False,crashed,,True,serious,False,0.0
16.399999999999963,v1_camera,0.0,0,,False,,False,,False,,False,crashed,,True,serious,False,0.0
16.499999999999964,v1_camera,0.0,0,,False,,False,,False,,False,crashed,,True,serious,False,0.0
16.599999999999966,v1_camera,0.0,0,,False,,False,,False,,False,crashed,,True,serious,False,0.0
16.699999999999967,v1_camera,0.0,0,,False,,False,,False,,False,crashed,,True,serious,False,0.0
16.79999999999997,v1_camera,0.0,0,,False,,False,,False,,False,crashed,,True,serious,False,0.0
16.89999999999997,v1_camera,0.0,0,,False,,False,,False,,False,crashed,,True,serious,False,0.0
16.99999999999997,v1_camera,0.0,0,,False,,False,,False,,False,crashed,,True,serious,False,0.0
17.099999999999973,v1_camera,0.0,0,,False,,False,,False,,False,crashed,,True,serious,False,0.0
17.199999999999974,v1_camera,0.0,0,,False,,False,,False,,False,crashed,,True,serious,False,0.0
17.299999999999976,v1_camera,0.0,0,,False,,False,,False,,False,crashed,,True,serious,False,0.0
17.399999999999977,v1_camera,0.0,0,,False,,False,,False,,False,crashed,,True,serious,False,0.0
17.49999999999998,v1_camera,0.0,0,,False,,False,,False,,False,crashed,,True,serious,False,0.0
17.59999999999998,v1_camera,0.0,0,,False,,False,,False,,False,crashed,,True,serious,False,0.0
17.69999999999998,v1_camera,0.0,0,,False,,False,,False,,False,crashed,,True,serious,False,0.0
17.799999999999983,v1_camera,0.0,0,,False,,False,,False,,False,crashed,,True,serious,False,0.0
17.899999999999984,v1_camera,0.0,0,,False,,False,,False,,False,crashed,,True,serious,False,0.0
17.999999999999986,v1_camera,0.0,0,,False,,False,,False,,False,crashed,,True,serious,False,0.0
18.099999999999987,v1_camera,0.0,0,,False,,False,,False,,False,crashed,,True,serious,False,0.0
18.19999999999999,v1_camera,0.0,0,,False,,False,,False,,False,crashed,,True,serious,False,0.0
18.29999999999999,v1_camera,0.0,0,,False,,False,,False,,False,crashed,,True,serious,False,0.0
18.39999999999999,v1_camera,0.0,0,,False,,False,,False,,False,crashed,,True,serious,False,0.0
18.499999999999993,v1_camera,0.0,0,,False,,False,,False,,False,crashed,,True,serious,False,0.0
18.599999999999994,v1_camera,0.0,0,,False,,False,,False,,False,crashed,,True,serious,False,0.0
18.699999999999996,v1_camera,0.0,0,,False,,False,,False,,False,crashed,,True,serious,False,0.0
18.799999999999997,v1_camera,0.0,0,,False,,False,,False,,False,crashed,,True,serious,False,0.0
18.9,v1_camera,0.0,0,,False,,False,,False,,False,crashed,,True,serious,False,0.0
19.0,v1_camera,0.0,0,,False,,False,,False,,False,crashed,,True,serious,False,0.0
19.1,v1_camera,0.0,0,,False,,False,,False,,False,crashed,,True,serious,False,0.0
19.200000000000003,v1_camera,0.0,0,,False,,False,,False,,False,crashed,,True,serious,False,0.0
19.300000000000004,v1_camera,0.0,0,,False,,False,,False,,False,crashed,,True,serious,False,0.0
19.400000000000006,v1_camera,0.0,0,,False,,False,,False,,False,crashed,,True,serious,False,0.0
19.500000000000007,v1_camera,0.0,0,,False,,False,,False,,False,crashed,,True,serious,False,0.0
19.60000000000001,v1_camera,0.0,0,,False,,False,,False,,False,crashed,,True,serious,False,0.0
19.70000000000001,v1_camera,0.0,0,,False,,False,,False,,False,crashed,,True,serious,False,0.0
19.80000000000001,v1_camera,0.0,0,,False,,False,,False,,False,crashed,,True,serious,False,0.0
19.900000000000013,v1_camera,0.0,0,,False,,False,,False,,False,crashed,,True,serious,False,0.0
20.000000000000014,v1_camera,0.0,0,,False,,False,,False,,False,crashed,,True,serious,False,0.0
20.100000000000016,v1_camera,0.0,0,,False,,False,,False,,False,crashed,,True,serious,False,0.0
20.200000000000017,v1_camera,0.0,0,,False,,False,,False,,False,crashed,,True,serious,False,0.0
20.30000000000002,v1_camera,0.0,0,,False,,False,,False,,False,crashed,,True,serious,False,0.0
20.40000000000002,v1_camera,0.0,0,,False,,False,,False,,False,crashed,,True,serious,False,0.0
20.50000000000002,v1_camera,0.0,0,,False,,False,,False,,False,crashed,,True,serious,False,0.0
20.600000000000023,v1_camera,0.0,0,,False,,False,,False,,False,crashed,,True,serious,False,0.0
20.700000000000024,v1_camera,0.0,0,,False,,False,,False,,False,crashed,,True,serious,False,0.0
20.800000000000026,v1_camera,0.0,0,,False,,False,,False,,False,crashed,,True,serious,False,0.0
20.900000000000027,v1_camera,0.0,0,,False,,False,,False,,False,crashed,,True,serious,False,0.0
21.00000000000003,v1_camera,0.0,0,,False,,False,,False,,False,crashed,,True,serious,False,0.0
21.10000000000003,v1_camera,0.0,0,,False,,False,,False,,False,crashed,,True,serious,False,0.0
21.20000000000003,v1_camera,0.0,0,,False,,False,,False,,False,crashed,,True,serious,False,0.0
21.300000000000033,v1_camera,0.0,0,,False,,False,,False,,False,crashed,,True,serious,False,0.0
21.400000000000034,v1_camera,0.0,0,,False,,False,,False,,False,crashed,,True,serious,False,0.0
21.500000000000036,v1_camera,0.0,0,,False,,False,,False,,False,crashed,,True,serious,False,0.0
21.600000000000037,v1_camera,0.0,0,,False,,False,,False,,False,crashed,,True,serious,False,0.0
21.70000000000004,v1_camera,0.0,0,,False,,False,,False,,False,crashed,,True,serious,False,0.0
21.80000000000004,v1_camera,0.0,0,,False,,False,,False,,False,crashed,,True,serious,False,0.0
21.90000000000004,v1_camera,0.0,0,,False,,False,,False,,False,crashed,,True,serious,False,0.0
22.000000000000043,v1_camera,0.0,0,,False,,False,,False,,False,crashed,,True,serious,False,0.0
22.100000000000044,v1_camera,0.0,0,,False,,False,,False,,False,crashed,,True,serious,False,0.0
22.200000000000045,v1_camera,0.0,0,,False,,False,,False,,False,crashed,,True,serious,False,0.0
22.300000000000047,v1_camera,0.0,0,,False,,False,,False,,False,crashed,,True,serious,False,0.0
22.40000000000005,v1_camera,0.0,0,,False,,False,,False,,False,crashed,,True,serious,False,0.0
22.50000000000005,v1_camera,0.0,0,,False,,False,,False,,False,crashed,,True,serious,False,0.0
22.60000000000005,v1_camera,0.0,0,,False,,False,,False,,False,crashed,,True,serious,False,0.0
22.700000000000053,v1_camera,0.0,0,,False,,False,,False,,False,crashed,,True,serious,False,0.0
22.800000000000054,v1_camera,0.0,0,,False,,False,,False,,False,crashed,,True,serious,False,0.0
22.900000000000055,v1_camera,0.0,0,,False,,False,,False,,False,crashed,,True,serious,False,0.0
23.000000000000057,v1_camera,0.0,0,,False,,False,,False,,False,crashed,,True,serious,False,0.0
23.10000000000006,v1_camera,0.0,0,,False,,False,,False,,False,crashed,,True,serious,False,0.0
23.20000000000006,v1_camera,0.0,0,,False,,False,,False,,False,crashed,,True,serious,False,0.0
23.30000000000006,v1_camera,0.0,0,,False,,False,,False,,False,crashed,,True,serious,False,0.0
23.400000000000063,v1_camera,0.0,0,,False,,False,,False,,False,crashed,,True,serious,False,0.0
23.500000000000064,v1_camera,0.0,0,,False,,False,,False,,False,crashed,,True,serious,False,0.0
23.600000000000065,v1_camera,0.0,0,,False,,False,,False,,False,crashed,,True,serious,False,0.0
23.700000000000067,v1_camera,0.0,0,,False,,False,,False,,False,crashed,,True,serious,False,0.0
23.800000000000068,v1_camera,0.0,0,,False,,False,,False,,False,crashed,,True,serious,False,0.0
23.90000000000007,v1_camera,0.0,0,,False,,False,,False,,False,crashed,,True,serious,False,0.0
24.00000000000007,v1_camera,0.0,0,,False,,False,,False,,False,crashed,,True,serious,False,0.0
24.100000000000072,v1_camera,0.0,0,,False,,False,,False,,False,crashed,,True,serious,False,0.0
24.200000000000074,v1_camera,0.0,0,,False,,False,,False,,False,crashed,,True,serious,False,0.0
24.300000000000075,v1_camera,0.0,0,,False,,False,,False,,False,crashed,,True,serious,False,0.0
24.400000000000077,v1_camera,0.0,0,,False,,False,,False,,False,crashed,,True,serious,False,0.0
24.500000000000078,v1_camera,0.0,0,,False,,False,,False,,False,crashed,,True,serious,False,0.0
24.60000000000008,v1_camera,0.0,0,,False,,False,,False,,False,crashed,,True,serious,False,0.0
24.70000000000008,v1_camera,0.0,0,,False,,False,,False,,False,crashed,,True,serious,False,0.0
24.800000000000082,v1_camera,0.0,0,,False,,False,,False,,False,crashed,,True,serious,False,0.0
24.900000000000084,v1_camera,0.0,0,,False,,False,,False,,False,crashed,,True,serious,False,0.0
25.000000000000085,v1_camera,0.0,0,,False,,False,,False,,False,crashed,,True,serious,False,0.0
25.100000000000087,v1_camera,0.0,0,,False,,False,,False,,False,crashed,,True,serious,False,0.0
25.200000000000088,v1_camera,0.0,0,,False,,False,,False,,False,crashed,,True,serious,False,0.0
25.30000000000009,v1_camera,0.0,0,,False,,False,,False,,False,crashed,,True,serious,False,0.0
25.40000000000009,v1_camera,0.0,0,,False,,False,,False,,False,crashed,,True,serious,False,0.0
25.500000000000092,v1_camera,0.0,0,,False,,False,,False,,False,crashed,,True,serious,False,0.0
25.600000000000094,v1_camera,0.0,0,,False,,False,,False,,False,crashed,,True,serious,False,0.0
25.700000000000095,v1_camera,0.0,0,,False,,False,,False,,False,crashed,,True,serious,False,0.0
25.800000000000097,v1_camera,0.0,0,,False,,False,,False,,False,crashed,,True,serious,False,0.0
25.900000000000098,v1_camera,0.0,0,,False,,False,,False,,False,crashed,,True,serious,False,0.0
26.0000000000001,v1_camera,0.0,0,,False,,False,,False,,False,crashed,,True,serious,False,0.0
26.1000000000001,v1_camera,0.0,0,,False,,False,,False,,False,crashed,,True,serious,False,0.0
26.200000000000102,v1_camera,0.0,0,,False,,False,,False,,False,crashed,,True,serious,False,0.0
26.300000000000104,v1_camera,0.0,0,,False,,False,,False,,False,crashed,,True,serious,False,0.0
26.400000000000105,v1_camera,0.0,0,,False,,False,,False,,False,crashed,,True,serious,False,0.0
26.500000000000107,v1_camera,0.0,0,,False,,False,,False,,False,crashed,,True,serious,False,0.0
26.600000000000108,v1_camera,0.0,0,,False,,False,,False,,False,crashed,,True,serious,False,0.0
26.70000000000011,v1_camera,0.0,0,,False,,False,,False,,False,crashed,,True,serious,False,0.0
26.80000000000011,v1_camera,0.0,0,,False,,False,,False,,False,crashed,,True,serious,False,0.0
26.900000000000112,v1_camera,0.0,0,,False,,False,,False,,False,crashed,,True,serious,False,0.0
27.000000000000114,v1_camera,0.0,0,,False,,False,,False,,False,crashed,,True,serious,False,0.0
27.100000000000115,v1_camera,0.0,0,,False,,False,,False,,False,crashed,,True,serious,False,0.0
27.200000000000117,v1_camera,0.0,0,,False,,False,,False,,False,crashed,,True,serious,False,0.0
27.300000000000118,v1_camera,0.0,0,,False,,False,,False,,False,crashed,,True,serious,False,0.0
27.40000000000012,v1_camera,0.0,0,,False,,False,,False,,False,crashed,,True,serious,False,0.0
27.50000000000012,v1_camera,0.0,0,,False,,False,,False,,False,crashed,,True,serious,False,0.0
27.600000000000122,v1_camera,0.0,0,,False,,False,,False,,False,crashed,,True,serious,False,0.0
27.700000000000124,v1_camera,0.0,0,,False,,False,,False,,False,crashed,,True,serious,False,0.0
27.800000000000125,v1_camera,0.0,0,,False,,False,,False,,False,crashed,,True,serious,False,0.0
27.900000000000126,v1_camera,0.0,0,,False,,False,,False,,False,crashed,,True,serious,False,0.0
28.000000000000128,v1_camera,0.0,0,,False,,False,,False,,False,crashed,,True,serious,False,0.0
28.10000000000013,v1_camera,0.0,0,,False,,False,,False,,False,crashed,,True,serious,False,0.0
28.20000000000013,v1_camera,0.0,0,,False,,False,,False,,False,crashed,,True,serious,False,0.0
28.300000000000132,v1_camera,0.0,0,,False,,False,,False,,False,crashed,,True,serious,False,0.0
28.400000000000134,v1_camera,0.0,0,,False,,False,,False,,False,crashed,,True,serious,False,0.0
28.500000000000135,v1_camera,0.0,0,,False,,False,,False,,False,crashed,,True,serious,False,0.0
28.600000000000136,v1_camera,0.0,0,,False,,False,,False,,False,crashed,,True,serious,False,0.0
28.700000000000138,v1_camera,0.0,0,,False,,False,,False,,False,crashed,,True,serious,False,0.0
28.80000000000014,v1_camera,0.0,0,,False,,False,,False,,False,crashed,,True,serious,False,0.0
28.90000000000014,v1_camera,0.0,0,,False,,False,,False,,False,crashed,,True,serious,False,0.0
29.000000000000142,v1_camera,0.0,0,,False,,False,,False,,False,crashed,,True,serious,False,0.0
29.100000000000144,v1_camera,0.0,0,,False,,False,,False,,False,crashed,,True,serious,False,0.0
29.200000000000145,v1_camera,0.0,0,,False,,False,,False,,False,crashed,,True,serious,False,0.0
29.300000000000146,v1_camera,0.0,0,,False,,False,,False,,False,crashed,,True,serious,False,0.0
29.400000000000148,v1_camera,0.0,0,,False,,False,,False,,False,crashed,,True,serious,False,0.0
29.50000000000015,v1_camera,0.0,0,,False,,False,,False,,False,crashed,,True,serious,False,0.0
29.60000000000015,v1_camera,0.0,0,,False,,False,,False,,False,crashed,,True,serious,False,0.0
29.700000000000152,v1_camera,0.0,0,,False,,False,,False,,False,crashed,,True,serious,False,0.0
29.800000000000153,v1_camera,0.0,0,,False,,False,,False,,False,crashed,,True,serious,False,0.0
29.900000000000155,v1_camera,0.0,0,,False,,False,,False,,False,crashed,,True,serious,False,0.0
30.000000000000156,v1_camera,0.0,0,,False,,False,,False,,False,crashed,,True,serious,False,0.0
30.100000000000158,v1_camera,0.0,0,,False,,False,,False,,False,crashed,,True,serious,False,0.0
30.20000000000016,v1_camera,0.0,0,,False,,False,,False,,False,crashed,,True,serious,False,0.0
30.30000000000016,v1_camera,0.0,0,,False,,False,,False,,False,crashed,,True,serious,False,0.0
30.400000000000162,v1_camera,0.0,0,,False,,False,,False,,False,crashed,,True,serious,False,0.0
30.500000000000163,v1_camera,0.0,0,,False,,False,,False,,False,crashed,,True,serious,False,0.0
30.600000000000165,v1_camera,0.0,0,,False,,False,,False,,False,crashed,,True,serious,False,0.0
30.700000000000166,v1_camera,0.0,0,,False,,False,,False,,False,crashed,,True,serious,False,0.0
30.800000000000168,v1_camera,0.0,0,,False,,False,,False,,False,crashed,,True,serious,False,0.0
30.90000000000017,v1_camera,0.0,0,,False,,False,,False,,False,crashed,,True,serious,False,0.0
31.00000000000017,v1_camera,0.0,0,,False,,False,,False,,False,crashed,,True,serious,False,0.0
31.100000000000172,v1_camera,0.0,0,,False,,False,,False,,False,crashed,,True,serious,False,0.0
31.200000000000173,v1_camera,0.0,0,,False,,False,,False,,False,crashed,,True,serious,False,0.0
31.300000000000175,v1_camera,0.0,0,,False,,False,,False,,False,crashed,,True,serious,False,0.0
31.400000000000176,v1_camera,0.0,0,,False,,False,,False,,False,crashed,,True,serious,False,0.0
31.500000000000178,v1_camera,0.0,0,,False,,False,,False,,False,crashed,,True,serious,False,0.0
31.60000000000018,v1_camera,0.0,0,,False,,False,,False,,False,crashed,,True,serious,False,0.0
31.70000000000018,v1_camera,0.0,0,,False,,False,,False,,False,crashed,,True,serious,False,0.0
31.800000000000182,v1_camera,0.0,0,,False,,False,,False,,False,crashed,,True,serious,False,0.0
31.900000000000183,v1_camera,0.0,0,,False,,False,,False,,False,crashed,,True,serious,False,0.0
32.000000000000185,v1_camera,0.0,0,,False,,False,,False,,False,crashed,,True,serious,False,0.0
32.100000000000186,v1_camera,0.0,0,,False,,False,,False,,False,crashed,,True,serious,False,0.0
32.20000000000019,v1_camera,0.0,0,,False,,False,,False,,False,crashed,,True,serious,False,0.0
32.30000000000019,v1_camera,0.0,0,,False,,False,,False,,False,crashed,,True,serious,False,0.0
32.40000000000019,v1_camera,0.0,0,,False,,False,,False,,False,crashed,,True,serious,False,0.0
32.50000000000019,v1_camera,0.0,0,,False,,False,,False,,False,crashed,,True,serious,False,0.0
32.60000000000019,v1_camera,0.0,0,,False,,False,,False,,False,crashed,,True,serious,False,0.0
32.700000000000195,v1_camera,0.0,0,,False,,False,,False,,False,crashed,,True,serious,False,0.0
32.800000000000196,v1_camera,0.0,0,,False,,False,,False,,False,crashed,,True,serious,False,0.0
32.9000000000002,v1_camera,0.0,0,,False,,False,,False,,False,crashed,,True,serious,False,0.0
33.0000000000002,v1_camera,0.0,0,,False,,False,,False,,False,crashed,,True,serious,False,0.0
33.1000000000002,v1_camera,0.0,0,,False,,False,,False,,False,crashed,,True,serious,False,0.0
33.2000000000002,v1_camera,0.0,0,,False,,False,,False,,False,crashed,,True,serious,False,0.0
33.3000000000002,v1_camera,0.0,0,,False,,False,,False,,False,crashed,,True,serious,False,0.0
33.400000000000205,v1_camera,0.0,0,,False,,False,,False,,False,crashed,,True,serious,False,0.0
33.500000000000206,v1_camera,0.0,0,,False,,False,,False,,False,crashed,,True,serious,False,0.0
33.60000000000021,v1_camera,0.0,0,,False,,False,,False,,False,crashed,,True,serious,False,0.0
33.70000000000021,v1_camera,0.0,0,,False,,False,,False,,False,crashed,,True,serious,False,0.0
33.80000000000021,v1_camera,0.0,0,,False,,False,,False,,False,crashed,,True,serious,False,0.0
33.90000000000021,v1_camera,0.0,0,,False,,False,,False,,False,crashed,,True,serious,False,0.0
34.00000000000021,v1_camera,0.0,0,,False,,False,,False,,False,crashed,,True,serious,False,0.0
34.100000000000215,v1_camera,0.0,0,,False,,False,,False,,False,crashed,,True,serious,False,0.0
34.200000000000216,v1_camera,0.0,0,,False,,False,,False,,False,crashed,,True,serious,False,0.0
34.30000000000022,v1_camera,0.0,0,,False,,False,,False,,False,crashed,,True,serious,False,0.0
34.40000000000022,v1_camera,0.0,0,,False,,False,,False,,False,crashed,,True,serious,False,0.0
34.50000000000022,v1_camera,0.0,0,,False,,False,,False,,False,crashed,,True,serious,False,0.0
34.60000000000022,v1_camera,0.0,0,,False,,False,,False,,False,crashed,,True,serious,False,0.0
34.70000000000022,v1_camera,0.0,0,,False,,False,,False,,False,crashed,,True,serious,False,0.0
34.800000000000225,v1_camera,0.0,0,,False,,False,,False,,False,crashed,,True,serious,False,0.0
34.900000000000226,v1_camera,0.0,0,,False,,False,,False,,False,crashed,,True,serious,False,0.0
35.00000000000023,v1_camera,0.0,0,,False,,False,,False,,False,crashed,,True,serious,False,0.0
35.10000000000023,v1_camera,0.0,0,,False,,False,,False,,False,crashed,,True,serious,False,0.0
35.20000000000023,v1_camera,0.0,0,,False,,False,,False,,False,crashed,,True,serious,False,0.0
35.30000000000023,v1_camera,0.0,0,,False,,False,,False,,False,crashed,,True,serious,False,0.0
35.40000000000023,v1_camera,0.0,0,,False,,False,,False,,False,crashed,,True,serious,False,0.0
35.500000000000234,v1_camera,0.0,0,,False,,False,,False,,False,crashed,,True,serious,False,0.0
35.600000000000236,v1_camera,0.0,0,,False,,False,,False,,False,crashed,,True,serious,False,0.0
35.70000000000024,v1_camera,0.0,0,,False,,False,,False,,False,crashed,,True,serious,False,0.0
35.80000000000024,v1_camera,0.0,0,,False,,False,,False,,False,crashed,,True,serious,False,0.0
35.90000000000024,v1_camera,0.0,0,,False,,False,,False,,False,crashed,,True,serious,False,0.0
36.00000000000024,v1_camera,0.0,0,,False,,False,,False,,False,crashed,,True,serious,False,0.0
36.10000000000024,v1_camera,0.0,0,,False,,False,,False,,False,crashed,,True,serious,False,0.0
36.200000000000244,v1_camera,0.0,0,,False,,False,,False,,False,crashed,,True,serious,False,0.0
36.300000000000246,v1_camera,0.0,0,,False,,False,,False,,False,crashed,,True,serious,False,0.0
36.40000000000025,v1_camera,0.0,0,,False,,False,,False,,False,crashed,,True,serious,False,0.0
36.50000000000025,v1_camera,0.0,0,,False,,False,,False,,False,crashed,,True,serious,False,0.0
36.60000000000025,v1_camera,0.0,0,,False,,False,,False,,False,crashed,,True,serious,False,0.0
36.70000000000025,v1_camera,0.0,0,,False,,False,,False,,False,crashed,,True,serious,False,0.0
36.80000000000025,v1_camera,0.0,0,,False,,False,,False,,False,crashed,,True,serious,False,0.0
36.900000000000254,v1_camera,0.0,0,,False,,False,,False,,False,crashed,,True,serious,False,0.0
37.000000000000256,v1_camera,0.0,0,,False,,False,,False,,False,crashed,,True,serious,False,0.0
37.10000000000026,v1_camera,0.0,0,,False,,False,,False,,False,crashed,,True,serious,False,0.0
37.20000000000026,v1_camera,0.0,0,,False,,False,,False,,False,crashed,,True,serious,False,0.0
37.30000000000026,v1_camera,0.0,0,,False,,False,,False,,False,crashed,,True,serious,False,0.0
37.40000000000026,v1_camera,0.0,0,,False,,False,,False,,False,crashed,,True,serious,False,0.0
37.50000000000026,v1_camera,0.0,0,,False,,False,,False,,False,crashed,,True,serious,False,0.0
37.600000000000264,v1_camera,0.0,0,,False,,False,,False,,False,crashed,,True,serious,False,0.0
37.700000000000266,v1_camera,0.0,0,,False,,False,,False,,False,crashed,,True,serious,False,0.0
37.80000000000027,v1_camera,0.0,0,,False,,False,,False,,False,crashed,,True,serious,False,0.0
37.90000000000027,v1_camera,0.0,0,,False,,False,,False,,False,crashed,,True,serious,False,0.0
38.00000000000027,v1_camera,0.0,0,,False,,False,,False,,False,crashed,,True,serious,False,0.0
38.10000000000027,v1_camera,0.0,0,,False,,False,,False,,False,crashed,,True,serious,False,0.0
38.20000000000027,v1_camera,0.0,0,,False,,False,,False,,False,crashed,,True,serious,False,0.0
38.300000000000274,v1_camera,0.0,0,,False,,False,,False,,False,crashed,,True,serious,False,0.0
38.400000000000276,v1_camera,0.0,0,,False,,False,,False,,False,crashed,,True,serious,False,0.0
38.50000000000028,v1_camera,0.0,0,,False,,False,,False,,False,crashed,,True,serious,False,0.0
38.60000000000028,v1_camera,0.0,0,,False,,False,,False,,False,crashed,,True,serious,False,0.0
38.70000000000028,v1_camera,0.0,0,,False,,False,,False,,False,crashed,,True,serious,False,0.0
38.80000000000028,v1_camera,0.0,0,,False,,False,,False,,False,crashed,,True,serious,False,0.0
38.90000000000028,v1_camera,0.0,0,,False,,False,,False,,False,crashed,,True,serious,False,0.0
39.000000000000284,v1_camera,0.0,0,,False,,False,,False,,False,crashed,,True,serious,False,0.0
39.100000000000286,v1_camera,0.0,0,,False,,False,,False,,False,crashed,,True,serious,False,0.0
39.20000000000029,v1_camera,0.0,0,,False,,False,,False,,False,crashed,,True,serious,False,0.0
39.30000000000029,v1_camera,0.0,0,,False,,False,,False,,False,crashed,,True,serious,False,0.0
39.40000000000029,v1_camera,0.0,0,,False,,False,,False,,False,crashed,,True,serious,False,0.0
39.50000000000029,v1_camera,0.0,0,,False,,False,,False,,False,crashed,,True,serious,False,0.0
39.60000000000029,v1_camera,0.0,0,,False,,False,,False,,False,crashed,,True,serious,False,0.0
39.700000000000294,v1_camera,0.0,0,,False,,False,,False,,False,crashed,,True,serious,False,0.0
39.800000000000296,v1_camera,0.0,0,,False,,False,,False,,False,crashed,,True,serious,False,0.0
39.9000000000003,v1_camera,0.0,0,,False,,False,,False,,False,crashed,,True,serious,False,0.0
0.0,v2_majority,28.0,0,75.5,False,75.5,False,75.5,False,75.5,True,majority,vehicle,False,,False,0.0
0.1,v2_majority,28.0,0,75.5,False,75.5,False,75.5,False,75.5,True,majority,vehicle,False,,False,0.0
0.2,v2_majority,28.0,0,75.5,False,75.5,False,75.5,False,75.5,True,majority,vehicle,False,,False,0.0
0.30000000000000004,v2_majority,28.0,0,75.5,False,75.5,False,75.5,False,75.5,True,majority,vehicle,False,,False,0.0
0.4,v2_majority,28.0,0,75.5,False,75.5,False,75.5,False,75.5,True,majority,vehicle,False,,False,0.0
0.5,v2_majority,28.0,0,75.5,False,75.5,False,75.5,False,75.5,True,majority,vehicle,False,,False,0.0
0.6,v2_majority,28.0,0,75.5,False,75.5,False,75.5,False,75.5,True,majority,vehicle,False,,False,0.0
0.7,v2_majority,28.0,0,75.5,False,75.5,False,75.5,False,75.5,True,majority,vehicle,False,,False,0.0
0.7999999999999999,v2_majority,28.0,0,75.5,False,75.5,False,75.5,False,75.5,True,majority,vehicle,False,,False,0.0
0.8999999999999999,v2_majority,28.0,0,75.5,False,75.5,False,75.5,False,75.5,True,majority,vehicle,False,,False,0.0
0.9999999999999999,v2_majority,28.0,0,75.5,False,75.5,False,75.5,False,75.5,True,majority,vehicle,False,,False,0.0
1.0999999999999999,v2_majority,28.0,0,75.5,False,75.5,False,75.5,False,75.5,True,majority,vehicle,False,,False,0.0
1.2,v2_majority,28.0,0,75.5,False,75.5,False,75.5,False,75.5,True,majority,vehicle,False,,False,0.0
1.3,v2_majority,28.0,0,75.5,False,75.5,False,75.5,False,75.5,True,majority,vehicle,False,,False,0.0
1.4000000000000001,v2_majority,28.0,0,75.5,False,75.5,False,75.5,False,75.5,True,majority,vehicle,False,,False,0.0
1.5000000000000002,v2_majority,28.0,0,75.5,False,75.5,False,75.5,False,75.5,True,majority,vehicle,False,,False,0.0
1.6000000000000003,v2_majority,28.0,0,75.5,False,75.5,False,75.5,False,75.5,True,majority,vehicle,False,,False,0.0
1.7000000000000004,v2_majority,28.0,0,75.5,False,75.5,False,75.5,False,75.5,True,majority,vehicle,False,,False,0.0
1.8000000000000005,v2_majority,28.0,0,75.5,False,75.5,False,75.5,False,75.5,True,majority,vehicle,False,,False,0.0
1.9000000000000006,v2_majority,28.0,0,75.5,False,75.5,False,75.5,False,75.5,True,majority,vehicle,False,,False,0.0
2.0000000000000004,v2_majority,28.0,0,75.5,False,75.5,False,75.5,False,75.5,True,majority,vehicle,False,,False,0.0
2.1000000000000005,v2_majority,28.0,0,75.5,False,75.5,False,75.5,False,75.5,True,majority,vehicle,False,,False,0.0
2.2000000000000006,v2_majority,28.0,0,75.5,False,75.5,False,75.5,False,75.5,True,majority,vehicle,False,,False,0.0
2.3000000000000007,v2_majority,28.0,0,75.5,False,75.5,False,75.5,False,75.5,True,majority,vehicle,False,,False,0.0
2.400000000000001,v2_majority,28.0,0,75.5,False,75.5,False,75.5,False,75.5,True,majority,vehicle,False,,False,0.0
2.500000000000001,v2_majority,28.0,0,75.5,False,75.5,False,75.5,False,75.5,True,majority,vehicle,False,,False,0.0
2.600000000000001,v2_majority,28.0,0,75.5,False,75.5,False,75.5,False,75.5,True,majority,vehicle,False,,False,0.0
2.700000000000001,v2_majority,28.0,0,75.5,False,75.5,False,75.5,False,75.5,True,majority,vehicle,False,,False,0.0
2.800000000000001,v2_majority,28.0,0,75.5,False,75.5,False,75.5,False,75.5,True,majority,vehicle,False,,False,0.0
2.9000000000000012,v2_majority,28.0,0,75.5,False,75.5,False,75.5,False,75.5,True,majority,vehicle,False,,False,0.0
3.0000000000000013,v2_majority,28.0,0,75.5,False,75.5,False,75.5,False,75.5,True,majority,vehicle,False,,False,0.0
3.1000000000000014,v2_majority,28.0,0,75.5,False,75.5,False,75.5,False,75.5,True,majority,vehicle,False,,False,0.0
3.2000000000000015,v2_majority,28.0,0,75.5,False,75.5,False,75.5,False,75.5,True,majority,vehicle,False,,False,0.0
3.3000000000000016,v2_majority,28.0,0,75.5,False,75.5,False,75.5,False,75.5,True,majority,vehicle,False,,False,0.0
3.4000000000000017,v2_majority,28.0,0,75.5,False,75.5,False,75.5,False,75.5,True,majority,vehicle,False,,False,0.0
3.5000000000000018,v2_majority,28.0,0,75.5,False,75.5,False,75.5,False,75.5,True,majority,vehicle,False,,False,0.0
3.600000000000002,v2_majority,28.0,0,75.5,False,75.5,False,75.5,False,75.5,True,majority,vehicle,False,,False,0.0
3.700000000000002,v2_majority,28.0,0,75.5,False,75.5,False,75.5,False,75.5,True,majority,vehicle,False,,False,0.0
3.800000000000002,v2_majority,28.0,0,75.5,False,75.5,False,75.5,False,75.5,True,majority,vehicle,False,,False,0.0
3.900000000000002,v2_majority,28.0,0,75.5,False,75.5,False,75.5,False,75.5,True,majority,vehicle,False,,False,0.0
4.000000000000002,v2_majority,28.0,0,75.5,False,75.5,False,75.5,False,75.5,True,majority,vehicle,False,,False,0.0
4.100000000000001,v2_majority,28.0,0,75.5,False,75.5,False,75.5,False,75.5,True,majority,vehicle,False,,False,0.0
4.200000000000001,v2_majority,28.0,0,75.5,False,75.5,False,75.5,False,75.5,True,majority,vehicle,False,,False,0.0
4.300000000000001,v2_majority,28.0,0,75.5,False,75.5,False,75.5,False,75.5,True,majority,vehicle,False,,False,0.0
4.4,v2_majority,28.0,0,75.5,False,75.5,False,75.5,False,75.5,True,majority,vehicle,False,,False,0.0
4.5,v2_majority,28.0,0,75.5,False,75.5,False,75.5,False,75.5,True,majority,vehicle,False,,False,0.0
4.6,v2_majority,28.0,0,75.5,False,75.5,False,75.5,False,75.5,True,majority,vehicle,False,,False,0.0
4.699999999999999,v2_majority,28.0,0,75.5,False,75.5,False,75.5,False,75.5,True,majority,vehicle,False,,False,0.0
4.799999999999999,v2_majority,28.0,0,75.5,False,75.5,False,75.5,False,75.5,True,majority,vehicle,False,,False,0.0
4.899999999999999,v2_majority,28.0,0,75.5,False,75.5,False,75.5,False,75.5,True,majority,vehicle,False,,False,0.0
4.999999999999998,v2_majority,28.0,0,75.5,False,75.5,False,75.5,False,75.5,True,majority,vehicle,False,,False,0.0
5.099999999999998,v2_majority,28.0,0,75.5,False,75.5,False,75.5,False,75.5,True,majority,vehicle,False,,False,0.0
5.1999999999999975,v2_majority,28.0,0,75.5,False,75.5,False,75.5,False,75.5,True,majority,vehicle,False,,False,0.0
5.299999999999997,v2_majority,28.0,0,75.5,False,75.5,False,75.5,False,75.5,True,majority,vehicle,False,,False,0.0
5.399999999999997,v2_majority,28.0,0,75.5,False,75.5,False,75.5,False,75.5,True,majority,vehicle,False,,False,0.0
5.4999999999999964,v2_majority,28.0,0,75.5,False,75.5,False,75.5,False,75.5,True,majority,vehicle,False,,False,0.0
5.599999999999996,v2_majority,28.0,0,75.5,False,75.5,False,75.5,False,75.5,True,majority,vehicle,False,,False,0.0
5.699999999999996,v2_majority,28.0,0,75.5,False,75.5,False,75.5,False,75.5,True,majority,vehicle,False,,False,0.0
5.799999999999995,v2_majority,28.0,0,75.5,False,75.5,False,75.5,False,75.5,True,majority,vehicle,False,,False,0.0
5.899999999999995,v2_majority,28.0,0,75.5,False,75.5,False,75.5,False,75.5,True,majority,vehicle,False,,False,0.0
5.999999999999995,v2_majority,28.0,0,75.5,False,75.5,False,75.5,False,75.5,True,majority,vehicle,False,,False,0.0
6.099999999999994,v2_majority,28.0,0,75.5,False,75.5,False,75.5,False,75.5,True,majority,vehicle,False,,False,0.0
6.199999999999994,v2_majority,28.0,0,75.5,False,75.5,False,75.5,False,75.5,True,majority,vehicle,False,,False,0.0
6.299999999999994,v2_majority,28.0,0,75.5,False,75.5,False,75.5,False,75.5,True,majority,vehicle,False,,False,0.0
6.399999999999993,v2_majority,28.0,0,75.5,False,75.5,False,75.5,False,75.5,True,majority,vehicle,False,,False,0.0
6.499999999999993,v2_majority,28.0,0,75.5,False,75.5,False,75.5,False,75.5,True,majority,vehicle,False,,False,0.0
6.5999999999999925,v2_majority,28.0,0,75.5,False,75.5,False,75.5,False,75.5,True,majority,vehicle,False,,False,0.0
6.699999999999992,v2_majority,28.0,0,75.5,False,75.5,False,75.5,False,75.5,True,majority,vehicle,False,,False,0.0
6.799999999999992,v2_majority,28.0,0,75.5,False,75.5,False,75.5,False,75.5,True,majority,vehicle,False,,False,0.0
6.8999999999999915,v2_majority,28.0,0,75.5,False,75.5,False,75.5,False,75.5,True,majority,vehicle,False,,False,0.0
6.999999999999991,v2_majority,28.0,0,75.5,False,75.5,False,75.5,False,75.5,True,majority,vehicle,False,,False,0.0
7.099999999999991,v2_majority,28.0,0,75.5,False,75.5,False,75.5,False,75.5,True,majority,vehicle,False,,False,0.0
7.19999999999999,v2_majority,28.0,0,75.5,False,75.5,False,75.5,False,75.5,True,majority,vehicle,False,,False,0.0
7.29999999999999,v2_majority,28.0,0,75.5,False,75.5,False,75.5,False,75.5,True,majority,vehicle,False,,False,0.0
7.39999999999999,v2_majority,28.0,0,75.5,False,75.5,False,75.5,False,75.5,True,majority,vehicle,False,,False,0.0
7.499999999999989,v2_majority,28.0,0,75.5,False,75.5,False,75.5,False,75.5,True,majority,vehicle,False,,False,0.0
7.599999999999989,v2_majority,28.0,0,75.5,False,75.5,False,75.5,False,75.5,True,majority,vehicle,False,,False,0.0
7.699999999999989,v2_majority,28.0,0,75.5,False,75.5,False,75.5,False,75.5,True,majority,vehicle,False,,False,0.0
7.799999999999988,v2_majority,28.0,0,75.5,False,75.5,False,75.5,False,75.5,True,majority,vehicle,False,,False,0.0
7.899999999999988,v2_majority,28.0,0,75.5,False,75.5,False,75.5,False,75.5,True,majority,vehicle,False,,False,0.0
7.999999999999988,v2_majority,28.0,0,75.5,False,75.5,False,75.5,False,75.5,True,majority,vehicle,False,,False,0.0
8.099999999999987,v2_majority,28.0,0,75.5,False,75.5,False,75.5,False,75.5,True,majority,vehicle,False,,False,0.0
8.199999999999987,v2_majority,28.0,0,75.5,False,75.5,False,75.5,False,75.5,True,majority,vehicle,False,,False,0.0
8.299999999999986,v2_majority,28.0,0,75.5,False,75.5,False,75.5,False,75.5,True,majority,vehicle,False,,False,0.0
8.399999999999986,v2_majority,28.0,0,75.5,False,75.5,False,75.5,False,75.5,True,majority,vehicle,False,,False,0.0
8.499999999999986,v2_majority,28.0,0,75.5,False,75.5,False,75.5,False,75.5,True,majority,vehicle,False,,False,0.0
8.599999999999985,v2_majority,28.0,0,75.5,False,75.5,False,75.5,False,75.5,True,majority,vehicle,False,,False,0.0
8.699999999999985,v2_majority,28.0,0,75.5,False,75.5,False,75.5,False,75.5,True,majority,vehicle,False,,False,0.0
8.799999999999985,v2_majority,28.0,0,75.5,False,75.5,False,75.5,False,75.5,True,majority,vehicle,False,,False,0.0
8.899999999999984,v2_majority,28.0,0,75.5,False,75.5,False,75.5,False,75.5,True,majority,vehicle,False,,False,0.0
8.999999999999984,v2_majority,28.0,0,75.5,False,75.5,False,75.5,False,75.5,True,majority,vehicle,False,,False,0.0
9.099999999999984,v2_majority,28.0,0,75.5,False,75.5,False,75.5,False,75.5,True,majority,vehicle,False,,False,0.0
9.199999999999983,v2_majority,28.0,0,75.5,False,75.5,False,75.5,False,75.5,True,majority,vehicle,False,,False,0.0
9.299999999999983,v2_majority,28.0,0,75.5,False,75.5,False,75.5,False,75.5,True,majority,vehicle,False,,False,0.0
9.399999999999983,v2_majority,28.0,0,75.5,False,75.5,False,75.5,False,75.5,True,majority,vehicle,False,,False,0.0
9.499999999999982,v2_majority,28.0,0,75.5,False,75.5,False,75.5,False,75.5,True,majority,vehicle,False,,False,0.0
9.599999999999982,v2_majority,28.0,0,75.5,False,75.5,False,75.5,False,75.5,True,majority,vehicle,False,,False,0.0
9.699999999999982,v2_majority,28.0,0,75.5,False,75.5,False,75.5,False,75.5,True,majority,vehicle,False,,False,0.0
9.799999999999981,v2_majority,28.0,0,75.5,False,75.5,False,75.5,False,75.5,True,majority,vehicle,False,,False,0.0
9.89999999999998,v2_majority,28.0,0,75.5,False,75.5,False,75.5,False,75.5,True,majority,vehicle,False,,False,0.0
9.99999999999998,v2_majority,28.0,0,75.5,False,75.5,False,75.5,False,75.5,True,majority,vehicle,False,,False,0.0
10.09999999999998,v2_majority,28.0,0,75.5,False,75.5,False,75.5,False,75.5,True,majority,vehicle,False,,False,0.0
10.19999999999998,v2_majority,28.0,0,75.5,False,75.5,False,75.5,False,75.5,True,majority,vehicle,False,,False,0.0
10.29999999999998,v2_majority,28.0,0,75.5,False,75.5,False,75.5,False,75.5,True,majority,vehicle,False,,False,0.0
10.399999999999979,v2_majority,28.0,0,75.5,False,75.5,False,75.5,False,75.5,True,majority,vehicle,False,,False,0.0
10.499999999999979,v2_majority,28.0,0,75.5,False,75.5,False,75.5,False,75.5,True,majority,vehicle,False,,False,0.0
10.599999999999978,v2_majority,28.0,0,75.5,False,75.5,False,75.5,False,75.5,True,majority,vehicle,False,,False,0.0
10.699999999999978,v2_majority,28.0,0,75.5,False,75.5,False,75.5,False,75.5,True,majority,vehicle,False,,False,0.0
10.799999999999978,v2_majority,28.0,0,75.5,False,75.5,False,75.5,False,75.5,True,majority,vehicle,False,,False,0.0
10.899999999999977,v2_majority,28.0,0,75.5,False,75.5,False,75.5,False,75.5,True,majority,vehicle,False,,False,0.0
10.999999999999977,v2_majority,28.0,0,75.5,False,75.5,False,75.5,False,75.5,True,majority,vehicle,False,,False,0.0
11.099999999999977,v2_majority,28.0,0,75.5,False,75.5,False,75.5,False,75.5,True,majority,vehicle,False,,False,0.0
11.199999999999976,v2_majority,28.0,0,75.5,False,75.5,False,75.5,False,75.5,True,majority,vehicle,False,,False,0.0
11.299999999999976,v2_majority,28.0,0,75.5,False,75.5,False,75.5,False,75.5,True,majority,vehicle,False,,False,0.0
11.399999999999975,v2_majority,28.0,0,75.5,False,75.5,False,75.5,False,75.5,True,majority,vehicle,False,,False,0.0
11.499999999999975,v2_majority,28.0,0,75.5,False,75.5,False,75.5,False,75.5,True,majority,vehicle,False,,False,0.0
11.599999999999975,v2_majority,28.0,0,75.5,False,75.5,False,75.5,False,75.5,True,majority,vehicle,False,,False,0.0
11.699999999999974,v2_majority,28.0,0,75.5,False,75.5,False,75.5,False,75.5,True,majority,vehicle,False,,False,0.0
11.799999999999974,v2_majority,28.0,0,75.5,False,75.5,False,75.5,False,75.5,True,majority,vehicle,False,,False,0.0
11.899999999999974,v2_majority,28.0,0,75.5,False,75.5,False,75.5,False,75.5,True,majority,vehicle,False,,False,0.0
11.999999999999973,v2_majority,28.0,0,75.5,False,75.5,False,75.5,False,75.5,True,majority,vehicle,False,,False,0.0
12.099999999999973,v2_majority,28.0,0,75.5,False,75.5,False,75.5,False,75.5,True,majority,vehicle,False,,False,0.0
12.199999999999973,v2_majority,28.0,0,75.5,False,75.5,False,75.5,False,75.5,True,majority,vehicle,False,,False,0.0
12.299999999999972,v2_majority,28.0,0,75.5,False,75.5,False,75.5,False,75.5,True,majority,vehicle,False,,False,0.0
12.399999999999972,v2_majority,28.0,0,75.5,False,75.5,False,75.5,False,75.5,True,majority,vehicle,False,,False,0.0
12.499999999999972,v2_majority,28.0,0,75.5,False,75.5,False,75.5,False,75.5,True,majority,vehicle,False,,False,0.0
12.599999999999971,v2_majority,28.0,0,75.5,False,75.5,False,75.5,False,75.5,True,majority,vehicle,False,,False,0.0
12.69999999999997,v2_majority,28.0,0,75.5,False,75.5,False,75.5,False,75.5,True,majority,vehicle,False,,False,0.0
12.79999999999997,v2_majority,28.0,0,75.5,False,75.5,False,75.5,False,75.5,True,majority,vehicle,False,,False,0.0
12.89999999999997,v2_majority,28.0,0,75.5,False,75.5,False,75.5,False,75.5,True,majority,vehicle,False,,False,0.0
12.99999999999997,v2_majority,28.0,0,75.5,False,75.5,False,75.5,False,75.5,True,majority,vehicle,False,,False,0.0
13.09999999999997,v2_majority,28.0,0,75.5,False,75.5,False,75.5,False,75.5,True,majority,vehicle,False,,False,0.0
13.199999999999969,v2_majority,28.0,0,75.5,False,75.5,False,75.5,False,75.5,True,majority,vehicle,False,,False,0.0
13.299999999999969,v2_majority,28.0,0,75.5,False,75.5,False,75.5,False,75.5,True,majority,vehicle,False,,False,0.0
13.399999999999968,v2_majority,28.0,0,75.5,False,75.5,False,75.5,False,75.5,True,majority,vehicle,False,,False,0.0
13.499999999999968,v2_majority,28.0,0,75.5,False,75.5,False,75.5,False,75.5,True,majority,vehicle,False,,False,0.0
13.599999999999968,v2_majority,28.0,0,75.5,False,75.5,False,75.5,False,75.5,True,majority,vehicle,False,,False,0.0
13.699999999999967,v2_majority,28.0,0,75.5,False,75.5,False,75.5,False,75.5,True,majority,vehicle,False,,False,0.0
13.799999999999967,v2_majority,28.0,0,75.5,False,75.5,False,75.5,False,75.5,True,majority,vehicle,False,,False,0.0
13.899999999999967,v2_majority,28.0,0,75.5,False,75.5,False,75.5,False,75.5,True,majority,vehicle,False,,False,0.0
13.999999999999966,v2_majority,28.0,0,75.5,False,75.5,False,75.5,False,75.5,True,majority,vehicle,False,,False,0.0
14.099999999999966,v2_majority,28.0,0,75.5,False,75.5,False,75.5,False,75.5,True,majority,vehicle,False,,False,0.0
14.199999999999966,v2_majority,28.0,0,75.5,False,75.5,False,75.5,False,75.5,True,majority,vehicle,False,,False,0.0
14.299999999999965,v2_majority,28.0,0,75.5,False,75.5,False,75.5,False,75.5,True,majority,vehicle,False,,False,0.0
14.399999999999965,v2_majority,28.0,0,75.5,False,75.5,False,75.5,False,75.5,True,majority,vehicle,False,,False,0.0
14.499999999999964,v2_majority,28.0,0,74.248288,False,74.248288,False,74.248288,False,74.248288,True,majority,vehicle,False,,False,0.0
14.599999999999964,v2_majority,28.0,0,72.996576,False,72.996576,False,72.996576,False,72.996576,True,majority,vehicle,False,,False,0.0
14.699999999999964,v2_majority,28.0,0,71.744864,False,71.744864,False,71.744864,False,71.744864,True,majority,vehicle,False,,False,0.0
14.799999999999963,v2_majority,28.0,0,70.49315200000001,False,70.49315200000001,False,70.49315200000001,False,70.49315200000001,True,majority,vehicle,False,,False,0.0
14.899999999999963,v2_majority,28.0,0,69.24144000000001,False,69.24144000000001,False,69.24144000000001,False,69.24144000000001,True,majority,vehicle,False,,False,0.0
14.999999999999963,v2_majority,28.0,0,67.98972800000001,False,67.98972800000001,False,67.98972800000001,False,67.98972800000001,True,majority,vehicle,False,,False,0.0
15.099999999999962,v2_majority,28.0,0,66.73801600000002,False,66.73801600000002,False,66.73801600000002,False,66.73801600000002,True,majority,vehicle,False,,False,0.0
15.199999999999962,v2_majority,28.0,0,65.48630400000002,False,65.48630400000002,False,65.48630400000002,False,65.48630400000002,True,majority,vehicle,False,,False,0.0
15.299999999999962,v2_majority,28.0,0,64.23459200000002,False,64.23459200000002,False,64.23459200000002,False,64.23459200000002,True,majority,vehicle,False,,False,0.0
15.399999999999961,v2_majority,28.0,0,62.98288000000002,False,62.98288000000002,False,62.98288000000002,False,62.98288000000002,True,majority,vehicle,False,,False,0.0
15.499999999999961,v2_majority,28.0,0,61.731168000000025,False,61.731168000000025,False,61.731168000000025,False,61.731168000000025,True,majority,vehicle,False,,False,0.0
15.59999999999996,v2_majority,28.0,0,60.47945600000003,False,60.47945600000003,False,60.47945600000003,False,60.47945600000003,True,majority,vehicle,False,,False,0.0
15.69999999999996,v2_majority,28.0,0,59.22774400000003,False,59.22774400000003,False,59.22774400000003,False,59.22774400000003,True,majority,vehicle,False,,False,0.0
15.79999999999996,v2_majority,28.0,0,57.97603200000003,False,57.97603200000003,False,57.97603200000003,False,57.97603200000003,True,majority,vehicle,False,,False,0.0
15.89999999999996,v2_majority,28.0,0,56.724320000000034,False,56.724320000000034,False,56.724320000000034,False,56.724320000000034,True,majority,vehicle,False,,False,0.0
15.99999999999996,v2_majority,28.0,0,200.0,True,55.47260800000004,False,55.47260800000004,False,55.47260800000004,True,majority,vehicle,False,,False,0.0
16.09999999999996,v2_majority,28.0,0,200.0,True,54.22089600000004,False,54.22089600000004,False,54.22089600000004,True,majority,vehicle,False,,False,0.0
16.19999999999996,v2_majority,28.0,0,200.0,True,52.96918400000004,False,52.96918400000004,False,52.96918400000004,True,majority,vehicle,False,,False,0.0
16.29999999999996,v2_majority,28.0,0,200.0,True,51.71747200000004,False,51.71747200000004,False,51.71747200000004,True,majority,vehicle,False,,False,0.0
16.399999999999963,v2_majority,28.0,0,200.0,True,50.465760000000046,False,50.465760000000046,False,50.465760000000046,True,majority,vehicle,False,,False,0.0
16.499999999999964,v2_majority,28.0,0,200.0,True,49.21404800000005,False,49.21404800000005,False,49.21404800000005,True,majority,vehicle,False,,False,0.0
16.599999999999966,v2_majority,28.0,0,200.0,True,47.96233600000005,False,47.96233600000005,False,47.96233600000005,True,majority,vehicle,False,,False,0.0
16.699999999999967,v2_majority,28.0,0,200.0,True,46.71062400000005,False,46.71062400000005,False,46.71062400000005,True,majority,vehicle,False,,False,0.0
16.79999999999997,v2_majority,28.0,0,200.0,True,45.458912000000055,False,45.458912000000055,False,45.458912000000055,True,majority,vehicle,False,,False,0.0
16.89999999999997,v2_majority,28.0,0,200.0,True,44.20720000000006,False,44.20720000000006,False,44.20720000000006,True,majority,vehicle,False,,False,0.0
16.99999999999997,v2_majority,28.0,0,200.0,True,42.95548800000006,False,42.95548800000006,False,42.95548800000006,True,majority,vehicle,False,,False,0.0
17.099999999999973,v2_majority,28.0,0,200.0,True,41.70377600000006,False,41.70377600000006,False,41.70377600000006,True,majority,vehicle,False,,False,0.0
17.199999999999974,v2_majority,28.0,0,200.0,True,40.452064000000064,False,40.452064000000064,False,40.452064000000064,True,majority,vehicle,False,,False,0.0
17.299999999999976,v2_majority,28.0,0,200.0,True,39.200352000000066,False,39.200352000000066,False,39.200352000000066,True,majority,vehicle,False,,False,0.0
17.399999999999977,v2_majority,28.0,0,200.0,True,37.94864000000007,False,37.94864000000007,False,37.94864000000007,True,majority,vehicle,False,,False,0.0
17.49999999999998,v2_majority,28.0,0,200.0,True,36.69692800000007,False,36.69692800000007,False,36.69692800000007,True,majority,vehicle,False,,False,0.0
17.59999999999998,v2_majority,28.0,0,200.0,True,35.44521600000007,False,35.44521600000007,False,35.44521600000007,True,majority,vehicle,False,,False,0.0
17.69999999999998,v2_majority,28.0,0,200.0,True,34.193504000000075,False,34.193504000000075,False,34.193504000000075,True,majority,vehicle,False,,False,0.0
17.799999999999983,v2_majority,28.0,0,200.0,True,32.94179200000008,False,32.94179200000008,False,32.94179200000008,True,majority,vehicle,False,,False,0.0
17.899999999999984,v2_majority,28.0,0,200.0,True,31.69008000000008,False,31.69008000000008,False,31.69008000000008,True,majority,vehicle,False,,False,0.0
17.999999999999986,v2_majority,27.936810692566347,0,200.0,True,30.439780407399837,False,30.439780407399837,False,30.439780407399837,True,majority,vehicle,False,,False,0.0
18.099999999999987,v2_majority,27.798604800136964,0,200.0,True,29.193982400306936,False,29.193982400306936,False,29.193982400306936,True,majority,vehicle,False,,False,0.0
18.19999999999999,v2_majority,27.59260490709741,0,200.0,True,27.95587808093086,False,27.95587808093086,False,27.95587808093086,True,majority,vehicle,False,,False,0.0
18.29999999999999,v2_majority,27.32465311240831,0,200.0,True,26.72836752967885,False,26.72836752967885,False,26.72836752967885,True,majority,vehicle,False,,False,0.0
18.39999999999999,v2_majority,26.999538360506367,0,200.0,True,25.514113201876285,False,25.514113201876285,False,25.514113201876285,True,majority,vehicle,False,,False,0.0
18.499999999999993,v2_majority,26.621230293855923,0,200.0,True,24.315581780913988,False,24.315581780913988,False,24.315581780913988,True,majority,vehicle,False,,False,0.0
18.599999999999994,v2_majority,26.193050577246765,0,200.0,True,23.135076974883077,False,23.135076974883077,False,23.135076974883077,True,majority,vehicle,False,,False,0.0
18.699999999999996,v2_majority,25.717801344366276,0,200.0,True,21.974765612731176,False,21.974765612731176,False,21.974765612731176,True,majority,vehicle,False,,False,0.0
18.799999999999997,v2_majority,25.197863671393275,0,200.0,True,20.836698668298936,False,20.836698668298936,False,20.836698668298936,True,majority,vehicle,False,,False,0.0
18.9,v2_majority,24.635274833594668,0,200.0,True,19.722828356435457,False,19.722828356435457,False,19.722828356435457,True,majority,vehicle,False,,False,0.0
19.0,v2_majority,24.031790494494256,0,200.0,True,18.635022112222032,False,18.635022112222032,False,18.635022112222032,True,majority,vehicle,False,,False,0.0
19.1,v2_majority,23.388936325198095,0,200.0,True,17.57507402634826,False,17.57507402634826,False,17.57507402634826,True,majority,vehicle,False,,False,0.0
19.200000000000003,v2_majority,22.70805251893335,0,200.0,True,16.54471413170421,False,16.54471413170421,False,16.54471413170421,True,majority,vehicle,False,,False,0.0
19.300000000000004,v2_majority,21.990334061900423,0,200.0,True,15.545615794849425,False,15.545615794849425,False,15.545615794849425,True,majority,vehicle,False,,False,0.0
19.400000000000006,v2_majority,21.236869342745127,0,200.0,True,14.57940134434881,False,14.57940134434881,False,14.57940134434881,True,majority,vehicle,False,,False,0.0
19.500000000000007,v2_majority,20.448679684395795,0,200.0,True,13.647645952494145,False,13.647645952494145,False,13.647645952494145,True,majority,vehicle,False,,False,0.0
19.60000000000001,v2_majority,19.626762663944596,0,200.0,True,12.751879665124022,False,12.751879665124022,False,12.751879665124022,True,majority,vehicle,False,,False,0.0
19.70000000000001,v2_majority,18.772142690897677,0,200.0,True,11.893587332632592,False,11.893587332632592,False,11.893587332632592,True,majority,vehicle,False,,False,0.0
19.80000000000001,v2_majority,17.885933329679972,0,200.0,True,11.074206017420636,False,11.074206017420636,False,11.074206017420636,True,majority,vehicle,False,,False,0.0
19.900000000000013,v2_majority,16.969417422456072,0,200.0,True,10.29511921740891,False,10.29511921740891,False,10.29511921740891,True,majority,vehicle,False,,False,0.0
20.000000000000014,v2_majority,16.02415340396977,0,200.0,True,9.557646922296613,False,9.557646922296613,False,9.557646922296613,True,majority,vehicle,False,,False,0.0
20.100000000000016,v2_majority,15.05211958321738,0,200.0,True,8.863030068486978,False,8.863030068486978,False,8.863030068486978,True,majority,vehicle,False,,False,0.0
20.200000000000017,v2_majority,14.055912918259672,0,200.0,True,8.212407326013988,False,8.212407326013988,False,8.212407326013988,True,majority,vehicle,False,,False,0.0
20.30000000000002,v2_majority,13.039025143714339,0,200.0,True,7.606781270452757,False,7.606781270452757,False,7.606781270452757,True,majority,vehicle,False,,False,0.0
20.40000000000002,v2_majority,12.006226669532706,0,200.0,True,7.046969801923069,False,7.046969801923069,False,7.046969801923069,True,majority,vehicle,False,,False,0.0
20.50000000000002,v2_majority,10.964095258879537,0,200.0,True,6.533537166179201,False,6.533537166179201,False,6.533537166179201,True,majority,vehicle,False,,False,0.0
20.600000000000023,v2_majority,9.921724869034618,0,200.0,True,6.066697314680084,False,6.066697314680084,False,6.066697314680084,True,majority,vehicle,False,,False,0.0
20.700000000000024,v2_majority,8.89162050599364,0,200.0,True,5.646181418857452,False,5.646181418857452,False,5.646181418857452,True,majority,vehicle,False,,False,0.0
20.800000000000026,v2_majority,7.8906806309532325,0,200.0,True,5.271063423844396,False,5.271063423844396,False,5.271063423844396,True,majority,vehicle,False,,False,0.0
20.900000000000027,v2_majority,6.9408957821195285,0,200.0,True,4.939548027859416,False,4.939548027859416,False,4.939548027859416,True,majority,vehicle,False,,False,0.0
21.00000000000003,v2_majority,6.068824302571534,0,200.0,True,4.648754764526416,False,4.648754764526416,False,4.648754764526416,True,majority,vehicle,False,,False,0.0
21.10000000000003,v2_majority,5.302100251605814,0,200.0,True,4.394591858891431,False,4.394591858891431,False,4.394591858891431,True,majority,vehicle,False,,False,0.0
21.20000000000003,v2_majority,4.661176802206022,0,200.0,True,4.17189269018462,False,4.17189269018462,False,4.17189269018462,True,majority,vehicle,False,,False,0.0
21.300000000000033,v2_majority,4.147924788888865,0,200.0,True,3.974991651420453,False,3.974991651420453,False,3.974991651420453,True,majority,vehicle,False,,False,0.0
21.400000000000034,v2_majority,3.7403934322047587,0,200.0,True,3.798671962542585,False,3.798671962542585,False,3.798671962542585,True,majority,vehicle,False,,False,0.0
21.500000000000036,v2_majority,3.4037206097738157,0,200.0,True,3.638986725476286,False,3.638986725476286,False,3.638986725476286,True,majority,vehicle,False,,False,0.0
21.600000000000037,v2_majority,3.1091942520028644,0,200.0,True,3.4934100524858422,False,3.4934100524858422,False,3.4934100524858422,True,majority,vehicle,False,,False,0.0
21.70000000000004,v2_majority,2.842299276945953,0,200.0,True,3.3603822691267737,False,3.3603822691267737,False,3.3603822691267737,True,majority,vehicle,False,,False,0.0
21.80000000000004,v2_majority,2.59785545522189,0,200.0,True,3.2387839305533817,False,3.2387839305533817,False,3.2387839305533817,True,majority,vehicle,False,,False,0.0
21.90000000000004,v2_majority,2.373643417726101,0,200.0,True,3.12766098774523,False,3.12766098774523,False,3.12766098774523,True,majority,vehicle,False,,False,0.0
22.000000000000043,v2_majority,2.1679194960966943,0,200.0,True,3.0261479734954833,False,3.0261479734954833,False,3.0261479734954833,True,majority,vehicle,False,,False,0.0
22.100000000000044,v2_majority,1.9791537702403337,0,200.0,True,2.933452591846333,False,2.933452591846333,False,2.933452591846333,True,majority,vehicle,False,,False,0.0
22.200000000000045,v2_majority,1.8059916189187062,0,200.0,True,2.8488470221078614,False,2.8488470221078614,False,2.8488470221078614,True,majority,vehicle,False,,False,0.0
22.300000000000047,v2_majority,1.6472043602533184,0,200.0,True,2.771661185581422,False,2.771661185581422,False,2.771661185581422,True,majority,vehicle,False,,False,0.0
22.40000000000005,v2_majority,1.5016734624329582,0,200.0,True,2.7012774684887404,False,2.7012774684887404,False,2.7012774684887404,True,majority,vehicle,False,,False,0.0
22.50000000000005,v2_majority,1.3683657672256204,0,200.0,True,2.637126351627387,False,2.637126351627387,False,2.637126351627387,True,majority,vehicle,False,,False,0.0
22.60000000000005,v2_majority,1.24633293615116,0,200.0,True,2.5786826062094974,False,2.5786826062094974,False,2.5786826062094974,True,majority,vehicle,False,,False,0.0
22.700000000000053,v2_majority,1.1346847441399204,0,200.0,True,2.5254620990196486,False,2.5254620990196486,False,2.5254620990196486,True,majority,vehicle,False,,False,0.0
22.800000000000054,v2_majority,1.0326193201475418,0,200.0,True,2.4770185185747096,False,2.4770185185747096,False,2.4770185185747096,True,majority,vehicle,False,,False,0.0
22.900000000000055,v2_majority,0.9393290143521464,0,200.0,True,2.432941529402001,False,2.432941529402001,False,2.432941529402001,True,majority,vehicle,False,,False,0.0
23.000000000000057,v2_majority,0.8542514795918879,0,200.0,True,2.39285141820136,False,2.39285141820136,False,2.39285141820136,True,majority,vehicle,False,,False,0.0
23.10000000000006,v2_majority,0.7762087464379095,0,200.0,True,2.3564073712291247,False,2.3564073712291247,False,2.3564073712291247,True,majority,vehicle,False,,False,0.0
23.20000000000006,v2_majority,0.7067464377367362,0,200.0,True,2.32326035695246,False,2.32326035695246,False,2.32326035695246,True,majority,vehicle,False,,False,0.0
23.30000000000006,v2_majority,0.6351226593955158,0,200.0,True,2.293266898893364,False,2.293266898893364,False,2.293266898893364,True,majority,vehicle,False,,False,0.0
23.400000000000063,v2_majority,0.6159126872225894,0,200.0,True,2.2653037568257446,False,2.2653037568257446,False,2.2653037568257446,True,majority,vehicle,False,,False,0.0
23.500000000000064,v2_majority,0.3256748164470586,0,200.0,True,2.244257392943723,False,2.244257392943723,False,2.244257392943723,True,majority,vehicle,False,,False,0.0
23.600000000000065,v2_majority,0.0,0,200.0,True,2.236977909446523,False,2.236977909446523,False,2.236977909446523,True,majority,vehicle,False,,False,0.0
23.700000000000067,v2_majority,0.0,0,200.0,True,2.236977909446523,False,2.236977909446523,False,2.236977909446523,True,majority,vehicle,False,,False,0.0
23.800000000000068,v2_majority,0.0,0,200.0,True,2.236977909446523,False,2.236977909446523,False,2.236977909446523,True,majority,vehicle,False,,False,0.0
23.90000000000007,v2_majority,0.0,0,200.0,True,2.236977909446523,False,2.236977909446523,False,2.236977909446523,True,majority,vehicle,False,,False,0.0
24.00000000000007,v2_majority,0.0,0,2.236977909446523,False,2.236977909446523,False,2.236977909446523,False,2.236977909446523,True,majority,vehicle,False,,False,0.0
24.100000000000072,v2_majority,0.0,0,2.236977909446523,False,2.236977909446523,False,2.236977909446523,False,2.236977909446523,True,majority,vehicle,False,,False,0.0
24.200000000000074,v2_majority,0.0,0,2.236977909446523,False,2.236977909446523,False,2.236977909446523,False,2.236977909446523,True,majority,vehicle,False,,False,0.0
24.300000000000075,v2_majority,0.0,0,2.236977909446523,False,2.236977909446523,False,2.236977909446523,False,2.236977909446523,True,majority,vehicle,False,,False,0.0
24.400000000000077,v2_majority,0.0,0,2.236977909446523,False,2.236977909446523,False,2.236977909446523,False,2.236977909446523,True,majority,vehicle,False,,False,0.0
24.500000000000078,v2_majority,0.0,0,2.236977909446523,False,2.236977909446523,False,2.236977909446523,False,2.236977909446523,True,majority,vehicle,False,,False,0.0
24.60000000000008,v2_majority,0.0,0,2.236977909446523,False,2.236977909446523,False,2.236977909446523,False,2.236977909446523,True,majority,vehicle,False,,False,0.0
24.70000000000008,v2_majority,0.0,0,2.236977909446523,False,2.236977909446523,False,2.236977909446523,False,2.236977909446523,True,majority,vehicle,False,,False,0.0
24.800000000000082,v2_majority,0.0,0,2.236977909446523,False,2.236977909446523,False,2.236977909446523,False,2.236977909446523,True,majority,vehicle,False,,False,0.0
24.900000000000084,v2_majority,0.0,0,2.236977909446523,False,2.236977909446523,False,2.236977909446523,False,2.236977909446523,True,majority,vehicle,False,,False,0.0
25.000000000000085,v2_majority,0.0,0,2.236977909446523,False,2.236977909446523,False,2.236977909446523,False,2.236977909446523,True,majority,vehicle,False,,False,0.0
25.100000000000087,v2_majority,0.0,0,2.236977909446523,False,2.236977909446523,False,2.236977909446523,False,2.236977909446523,True,majority,vehicle,False,,False,0.0
25.200000000000088,v2_majority,0.0,0,2.236977909446523,False,2.236977909446523,False,2.236977909446523,False,2.236977909446523,True,majority,vehicle,False,,False,0.0
25.30000000000009,v2_majority,0.0,0,2.236977909446523,False,2.236977909446523,False,2.236977909446523,False,2.236977909446523,True,majority,vehicle,False,,False,0.0
25.40000000000009,v2_majority,0.0,0,2.236977909446523,False,2.236977909446523,False,2.236977909446523,False,2.236977909446523,True,majority,vehicle,False,,False,0.0
25.500000000000092,v2_majority,0.0,0,2.236977909446523,False,2.236977909446523,False,2.236977909446523,False,2.236977909446523,True,majority,vehicle,False,,False,0.0
25.600000000000094,v2_majority,0.0,0,2.236977909446523,False,2.236977909446523,False,2.236977909446523,False,2.236977909446523,True,majority,vehicle,False,,False,0.0
25.700000000000095,v2_majority,0.0,0,2.236977909446523,False,2.236977909446523,False,2.236977909446523,False,2.236977909446523,True,majority,vehicle,False,,False,0.0
25.800000000000097,v2_majority,0.0,0,2.236977909446523,False,2.236977909446523,False,2.236977909446523,False,2.236977909446523,True,majority,vehicle,False,,False,0.0
25.900000000000098,v2_majority,0.0,0,2.236977909446523,False,2.236977909446523,False,2.236977909446523,False,2.236977909446523,True,majority,vehicle,False,,False,0.0
26.0000000000001,v2_majority,0.0,0,2.236977909446523,False,2.236977909446523,False,2.236977909446523,False,2.236977909446523,True,majority,vehicle,False,,False,0.0
26.1000000000001,v2_majority,0.0,0,2.236977909446523,False,2.236977909446523,False,2.236977909446523,False,2.236977909446523,True,majority,vehicle,False,,False,0.0
26.200000000000102,v2_majority,0.0,0,2.236977909446523,False,2.236977909446523,False,2.236977909446523,False,2.236977909446523,True,majority,vehicle,False,,False,0.0
26.300000000000104,v2_majority,0.0,0,2.236977909446523,False,2.236977909446523,False,2.236977909446523,False,2.236977909446523,True,majority,vehicle,False,,False,0.0
26.400000000000105,v2_majority,0.0,0,2.236977909446523,False,2.236977909446523,False,2.236977909446523,False,2.236977909446523,True,majority,vehicle,False,,False,0.0
26.500000000000107,v2_majority,0.0,0,2.236977909446523,False,2.236977909446523,False,2.236977909446523,False,2.236977909446523,True,majority,vehicle,False,,False,0.0
26.600000000000108,v2_majority,0.0,0,2.236977909446523,False,2.236977909446523,False,2.236977909446523,False,2.236977909446523,True,majority,vehicle,True,slight,False,0.0
26.70000000000011,v2_majority,0.0,0,,False,,False,,False,,False,crashed,,True,slight,False,0.0
26.80000000000011,v2_majority,0.0,0,,False,,False,,False,,False,crashed,,True,slight,False,0.0
26.900000000000112,v2_majority,0.0,0,,False,,False,,False,,False,crashed,,True,slight,False,0.0
27.000000000000114,v2_majority,0.0,0,,False,,False,,False,,False,crashed,,True,slight,False,0.0
27.100000000000115,v2_majority,0.0,0,,False,,False,,False,,False,crashed,,True,slight,False,0.0
27.200000000000117,v2_majority,0.0,0,,False,,False,,False,,False,crashed,,True,slight,False,0.0
27.300000000000118,v2_majority,0.0,0,,False,,False,,False,,False,crashed,,True,slight,False,0.0
27.40000000000012,v2_majority,0.0,0,,False,,False,,False,,False,crashed,,True,slight,False,0.0
27.50000000000012,v2_majority,0.0,0,,False,,False,,False,,False,crashed,,True,slight,False,0.0
27.600000000000122,v2_majority,0.0,0,,False,,False,,False,,False,crashed,,True,slight,False,0.0
27.700000000000124,v2_majority,0.0,0,,False,,False,,False,,False,crashed,,True,slight,False,0.0
27.800000000000125,v2_majority,0.0,0,,False,,False,,False,,False,crashed,,True,slight,False,0.0
27.900000000000126,v2_majority,0.0,0,,False,,False,,False,,False,crashed,,True,slight,False,0.0
28.000000000000128,v2_majority,0.0,0,,False,,False,,False,,False,crashed,,True,slight,False,0.0
28.10000000000013,v2_majority,0.0,0,,False,,False,,False,,False,crashed,,True,slight,False,0.0
28.20000000000013,v2_majority,0.0,0,,False,,False,,False,,False,crashed,,True,slight,False,0.0
28.300000000000132,v2_majority,0.0,0,,False,,False,,False,,False,crashed,,True,slight,False,0.0
28.400000000000134,v2_majority,0.0,0,,False,,False,,False,,False,crashed,,True,slight,False,0.0
28.500000000000135,v2_majority,0.0,0,,False,,False,,False,,False,crashed,,True,slight,False,0.0
28.600000000000136,v2_majority,0.0,0,,False,,False,,False,,False,crashed,,True,slight,False,0.0
28.700000000000138,v2_majority,0.0,0,,False,,False,,False,,False,crashed,,True,slight,False,0.0
28.80000000000014,v2_majority,0.0,0,,False,,False,,False,,False,crashed,,True,slight,False,0.0
28.90000000000014,v2_majority,0.0,0,,False,,False,,False,,False,crashed,,True,slight,False,0.0
29.000000000000142,v2_majority,0.0,0,,False,,False,,False,,False,crashed,,True,slight,False,0.0
29.100000000000144,v2_majority,0.0,0,,False,,False,,False,,False,crashed,,True,slight,False,0.0
29.200000000000145,v2_majority,0.0,0,,False,,False,,False,,False,crashed,,True,slight,False,0.0
29.300000000000146,v2_majority,0.0,0,,False,,False,,False,,False,crashed,,True,slight,False,0.0
29.400000000000148,v2_majority,0.0,0,,False,,False,,False,,False,crashed,,True,slight,False,0.0
29.50000000000015,v2_majority,0.0,0,,False,,False,,False,,False,crashed,,True,slight,False,0.0
29.60000000000015,v2_majority,0.0,0,,False,,False,,False,,False,crashed,,True,slight,False,0.0
29.700000000000152,v2_majority,0.0,0,,False,,False,,False,,False,crashed,,True,slight,False,0.0
29.800000000000153,v2_majority,0.0,0,,False,,False,,False,,False,crashed,,True,slight,False,0.0
29.900000000000155,v2_majority,0.0,0,,False,,False,,False,,False,crashed,,True,slight,False,0.0
30.000000000000156,v2_majority,0.0,0,,False,,False,,False,,False,crashed,,True,slight,False,0.0
30.100000000000158,v2_majority,0.0,0,,False,,False,,False,,False,crashed,,True,slight,False,0.0
30.20000000000016,v2_majority,0.0,0,,False,,False,,False,,False,crashed,,True,slight,False,0.0
30.30000000000016,v2_majority,0.0,0,,False,,False,,False,,False,crashed,,True,slight,False,0.0
30.400000000000162,v2_majority,0.0,0,,False,,False,,False,,False,crashed,,True,slight,False,0.0
30.500000000000163,v2_majority,0.0,0,,False,,False,,False,,False,crashed,,True,slight,False,0.0
30.600000000000165,v2_majority,0.0,0,,False,,False,,False,,False,crashed,,True,slight,False,0.0
30.700000000000166,v2_majority,0.0,0,,False,,False,,False,,False,crashed,,True,slight,False,0.0
30.800000000000168,v2_majority,0.0,0,,False,,False,,False,,False,crashed,,True,slight,False,0.0
30.90000000000017,v2_majority,0.0,0,,False,,False,,False,,False,crashed,,True,slight,False,0.0
31.00000000000017,v2_majority,0.0,0,,False,,False,,False,,False,crashed,,True,slight,False,0.0
31.100000000000172,v2_majority,0.0,0,,False,,False,,False,,False,crashed,,True,slight,False,0.0
31.200000000000173,v2_majority,0.0,0,,False,,False,,False,,False,crashed,,True,slight,False,0.0
31.300000000000175,v2_majority,0.0,0,,False,,False,,False,,False,crashed,,True,slight,False,0.0
31.400000000000176,v2_majority,0.0,0,,False,,False,,False,,False,crashed,,True,slight,False,0.0
31.500000000000178,v2_majority,0.0,0,,False,,False,,False,,False,crashed,,True,slight,False,0.0
31.60000000000018,v2_majority,0.0,0,,False,,False,,False,,False,crashed,,True,slight,False,0.0
31.70000000000018,v2_majority,0.0,0,,False,,False,,False,,False,crashed,,True,slight,False,0.0
31.800000000000182,v2_majority,0.0,0,,False,,False,,False,,False,crashed,,True,slight,False,0.0
31.900000000000183,v2_majority,0.0,0,,False,,False,,False,,False,crashed,,True,slight,False,0.0
32.000000000000185,v2_majority,0.0,0,,False,,False,,False,,False,crashed,,True,slight,False,0.0
32.100000000000186,v2_majority,0.0,0,,False,,False,,False,,False,crashed,,True,slight,False,0.0
32.20000000000019,v2_majority,0.0,0,,False,,False,,False,,False,crashed,,True,slight,False,0.0
32.30000000000019,v2_majority,0.0,0,,False,,False,,False,,False,crashed,,True,slight,False,0.0
32.40000000000019,v2_majority,0.0,0,,False,,False,,False,,False,crashed,,True,slight,False,0.0
32.50000000000019,v2_majority,0.0,0,,False,,False,,False,,False,crashed,,True,slight,False,0.0
32.60000000000019,v2_majority,0.0,0,,False,,False,,False,,False,crashed,,True,slight,False,0.0
32.700000000000195,v2_majority,0.0,0,,False,,False,,False,,False,crashed,,True,slight,False,0.0
32.800000000000196,v2_majority,0.0,0,,False,,False,,False,,False,crashed,,True,slight,False,0.0
32.9000000000002,v2_majority,0.0,0,,False,,False,,False,,False,crashed,,True,slight,False,0.0
33.0000000000002,v2_majority,0.0,0,,False,,False,,False,,False,crashed,,True,slight,False,0.0
33.1000000000002,v2_majority,0.0,0,,False,,False,,False,,False,crashed,,True,slight,False,0.0
33.2000000000002,v2_majority,0.0,0,,False,,False,,False,,False,crashed,,True,slight,False,0.0
33.3000000000002,v2_majority,0.0,0,,False,,False,,False,,False,crashed,,True,slight,False,0.0
33.400000000000205,v2_majority,0.0,0,,False,,False,,False,,False,crashed,,True,slight,False,0.0
33.500000000000206,v2_majority,0.0,0,,False,,False,,False,,False,crashed,,True,slight,False,0.0
33.60000000000021,v2_majority,0.0,0,,False,,False,,False,,False,crashed,,True,slight,False,0.0
33.70000000000021,v2_majority,0.0,0,,False,,False,,False,,False,crashed,,True,slight,False,0.0
33.80000000000021,v2_majority,0.0,0,,False,,False,,False,,False,crashed,,True,slight,False,0.0
33.90000000000021,v2_majority,0.0,0,,False,,False,,False,,False,crashed,,True,slight,False,0.0
34.00000000000021,v2_majority,0.0,0,,False,,False,,False,,False,crashed,,True,slight,False,0.0
34.100000000000215,v2_majority,0.0,0,,False,,False,,False,,False,crashed,,True,slight,False,0.0
34.200000000000216,v2_majority,0.0,0,,False,,False,,False,,False,crashed,,True,slight,False,0.0
34.30000000000022,v2_majority,0.0,0,,False,,False,,False,,False,crashed,,True,slight,False,0.0
34.40000000000022,v2_majority,0.0,0,,False,,False,,False,,False,crashed,,True,slight,False,0.0
34.50000000000022,v2_majority,0.0,0,,False,,False,,False,,False,crashed,,True,slight,False,0.0
34.60000000000022,v2_majority,0.0,0,,False,,False,,False,,False,crashed,,True,slight,False,0.0
34.70000000000022,v2_majority,0.0,0,,False,,False,,False,,False,crashed,,True,slight,False,0.0
34.800000000000225,v2_majority,0.0,0,,False,,False,,False,,False,crashed,,True,slight,False,0.0
34.900000000000226,v2_majority,0.0,0,,False,,False,,False,,False,crashed,,True,slight,False,0.0
35.00000000000023,v2_majority,0.0,0,,False,,False,,False,,False,crashed,,True,slight,False,0.0
35.10000000000023,v2_majority,0.0,0,,False,,False,,False,,False,crashed,,True,slight,False,0.0
35.20000000000023,v2_majority,0.0,0,,False,,False,,False,,False,crashed,,True,slight,False,0.0
35.30000000000023,v2_majority,0.0,0,,False,,False,,False,,False,crashed,,True,slight,False,0.0
35.40000000000023,v2_majority,0.0,0,,False,,False,,False,,False,crashed,,True,slight,False,0.0
35.500000000000234,v2_majority,0.0,0,,False,,False,,False,,False,crashed,,True,slight,False,0.0
35.600000000000236,v2_majority,0.0,0,,False,,False,,False,,False,crashed,,True,slight,False,0.0
35.70000000000024,v2_majority,0.0,0,,False,,False,,False,,False,crashed,,True,slight,False,0.0
35.80000000000024,v2_majority,0.0,0,,False,,False,,False,,False,crashed,,True,slight,False,0.0
35.90000000000024,v2_majority,0.0,0,,False,,False,,False,,False,crashed,,True,slight,False,0.0
36.00000000000024,v2_majority,0.0,0,,False,,False,,False,,False,crashed,,True,slight,False,0.0
36.10000000000024,v2_majority,0.0,0,,False,,False,,False,,False,crashed,,True,slight,False,0.0
36.200000000000244,v2_majority,0.0,0,,False,,False,,False,,False,crashed,,True,slight,False,0.0
36.300000000000246,v2_majority,0.0,0,,False,,False,,False,,False,crashed,,True,slight,False,0.0
36.40000000000025,v2_majority,0.0,0,,False,,False,,False,,False,crashed,,True,slight,False,0.0
36.50000000000025,v2_majority,0.0,0,,False,,False,,False,,False,crashed,,True,slight,False,0.0
36.60000000000025,v2_majority,0.0,0,,False,,False,,False,,False,crashed,,True,slight,False,0.0
36.70000000000025,v2_majority,0.0,0,,False,,False,,False,,False,crashed,,True,slight,False,0.0
36.80000000000025,v2_majority,0.0,0,,False,,False,,False,,False,crashed,,True,slight,False,0.0
36.900000000000254,v2_majority,0.0,0,,False,,False,,False,,False,crashed,,True,slight,False,0.0
37.000000000000256,v2_majority,0.0,0,,False,,False,,False,,False,crashed,,True,slight,False,0.0
37.10000000000026,v2_majority,0.0,0,,False,,False,,False,,False,crashed,,True,slight,False,0.0
37.20000000000026,v2_majority,0.0,0,,False,,False,,False,,False,crashed,,True,slight,False,0.0
37.30000000000026,v2_majority,0.0,0,,False,,False,,False,,False,crashed,,True,slight,False,0.0
37.40000000000026,v2_majority,0.0,0,,False,,False,,False,,False,crashed,,True,slight,False,0.0
37.50000000000026,v2_majority,0.0,0,,False,,False,,False,,False,crashed,,True,slight,False,0.0
37.600000000000264,v2_majority,0.0,0,,False,,False,,False,,False,crashed,,True,slight,False,0.0
37.700000000000266,v2_majority,0.0,0,,False,,False,,False,,False,crashed,,True,slight,False,0.0
37.80000000000027,v2_majority,0.0,0,,False,,False,,False,,False,crashed,,True,slight,False,0.0
37.90000000000027,v2_majority,0.0,0,,False,,False,,False,,False,crashed,,True,slight,False,0.0
38.00000000000027,v2_majority,0.0,0,,False,,False,,False,,False,crashed,,True,slight,False,0.0
38.10000000000027,v2_majority,0.0,0,,False,,False,,False,,False,crashed,,True,slight,False,0.0
38.20000000000027,v2_majority,0.0,0,,False,,False,,False,,False,crashed,,True,slight,False,0.0
38.300000000000274,v2_majority,0.0,0,,False,,False,,False,,False,crashed,,True,slight,False,0.0
38.400000000000276,v2_majority,0.0,0,,False,,False,,False,,False,crashed,,True,slight,False,0.0
38.50000000000028,v2_majority,0.0,0,,False,,False,,False,,False,crashed,,True,slight,False,0.0
38.60000000000028,v2_majority,0.0,0,,False,,False,,False,,False,crashed,,True,slight,False,0.0
38.70000000000028,v2_majority,0.0,0,,False,,False,,False,,False,crashed,,True,slight,False,0.0
38.80000000000028,v2_majority,0.0,0,,False,,False,,False,,False,crashed,,True,slight,False,0.0
38.90000000000028,v2_majority,0.0,0,,False,,False,,False,,False,crashed,,True,slight,False,0.0
39.000000000000284,v2_majority,0.0,0,,False,,False,,False,,False,crashed,,True,slight,False,0.0
39.100000000000286,v2_majority,0.0,0,,False,,False,,False,,False,crashed,,True,slight,False,0.0
39.20000000000029,v2_majority,0.0,0,,False,,False,,False,,False,crashed,,True,slight,False,0.0
39.30000000000029,v2_majority,0.0,0,,False,,False,,False,,False,crashed,,True,slight,False,0.0
39.40000000000029,v2_majority,0.0,0,,False,,False,,False,,False,crashed,,True,slight,False,0.0
39.50000000000029,v2_majority,0.0,0,,False,,False,,False,,False,crashed,,True,slight,False,0.0
39.60000000000029,v2_majority,0.0,0,,False,,False,,False,,False,crashed,,True,slight,False,0.0
39.700000000000294,v2_majority,0.0,0,,False,,False,,False,,False,crashed,,True,slight,False,0.0
39.800000000000296,v2_majority,0.0,0,,False,,False,,False,,False,crashed,,True,slight,False,0.0
39.9000000000003,v2_majority,0.0,0,,False,,False,,False,,False,crashed,,True,slight,False,0.0
0.0,v3_confidence,28.0,0,75.5,False,75.5,False,75.5,False,75.5,True,weighted,vehicle,False,,False,0.0
0.1,v3_confidence,28.0,0,75.5,False,75.5,False,75.5,False,75.5,True,weighted,vehicle,False,,False,0.0
0.2,v3_confidence,28.0,0,75.5,False,75.5,False,75.5,False,75.5,True,weighted,vehicle,False,,False,0.0
0.30000000000000004,v3_confidence,28.0,0,75.5,False,75.5,False,75.5,False,75.5,True,weighted,vehicle,False,,False,0.0
0.4,v3_confidence,28.0,0,75.5,False,75.5,False,75.5,False,75.5,True,weighted,vehicle,False,,False,0.0
0.5,v3_confidence,28.0,0,75.5,False,75.5,False,75.5,False,75.5,True,weighted,vehicle,False,,False,0.0
0.6,v3_confidence,28.0,0,75.5,False,75.5,False,75.5,False,75.5,True,weighted,vehicle,False,,False,0.0
0.7,v3_confidence,28.0,0,75.5,False,75.5,False,75.5,False,75.5,True,weighted,vehicle,False,,False,0.0
0.7999999999999999,v3_confidence,28.0,0,75.5,False,75.5,False,75.5,False,75.5,True,weighted,vehicle,False,,False,0.0
0.8999999999999999,v3_confidence,28.0,0,75.5,False,75.5,False,75.5,False,75.5,True,weighted,vehicle,False,,False,0.0
0.9999999999999999,v3_confidence,28.0,0,75.5,False,75.5,False,75.5,False,75.5,True,weighted,vehicle,False,,False,0.0
1.0999999999999999,v3_confidence,28.0,0,75.5,False,75.5,False,75.5,False,75.5,True,weighted,vehicle,False,,False,0.0
1.2,v3_confidence,28.0,0,75.5,False,75.5,False,75.5,False,75.5,True,weighted,vehicle,False,,False,0.0
1.3,v3_confidence,28.0,0,75.5,False,75.5,False,75.5,False,75.5,True,weighted,vehicle,False,,False,0.0
1.4000000000000001,v3_confidence,28.0,0,75.5,False,75.5,False,75.5,False,75.5,True,weighted,vehicle,False,,False,0.0
1.5000000000000002,v3_confidence,28.0,0,75.5,False,75.5,False,75.5,False,75.5,True,weighted,vehicle,False,,False,0.0
1.6000000000000003,v3_confidence,28.0,0,75.5,False,75.5,False,75.5,False,75.5,True,weighted,vehicle,False,,False,0.0
1.7000000000000004,v3_confidence,28.0,0,75.5,False,75.5,False,75.5,False,75.5,True,weighted,vehicle,False,,False,0.0
1.8000000000000005,v3_confidence,28.0,0,75.5,False,75.5,False,75.5,False,75.5,True,weighted,vehicle,False,,False,0.0
1.9000000000000006,v3_confidence,28.0,0,75.5,False,75.5,False,75.5,False,75.5,True,weighted,vehicle,False,,False,0.0
2.0000000000000004,v3_confidence,28.0,0,75.5,False,75.5,False,75.5,False,75.5,True,weighted,vehicle,False,,False,0.0
2.1000000000000005,v3_confidence,28.0,0,75.5,False,75.5,False,75.5,False,75.5,True,weighted,vehicle,False,,False,0.0
2.2000000000000006,v3_confidence,28.0,0,75.5,False,75.5,False,75.5,False,75.5,True,weighted,vehicle,False,,False,0.0
2.3000000000000007,v3_confidence,28.0,0,75.5,False,75.5,False,75.5,False,75.5,True,weighted,vehicle,False,,False,0.0
2.400000000000001,v3_confidence,28.0,0,75.5,False,75.5,False,75.5,False,75.5,True,weighted,vehicle,False,,False,0.0
2.500000000000001,v3_confidence,28.0,0,75.5,False,75.5,False,75.5,False,75.5,True,weighted,vehicle,False,,False,0.0
2.600000000000001,v3_confidence,28.0,0,75.5,False,75.5,False,75.5,False,75.5,True,weighted,vehicle,False,,False,0.0
2.700000000000001,v3_confidence,28.0,0,75.5,False,75.5,False,75.5,False,75.5,True,weighted,vehicle,False,,False,0.0
2.800000000000001,v3_confidence,28.0,0,75.5,False,75.5,False,75.5,False,75.5,True,weighted,vehicle,False,,False,0.0
2.9000000000000012,v3_confidence,28.0,0,75.5,False,75.5,False,75.5,False,75.5,True,weighted,vehicle,False,,False,0.0
3.0000000000000013,v3_confidence,28.0,0,75.5,False,75.5,False,75.5,False,75.5,True,weighted,vehicle,False,,False,0.0
3.1000000000000014,v3_confidence,28.0,0,75.5,False,75.5,False,75.5,False,75.5,True,weighted,vehicle,False,,False,0.0
3.2000000000000015,v3_confidence,28.0,0,75.5,False,75.5,False,75.5,False,75.5,True,weighted,vehicle,False,,False,0.0
3.3000000000000016,v3_confidence,28.0,0,75.5,False,75.5,False,75.5,False,75.5,True,weighted,vehicle,False,,False,0.0
3.4000000000000017,v3_confidence,28.0,0,75.5,False,75.5,False,75.5,False,75.5,True,weighted,vehicle,False,,False,0.0
3.5000000000000018,v3_confidence,28.0,0,75.5,False,75.5,False,75.5,False,75.5,True,weighted,vehicle,False,,False,0.0
3.600000000000002,v3_confidence,28.0,0,75.5,False,75.5,False,75.5,False,75.5,True,weighted,vehicle,False,,False,0.0
3.700000000000002,v3_confidence,28.0,0,75.5,False,75.5,False,75.5,False,75.5,True,weighted,vehicle,False,,False,0.0
3.800000000000002,v3_confidence,28.0,0,75.5,False,75.5,False,75.5,False,75.5,True,weighted,vehicle,False,,False,0.0
3.900000000000002,v3_confidence,28.0,0,75.5,False,75.5,False,75.5,False,75.5,True,weighted,vehicle,False,,False,0.0
4.000000000000002,v3_confidence,28.0,0,75.5,False,75.5,False,75.5,False,75.5,True,weighted,vehicle,False,,False,0.0
4.100000000000001,v3_confidence,28.0,0,75.5,False,75.5,False,75.5,False,75.5,True,weighted,vehicle,False,,False,0.0
4.200000000000001,v3_confidence,28.0,0,75.5,False,75.5,False,75.5,False,75.5,True,weighted,vehicle,False,,False,0.0
4.300000000000001,v3_confidence,28.0,0,75.5,False,75.5,False,75.5,False,75.5,True,weighted,vehicle,False,,False,0.0
4.4,v3_confidence,28.0,0,75.5,False,75.5,False,75.5,False,75.5,True,weighted,vehicle,False,,False,0.0
4.5,v3_confidence,28.0,0,75.5,False,75.5,False,75.5,False,75.5,True,weighted,vehicle,False,,False,0.0
4.6,v3_confidence,28.0,0,75.5,False,75.5,False,75.5,False,75.5,True,weighted,vehicle,False,,False,0.0
4.699999999999999,v3_confidence,28.0,0,75.5,False,75.5,False,75.5,False,75.5,True,weighted,vehicle,False,,False,0.0
4.799999999999999,v3_confidence,28.0,0,75.5,False,75.5,False,75.5,False,75.5,True,weighted,vehicle,False,,False,0.0
4.899999999999999,v3_confidence,28.0,0,75.5,False,75.5,False,75.5,False,75.5,True,weighted,vehicle,False,,False,0.0
4.999999999999998,v3_confidence,28.0,0,75.5,False,75.5,False,75.5,False,75.5,True,weighted,vehicle,False,,False,0.0
5.099999999999998,v3_confidence,28.0,0,75.5,False,75.5,False,75.5,False,75.5,True,weighted,vehicle,False,,False,0.0
5.1999999999999975,v3_confidence,28.0,0,75.5,False,75.5,False,75.5,False,75.5,True,weighted,vehicle,False,,False,0.0
5.299999999999997,v3_confidence,28.0,0,75.5,False,75.5,False,75.5,False,75.5,True,weighted,vehicle,False,,False,0.0
5.399999999999997,v3_confidence,28.0,0,75.5,False,75.5,False,75.5,False,75.5,True,weighted,vehicle,False,,False,0.0
5.4999999999999964,v3_confidence,28.0,0,75.5,False,75.5,False,75.5,False,75.5,True,weighted,vehicle,False,,False,0.0
5.599999999999996,v3_confidence,28.0,0,75.5,False,75.5,False,75.5,False,75.5,True,weighted,vehicle,False,,False,0.0
5.699999999999996,v3_confidence,28.0,0,75.5,False,75.5,False,75.5,False,75.5,True,weighted,vehicle,False,,False,0.0
5.799999999999995,v3_confidence,28.0,0,75.5,False,75.5,False,75.5,False,75.5,True,weighted,vehicle,False,,False,0.0
5.899999999999995,v3_confidence,28.0,0,75.5,False,75.5,False,75.5,False,75.5,True,weighted,vehicle,False,,False,0.0
5.999999999999995,v3_confidence,28.0,0,75.5,False,75.5,False,75.5,False,75.5,True,weighted,vehicle,False,,False,0.0
6.099999999999994,v3_confidence,28.0,0,75.5,False,75.5,False,75.5,False,75.5,True,weighted,vehicle,False,,False,0.0
6.199999999999994,v3_confidence,28.0,0,75.5,False,75.5,False,75.5,False,75.5,True,weighted,vehicle,False,,False,0.0
6.299999999999994,v3_confidence,28.0,0,75.5,False,75.5,False,75.5,False,75.5,True,weighted,vehicle,False,,False,0.0
6.399999999999993,v3_confidence,28.0,0,75.5,False,75.5,False,75.5,False,75.5,True,weighted,vehicle,False,,False,0.0
6.499999999999993,v3_confidence,28.0,0,75.5,False,75.5,False,75.5,False,75.5,True,weighted,vehicle,False,,False,0.0
6.5999999999999925,v3_confidence,28.0,0,75.5,False,75.5,False,75.5,False,75.5,True,weighted,vehicle,False,,False,0.0
6.699999999999992,v3_confidence,28.0,0,75.5,False,75.5,False,75.5,False,75.5,True,weighted,vehicle,False,,False,0.0
6.799999999999992,v3_confidence,28.0,0,75.5,False,75.5,False,75.5,False,75.5,True,weighted,vehicle,False,,False,0.0
6.8999999999999915,v3_confidence,28.0,0,75.5,False,75.5,False,75.5,False,75.5,True,weighted,vehicle,False,,False,0.0
6.999999999999991,v3_confidence,28.0,0,75.5,False,75.5,False,75.5,False,75.5,True,weighted,vehicle,False,,False,0.0
7.099999999999991,v3_confidence,28.0,0,75.5,False,75.5,False,75.5,False,75.5,True,weighted,vehicle,False,,False,0.0
7.19999999999999,v3_confidence,28.0,0,75.5,False,75.5,False,75.5,False,75.5,True,weighted,vehicle,False,,False,0.0
7.29999999999999,v3_confidence,28.0,0,75.5,False,75.5,False,75.5,False,75.5,True,weighted,vehicle,False,,False,0.0
7.39999999999999,v3_confidence,28.0,0,75.5,False,75.5,False,75.5,False,75.5,True,weighted,vehicle,False,,False,0.0
7.499999999999989,v3_confidence,28.0,0,75.5,False,75.5,False,75.5,False,75.5,True,weighted,vehicle,False,,False,0.0
7.599999999999989,v3_confidence,28.0,0,75.5,False,75.5,False,75.5,False,75.5,True,weighted,vehicle,False,,False,0.0
7.699999999999989,v3_confidence,28.0,0,75.5,False,75.5,False,75.5,False,75.5,True,weighted,vehicle,False,,False,0.0
7.799999999999988,v3_confidence,28.0,0,75.5,False,75.5,False,75.5,False,75.5,True,weighted,vehicle,False,,False,0.0
7.899999999999988,v3_confidence,28.0,0,75.5,False,75.5,False,75.5,False,75.5,True,weighted,vehicle,False,,False,0.0
7.999999999999988,v3_confidence,28.0,0,75.5,False,75.5,False,75.5,False,75.5,True,weighted,vehicle,False,,False,0.0
8.099999999999987,v3_confidence,28.0,0,75.5,False,75.5,False,75.5,False,75.5,True,weighted,vehicle,False,,False,0.0
8.199999999999987,v3_confidence,28.0,0,75.5,False,75.5,False,75.5,False,75.5,True,weighted,vehicle,False,,False,0.0
8.299999999999986,v3_confidence,28.0,0,75.5,False,75.5,False,75.5,False,75.5,True,weighted,vehicle,False,,False,0.0
8.399999999999986,v3_confidence,28.0,0,75.5,False,75.5,False,75.5,False,75.5,True,weighted,vehicle,False,,False,0.0
8.499999999999986,v3_confidence,28.0,0,75.5,False,75.5,False,75.5,False,75.5,True,weighted,vehicle,False,,False,0.0
8.599999999999985,v3_confidence,28.0,0,75.5,False,75.5,False,75.5,False,75.5,True,weighted,vehicle,False,,False,0.0
8.699999999999985,v3_confidence,28.0,0,75.5,False,75.5,False,75.5,False,75.5,True,weighted,vehicle,False,,False,0.0
8.799999999999985,v3_confidence,28.0,0,75.5,False,75.5,False,75.5,False,75.5,True,weighted,vehicle,False,,False,0.0
8.899999999999984,v3_confidence,28.0,0,75.5,False,75.5,False,75.5,False,75.5,True,weighted,vehicle,False,,False,0.0
8.999999999999984,v3_confidence,28.0,0,75.5,False,75.5,False,75.5,False,75.5,True,weighted,vehicle,False,,False,0.0
9.099999999999984,v3_confidence,28.0,0,75.5,False,75.5,False,75.5,False,75.5,True,weighted,vehicle,False,,False,0.0
9.199999999999983,v3_confidence,28.0,0,75.5,False,75.5,False,75.5,False,75.5,True,weighted,vehicle,False,,False,0.0
9.299999999999983,v3_confidence,28.0,0,75.5,False,75.5,False,75.5,False,75.5,True,weighted,vehicle,False,,False,0.0
9.399999999999983,v3_confidence,28.0,0,75.5,False,75.5,False,75.5,False,75.5,True,weighted,vehicle,False,,False,0.0
9.499999999999982,v3_confidence,28.0,0,75.5,False,75.5,False,75.5,False,75.5,True,weighted,vehicle,False,,False,0.0
9.599999999999982,v3_confidence,28.0,0,75.5,False,75.5,False,75.5,False,75.5,True,weighted,vehicle,False,,False,0.0
9.699999999999982,v3_confidence,28.0,0,75.5,False,75.5,False,75.5,False,75.5,True,weighted,vehicle,False,,False,0.0
9.799999999999981,v3_confidence,28.0,0,75.5,False,75.5,False,75.5,False,75.5,True,weighted,vehicle,False,,False,0.0
9.89999999999998,v3_confidence,28.0,0,75.5,False,75.5,False,75.5,False,75.5,True,weighted,vehicle,False,,False,0.0
9.99999999999998,v3_confidence,28.0,0,75.5,False,75.5,False,75.5,False,75.5,True,weighted,vehicle,False,,False,0.0
10.09999999999998,v3_confidence,28.0,0,75.5,False,75.5,False,75.5,False,75.5,True,weighted,vehicle,False,,False,0.0
10.19999999999998,v3_confidence,28.0,0,75.5,False,75.5,False,75.5,False,75.5,True,weighted,vehicle,False,,False,0.0
10.29999999999998,v3_confidence,28.0,0,75.5,False,75.5,False,75.5,False,75.5,True,weighted,vehicle,False,,False,0.0
10.399999999999979,v3_confidence,28.0,0,75.5,False,75.5,False,75.5,False,75.5,True,weighted,vehicle,False,,False,0.0
10.499999999999979,v3_confidence,28.0,0,75.5,False,75.5,False,75.5,False,75.5,True,weighted,vehicle,False,,False,0.0
10.599999999999978,v3_confidence,28.0,0,75.5,False,75.5,False,75.5,False,75.5,True,weighted,vehicle,False,,False,0.0
10.699999999999978,v3_confidence,28.0,0,75.5,False,75.5,False,75.5,False,75.5,True,weighted,vehicle,False,,False,0.0
10.799999999999978,v3_confidence,28.0,0,75.5,False,75.5,False,75.5,False,75.5,True,weighted,vehicle,False,,False,0.0
10.899999999999977,v3_confidence,28.0,0,75.5,False,75.5,False,75.5,False,75.5,True,weighted,vehicle,False,,False,0.0
10.999999999999977,v3_confidence,28.0,0,75.5,False,75.5,False,75.5,False,75.5,True,weighted,vehicle,False,,False,0.0
11.099999999999977,v3_confidence,28.0,0,75.5,False,75.5,False,75.5,False,75.5,True,weighted,vehicle,False,,False,0.0
11.199999999999976,v3_confidence,28.0,0,75.5,False,75.5,False,75.5,False,75.5,True,weighted,vehicle,False,,False,0.0
11.299999999999976,v3_confidence,28.0,0,75.5,False,75.5,False,75.5,False,75.5,True,weighted,vehicle,False,,False,0.0
11.399999999999975,v3_confidence,28.0,0,75.5,False,75.5,False,75.5,False,75.5,True,weighted,vehicle,False,,False,0.0
11.499999999999975,v3_confidence,28.0,0,75.5,False,75.5,False,75.5,False,75.5,True,weighted,vehicle,False,,False,0.0
11.599999999999975,v3_confidence,28.0,0,75.5,False,75.5,False,75.5,False,75.5,True,weighted,vehicle,False,,False,0.0
11.699999999999974,v3_confidence,28.0,0,75.5,False,75.5,False,75.5,False,75.5,True,weighted,vehicle,False,,False,0.0
11.799999999999974,v3_confidence,28.0,0,75.5,False,75.5,False,75.5,False,75.5,True,weighted,vehicle,False,,False,0.0
11.899999999999974,v3_confidence,28.0,0,75.5,False,75.5,False,75.5,False,75.5,True,weighted,vehicle,False,,False,0.0
11.999999999999973,v3_confidence,28.0,0,75.5,False,75.5,False,75.5,False,75.5,True,weighted,vehicle,False,,False,0.0
12.099999999999973,v3_confidence,28.0,0,75.5,False,75.5,False,75.5,False,75.5,True,weighted,vehicle,False,,False,0.0
12.199999999999973,v3_confidence,28.0,0,75.5,False,75.5,False,75.5,False,75.5,True,weighted,vehicle,False,,False,0.0
12.299999999999972,v3_confidence,28.0,0,75.5,False,75.5,False,75.5,False,75.5,True,weighted,vehicle,False,,False,0.0
12.399999999999972,v3_confidence,28.0,0,75.5,False,75.5,False,75.5,False,75.5,True,weighted,vehicle,False,,False,0.0
12.499999999999972,v3_confidence,28.0,0,75.5,False,75.5,False,75.5,False,75.5,True,weighted,vehicle,False,,False,0.0
12.599999999999971,v3_confidence,28.0,0,75.5,False,75.5,False,75.5,False,75.5,True,weighted,vehicle,False,,False,0.0
12.69999999999997,v3_confidence,28.0,0,75.5,False,75.5,False,75.5,False,75.5,True,weighted,vehicle,False,,False,0.0
12.79999999999997,v3_confidence,28.0,0,75.5,False,75.5,False,75.5,False,75.5,True,weighted,vehicle,False,,False,0.0
12.89999999999997,v3_confidence,28.0,0,75.5,False,75.5,False,75.5,False,75.5,True,weighted,vehicle,False,,False,0.0
12.99999999999997,v3_confidence,28.0,0,75.5,False,75.5,False,75.5,False,75.5,True,weighted,vehicle,False,,False,0.0
13.09999999999997,v3_confidence,28.0,0,75.5,False,75.5,False,75.5,False,75.5,True,weighted,vehicle,False,,False,0.0
13.199999999999969,v3_confidence,28.0,0,75.5,False,75.5,False,75.5,False,75.5,True,weighted,vehicle,False,,False,0.0
13.299999999999969,v3_confidence,28.0,0,75.5,False,75.5,False,75.5,False,75.5,True,weighted,vehicle,False,,False,0.0
13.399999999999968,v3_confidence,28.0,0,75.5,False,75.5,False,75.5,False,75.5,True,weighted,vehicle,False,,False,0.0
13.499999999999968,v3_confidence,28.0,0,75.5,False,75.5,False,75.5,False,75.5,True,weighted,vehicle,False,,False,0.0
13.599999999999968,v3_confidence,28.0,0,75.5,False,75.5,False,75.5,False,75.5,True,weighted,vehicle,False,,False,0.0
13.699999999999967,v3_confidence,28.0,0,75.5,False,75.5,False,75.5,False,75.5,True,weighted,vehicle,False,,False,0.0
13.799999999999967,v3_confidence,28.0,0,75.5,False,75.5,False,75.5,False,75.5,True,weighted,vehicle,False,,False,0.0
13.899999999999967,v3_confidence,28.0,0,75.5,False,75.5,False,75.5,False,75.5,True,weighted,vehicle,False,,False,0.0
13.999999999999966,v3_confidence,28.0,0,75.5,False,75.5,False,75.5,False,75.5,True,weighted,vehicle,False,,False,0.0
14.099999999999966,v3_confidence,28.0,0,75.5,False,75.5,False,75.5,False,75.5,True,weighted,vehicle,False,,False,0.0
14.199999999999966,v3_confidence,28.0,0,75.5,False,75.5,False,75.5,False,75.5,True,weighted,vehicle,False,,False,0.0
14.299999999999965,v3_confidence,28.0,0,75.5,False,75.5,False,75.5,False,75.5,True,weighted,vehicle,False,,False,0.0
14.399999999999965,v3_confidence,28.0,0,75.5,False,75.5,False,75.5,False,75.5,True,weighted,vehicle,False,,False,0.0
14.499999999999964,v3_confidence,28.0,0,75.5,False,75.5,False,75.5,False,75.5,True,weighted,vehicle,False,,False,0.0
14.599999999999964,v3_confidence,28.0,0,75.5,False,75.5,False,75.5,False,75.5,True,weighted,vehicle,False,,False,0.0
14.699999999999964,v3_confidence,28.0,0,75.5,False,75.5,False,75.5,False,75.5,True,weighted,vehicle,False,,False,0.0
14.799999999999963,v3_confidence,28.0,0,75.5,False,75.5,False,75.5,False,75.5,True,weighted,vehicle,False,,False,0.0
14.899999999999963,v3_confidence,28.0,0,75.5,False,75.5,False,75.5,False,75.5,True,weighted,vehicle,False,,False,0.0
14.999999999999963,v3_confidence,28.0,0,75.5,False,75.5,False,75.5,False,75.5,True,weighted,vehicle,False,,False,0.0
15.099999999999962,v3_confidence,28.0,0,75.5,False,75.5,False,75.5,False,75.5,True,weighted,vehicle,False,,False,0.0
15.199999999999962,v3_confidence,28.0,0,75.5,False,75.5,False,75.5,False,75.5,True,weighted,vehicle,False,,False,0.0
15.299999999999962,v3_confidence,28.0,0,75.5,False,75.5,False,75.5,False,75.5,True,weighted,vehicle,False,,False,0.0
15.399999999999961,v3_confidence,28.0,0,75.5,False,75.5,False,75.5,False,75.5,True,weighted,vehicle,False,,False,0.0
15.499999999999961,v3_confidence,28.0,0,75.5,False,75.5,False,75.5,False,75.5,True,weighted,vehicle,False,,False,0.0
15.59999999999996,v3_confidence,28.0,0,75.5,False,75.5,False,75.5,False,75.5,True,weighted,vehicle,False,,False,0.0
15.69999999999996,v3_confidence,28.0,0,75.5,False,75.5,False,75.5,False,75.5,True,weighted,vehicle,False,,False,0.0
15.79999999999996,v3_confidence,28.0,0,75.5,False,75.5,False,75.5,False,75.5,True,weighted,vehicle,False,,False,0.0
15.89999999999996,v3_confidence,28.0,0,75.5,False,75.5,False,75.5,False,75.5,True,weighted,vehicle,False,,False,0.0
15.99999999999996,v3_confidence,28.0,0,75.5,False,75.5,False,75.5,False,75.5,True,weighted,vehicle,False,,False,0.0
16.09999999999996,v3_confidence,28.0,0,75.5,False,75.5,False,75.5,False,75.5,True,weighted,vehicle,False,,False,0.0
16.19999999999996,v3_confidence,28.0,0,75.5,False,75.5,False,75.5,False,75.5,True,weighted,vehicle,False,,False,0.0
16.29999999999996,v3_confidence,28.0,0,75.5,False,75.5,False,75.5,False,75.5,True,weighted,vehicle,False,,False,0.0
16.399999999999963,v3_confidence,28.0,0,75.5,False,75.5,False,75.5,False,75.5,True,weighted,vehicle,False,,False,0.0
16.499999999999964,v3_confidence,28.0,0,75.5,False,75.5,False,75.5,False,75.5,True,weighted,vehicle,False,,False,0.0
16.599999999999966,v3_confidence,28.0,0,75.5,False,75.5,False,75.5,False,75.5,True,weighted,vehicle,False,,False,0.0
16.699999999999967,v3_confidence,28.0,0,75.5,False,75.5,False,75.5,False,75.5,True,weighted,vehicle,False,,False,0.0
16.79999999999997,v3_confidence,28.0,0,75.5,False,75.5,False,75.5,False,75.5,True,weighted,vehicle,False,,False,0.0
16.89999999999997,v3_confidence,28.0,0,75.5,False,75.5,False,75.5,False,75.5,True,weighted,vehicle,False,,False,0.0
16.99999999999997,v3_confidence,28.0,0,75.5,False,75.5,False,75.5,False,75.5,True,weighted,vehicle,False,,False,0.0
17.099999999999973,v3_confidence,28.0,0,75.5,False,75.5,False,75.5,False,75.5,True,weighted,vehicle,False,,False,0.0
17.199999999999974,v3_confidence,28.0,0,75.5,False,75.5,False,75.5,False,75.5,True,weighted,vehicle,False,,False,0.0
17.299999999999976,v3_confidence,28.0,0,75.5,False,75.5,False,75.5,False,75.5,True,weighted,vehicle,False,,False,0.0
17.399999999999977,v3_confidence,28.0,0,75.5,False,75.5,False,75.5,False,75.5,True,weighted,vehicle,False,,False,0.0
17.49999999999998,v3_confidence,28.0,0,75.5,False,75.5,False,75.5,False,75.5,True,weighted,vehicle,False,,False,0.0
17.59999999999998,v3_confidence,28.0,0,75.5,False,75.5,False,75.5,False,75.5,True,weighted,vehicle,False,,False,0.0
17.69999999999998,v3_confidence,28.0,0,75.5,False,75.5,False,75.5,False,75.5,True,weighted,vehicle,False,,False,0.0
17.799999999999983,v3_confidence,28.0,0,75.5,False,75.5,False,75.5,False,75.5,True,weighted,vehicle,False,,False,0.0
17.899999999999984,v3_confidence,28.0,0,75.5,False,75.5,False,75.5,False,75.5,True,weighted,vehicle,False,,False,0.0
17.999999999999986,v3_confidence,28.0,0,75.49858759260024,False,75.49858759260024,False,75.49858759260024,False,75.49858759260024,True,weighted,vehicle,False,,False,0.0
18.099999999999987,v3_confidence,28.0,0,75.49267359969315,False,75.49267359969315,False,75.49267359969315,False,75.49267359969315,True,weighted,vehicle,False,,False,0.0
18.19999999999999,v3_confidence,28.0,0,75.47906591906923,False,75.47906591906923,False,75.47906591906923,False,75.47906591906923,True,weighted,vehicle,False,,False,0.0
18.29999999999999,v3_confidence,28.0,0,75.45486447032124,False,75.45486447032124,False,75.45486447032124,False,75.45486447032124,True,weighted,vehicle,False,,False,0.0
18.39999999999999,v3_confidence,28.0,0,75.4174067981238,False,75.4174067981238,False,75.4174067981238,False,75.4174067981238,True,weighted,vehicle,False,,False,0.0
18.499999999999993,v3_confidence,28.0,0,75.3642262190861,False,75.3642262190861,False,75.3642262190861,False,75.3642262190861,True,weighted,vehicle,False,,False,0.0
18.599999999999994,v3_confidence,28.0,0,75.29301902511702,False,75.29301902511702,False,75.29301902511702,False,75.29301902511702,True,weighted,vehicle,False,,False,0.0
18.699999999999996,v3_confidence,28.0,0,75.20161838726892,False,75.20161838726892,False,75.20161838726892,False,75.20161838726892,True,weighted,vehicle,False,,False,0.0
18.799999999999997,v3_confidence,28.0,0,75.08797333170116,False,75.08797333170116,False,75.08797333170116,False,75.08797333170116,True,weighted,vehicle,False,,False,0.0
18.9,v3_confidence,28.0,0,74.95013164356465,False,74.95013164356465,False,74.95013164356465,False,74.95013164356465,True,weighted,vehicle,False,,False,0.0
19.0,v3_confidence,28.0,0,74.78622588777807,False,74.78622588777807,False,74.78622588777807,False,74.78622588777807,True,weighted,vehicle,False,,False,0.0
19.1,v3_confidence,28.0,0,74.59446197365185,False,74.59446197365185,False,74.59446197365185,False,74.59446197365185,True,weighted,vehicle,False,,False,0.0
19.200000000000003,v3_confidence,28.0,0,74.3731098682959,False,74.3731098682959,False,74.3731098682959,False,74.3731098682959,True,weighted,vehicle,False,,False,0.0
19.300000000000004,v3_confidence,28.0,0,74.12049620515069,False,74.12049620515069,False,74.12049620515069,False,74.12049620515069,True,weighted,vehicle,False,,False,0.0
19.400000000000006,v3_confidence,28.0,0,73.8349986556513,False,73.8349986556513,False,73.8349986556513,False,73.8349986556513,True,weighted,vehicle,False,,False,0.0
19.500000000000007,v3_confidence,28.0,0,73.51504204750597,False,73.51504204750597,False,73.51504204750597,False,73.51504204750597,True,weighted,vehicle,False,,False,0.0
19.60000000000001,v3_confidence,28.0,0,73.1590963348761,False,73.1590963348761,False,73.1590963348761,False,73.1590963348761,True,weighted,vehicle,False,,False,0.0
19.70000000000001,v3_confidence,28.0,0,72.76567666736753,False,72.76567666736753,False,72.76567666736753,False,72.76567666736753,True,weighted,vehicle,False,,False,0.0
19.80000000000001,v3_confidence,28.0,0,72.33334598257949,False,72.33334598257949,False,72.33334598257949,False,72.33334598257949,True,weighted,vehicle,False,,False,0.0
19.900000000000013,v3_confidence,28.0,0,71.86072078259122,False,71.86072078259122,False,71.86072078259122,False,71.86072078259122,True,weighted,vehicle,False,,False,0.0
20.000000000000014,v3_confidence,28.0,0,71.34648107770352,False,71.34648107770352,False,71.34648107770352,False,71.34648107770352,True,weighted,vehicle,False,,False,0.0
20.100000000000016,v3_confidence,28.0,0,70.78938593151315,False,70.78938593151315,False,70.78938593151315,False,70.78938593151315,True,weighted,vehicle,False,,False,0.0
20.200000000000017,v3_confidence,28.0,0,70.18829667398614,False,70.18829667398614,False,70.18829667398614,False,70.18829667398614,True,weighted,vehicle,False,,False,0.0
20.30000000000002,v3_confidence,28.0,0,69.54221072954738,False,69.54221072954738,False,69.54221072954738,False,69.54221072954738,True,weighted,vehicle,False,,False,0.0
20.40000000000002,v3_confidence,28.0,0,68.85031019807707,False,68.85031019807707,False,68.85031019807707,False,68.85031019807707,True,weighted,vehicle,False,,False,0.0
20.50000000000002,v3_confidence,28.0,0,68.11203083382094,False,68.11203083382094,False,68.11203083382094,False,68.11203083382094,True,weighted,vehicle,False,,False,0.0
20.600000000000023,v3_confidence,28.0,0,67.32715868532006,False,67.32715868532006,False,67.32715868532006,False,67.32715868532006,True,weighted,vehicle,False,,False,0.0
20.700000000000024,v3_confidence,28.0,0,66.49596258114269,False,66.49596258114269,False,66.49596258114269,False,66.49596258114269,True,weighted,vehicle,False,,False,0.0
20.800000000000026,v3_confidence,28.0,0,65.61936857615575,False,65.61936857615575,False,65.61936857615575,False,65.61936857615575,True,weighted,vehicle,False,,False,0.0
20.900000000000027,v3_confidence,28.0,0,64.69917197214073,False,64.69917197214073,False,64.69917197214073,False,64.69917197214073,True,weighted,vehicle,False,,False,0.0
21.00000000000003,v3_confidence,28.0,0,63.738253235473735,False,63.738253235473735,False,63.738253235473735,False,63.738253235473735,True,weighted,vehicle,False,,False,0.0
21.10000000000003,v3_confidence,28.0,0,62.74070414110872,False,62.74070414110872,False,62.74070414110872,False,62.74070414110872,True,weighted,vehicle,False,,False,0.0
21.20000000000003,v3_confidence,28.0,0,61.711691309815535,False,61.711691309815535,False,61.711691309815535,False,61.711691309815535,True,weighted,vehicle,False,,False,0.0
21.300000000000033,v3_confidence,28.0,0,60.656880348579705,False,60.656880348579705,False,60.656880348579705,False,60.656880348579705,True,weighted,vehicle,False,,False,0.0
21.400000000000034,v3_confidence,28.0,0,59.581488037457575,False,59.581488037457575,False,59.581488037457575,False,59.581488037457575,True,weighted,vehicle,False,,False,0.0
21.500000000000036,v3_confidence,28.0,0,58.489461274523876,False,58.489461274523876,False,58.489461274523876,False,58.489461274523876,True,weighted,vehicle,False,,False,0.0
21.600000000000037,v3_confidence,28.0,0,57.38332594751432,False,57.38332594751432,False,57.38332594751432,False,57.38332594751432,True,weighted,vehicle,False,,False,0.0
21.70000000000004,v3_confidence,28.0,0,56.26464173087339,False,56.26464173087339,False,56.26464173087339,False,56.26464173087339,True,weighted,vehicle,False,,False,0.0
21.80000000000004,v3_confidence,28.0,0,55.13452806944679,False,55.13452806944679,False,55.13452806944679,False,55.13452806944679,True,weighted,vehicle,False,,False,0.0
21.90000000000004,v3_confidence,28.0,0,53.99393901225494,False,53.99393901225494,False,53.99393901225494,False,53.99393901225494,True,weighted,vehicle,False,,False,0.0
22.000000000000043,v3_confidence,28.0,0,52.84374002650469,False,52.84374002650469,False,52.84374002650469,False,52.84374002650469,True,weighted,vehicle,False,,False,0.0
22.100000000000044,v3_confidence,28.0,0,51.68472340815384,False,51.68472340815384,False,51.68472340815384,False,51.68472340815384,True,weighted,vehicle,False,,False,0.0
22.200000000000045,v3_confidence,28.0,0,50.51761697789232,False,50.51761697789232,False,50.51761697789232,False,50.51761697789232,True,weighted,vehicle,False,,False,0.0
22.300000000000047,v3_confidence,28.0,0,49.34309081441876,False,49.34309081441876,False,49.34309081441876,False,49.34309081441876,True,weighted,vehicle,False,,False,0.0
22.40000000000005,v3_confidence,28.0,0,200.0,True,48.16176253151144,False,48.16176253151144,False,98.77450835434097,True,weighted,vehicle,False,,False,0.0
22.50000000000005,v3_confidence,28.0,0,200.0,True,46.9742016483728,False,46.9742016483728,False,97.9828010989152,True,weighted,vehicle,False,,False,0.0
22.60000000000005,v3_confidence,28.0,0,200.0,True,45.78093339379069,False,45.78093339379069,False,97.1872889291938,True,weighted,vehicle,False,,False,0.0
22.700000000000053,v3_confidence,28.0,0,200.0,True,44.58244190098054,False,44.58244190098054,False,96.3882946006537,True,weighted,vehicle,False,,False,0.0
22.800000000000054,v3_confidence,28.0,0,200.0,True,43.37917348142548,False,43.37917348142548,False,95.58611565428366,True,weighted,vehicle,False,,False,0.0
22.900000000000055,v3_confidence,28.0,0,200.0,True,42.17153847059819,False,42.17153847059819,False,94.78102564706546,True,weighted,vehicle,False,,False,0.0
23.000000000000057,v3_confidence,28.0,0,200.0,True,40.959916581798836,False,40.959916581798836,False,93.97327772119922,True,weighted,vehicle,False,,False,0.0
23.10000000000006,v3_confidence,28.0,0,200.0,True,39.744648628771074,False,39.744648628771074,False,93.16309908584738,True,weighted,vehicle,False,,False,0.0
23.20000000000006,v3_confidence,28.0,0,200.0,True,38.52608364304774,False,38.52608364304774,False,92.35072242869849,True,weighted,vehicle,False,,False,0.0
23.30000000000006,v3_confidence,28.0,0,200.0,True,37.30436510110684,False,37.30436510110684,False,91.53624340073789,True,weighted,vehicle,False,,False,0.0
23.400000000000063,v3_confidence,28.0,0,200.0,True,36.08061624317446,False,36.08061624317446,False,90.72041082878297,True,weighted,vehicle,False,,False,0.0
23.500000000000064,v3_confidence,28.0,0,200.0,True,34.849950607056485,False,34.849950607056485,False,89.899967071371,True,weighted,vehicle,False,,False,0.0
23.600000000000065,v3_confidence,28.0,0,200.0,True,33.60551809055369,False,33.60551809055369,False,89.07034539370245,True,weighted,vehicle,False,,False,0.0
23.700000000000067,v3_confidence,28.0,0,200.0,True,32.35380609055369,False,32.35380609055369,False,88.23587072703579,True,weighted,vehicle,False,,False,0.0
23.800000000000068,v3_confidence,28.0,0,200.0,True,31.102094090553692,False,31.102094090553692,False,87.40139606036912,True,weighted,vehicle,False,,False,0.0
23.90000000000007,v3_confidence,28.0,0,200.0,True,29.850382090553694,False,29.850382090553694,False,86.56692139370246,True,weighted,vehicle,False,,False,0.0
24.00000000000007,v3_confidence,28.0,0,200.0,True,28.598670090553696,False,28.598670090553696,False,85.73244672703579,True,weighted,vehicle,False,,False,0.0
24.100000000000072,v3_confidence,28.0,0,200.0,True,27.3469580905537,False,27.3469580905537,False,84.89797206036913,True,weighted,vehicle,False,,False,0.0
24.200000000000074,v3_confidence,28.0,0,200.0,True,26.0952460905537,False,26.0952460905537,False,84.06349739370246,True,weighted,vehicle,False,,False,0.0
24.300000000000075,v3_confidence,28.0,0,200.0,True,24.843534090553703,False,24.843534090553703,False,83.2290227270358,True,weighted,vehicle,False,,False,0.0
24.400000000000077,v3_confidence,28.0,0,200.0,True,23.591822090553705,False,23.591822090553705,False,82.39454806036913,True,weighted,vehicle,False,,False,0.0
24.500000000000078,v3_confidence,28.0,0,200.0,True,22.340110090553708,False,22.340110090553708,False,81.56007339370247,True,weighted,vehicle,False,,False,0.0
24.60000000000008,v3_confidence,28.0,0,200.0,True,21.08839809055371,False,21.08839809055371,False,80.7255987270358,True,weighted,vehicle,False,,False,0.0
24.70000000000008,v3_confidence,28.0,0,200.0,True,19.836686090553712,False,19.836686090553712,False,79.89112406036914,True,weighted,vehicle,False,,False,0.0
24.800000000000082,v3_confidence,28.0,0,200.0,True,18.584974090553715,False,18.584974090553715,False,79.05664939370247,True,weighted,vehicle,False,,False,0.0
24.900000000000084,v3_confidence,28.0,0,200.0,True,17.333262090553717,False,17.333262090553717,False,78.2221747270358,True,weighted,vehicle,False,,False,0.0
25.000000000000085,v3_confidence,28.0,0,200.0,True,16.08155009055372,False,16.08155009055372,False,77.38770006036914,True,weighted,vehicle,False,,False,0.0
25.100000000000087,v3_confidence,28.0,0,200.0,True,14.829838090553721,False,14.829838090553721,False,76.55322539370248,True,weighted,vehicle,False,,False,0.0
25.200000000000088,v3_confidence,28.0,0,200.0,True,13.578126090553724,False,13.578126090553724,False,75.71875072703581,True,weighted,vehicle,False,,False,0.0
25.30000000000009,v3_confidence,28.0,0,200.0,True,12.326414090553726,False,12.326414090553726,False,74.88427606036915,True,weighted,vehicle,False,,False,0.0
25.40000000000009,v3_confidence,28.0,0,200.0,True,11.074702090553728,False,11.074702090553728,False,74.04980139370248,True,weighted,vehicle,False,,False,0.0
25.500000000000092,v3_confidence,28.0,0,200.0,True,9.82299009055373,False,9.82299009055373,False,73.21532672703582,True,weighted,vehicle,False,,False,0.0
25.600000000000094,v3_confidence,28.0,0,200.0,True,8.571278090553733,False,8.571278090553733,False,72.38085206036915,True,weighted,vehicle,False,,False,0.0
25.700000000000095,v3_confidence,28.0,0,200.0,True,7.319566090553735,False,7.319566090553735,False,71.54637739370249,True,weighted,vehicle,False,,False,0.0
25.800000000000097,v3_confidence,28.0,0,200.0,True,6.0678540905537375,False,6.0678540905537375,False,70.71190272703582,True,weighted,vehicle,False,,False,0.0
25.900000000000098,v3_confidence,28.0,0,200.0,True,4.81614209055374,False,4.81614209055374,False,69.87742806036916,True,weighted,vehicle,False,,False,0.0
26.0000000000001,v3_confidence,28.0,0,200.0,True,3.564430090553742,False,3.564430090553742,False,69.04295339370249,True,weighted,vehicle,False,,False,0.0
26.1000000000001,v3_confidence,28.0,0,200.0,True,2.3127180905537443,False,2.3127180905537443,False,68.20847872703582,True,weighted,vehicle,False,,False,0.0
26.200000000000102,v3_confidence,28.0,0,200.0,True,1.0610060905537466,False,1.0610060905537466,False,67.37400406036916,True,weighted,vehicle,False,,False,0.0
26.300000000000104,v3_confidence,28.0,0,200.0,True,0.0,False,0.0,False,66.66666666666667,True,weighted,vehicle,False,,False,0.0
26.400000000000105,v3_confidence,28.0,0,200.0,True,0.0,False,0.0,False,66.66666666666667,True,weighted,vehicle,False,,False,0.0
26.500000000000107,v3_confidence,28.0,0,200.0,True,0.0,False,0.0,False,66.66666666666667,True,weighted,vehicle,False,,False,0.0
26.600000000000108,v3_confidence,28.0,0,200.0,True,0.0,False,0.0,False,66.66666666666667,True,weighted,vehicle,True,slight,False,0.0
26.70000000000011,v3_confidence,0.0,0,,False,,False,,False,,False,crashed,,True,slight,False,0.0
26.80000000000011,v3_confidence,0.0,0,,False,,False,,False,,False,crashed,,True,slight,False,0.0
26.900000000000112,v3_confidence,0.0,0,,False,,False,,False,,False,crashed,,True,slight,False,0.0
27.000000000000114,v3_confidence,0.0,0,,False,,False,,False,,False,crashed,,True,slight,False,0.0
27.100000000000115,v3_confidence,0.0,0,,False,,False,,False,,False,crashed,,True,slight,False,0.0
27.200000000000117,v3_confidence,0.0,0,,False,,False,,False,,False,crashed,,True,slight,False,0.0
27.300000000000118,v3_confidence,0.0,0,,False,,False,,False,,False,crashed,,True,slight,False,0.0
27.40000000000012,v3_confidence,0.0,0,,False,,False,,False,,False,crashed,,True,slight,False,0.0
27.50000000000012,v3_confidence,0.0,0,,False,,False,,False,,False,crashed,,True,slight,False,0.0
27.600000000000122,v3_confidence,0.0,0,,False,,False,,False,,False,crashed,,True,slight,False,0.0
27.700000000000124,v3_confidence,0.0,0,,False,,False,,False,,False,crashed,,True,slight,False,0.0
27.800000000000125,v3_confidence,0.0,0,,False,,False,,False,,False,crashed,,True,slight,False,0.0
27.900000000000126,v3_confidence,0.0,0,,False,,False,,False,,False,crashed,,True,slight,False,0.0
28.000000000000128,v3_confidence,0.0,0,,False,,False,,False,,False,crashed,,True,slight,False,0.0
28.10000000000013,v3_confidence,0.0,0,,False,,False,,False,,False,crashed,,True,slight,False,0.0
28.20000000000013,v3_confidence,0.0,0,,False,,False,,False,,False,crashed,,True,slight,False,0.0
28.300000000000132,v3_confidence,0.0,0,,False,,False,,False,,False,crashed,,True,slight,False,0.0
28.400000000000134,v3_confidence,0.0,0,,False,,False,,False,,False,crashed,,True,slight,False,0.0
28.500000000000135,v3_confidence,0.0,0,,False,,False,,False,,False,crashed,,True,slight,False,0.0
28.600000000000136,v3_confidence,0.0,0,,False,,False,,False,,False,crashed,,True,slight,False,0.0
28.700000000000138,v3_confidence,0.0,0,,False,,False,,False,,False,crashed,,True,slight,False,0.0
28.80000000000014,v3_confidence,0.0,0,,False,,False,,False,,False,crashed,,True,slight,False,0.0
28.90000000000014,v3_confidence,0.0,0,,False,,False,,False,,False,crashed,,True,slight,False,0.0
29.000000000000142,v3_confidence,0.0,0,,False,,False,,False,,False,crashed,,True,slight,False,0.0
29.100000000000144,v3_confidence,0.0,0,,False,,False,,False,,False,crashed,,True,slight,False,0.0
29.200000000000145,v3_confidence,0.0,0,,False,,False,,False,,False,crashed,,True,slight,False,0.0
29.300000000000146,v3_confidence,0.0,0,,False,,False,,False,,False,crashed,,True,slight,False,0.0
29.400000000000148,v3_confidence,0.0,0,,False,,False,,False,,False,crashed,,True,slight,False,0.0
29.50000000000015,v3_confidence,0.0,0,,False,,False,,False,,False,crashed,,True,slight,False,0.0
29.60000000000015,v3_confidence,0.0,0,,False,,False,,False,,False,crashed,,True,slight,False,0.0
29.700000000000152,v3_confidence,0.0,0,,False,,False,,False,,False,crashed,,True,slight,False,0.0
29.800000000000153,v3_confidence,0.0,0,,False,,False,,False,,False,crashed,,True,slight,False,0.0
29.900000000000155,v3_confidence,0.0,0,,False,,False,,False,,False,crashed,,True,slight,False,0.0
30.000000000000156,v3_confidence,0.0,0,,False,,False,,False,,False,crashed,,True,slight,False,0.0
30.100000000000158,v3_confidence,0.0,0,,False,,False,,False,,False,crashed,,True,slight,False,0.0
30.20000000000016,v3_confidence,0.0,0,,False,,False,,False,,False,crashed,,True,slight,False,0.0
30.30000000000016,v3_confidence,0.0,0,,False,,False,,False,,False,crashed,,True,slight,False,0.0
30.400000000000162,v3_confidence,0.0,0,,False,,False,,False,,False,crashed,,True,slight,False,0.0
30.500000000000163,v3_confidence,0.0,0,,False,,False,,False,,False,crashed,,True,slight,False,0.0
30.600000000000165,v3_confidence,0.0,0,,False,,False,,False,,False,crashed,,True,slight,False,0.0
30.700000000000166,v3_confidence,0.0,0,,False,,False,,False,,False,crashed,,True,slight,False,0.0
30.800000000000168,v3_confidence,0.0,0,,False,,False,,False,,False,crashed,,True,slight,False,0.0
30.90000000000017,v3_confidence,0.0,0,,False,,False,,False,,False,crashed,,True,slight,False,0.0
31.00000000000017,v3_confidence,0.0,0,,False,,False,,False,,False,crashed,,True,slight,False,0.0
31.100000000000172,v3_confidence,0.0,0,,False,,False,,False,,False,crashed,,True,slight,False,0.0
31.200000000000173,v3_confidence,0.0,0,,False,,False,,False,,False,crashed,,True,slight,False,0.0
31.300000000000175,v3_confidence,0.0,0,,False,,False,,False,,False,crashed,,True,slight,False,0.0
31.400000000000176,v3_confidence,0.0,0,,False,,False,,False,,False,crashed,,True,slight,False,0.0
31.500000000000178,v3_confidence,0.0,0,,False,,False,,False,,False,crashed,,True,slight,False,0.0
31.60000000000018,v3_confidence,0.0,0,,False,,False,,False,,False,crashed,,True,slight,False,0.0
31.70000000000018,v3_confidence,0.0,0,,False,,False,,False,,False,crashed,,True,slight,False,0.0
31.800000000000182,v3_confidence,0.0,0,,False,,False,,False,,False,crashed,,True,slight,False,0.0
31.900000000000183,v3_confidence,0.0,0,,False,,False,,False,,False,crashed,,True,slight,False,0.0
32.000000000000185,v3_confidence,0.0,0,,False,,False,,False,,False,crashed,,True,slight,False,0.0
32.100000000000186,v3_confidence,0.0,0,,False,,False,,False,,False,crashed,,True,slight,False,0.0
32.20000000000019,v3_confidence,0.0,0,,False,,False,,False,,False,crashed,,True,slight,False,0.0
32.30000000000019,v3_confidence,0.0,0,,False,,False,,False,,False,crashed,,True,slight,False,0.0
32.40000000000019,v3_confidence,0.0,0,,False,,False,,False,,False,crashed,,True,slight,False,0.0
32.50000000000019,v3_confidence,0.0,0,,False,,False,,False,,False,crashed,,True,slight,False,0.0
32.60000000000019,v3_confidence,0.0,0,,False,,False,,False,,False,crashed,,True,slight,False,0.0
32.700000000000195,v3_confidence,0.0,0,,False,,False,,False,,False,crashed,,True,slight,False,0.0
32.800000000000196,v3_confidence,0.0,0,,False,,False,,False,,False,crashed,,True,slight,False,0.0
32.9000000000002,v3_confidence,0.0,0,,False,,False,,False,,False,crashed,,True,slight,False,0.0
33.0000000000002,v3_confidence,0.0,0,,False,,False,,False,,False,crashed,,True,slight,False,0.0
33.1000000000002,v3_confidence,0.0,0,,False,,False,,False,,False,crashed,,True,slight,False,0.0
33.2000000000002,v3_confidence,0.0,0,,False,,False,,False,,False,crashed,,True,slight,False,0.0
33.3000000000002,v3_confidence,0.0,0,,False,,False,,False,,False,crashed,,True,slight,False,0.0
33.400000000000205,v3_confidence,0.0,0,,False,,False,,False,,False,crashed,,True,slight,False,0.0
33.500000000000206,v3_confidence,0.0,0,,False,,False,,False,,False,crashed,,True,slight,False,0.0
33.60000000000021,v3_confidence,0.0,0,,False,,False,,False,,False,crashed,,True,slight,False,0.0
33.70000000000021,v3_confidence,0.0,0,,False,,False,,False,,False,crashed,,True,slight,False,0.0
33.80000000000021,v3_confidence,0.0,0,,False,,False,,False,,False,crashed,,True,slight,False,0.0
33.90000000000021,v3_confidence,0.0,0,,False,,False,,False,,False,crashed,,True,slight,False,0.0
34.00000000000021,v3_confidence,0.0,0,,False,,False,,False,,False,crashed,,True,slight,False,0.0
34.100000000000215,v3_confidence,0.0,0,,False,,False,,False,,False,crashed,,True,slight,False,0.0
34.200000000000216,v3_confidence,0.0,0,,False,,False,,False,,False,crashed,,True,slight,False,0.0
34.30000000000022,v3_confidence,0.0,0,,False,,False,,False,,False,crashed,,True,slight,False,0.0
34.40000000000022,v3_confidence,0.0,0,,False,,False,,False,,False,crashed,,True,slight,False,0.0
34.50000000000022,v3_confidence,0.0,0,,False,,False,,False,,False,crashed,,True,slight,False,0.0
34.60000000000022,v3_confidence,0.0,0,,False,,False,,False,,False,crashed,,True,slight,False,0.0
34.70000000000022,v3_confidence,0.0,0,,False,,False,,False,,False,crashed,,True,slight,False,0.0
34.800000000000225,v3_confidence,0.0,0,,False,,False,,False,,False,crashed,,True,slight,False,0.0
34.900000000000226,v3_confidence,0.0,0,,False,,False,,False,,False,crashed,,True,slight,False,0.0
35.00000000000023,v3_confidence,0.0,0,,False,,False,,False,,False,crashed,,True,slight,False,0.0
35.10000000000023,v3_confidence,0.0,0,,False,,False,,False,,False,crashed,,True,slight,False,0.0
35.20000000000023,v3_confidence,0.0,0,,False,,False,,False,,False,crashed,,True,slight,False,0.0
35.30000000000023,v3_confidence,0.0,0,,False,,False,,False,,False,crashed,,True,slight,False,0.0
35.40000000000023,v3_confidence,0.0,0,,False,,False,,False,,False,crashed,,True,slight,False,0.0
35.500000000000234,v3_confidence,0.0,0,,False,,False,,False,,False,crashed,,True,slight,False,0.0
35.600000000000236,v3_confidence,0.0,0,,False,,False,,False,,False,crashed,,True,slight,False,0.0
35.70000000000024,v3_confidence,0.0,0,,False,,False,,False,,False,crashed,,True,slight,False,0.0
35.80000000000024,v3_confidence,0.0,0,,False,,False,,False,,False,crashed,,True,slight,False,0.0
35.90000000000024,v3_confidence,0.0,0,,False,,False,,False,,False,crashed,,True,slight,False,0.0
36.00000000000024,v3_confidence,0.0,0,,False,,False,,False,,False,crashed,,True,slight,False,0.0
36.10000000000024,v3_confidence,0.0,0,,False,,False,,False,,False,crashed,,True,slight,False,0.0
36.200000000000244,v3_confidence,0.0,0,,False,,False,,False,,False,crashed,,True,slight,False,0.0
36.300000000000246,v3_confidence,0.0,0,,False,,False,,False,,False,crashed,,True,slight,False,0.0
36.40000000000025,v3_confidence,0.0,0,,False,,False,,False,,False,crashed,,True,slight,False,0.0
36.50000000000025,v3_confidence,0.0,0,,False,,False,,False,,False,crashed,,True,slight,False,0.0
36.60000000000025,v3_confidence,0.0,0,,False,,False,,False,,False,crashed,,True,slight,False,0.0
36.70000000000025,v3_confidence,0.0,0,,False,,False,,False,,False,crashed,,True,slight,False,0.0
36.80000000000025,v3_confidence,0.0,0,,False,,False,,False,,False,crashed,,True,slight,False,0.0
36.900000000000254,v3_confidence,0.0,0,,False,,False,,False,,False,crashed,,True,slight,False,0.0
37.000000000000256,v3_confidence,0.0,0,,False,,False,,False,,False,crashed,,True,slight,False,0.0
37.10000000000026,v3_confidence,0.0,0,,False,,False,,False,,False,crashed,,True,slight,False,0.0
37.20000000000026,v3_confidence,0.0,0,,False,,False,,False,,False,crashed,,True,slight,False,0.0
37.30000000000026,v3_confidence,0.0,0,,False,,False,,False,,False,crashed,,True,slight,False,0.0
37.40000000000026,v3_confidence,0.0,0,,False,,False,,False,,False,crashed,,True,slight,False,0.0
37.50000000000026,v3_confidence,0.0,0,,False,,False,,False,,False,crashed,,True,slight,False,0.0
37.600000000000264,v3_confidence,0.0,0,,False,,False,,False,,False,crashed,,True,slight,False,0.0
37.700000000000266,v3_confidence,0.0,0,,False,,False,,False,,False,crashed,,True,slight,False,0.0
37.80000000000027,v3_confidence,0.0,0,,False,,False,,False,,False,crashed,,True,slight,False,0.0
37.90000000000027,v3_confidence,0.0,0,,False,,False,,False,,False,crashed,,True,slight,False,0.0
38.00000000000027,v3_confidence,0.0,0,,False,,False,,False,,False,crashed,,True,slight,False,0.0
38.10000000000027,v3_confidence,0.0,0,,False,,False,,False,,False,crashed,,True,slight,False,0.0
38.20000000000027,v3_confidence,0.0,0,,False,,False,,False,,False,crashed,,True,slight,False,0.0
38.300000000000274,v3_confidence,0.0,0,,False,,False,,False,,False,crashed,,True,slight,False,0.0
38.400000000000276,v3_confidence,0.0,0,,False,,False,,False,,False,crashed,,True,slight,False,0.0
38.50000000000028,v3_confidence,0.0,0,,False,,False,,False,,False,crashed,,True,slight,False,0.0
38.60000000000028,v3_confidence,0.0,0,,False,,False,,False,,False,crashed,,True,slight,False,0.0
38.70000000000028,v3_confidence,0.0,0,,False,,False,,False,,False,crashed,,True,slight,False,0.0
38.80000000000028,v3_confidence,0.0,0,,False,,False,,False,,False,crashed,,True,slight,False,0.0
38.90000000000028,v3_confidence,0.0,0,,False,,False,,False,,False,crashed,,True,slight,False,0.0
39.000000000000284,v3_confidence,0.0,0,,False,,False,,False,,False,crashed,,True,slight,False,0.0
39.100000000000286,v3_confidence,0.0,0,,False,,False,,False,,False,crashed,,True,slight,False,0.0
39.20000000000029,v3_confidence,0.0,0,,False,,False,,False,,False,crashed,,True,slight,False,0.0
39.30000000000029,v3_confidence,0.0,0,,False,,False,,False,,False,crashed,,True,slight,False,0.0
39.40000000000029,v3_confidence,0.0,0,,False,,False,,False,,False,crashed,,True,slight,False,0.0
39.50000000000029,v3_confidence,0.0,0,,False,,False,,False,,False,crashed,,True,slight,False,0.0
39.60000000000029,v3_confidence,0.0,0,,False,,False,,False,,False,crashed,,True,slight,False,0.0
39.700000000000294,v3_confidence,0.0,0,,False,,False,,False,,False,crashed,,True,slight,False,0.0
39.800000000000296,v3_confidence,0.0,0,,False,,False,,False,,False,crashed,,True,slight,False,0.0
39.9000000000003,v3_confidence,0.0,0,,False,,False,,False,,False,crashed,,True,slight,False,0.0
0.0,v4_plausibility,28.0,0,75.5,False,75.5,False,75.5,False,75.5,True,plausibility:majority,vehicle,False,,False,0.0
0.1,v4_plausibility,28.0,0,75.5,False,75.5,False,75.5,False,75.5,True,plausibility:majority,vehicle,False,,False,0.0
0.2,v4_plausibility,28.0,0,75.5,False,75.5,False,75.5,False,75.5,True,plausibility:majority,vehicle,False,,False,0.0
0.30000000000000004,v4_plausibility,28.0,0,75.5,False,75.5,False,75.5,False,75.5,True,plausibility:majority,vehicle,False,,False,0.0
0.4,v4_plausibility,28.0,0,75.5,False,75.5,False,75.5,False,75.5,True,plausibility:majority,vehicle,False,,False,0.0
0.5,v4_plausibility,28.0,0,75.5,False,75.5,False,75.5,False,75.5,True,plausibility:majority,vehicle,False,,False,0.0
0.6,v4_plausibility,28.0,0,75.5,False,75.5,False,75.5,False,75.5,True,plausibility:majority,vehicle,False,,False,0.0
0.7,v4_plausibility,28.0,0,75.5,False,75.5,False,75.5,False,75.5,True,plausibility:majority,vehicle,False,,False,0.0
0.7999999999999999,v4_plausibility,28.0,0,75.5,False,75.5,False,75.5,False,75.5,True,plausibility:majority,vehicle,False,,False,0.0
0.8999999999999999,v4_plausibility,28.0,0,75.5,False,75.5,False,75.5,False,75.5,True,plausibility:majority,vehicle,False,,False,0.0
0.9999999999999999,v4_plausibility,28.0,0,75.5,False,75.5,False,75.5,False,75.5,True,plausibility:majority,vehicle,False,,False,0.0
1.0999999999999999,v4_plausibility,28.0,0,75.5,False,75.5,False,75.5,False,75.5,True,plausibility:majority,vehicle,False,,False,0.0
1.2,v4_plausibility,28.0,0,75.5,False,75.5,False,75.5,False,75.5,True,plausibility:majority,vehicle,False,,False,0.0
1.3,v4_plausibility,28.0,0,75.5,False,75.5,False,75.5,False,75.5,True,plausibility:majority,vehicle,False,,False,0.0
1.4000000000000001,v4_plausibility,28.0,0,75.5,False,75.5,False,75.5,False,75.5,True,plausibility:majority,vehicle,False,,False,0.0
1.5000000000000002,v4_plausibility,28.0,0,75.5,False,75.5,False,75.5,False,75.5,True,plausibility:majority,vehicle,False,,False,0.0
1.6000000000000003,v4_plausibility,28.0,0,75.5,False,75.5,False,75.5,False,75.5,True,plausibility:majority,vehicle,False,,False,0.0
1.7000000000000004,v4_plausibility,28.0,0,75.5,False,75.5,False,75.5,False,75.5,True,plausibility:majority,vehicle,False,,False,0.0
1.8000000000000005,v4_plausibility,28.0,0,75.5,False,75.5,False,75.5,False,75.5,True,plausibility:majority,vehicle,False,,False,0.0
1.9000000000000006,v4_plausibility,28.0,0,75.5,False,75.5,False,75.5,False,75.5,True,plausibility:majority,vehicle,False,,False,0.0
2.0000000000000004,v4_plausibility,28.0,0,75.5,False,75.5,False,75.5,False,75.5,True,plausibility:majority,vehicle,False,,False,0.0
2.1000000000000005,v4_plausibility,28.0,0,75.5,False,75.5,False,75.5,False,75.5,True,plausibility:majority,vehicle,False,,False,0.0
2.2000000000000006,v4_plausibility,28.0,0,75.5,False,75.5,False,75.5,False,75.5,True,plausibility:majority,vehicle,False,,False,0.0
2.3000000000000007,v4_plausibility,28.0,0,75.5,False,75.5,False,75.5,False,75.5,True,plausibility:majority,vehicle,False,,False,0.0
2.400000000000001,v4_plausibility,28.0,0,75.5,False,75.5,False,75.5,False,75.5,True,plausibility:majority,vehicle,False,,False,0.0
2.500000000000001,v4_plausibility,28.0,0,75.5,False,75.5,False,75.5,False,75.5,True,plausibility:majority,vehicle,False,,False,0.0
2.600000000000001,v4_plausibility,28.0,0,75.5,False,75.5,False,75.5,False,75.5,True,plausibility:majority,vehicle,False,,False,0.0
2.700000000000001,v4_plausibility,28.0,0,75.5,False,75.5,False,75.5,False,75.5,True,plausibility:majority,vehicle,False,,False,0.0
2.800000000000001,v4_plausibility,28.0,0,75.5,False,75.5,False,75.5,False,75.5,True,plausibility:majority,vehicle,False,,False,0.0
2.9000000000000012,v4_plausibility,28.0,0,75.5,False,75.5,False,75.5,False,75.5,True,plausibility:majority,vehicle,False,,False,0.0
3.0000000000000013,v4_plausibility,28.0,0,75.5,False,75.5,False,75.5,False,75.5,True,plausibility:majority,vehicle,False,,False,0.0
3.1000000000000014,v4_plausibility,28.0,0,75.5,False,75.5,False,75.5,False,75.5,True,plausibility:majority,vehicle,False,,False,0.0
3.2000000000000015,v4_plausibility,28.0,0,75.5,False,75.5,False,75.5,False,75.5,True,plausibility:majority,vehicle,False,,False,0.0
3.3000000000000016,v4_plausibility,28.0,0,75.5,False,75.5,False,75.5,False,75.5,True,plausibility:majority,vehicle,False,,False,0.0
3.4000000000000017,v4_plausibility,28.0,0,75.5,False,75.5,False,75.5,False,75.5,True,plausibility:majority,vehicle,False,,False,0.0
3.5000000000000018,v4_plausibility,28.0,0,75.5,False,75.5,False,75.5,False,75.5,True,plausibility:majority,vehicle,False,,False,0.0
3.600000000000002,v4_plausibility,28.0,0,75.5,False,75.5,False,75.5,False,75.5,True,plausibility:majority,vehicle,False,,False,0.0
3.700000000000002,v4_plausibility,28.0,0,75.5,False,75.5,False,75.5,False,75.5,True,plausibility:majority,vehicle,False,,False,0.0
3.800000000000002,v4_plausibility,28.0,0,75.5,False,75.5,False,75.5,False,75.5,True,plausibility:majority,vehicle,False,,False,0.0
3.900000000000002,v4_plausibility,28.0,0,75.5,False,75.5,False,75.5,False,75.5,True,plausibility:majority,vehicle,False,,False,0.0
4.000000000000002,v4_plausibility,28.0,0,75.5,False,75.5,False,75.5,False,75.5,True,plausibility:majority,vehicle,False,,False,0.0
4.100000000000001,v4_plausibility,28.0,0,75.5,False,75.5,False,75.5,False,75.5,True,plausibility:majority,vehicle,False,,False,0.0
4.200000000000001,v4_plausibility,28.0,0,75.5,False,75.5,False,75.5,False,75.5,True,plausibility:majority,vehicle,False,,False,0.0
4.300000000000001,v4_plausibility,28.0,0,75.5,False,75.5,False,75.5,False,75.5,True,plausibility:majority,vehicle,False,,False,0.0
4.4,v4_plausibility,28.0,0,75.5,False,75.5,False,75.5,False,75.5,True,plausibility:majority,vehicle,False,,False,0.0
4.5,v4_plausibility,28.0,0,75.5,False,75.5,False,75.5,False,75.5,True,plausibility:majority,vehicle,False,,False,0.0
4.6,v4_plausibility,28.0,0,75.5,False,75.5,False,75.5,False,75.5,True,plausibility:majority,vehicle,False,,False,0.0
4.699999999999999,v4_plausibility,28.0,0,75.5,False,75.5,False,75.5,False,75.5,True,plausibility:majority,vehicle,False,,False,0.0
4.799999999999999,v4_plausibility,28.0,0,75.5,False,75.5,False,75.5,False,75.5,True,plausibility:majority,vehicle,False,,False,0.0
4.899999999999999,v4_plausibility,28.0,0,75.5,False,75.5,False,75.5,False,75.5,True,plausibility:majority,vehicle,False,,False,0.0
4.999999999999998,v4_plausibility,28.0,0,75.5,False,75.5,False,75.5,False,75.5,True,plausibility:majority,vehicle,False,,False,0.0
5.099999999999998,v4_plausibility,28.0,0,75.5,False,75.5,False,75.5,False,75.5,True,plausibility:majority,vehicle,False,,False,0.0
5.1999999999999975,v4_plausibility,28.0,0,75.5,False,75.5,False,75.5,False,75.5,True,plausibility:majority,vehicle,False,,False,0.0
5.299999999999997,v4_plausibility,28.0,0,75.5,False,75.5,False,75.5,False,75.5,True,plausibility:majority,vehicle,False,,False,0.0
5.399999999999997,v4_plausibility,28.0,0,75.5,False,75.5,False,75.5,False,75.5,True,plausibility:majority,vehicle,False,,False,0.0
5.4999999999999964,v4_plausibility,28.0,0,75.5,False,75.5,False,75.5,False,75.5,True,plausibility:majority,vehicle,False,,False,0.0
5.599999999999996,v4_plausibility,28.0,0,75.5,False,75.5,False,75.5,False,75.5,True,plausibility:majority,vehicle,False,,False,0.0
5.699999999999996,v4_plausibility,28.0,0,75.5,False,75.5,False,75.5,False,75.5,True,plausibility:majority,vehicle,False,,False,0.0
5.799999999999995,v4_plausibility,28.0,0,75.5,False,75.5,False,75.5,False,75.5,True,plausibility:majority,vehicle,False,,False,0.0
5.899999999999995,v4_plausibility,28.0,0,75.5,False,75.5,False,75.5,False,75.5,True,plausibility:majority,vehicle,False,,False,0.0
5.999999999999995,v4_plausibility,28.0,0,75.5,False,75.5,False,75.5,False,75.5,True,plausibility:majority,vehicle,False,,False,0.0
6.099999999999994,v4_plausibility,28.0,0,75.5,False,75.5,False,75.5,False,75.5,True,plausibility:majority,vehicle,False,,False,0.0
6.199999999999994,v4_plausibility,28.0,0,75.5,False,75.5,False,75.5,False,75.5,True,plausibility:majority,vehicle,False,,False,0.0
6.299999999999994,v4_plausibility,28.0,0,75.5,False,75.5,False,75.5,False,75.5,True,plausibility:majority,vehicle,False,,False,0.0
6.399999999999993,v4_plausibility,28.0,0,75.5,False,75.5,False,75.5,False,75.5,True,plausibility:majority,vehicle,False,,False,0.0
6.499999999999993,v4_plausibility,28.0,0,75.5,False,75.5,False,75.5,False,75.5,True,plausibility:majority,vehicle,False,,False,0.0
6.5999999999999925,v4_plausibility,28.0,0,75.5,False,75.5,False,75.5,False,75.5,True,plausibility:majority,vehicle,False,,False,0.0
6.699999999999992,v4_plausibility,28.0,0,75.5,False,75.5,False,75.5,False,75.5,True,plausibility:majority,vehicle,False,,False,0.0
6.799999999999992,v4_plausibility,28.0,0,75.5,False,75.5,False,75.5,False,75.5,True,plausibility:majority,vehicle,False,,False,0.0
6.8999999999999915,v4_plausibility,28.0,0,75.5,False,75.5,False,75.5,False,75.5,True,plausibility:majority,vehicle,False,,False,0.0
6.999999999999991,v4_plausibility,28.0,0,75.5,False,75.5,False,75.5,False,75.5,True,plausibility:majority,vehicle,False,,False,0.0
7.099999999999991,v4_plausibility,28.0,0,75.5,False,75.5,False,75.5,False,75.5,True,plausibility:majority,vehicle,False,,False,0.0
7.19999999999999,v4_plausibility,28.0,0,75.5,False,75.5,False,75.5,False,75.5,True,plausibility:majority,vehicle,False,,False,0.0
7.29999999999999,v4_plausibility,28.0,0,75.5,False,75.5,False,75.5,False,75.5,True,plausibility:majority,vehicle,False,,False,0.0
7.39999999999999,v4_plausibility,28.0,0,75.5,False,75.5,False,75.5,False,75.5,True,plausibility:majority,vehicle,False,,False,0.0
7.499999999999989,v4_plausibility,28.0,0,75.5,False,75.5,False,75.5,False,75.5,True,plausibility:majority,vehicle,False,,False,0.0
7.599999999999989,v4_plausibility,28.0,0,75.5,False,75.5,False,75.5,False,75.5,True,plausibility:majority,vehicle,False,,False,0.0
7.699999999999989,v4_plausibility,28.0,0,75.5,False,75.5,False,75.5,False,75.5,True,plausibility:majority,vehicle,False,,False,0.0
7.799999999999988,v4_plausibility,28.0,0,75.5,False,75.5,False,75.5,False,75.5,True,plausibility:majority,vehicle,False,,False,0.0
7.899999999999988,v4_plausibility,28.0,0,75.5,False,75.5,False,75.5,False,75.5,True,plausibility:majority,vehicle,False,,False,0.0
7.999999999999988,v4_plausibility,28.0,0,75.5,False,75.5,False,75.5,False,75.5,True,plausibility:majority,vehicle,False,,False,0.0
8.099999999999987,v4_plausibility,28.0,0,75.5,False,75.5,False,75.5,False,75.5,True,plausibility:majority,vehicle,False,,False,0.0
8.199999999999987,v4_plausibility,28.0,0,75.5,False,75.5,False,75.5,False,75.5,True,plausibility:majority,vehicle,False,,False,0.0
8.299999999999986,v4_plausibility,28.0,0,75.5,False,75.5,False,75.5,False,75.5,True,plausibility:majority,vehicle,False,,False,0.0
8.399999999999986,v4_plausibility,28.0,0,75.5,False,75.5,False,75.5,False,75.5,True,plausibility:majority,vehicle,False,,False,0.0
8.499999999999986,v4_plausibility,28.0,0,75.5,False,75.5,False,75.5,False,75.5,True,plausibility:majority,vehicle,False,,False,0.0
8.599999999999985,v4_plausibility,28.0,0,75.5,False,75.5,False,75.5,False,75.5,True,plausibility:majority,vehicle,False,,False,0.0
8.699999999999985,v4_plausibility,28.0,0,75.5,False,75.5,False,75.5,False,75.5,True,plausibility:majority,vehicle,False,,False,0.0
8.799999999999985,v4_plausibility,28.0,0,75.5,False,75.5,False,75.5,False,75.5,True,plausibility:majority,vehicle,False,,False,0.0
8.899999999999984,v4_plausibility,28.0,0,75.5,False,75.5,False,75.5,False,75.5,True,plausibility:majority,vehicle,False,,False,0.0
8.999999999999984,v4_plausibility,28.0,0,75.5,False,75.5,False,75.5,False,75.5,True,plausibility:majority,vehicle,False,,False,0.0
9.099999999999984,v4_plausibility,28.0,0,75.5,False,75.5,False,75.5,False,75.5,True,plausibility:majority,vehicle,False,,False,0.0
9.199999999999983,v4_plausibility,28.0,0,75.5,False,75.5,False,75.5,False,75.5,True,plausibility:majority,vehicle,False,,False,0.0
9.299999999999983,v4_plausibility,28.0,0,75.5,False,75.5,False,75.5,False,75.5,True,plausibility:majority,vehicle,False,,False,0.0
9.399999999999983,v4_plausibility,28.0,0,75.5,False,75.5,False,75.5,False,75.5,True,plausibility:majority,vehicle,False,,False,0.0
9.499999999999982,v4_plausibility,28.0,0,75.5,False,75.5,False,75.5,False,75.5,True,plausibility:majority,vehicle,False,,False,0.0
9.599999999999982,v4_plausibility,28.0,0,75.5,False,75.5,False,75.5,False,75.5,True,plausibility:majority,vehicle,False,,False,0.0
9.699999999999982,v4_plausibility,28.0,0,75.5,False,75.5,False,75.5,False,75.5,True,plausibility:majority,vehicle,False,,False,0.0
9.799999999999981,v4_plausibility,28.0,0,75.5,False,75.5,False,75.5,False,75.5,True,plausibility:majority,vehicle,False,,False,0.0
9.89999999999998,v4_plausibility,28.0,0,75.5,False,75.5,False,75.5,False,75.5,True,plausibility:majority,vehicle,False,,False,0.0
9.99999999999998,v4_plausibility,28.0,0,75.5,False,75.5,False,75.5,False,75.5,True,plausibility:majority,vehicle,False,,False,0.0
10.09999999999998,v4_plausibility,28.0,0,75.5,False,75.5,False,75.5,False,75.5,True,plausibility:majority,vehicle,False,,False,0.0
10.19999999999998,v4_plausibility,28.0,0,75.5,False,75.5,False,75.5,False,75.5,True,plausibility:majority,vehicle,False,,False,0.0
10.29999999999998,v4_plausibility,28.0,0,75.5,False,75.5,False,75.5,False,75.5,True,plausibility:majority,vehicle,False,,False,0.0
10.399999999999979,v4_plausibility,28.0,0,75.5,False,75.5,False,75.5,False,75.5,True,plausibility:majority,vehicle,False,,False,0.0
10.499999999999979,v4_plausibility,28.0,0,75.5,False,75.5,False,75.5,False,75.5,True,plausibility:majority,vehicle,False,,False,0.0
10.599999999999978,v4_plausibility,28.0,0,75.5,False,75.5,False,75.5,False,75.5,True,plausibility:majority,vehicle,False,,False,0.0
10.699999999999978,v4_plausibility,28.0,0,75.5,False,75.5,False,75.5,False,75.5,True,plausibility:majority,vehicle,False,,False,0.0
10.799999999999978,v4_plausibility,28.0,0,75.5,False,75.5,False,75.5,False,75.5,True,plausibility:majority,vehicle,False,,False,0.0
10.899999999999977,v4_plausibility,28.0,0,75.5,False,75.5,False,75.5,False,75.5,True,plausibility:majority,vehicle,False,,False,0.0
10.999999999999977,v4_plausibility,28.0,0,75.5,False,75.5,False,75.5,False,75.5,True,plausibility:majority,vehicle,False,,False,0.0
11.099999999999977,v4_plausibility,28.0,0,75.5,False,75.5,False,75.5,False,75.5,True,plausibility:majority,vehicle,False,,False,0.0
11.199999999999976,v4_plausibility,28.0,0,75.5,False,75.5,False,75.5,False,75.5,True,plausibility:majority,vehicle,False,,False,0.0
11.299999999999976,v4_plausibility,28.0,0,75.5,False,75.5,False,75.5,False,75.5,True,plausibility:majority,vehicle,False,,False,0.0
11.399999999999975,v4_plausibility,28.0,0,75.5,False,75.5,False,75.5,False,75.5,True,plausibility:majority,vehicle,False,,False,0.0
11.499999999999975,v4_plausibility,28.0,0,75.5,False,75.5,False,75.5,False,75.5,True,plausibility:majority,vehicle,False,,False,0.0
11.599999999999975,v4_plausibility,28.0,0,75.5,False,75.5,False,75.5,False,75.5,True,plausibility:majority,vehicle,False,,False,0.0
11.699999999999974,v4_plausibility,28.0,0,75.5,False,75.5,False,75.5,False,75.5,True,plausibility:majority,vehicle,False,,False,0.0
11.799999999999974,v4_plausibility,28.0,0,75.5,False,75.5,False,75.5,False,75.5,True,plausibility:majority,vehicle,False,,False,0.0
11.899999999999974,v4_plausibility,28.0,0,75.5,False,75.5,False,75.5,False,75.5,True,plausibility:majority,vehicle,False,,False,0.0
11.999999999999973,v4_plausibility,28.0,0,75.5,False,75.5,False,75.5,False,75.5,True,plausibility:majority,vehicle,False,,False,0.0
12.099999999999973,v4_plausibility,28.0,0,75.5,False,75.5,False,75.5,False,75.5,True,plausibility:majority,vehicle,False,,False,0.0
12.199999999999973,v4_plausibility,28.0,0,75.5,False,75.5,False,75.5,False,75.5,True,plausibility:majority,vehicle,False,,False,0.0
12.299999999999972,v4_plausibility,28.0,0,75.5,False,75.5,False,75.5,False,75.5,True,plausibility:majority,vehicle,False,,False,0.0
12.399999999999972,v4_plausibility,28.0,0,75.5,False,75.5,False,75.5,False,75.5,True,plausibility:majority,vehicle,False,,False,0.0
12.499999999999972,v4_plausibility,28.0,0,75.5,False,75.5,False,75.5,False,75.5,True,plausibility:majority,vehicle,False,,False,0.0
12.599999999999971,v4_plausibility,28.0,0,75.5,False,75.5,False,75.5,False,75.5,True,plausibility:majority,vehicle,False,,False,0.0
12.69999999999997,v4_plausibility,28.0,0,75.5,False,75.5,False,75.5,False,75.5,True,plausibility:majority,vehicle,False,,False,0.0
12.79999999999997,v4_plausibility,28.0,0,75.5,False,75.5,False,75.5,False,75.5,True,plausibility:majority,vehicle,False,,False,0.0
12.89999999999997,v4_plausibility,28.0,0,75.5,False,75.5,False,75.5,False,75.5,True,plausibility:majority,vehicle,False,,False,0.0
12.99999999999997,v4_plausibility,28.0,0,75.5,False,75.5,False,75.5,False,75.5,True,plausibility:majority,vehicle,False,,False,0.0
13.09999999999997,v4_plausibility,28.0,0,75.5,False,75.5,False,75.5,False,75.5,True,plausibility:majority,vehicle,False,,False,0.0
13.199999999999969,v4_plausibility,28.0,0,75.5,False,75.5,False,75.5,False,75.5,True,plausibility:majority,vehicle,False,,False,0.0
13.299999999999969,v4_plausibility,28.0,0,75.5,False,75.5,False,75.5,False,75.5,True,plausibility:majority,vehicle,False,,False,0.0
13.399999999999968,v4_plausibility,28.0,0,75.5,False,75.5,False,75.5,False,75.5,True,plausibility:majority,vehicle,False,,False,0.0
13.499999999999968,v4_plausibility,28.0,0,75.5,False,75.5,False,75.5,False,75.5,True,plausibility:majority,vehicle,False,,False,0.0
13.599999999999968,v4_plausibility,28.0,0,75.5,False,75.5,False,75.5,False,75.5,True,plausibility:majority,vehicle,False,,False,0.0
13.699999999999967,v4_plausibility,28.0,0,75.5,False,75.5,False,75.5,False,75.5,True,plausibility:majority,vehicle,False,,False,0.0
13.799999999999967,v4_plausibility,28.0,0,75.5,False,75.5,False,75.5,False,75.5,True,plausibility:majority,vehicle,False,,False,0.0
13.899999999999967,v4_plausibility,28.0,0,75.5,False,75.5,False,75.5,False,75.5,True,plausibility:majority,vehicle,False,,False,0.0
13.999999999999966,v4_plausibility,28.0,0,75.5,False,75.5,False,75.5,False,75.5,True,plausibility:majority,vehicle,False,,False,0.0
14.099999999999966,v4_plausibility,28.0,0,75.5,False,75.5,False,75.5,False,75.5,True,plausibility:majority,vehicle,False,,False,0.0
14.199999999999966,v4_plausibility,28.0,0,75.5,False,75.5,False,75.5,False,75.5,True,plausibility:majority,vehicle,False,,False,0.0
14.299999999999965,v4_plausibility,28.0,0,75.5,False,75.5,False,75.5,False,75.5,True,plausibility:majority,vehicle,False,,False,0.0
14.399999999999965,v4_plausibility,28.0,0,75.5,False,75.5,False,75.5,False,75.5,True,plausibility:majority,vehicle,False,,False,0.0
14.499999999999964,v4_plausibility,28.0,0,75.5,False,75.5,False,75.5,False,75.5,True,plausibility:majority,vehicle,False,,False,0.0
14.599999999999964,v4_plausibility,28.0,0,75.5,False,75.5,False,75.5,False,75.5,True,plausibility:majority,vehicle,False,,False,0.0
14.699999999999964,v4_plausibility,28.0,0,75.5,False,75.5,False,75.5,False,75.5,True,plausibility:majority,vehicle,False,,False,0.0
14.799999999999963,v4_plausibility,28.0,0,75.5,False,75.5,False,75.5,False,75.5,True,plausibility:majority,vehicle,False,,False,0.0
14.899999999999963,v4_plausibility,28.0,0,75.5,False,75.5,False,75.5,False,75.5,True,plausibility:majority,vehicle,False,,False,0.0
14.999999999999963,v4_plausibility,28.0,0,75.5,False,75.5,False,75.5,False,75.5,True,plausibility:majority,vehicle,False,,False,0.0
15.099999999999962,v4_plausibility,28.0,0,75.5,False,75.5,False,75.5,False,75.5,True,plausibility:majority,vehicle,False,,False,0.0
15.199999999999962,v4_plausibility,28.0,0,75.5,False,75.5,False,75.5,False,75.5,True,plausibility:majority,vehicle,False,,False,0.0
15.299999999999962,v4_plausibility,28.0,0,75.5,False,75.5,False,75.5,False,75.5,True,plausibility:majority,vehicle,False,,False,0.0
15.399999999999961,v4_plausibility,28.0,0,75.5,False,75.5,False,75.5,False,75.5,True,plausibility:majority,vehicle,False,,False,0.0
15.499999999999961,v4_plausibility,28.0,0,75.5,False,75.5,False,75.5,False,75.5,True,plausibility:majority,vehicle,False,,False,0.0
15.59999999999996,v4_plausibility,28.0,0,75.5,False,75.5,False,75.5,False,75.5,True,plausibility:majority,vehicle,False,,False,0.0
15.69999999999996,v4_plausibility,28.0,0,75.5,False,75.5,False,75.5,False,75.5,True,plausibility:majority,vehicle,False,,False,0.0
15.79999999999996,v4_plausibility,28.0,0,75.5,False,75.5,False,75.5,False,75.5,True,plausibility:majority,vehicle,False,,False,0.0
15.89999999999996,v4_plausibility,28.0,0,75.5,False,75.5,False,75.5,False,75.5,True,plausibility:majority,vehicle,False,,False,0.0
15.99999999999996,v4_plausibility,28.0,0,75.5,False,75.5,False,75.5,False,75.5,True,plausibility:majority,vehicle,False,,False,0.0
16.09999999999996,v4_plausibility,28.0,0,75.5,False,75.5,False,75.5,False,75.5,True,plausibility:majority,vehicle,False,,False,0.0
16.19999999999996,v4_plausibility,28.0,0,75.5,False,75.5,False,75.5,False,75.5,True,plausibility:majority,vehicle,False,,False,0.0
16.29999999999996,v4_plausibility,28.0,0,75.5,False,75.5,False,75.5,False,75.5,True,plausibility:majority,vehicle,False,,False,0.0
16.399999999999963,v4_plausibility,28.0,0,75.5,False,75.5,False,75.5,False,75.5,True,plausibility:majority,vehicle,False,,False,0.0
16.499999999999964,v4_plausibility,28.0,0,75.5,False,75.5,False,75.5,False,75.5,True,plausibility:majority,vehicle,False,,False,0.0
16.599999999999966,v4_plausibility,28.0,0,75.5,False,75.5,False,75.5,False,75.5,True,plausibility:majority,vehicle,False,,False,0.0
16.699999999999967,v4_plausibility,28.0,0,75.5,False,75.5,False,75.5,False,75.5,True,plausibility:majority,vehicle,False,,False,0.0
16.79999999999997,v4_plausibility,28.0,0,75.5,False,75.5,False,75.5,False,75.5,True,plausibility:majority,vehicle,False,,False,0.0
16.89999999999997,v4_plausibility,28.0,0,75.5,False,75.5,False,75.5,False,75.5,True,plausibility:majority,vehicle,False,,False,0.0
16.99999999999997,v4_plausibility,28.0,0,75.5,False,75.5,False,75.5,False,75.5,True,plausibility:majority,vehicle,False,,False,0.0
17.099999999999973,v4_plausibility,28.0,0,75.5,False,75.5,False,75.5,False,75.5,True,plausibility:majority,vehicle,False,,False,0.0
17.199999999999974,v4_plausibility,28.0,0,75.5,False,75.5,False,75.5,False,75.5,True,plausibility:majority,vehicle,False,,False,0.0
17.299999999999976,v4_plausibility,28.0,0,75.5,False,75.5,False,75.5,False,75.5,True,plausibility:majority,vehicle,False,,False,0.0
17.399999999999977,v4_plausibility,28.0,0,75.5,False,75.5,False,75.5,False,75.5,True,plausibility:majority,vehicle,False,,False,0.0
17.49999999999998,v4_plausibility,28.0,0,75.5,False,75.5,False,75.5,False,75.5,True,plausibility:majority,vehicle,False,,False,0.0
17.59999999999998,v4_plausibility,28.0,0,75.5,False,75.5,False,75.5,False,75.5,True,plausibility:majority,vehicle,False,,False,0.0
17.69999999999998,v4_plausibility,28.0,0,75.5,False,75.5,False,75.5,False,75.5,True,plausibility:majority,vehicle,False,,False,0.0
17.799999999999983,v4_plausibility,28.0,0,75.5,False,75.5,False,75.5,False,75.5,True,plausibility:majority,vehicle,False,,False,0.0
17.899999999999984,v4_plausibility,28.0,0,75.5,False,75.5,False,75.5,False,75.5,True,plausibility:majority,vehicle,False,,False,0.0
17.999999999999986,v4_plausibility,28.0,0,75.5,False,75.5,False,75.5,False,75.5,True,plausibility:majority,vehicle,False,,False,0.0
18.099999999999987,v4_plausibility,28.0,0,75.5,False,75.5,False,75.5,False,75.5,True,plausibility:majority,vehicle,False,,False,0.0
18.19999999999999,v4_plausibility,28.0,0,75.5,False,75.5,False,75.5,False,75.5,True,plausibility:majority,vehicle,False,,False,0.0
18.29999999999999,v4_plausibility,28.0,0,75.5,False,75.5,False,75.5,False,75.5,True,plausibility:majority,vehicle,False,,False,0.0
18.39999999999999,v4_plausibility,28.0,0,75.5,False,75.5,False,75.5,False,75.5,True,plausibility:majority,vehicle,False,,False,0.0
18.499999999999993,v4_plausibility,28.0,0,75.5,False,75.5,False,75.5,False,75.5,True,plausibility:majority,vehicle,False,,False,0.0
18.599999999999994,v4_plausibility,28.0,0,75.5,False,75.5,False,75.5,False,75.5,True,plausibility:majority,vehicle,False,,False,0.0
18.699999999999996,v4_plausibility,28.0,0,75.5,False,75.5,False,75.5,False,75.5,True,plausibility:majority,vehicle,False,,False,0.0
18.799999999999997,v4_plausibility,28.0,0,75.5,False,75.5,False,75.5,False,75.5,True,plausibility:majority,vehicle,False,,False,0.0
18.9,v4_plausibility,28.0,0,75.5,False,75.5,False,75.5,False,75.5,True,plausibility:majority,vehicle,False,,False,0.0
19.0,v4_plausibility,28.0,0,75.5,False,75.5,False,75.5,False,75.5,True,plausibility:majority,vehicle,False,,False,0.0
19.1,v4_plausibility,28.0,0,75.5,False,75.5,False,75.5,False,75.5,True,plausibility:majority,vehicle,False,,False,0.0
19.200000000000003,v4_plausibility,28.0,0,75.5,False,75.5,False,75.5,False,75.5,True,plausibility:majority,vehicle,False,,False,0.0
19.300000000000004,v4_plausibility,28.0,0,75.5,False,75.5,False,75.5,False,75.5,True,plausibility:majority,vehicle,False,,False,0.0
19.400000000000006,v4_plausibility,28.0,0,75.5,False,75.5,False,75.5,False,75.5,True,plausibility:majority,vehicle,False,,False,0.0
19.500000000000007,v4_plausibility,28.0,0,75.5,False,75.5,False,75.5,False,75.5,True,plausibility:majority,vehicle,False,,False,0.0
19.60000000000001,v4_plausibility,28.0,0,75.5,False,75.5,False,75.5,False,75.5,True,plausibility:majority,vehicle,False,,False,0.0
19.70000000000001,v4_plausibility,28.0,0,75.5,False,75.5,False,75.5,False,75.5,True,plausibility:majority,vehicle,False,,False,0.0
19.80000000000001,v4_plausibility,28.0,0,75.5,False,75.5,False,75.5,False,75.5,True,plausibility:majority,vehicle,False,,False,0.0
19.900000000000013,v4_plausibility,28.0,0,75.5,False,75.5,False,75.5,False,75.5,True,plausibility:majority,vehicle,False,,False,0.0
20.000000000000014,v4_plausibility,28.0,0,75.5,False,75.5,False,75.5,False,75.5,True,plausibility:majority,vehicle,False,,False,0.0
20.100000000000016,v4_plausibility,28.0,0,75.5,False,75.5,False,75.5,False,75.5,True,plausibility:majority,vehicle,False,,False,0.0
20.200000000000017,v4_plausibility,28.0,0,75.5,False,75.5,False,75.5,False,75.5,True,plausibility:majority,vehicle,False,,False,0.0
20.30000000000002,v4_plausibility,28.0,0,75.5,False,75.5,False,75.5,False,75.5,True,plausibility:majority,vehicle,False,,False,0.0
20.40000000000002,v4_plausibility,28.0,0,75.5,False,75.5,False,75.5,False,75.5,True,plausibility:majority,vehicle,False,,False,0.0
20.50000000000002,v4_plausibility,28.0,0,75.5,False,75.5,False,75.5,False,75.5,True,plausibility:majority,vehicle,False,,False,0.0
20.600000000000023,v4_plausibility,28.0,0,75.5,False,75.5,False,75.5,False,75.5,True,plausibility:majority,vehicle,False,,False,0.0
20.700000000000024,v4_plausibility,28.0,0,75.5,False,75.5,False,75.5,False,75.5,True,plausibility:majority,vehicle,False,,False,0.0
20.800000000000026,v4_plausibility,28.0,0,75.5,False,75.5,False,75.5,False,75.5,True,plausibility:majority,vehicle,False,,False,0.0
20.900000000000027,v4_plausibility,28.0,0,75.5,False,75.5,False,75.5,False,75.5,True,plausibility:majority,vehicle,False,,False,0.0
21.00000000000003,v4_plausibility,28.0,0,75.5,False,75.5,False,75.5,False,75.5,True,plausibility:majority,vehicle,False,,False,0.0
21.10000000000003,v4_plausibility,28.0,0,75.5,False,75.5,False,75.5,False,75.5,True,plausibility:majority,vehicle,False,,False,0.0
21.20000000000003,v4_plausibility,28.0,0,75.5,False,75.5,False,75.5,False,75.5,True,plausibility:majority,vehicle,False,,False,0.0
21.300000000000033,v4_plausibility,28.0,0,75.5,False,75.5,False,75.5,False,75.5,True,plausibility:majority,vehicle,False,,False,0.0
21.400000000000034,v4_plausibility,28.0,0,75.5,False,75.5,False,75.5,False,75.5,True,plausibility:majority,vehicle,False,,False,0.0
21.500000000000036,v4_plausibility,28.0,0,75.5,False,75.5,False,75.5,False,75.5,True,plausibility:majority,vehicle,False,,False,0.0
21.600000000000037,v4_plausibility,28.0,0,75.5,False,75.5,False,75.5,False,75.5,True,plausibility:majority,vehicle,False,,False,0.0
21.70000000000004,v4_plausibility,28.0,0,75.5,False,75.5,False,75.5,False,75.5,True,plausibility:majority,vehicle,False,,False,0.0
21.80000000000004,v4_plausibility,28.0,0,75.5,False,75.5,False,75.5,False,75.5,True,plausibility:majority,vehicle,False,,False,0.0
21.90000000000004,v4_plausibility,28.0,0,75.5,False,75.5,False,75.5,False,75.5,True,plausibility:majority,vehicle,False,,False,0.0
22.000000000000043,v4_plausibility,28.0,0,75.5,False,75.5,False,75.5,False,75.5,True,plausibility:majority,vehicle,False,,False,0.0
22.100000000000044,v4_plausibility,28.0,0,75.5,False,75.5,False,75.5,False,75.5,True,plausibility:majority,vehicle,False,,False,0.0
22.200000000000045,v4_plausibility,28.0,0,75.5,False,75.5,False,75.5,False,75.5,True,plausibility:majority,vehicle,False,,False,0.0
22.300000000000047,v4_plausibility,28.0,0,75.5,False,75.5,False,75.5,False,75.5,True,plausibility:majority,vehicle,False,,False,0.0
22.40000000000005,v4_plausibility,28.0,0,75.5,False,75.5,False,75.5,False,75.5,True,plausibility:majority,vehicle,False,,False,0.0
22.50000000000005,v4_plausibility,28.0,0,75.5,False,75.5,False,75.5,False,75.5,True,plausibility:majority,vehicle,False,,False,0.0
22.60000000000005,v4_plausibility,28.0,0,75.5,False,75.5,False,75.5,False,75.5,True,plausibility:majority,vehicle,False,,False,0.0
22.700000000000053,v4_plausibility,28.0,0,75.5,False,75.5,False,75.5,False,75.5,True,plausibility:majority,vehicle,False,,False,0.0
22.800000000000054,v4_plausibility,28.0,0,75.5,False,75.5,False,75.5,False,75.5,True,plausibility:majority,vehicle,False,,False,0.0
22.900000000000055,v4_plausibility,28.0,0,75.5,False,75.5,False,75.5,False,75.5,True,plausibility:majority,vehicle,False,,False,0.0
23.000000000000057,v4_plausibility,28.0,0,75.5,False,75.5,False,75.5,False,75.5,True,plausibility:majority,vehicle,False,,False,0.0
23.10000000000006,v4_plausibility,28.0,0,75.5,False,75.5,False,75.5,False,75.5,True,plausibility:majority,vehicle,False,,False,0.0
23.20000000000006,v4_plausibility,28.0,0,75.5,False,75.5,False,75.5,False,75.5,True,plausibility:majority,vehicle,False,,False,0.0
23.30000000000006,v4_plausibility,28.0,0,75.5,False,75.5,False,75.5,False,75.5,True,plausibility:majority,vehicle,False,,False,0.0
23.400000000000063,v4_plausibility,28.0,0,75.5,False,75.5,False,75.5,False,75.5,True,plausibility:majority,vehicle,False,,False,0.0
23.500000000000064,v4_plausibility,28.0,0,75.5,False,75.5,False,75.5,False,75.5,True,plausibility:majority,vehicle,False,,False,0.0
23.600000000000065,v4_plausibility,28.0,0,75.5,False,75.5,False,75.5,False,75.5,True,plausibility:majority,vehicle,False,,False,0.0
23.700000000000067,v4_plausibility,28.0,0,75.5,False,75.5,False,75.5,False,75.5,True,plausibility:majority,vehicle,False,,False,0.0
23.800000000000068,v4_plausibility,28.0,0,75.5,False,75.5,False,75.5,False,75.5,True,plausibility:majority,vehicle,False,,False,0.0
23.90000000000007,v4_plausibility,28.0,0,75.5,False,75.5,False,75.5,False,75.5,True,plausibility:majority,vehicle,False,,False,0.0
24.00000000000007,v4_plausibility,28.0,0,75.5,False,75.5,False,75.5,False,75.5,True,plausibility:majority,vehicle,False,,False,0.0
24.100000000000072,v4_plausibility,28.0,0,75.5,False,75.5,False,75.5,False,75.5,True,plausibility:majority,vehicle,False,,False,0.0
24.200000000000074,v4_plausibility,28.0,0,75.5,False,75.5,False,75.5,False,75.5,True,plausibility:majority,vehicle,False,,False,0.0
24.300000000000075,v4_plausibility,28.0,0,75.5,False,75.5,False,75.5,False,75.5,True,plausibility:majority,vehicle,False,,False,0.0
24.400000000000077,v4_plausibility,28.0,0,75.5,False,75.5,False,75.5,False,75.5,True,plausibility:majority,vehicle,False,,False,0.0
24.500000000000078,v4_plausibility,28.0,0,75.5,False,75.5,False,75.5,False,75.5,True,plausibility:majority,vehicle,False,,False,0.0
24.60000000000008,v4_plausibility,28.0,0,75.5,False,75.5,False,75.5,False,75.5,True,plausibility:majority,vehicle,False,,False,0.0
24.70000000000008,v4_plausibility,28.0,0,75.5,False,75.5,False,75.5,False,75.5,True,plausibility:majority,vehicle,False,,False,0.0
24.800000000000082,v4_plausibility,28.0,0,75.5,False,75.5,False,75.5,False,75.5,True,plausibility:majority,vehicle,False,,False,0.0
24.900000000000084,v4_plausibility,28.0,0,75.5,False,75.5,False,75.5,False,75.5,True,plausibility:majority,vehicle,False,,False,0.0
25.000000000000085,v4_plausibility,28.0,0,75.5,False,75.5,False,75.5,False,75.5,True,plausibility:majority,vehicle,False,,False,0.0
25.100000000000087,v4_plausibility,28.0,0,75.5,False,75.5,False,75.5,False,75.5,True,plausibility:majority,vehicle,False,,False,0.0
25.200000000000088,v4_plausibility,28.0,0,75.5,False,75.5,False,75.5,False,75.5,True,plausibility:majority,vehicle,False,,False,0.0
25.30000000000009,v4_plausibility,28.0,0,75.5,False,75.5,False,75.5,False,75.5,True,plausibility:majority,vehicle,False,,False,0.0
25.40000000000009,v4_plausibility,28.0,0,75.5,False,75.5,False,75.5,False,75.5,True,plausibility:majority,vehicle,False,,False,0.0
25.500000000000092,v4_plausibility,28.0,0,75.5,False,75.5,False,75.5,False,75.5,True,plausibility:majority,vehicle,False,,False,0.0
25.600000000000094,v4_plausibility,28.0,0,75.5,False,75.5,False,75.5,False,75.5,True,plausibility:majority,vehicle,False,,False,0.0
25.700000000000095,v4_plausibility,28.0,0,75.5,False,75.5,False,75.5,False,75.5,True,plausibility:majority,vehicle,False,,False,0.0
25.800000000000097,v4_plausibility,28.0,0,75.5,False,75.5,False,75.5,False,75.5,True,plausibility:majority,vehicle,False,,False,0.0
25.900000000000098,v4_plausibility,28.0,0,75.5,False,75.5,False,75.5,False,75.5,True,plausibility:majority,vehicle,False,,False,0.0
26.0000000000001,v4_plausibility,28.0,0,75.5,False,75.5,False,75.5,False,75.5,True,plausibility:majority,vehicle,False,,False,0.0
26.1000000000001,v4_plausibility,28.0,0,75.5,False,75.5,False,75.5,False,75.5,True,plausibility:majority,vehicle,False,,False,0.0
26.200000000000102,v4_plausibility,28.0,0,75.5,False,75.5,False,75.5,False,75.5,True,plausibility:majority,vehicle,False,,False,0.0
26.300000000000104,v4_plausibility,28.0,0,75.5,False,75.5,False,75.5,False,75.5,True,plausibility:majority,vehicle,False,,False,0.0
26.400000000000105,v4_plausibility,28.0,0,75.5,False,75.5,False,75.5,False,75.5,True,plausibility:majority,vehicle,False,,False,0.0
26.500000000000107,v4_plausibility,28.0,0,75.5,False,75.5,False,75.5,False,75.5,True,plausibility:majority,vehicle,False,,False,0.0
26.600000000000108,v4_plausibility,28.0,0,75.5,False,75.5,False,75.5,False,75.5,True,plausibility:majority,vehicle,False,,False,0.0
26.70000000000011,v4_plausibility,28.0,0,74.248288,False,74.248288,False,74.248288,False,74.248288,True,plausibility:majority,vehicle,False,,False,0.0
26.80000000000011,v4_plausibility,28.0,0,72.996576,False,72.996576,False,72.996576,False,72.996576,True,plausibility:majority,vehicle,False,,False,0.0
26.900000000000112,v4_plausibility,28.0,0,71.744864,False,71.744864,False,71.744864,False,71.744864,True,plausibility:majority,vehicle,False,,False,0.0
27.000000000000114,v4_plausibility,28.0,0,70.49315200000001,False,70.49315200000001,False,70.49315200000001,False,70.49315200000001,True,plausibility:majority,vehicle,False,,False,0.0
27.100000000000115,v4_plausibility,28.0,0,69.24144000000001,False,69.24144000000001,False,69.24144000000001,False,69.24144000000001,True,plausibility:majority,vehicle,False,,False,0.0
27.200000000000117,v4_plausibility,28.0,0,67.98972800000001,False,67.98972800000001,False,67.98972800000001,False,67.98972800000001,True,plausibility:majority,vehicle,False,,False,0.0
27.300000000000118,v4_plausibility,28.0,0,66.73801600000002,False,66.73801600000002,False,66.73801600000002,False,66.73801600000002,True,plausibility:majority,vehicle,False,,False,0.0
27.40000000000012,v4_plausibility,28.0,0,65.48630400000002,False,65.48630400000002,False,65.48630400000002,False,65.48630400000002,True,plausibility:majority,vehicle,False,,False,0.0
27.50000000000012,v4_plausibility,28.0,0,64.23459200000002,False,64.23459200000002,False,64.23459200000002,False,64.23459200000002,True,plausibility:majority,vehicle,False,,False,0.0
27.600000000000122,v4_plausibility,28.0,0,62.98288000000002,False,62.98288000000002,False,62.98288000000002,False,62.98288000000002,True,plausibility:majority,vehicle,False,,False,0.0
27.700000000000124,v4_plausibility,28.0,0,61.731168000000025,False,61.731168000000025,False,61.731168000000025,False,61.731168000000025,True,plausibility:majority,vehicle,False,,False,0.0
27.800000000000125,v4_plausibility,28.0,0,60.47945600000003,False,60.47945600000003,False,60.47945600000003,False,60.47945600000003,True,plausibility:majority,vehicle,False,,False,0.0
27.900000000000126,v4_plausibility,28.0,0,59.22774400000003,False,59.22774400000003,False,59.22774400000003,False,59.22774400000003,True,plausibility:majority,vehicle,False,,False,0.0
28.000000000000128,v4_plausibility,28.0,0,57.97603200000003,False,57.97603200000003,False,57.97603200000003,False,57.97603200000003,True,plausibility:majority,vehicle,False,,False,0.0
28.10000000000013,v4_plausibility,28.0,0,56.724320000000034,False,56.724320000000034,False,56.724320000000034,False,56.724320000000034,True,plausibility:majority,vehicle,False,,False,0.0
28.20000000000013,v4_plausibility,28.0,0,55.47260800000004,False,55.47260800000004,False,55.47260800000004,False,55.47260800000004,True,plausibility:majority,vehicle,False,,False,0.0
28.300000000000132,v4_plausibility,28.0,0,54.22089600000004,False,54.22089600000004,False,54.22089600000004,False,54.22089600000004,True,plausibility:majority,vehicle,False,,False,0.0
28.400000000000134,v4_plausibility,28.0,0,52.96918400000004,False,52.96918400000004,False,52.96918400000004,False,52.96918400000004,True,plausibility:majority,vehicle,False,,False,0.0
28.500000000000135,v4_plausibility,28.0,0,51.71747200000004,False,51.71747200000004,False,51.71747200000004,False,51.71747200000004,True,plausibility:majority,vehicle,False,,False,0.0
28.600000000000136,v4_plausibility,28.0,0,50.465760000000046,False,50.465760000000046,False,50.465760000000046,False,50.465760000000046,True,plausibility:majority,vehicle,False,,False,0.0
28.700000000000138,v4_plausibility,28.0,0,49.21404800000005,False,49.21404800000005,False,49.21404800000005,False,49.21404800000005,True,plausibility:majority,vehicle,False,,False,0.0
28.80000000000014,v4_plausibility,28.0,0,47.96233600000005,False,5.0,True,47.96233600000005,False,47.96233600000005,True,plausibility:majority,vehicle,False,,False,0.0
28.90000000000014,v4_plausibility,28.0,0,46.71062400000005,False,5.0,True,46.71062400000005,False,46.71062400000005,True,plausibility:majority,vehicle,False,,False,0.0
29.000000000000142,v4_plausibility,28.0,0,45.458912000000055,False,5.0,True,45.458912000000055,False,45.458912000000055,True,plausibility:majority,vehicle,False,,False,0.0
29.100000000000144,v4_plausibility,28.0,0,44.20720000000006,False,5.0,True,44.20720000000006,False,44.20720000000006,True,plausibility:majority,vehicle,False,,False,0.0
29.200000000000145,v4_plausibility,28.0,0,42.95548800000006,False,5.0,True,42.95548800000006,False,42.95548800000006,True,plausibility:majority,vehicle,False,,False,0.0
29.300000000000146,v4_plausibility,28.0,0,41.70377600000006,False,5.0,True,41.70377600000006,False,41.70377600000006,True,plausibility:majority,vehicle,False,,False,0.0
29.400000000000148,v4_plausibility,28.0,0,40.452064000000064,False,5.0,True,40.452064000000064,False,40.452064000000064,True,plausibility:majority,vehicle,False,,False,0.0
29.50000000000015,v4_plausibility,28.0,0,39.200352000000066,False,5.0,True,39.200352000000066,False,39.200352000000066,True,plausibility:majority,vehicle,False,,False,0.0
29.60000000000015,v4_plausibility,28.0,0,37.94864000000007,False,5.0,True,37.94864000000007,False,37.94864000000007,True,plausibility:majority,vehicle,False,,False,0.0
29.700000000000152,v4_plausibility,28.0,0,36.69692800000007,False,5.0,True,36.69692800000007,False,36.69692800000007,True,plausibility:majority,vehicle,False,,False,0.0
29.800000000000153,v4_plausibility,28.0,0,35.44521600000007,False,5.0,True,35.44521600000007,False,35.44521600000007,True,plausibility:majority,vehicle,False,,False,0.0
29.900000000000155,v4_plausibility,28.0,0,34.193504000000075,False,5.0,True,34.193504000000075,False,34.193504000000075,True,plausibility:majority,vehicle,False,,False,0.0
30.000000000000156,v4_plausibility,28.0,0,32.94179200000008,False,5.0,True,32.94179200000008,False,32.94179200000008,True,plausibility:majority,vehicle,False,,False,0.0
30.100000000000158,v4_plausibility,28.0,0,31.69008000000008,False,5.0,True,31.69008000000008,False,31.69008000000008,True,plausibility:majority,vehicle,False,,False,0.0
30.20000000000016,v4_plausibility,27.936810692566347,0,30.439780407399837,False,5.0,True,30.439780407399837,False,30.439780407399837,True,plausibility:majority,vehicle,False,,False,0.0
30.30000000000016,v4_plausibility,27.798604800136964,0,29.193982400306936,False,5.0,True,29.193982400306936,False,29.193982400306936,True,plausibility:majority,vehicle,False,,False,0.0
30.400000000000162,v4_plausibility,27.59260490709741,0,27.95587808093086,False,5.0,True,27.95587808093086,False,27.95587808093086,True,plausibility:majority,vehicle,False,,False,0.0
30.500000000000163,v4_plausibility,27.32465311240831,0,26.72836752967885,False,5.0,True,26.72836752967885,False,26.72836752967885,True,plausibility:majority,vehicle,False,,False,0.0
30.600000000000165,v4_plausibility,26.999538360506367,0,25.514113201876285,False,5.0,True,25.514113201876285,False,25.514113201876285,True,plausibility:majority,vehicle,False,,False,0.0
30.700000000000166,v4_plausibility,26.621230293855923,0,24.315581780913988,False,5.0,True,24.315581780913988,False,24.315581780913988,True,plausibility:majority,vehicle,False,,False,0.0
30.800000000000168,v4_plausibility,26.193050577246765,0,23.135076974883077,False,5.0,True,23.135076974883077,False,23.135076974883077,True,plausibility:majority,vehicle,False,,False,0.0
30.90000000000017,v4_plausibility,25.717801344366276,0,21.974765612731176,False,5.0,True,21.974765612731176,False,21.974765612731176,True,plausibility:majority,vehicle,False,,False,0.0
31.00000000000017,v4_plausibility,25.197863671393275,0,20.836698668298936,False,5.0,True,20.836698668298936,False,20.836698668298936,True,plausibility:majority,vehicle,False,,False,0.0
31.100000000000172,v4_plausibility,24.635274833594668,0,19.722828356435457,False,5.0,True,19.722828356435457,False,19.722828356435457,True,plausibility:majority,vehicle,False,,False,0.0
31.200000000000173,v4_plausibility,24.031790494494256,0,18.635022112222032,False,5.0,True,18.635022112222032,False,18.635022112222032,True,plausibility:majority,vehicle,False,,False,0.0
31.300000000000175,v4_plausibility,23.388936325198095,0,17.57507402634826,False,5.0,True,17.57507402634826,False,17.57507402634826,True,plausibility:majority,vehicle,False,,False,0.0
31.400000000000176,v4_plausibility,22.70805251893335,0,16.54471413170421,False,5.0,True,16.54471413170421,False,16.54471413170421,True,plausibility:majority,vehicle,False,,False,0.0
31.500000000000178,v4_plausibility,21.990334061900423,0,15.545615794849425,False,5.0,True,15.545615794849425,False,15.545615794849425,True,plausibility:majority,vehicle,False,,False,0.0
31.60000000000018,v4_plausibility,21.236869342745127,0,14.57940134434881,False,5.0,True,14.57940134434881,False,14.57940134434881,True,plausibility:majority,vehicle,False,,False,0.0
31.70000000000018,v4_plausibility,20.448679684395795,0,13.647645952494145,False,5.0,True,13.647645952494145,False,13.647645952494145,True,plausibility:majority,vehicle,False,,False,0.0
31.800000000000182,v4_plausibility,19.626762663944596,0,12.751879665124022,False,5.0,True,12.751879665124022,False,12.751879665124022,True,plausibility:majority,vehicle,False,,False,0.0
31.900000000000183,v4_plausibility,18.772142690897677,0,11.893587332632592,False,5.0,True,11.893587332632592,False,11.893587332632592,True,plausibility:majority,vehicle,False,,False,0.0
32.000000000000185,v4_plausibility,17.885933329679972,0,11.074206017420636,False,5.0,True,11.074206017420636,False,11.074206017420636,True,plausibility:majority,vehicle,False,,False,0.0
32.100000000000186,v4_plausibility,16.969417422456072,0,10.29511921740891,False,5.0,True,10.29511921740891,False,10.29511921740891,True,plausibility:majority,vehicle,False,,False,0.0
32.20000000000019,v4_plausibility,16.02415340396977,0,9.557646922296613,False,5.0,True,9.557646922296613,False,9.557646922296613,True,plausibility:majority,vehicle,False,,False,0.0
32.30000000000019,v4_plausibility,15.05211958321738,0,8.863030068486978,False,5.0,True,8.863030068486978,False,8.863030068486978,True,plausibility:majority,vehicle,False,,False,0.0
32.40000000000019,v4_plausibility,14.055912918259672,0,8.212407326013988,False,5.0,True,8.212407326013988,False,8.212407326013988,True,plausibility:majority,vehicle,False,,False,0.0
32.50000000000019,v4_plausibility,13.039025143714339,0,7.606781270452757,False,5.0,True,7.606781270452757,False,7.606781270452757,True,plausibility:majority,vehicle,False,,False,0.0
32.60000000000019,v4_plausibility,12.006226669532706,0,7.046969801923069,False,5.0,True,7.046969801923069,False,7.046969801923069,True,plausibility:majority,vehicle,False,,False,0.0
32.700000000000195,v4_plausibility,10.964095258879537,0,6.533537166179201,False,5.0,True,6.533537166179201,False,6.533537166179201,True,plausibility:majority,vehicle,False,,False,0.0
32.800000000000196,v4_plausibility,9.921724869034618,0,6.066697314680084,False,5.0,True,6.066697314680084,False,6.066697314680084,True,plausibility:majority,vehicle,False,,False,0.0
32.9000000000002,v4_plausibility,8.89162050599364,0,5.646181418857452,False,5.0,True,5.646181418857452,False,5.646181418857452,True,plausibility:majority,vehicle,False,,False,0.0
33.0000000000002,v4_plausibility,7.8906806309532325,0,5.271063423844396,False,5.0,True,5.271063423844396,False,5.271063423844396,True,plausibility:majority,vehicle,False,,False,0.0
33.1000000000002,v4_plausibility,6.9408957821195285,0,4.939548027859416,False,5.0,True,4.939548027859416,False,4.939548027859416,True,plausibility:majority,vehicle,False,,False,0.0
33.2000000000002,v4_plausibility,6.068824302571534,0,4.648754764526416,False,5.0,True,4.648754764526416,False,4.648754764526416,True,plausibility:majority,vehicle,False,,False,0.0
33.3000000000002,v4_plausibility,5.302100251605814,0,4.394591858891431,False,5.0,True,4.394591858891431,False,4.394591858891431,True,plausibility:majority,vehicle,False,,False,0.0
33.400000000000205,v4_plausibility,4.661176802206022,0,4.17189269018462,False,5.0,True,4.17189269018462,False,4.17189269018462,True,plausibility:majority,vehicle,False,,False,0.0
33.500000000000206,v4_plausibility,4.147924788888865,0,3.974991651420453,False,5.0,True,3.974991651420453,False,3.974991651420453,True,plausibility:majority,vehicle,False,,False,0.0
33.60000000000021,v4_plausibility,3.7403934322047587,0,3.798671962542585,False,5.0,True,3.798671962542585,False,3.798671962542585,True,plausibility:majority,vehicle,False,,False,0.0
33.70000000000021,v4_plausibility,3.4037206097738157,0,3.638986725476286,False,5.0,True,3.638986725476286,False,3.638986725476286,True,plausibility:majority,vehicle,False,,False,0.0
33.80000000000021,v4_plausibility,3.1091942520028644,0,3.4934100524858422,False,5.0,True,3.4934100524858422,False,3.4934100524858422,True,plausibility:majority,vehicle,False,,False,0.0
33.90000000000021,v4_plausibility,2.842299276945953,0,3.3603822691267737,False,5.0,True,3.3603822691267737,False,3.3603822691267737,True,plausibility:majority,vehicle,False,,False,0.0
34.00000000000021,v4_plausibility,2.59785545522189,0,3.2387839305533817,False,5.0,True,3.2387839305533817,False,3.2387839305533817,True,plausibility:majority,vehicle,False,,False,0.0
34.100000000000215,v4_plausibility,2.373643417726101,0,3.12766098774523,False,5.0,True,3.12766098774523,False,3.12766098774523,True,plausibility:majority,vehicle,False,,False,0.0
34.200000000000216,v4_plausibility,2.1679194960966943,0,3.0261479734954833,False,5.0,True,3.0261479734954833,False,3.0261479734954833,True,plausibility:majority,vehicle,False,,False,0.0
34.30000000000022,v4_plausibility,1.9791537702403337,0,2.933452591846333,False,5.0,True,2.933452591846333,False,2.933452591846333,True,plausibility:majority,vehicle,False,,False,0.0
34.40000000000022,v4_plausibility,1.8059916189187062,0,2.8488470221078614,False,5.0,True,2.8488470221078614,False,2.8488470221078614,True,plausibility:majority,vehicle,False,,False,0.0
34.50000000000022,v4_plausibility,1.6472043602533184,0,2.771661185581422,False,5.0,True,2.771661185581422,False,2.771661185581422,True,plausibility:majority,vehicle,False,,False,0.0
34.60000000000022,v4_plausibility,1.5016734624329582,0,2.7012774684887404,False,5.0,True,2.7012774684887404,False,2.7012774684887404,True,plausibility:majority,vehicle,False,,False,0.0
34.70000000000022,v4_plausibility,1.3683657672256204,0,2.637126351627387,False,5.0,True,2.637126351627387,False,2.637126351627387,True,plausibility:majority,vehicle,False,,False,0.0
34.800000000000225,v4_plausibility,1.24633293615116,0,2.5786826062094974,False,5.0,True,2.5786826062094974,False,2.5786826062094974,True,plausibility:majority,vehicle,False,,False,0.0
34.900000000000226,v4_plausibility,1.1346847441399204,0,2.5254620990196486,False,5.0,True,2.5254620990196486,False,2.5254620990196486,True,plausibility:majority,vehicle,False,,False,0.0
35.00000000000023,v4_plausibility,1.0326193201475418,0,2.4770185185747096,False,5.0,True,2.4770185185747096,False,2.4770185185747096,True,plausibility:majority,vehicle,False,,False,0.0
35.10000000000023,v4_plausibility,0.9393290143521464,0,2.432941529402001,False,5.0,True,2.432941529402001,False,2.432941529402001,True,plausibility:majority,vehicle,False,,False,0.0
35.20000000000023,v4_plausibility,0.8542514795918879,0,2.39285141820136,False,5.0,True,2.39285141820136,False,2.39285141820136,True,plausibility:majority,vehicle,False,,False,0.0
35.30000000000023,v4_plausibility,0.7762087464379095,0,2.3564073712291247,False,5.0,True,2.3564073712291247,False,2.3564073712291247,True,plausibility:majority,vehicle,False,,False,0.0
35.40000000000023,v4_plausibility,0.7067464377367362,0,2.32326035695246,False,5.0,True,2.32326035695246,False,2.32326035695246,True,plausibility:majority,vehicle,False,,False,0.0
35.500000000000234,v4_plausibility,0.6351226593955158,0,2.293266898893364,False,5.0,True,2.293266898893364,False,2.293266898893364,True,plausibility:majority,vehicle,False,,False,0.0
35.600000000000236,v4_plausibility,0.6159126872225894,0,2.2653037568257446,False,5.0,True,2.2653037568257446,False,2.2653037568257446,True,plausibility:majority,vehicle,False,,False,0.0
35.70000000000024,v4_plausibility,0.3256748164470586,0,2.244257392943723,False,5.0,True,2.244257392943723,False,2.244257392943723,True,plausibility:majority,vehicle,False,,False,0.0
35.80000000000024,v4_plausibility,0.0,0,2.236977909446523,False,5.0,True,2.236977909446523,False,2.236977909446523,True,plausibility:majority,vehicle,False,,False,0.0
35.90000000000024,v4_plausibility,0.0,0,2.236977909446523,False,5.0,True,2.236977909446523,False,2.236977909446523,True,plausibility:majority,vehicle,False,,False,0.0
36.00000000000024,v4_plausibility,0.0,0,2.236977909446523,False,5.0,True,2.236977909446523,False,2.236977909446523,True,plausibility:majority,vehicle,False,,False,0.0
36.10000000000024,v4_plausibility,0.0,0,2.236977909446523,False,5.0,True,2.236977909446523,False,2.236977909446523,True,plausibility:majority,vehicle,False,,False,0.0
36.200000000000244,v4_plausibility,0.0,0,2.236977909446523,False,5.0,True,2.236977909446523,False,2.236977909446523,True,plausibility:majority,vehicle,False,,False,0.0
36.300000000000246,v4_plausibility,0.0,0,2.236977909446523,False,5.0,True,2.236977909446523,False,2.236977909446523,True,plausibility:majority,vehicle,False,,False,0.0
36.40000000000025,v4_plausibility,0.0,0,2.236977909446523,False,5.0,True,2.236977909446523,False,2.236977909446523,True,plausibility:majority,vehicle,False,,False,0.0
36.50000000000025,v4_plausibility,0.0,0,2.236977909446523,False,5.0,True,2.236977909446523,False,2.236977909446523,True,plausibility:majority,vehicle,False,,False,0.0
36.60000000000025,v4_plausibility,0.0,0,2.236977909446523,False,5.0,True,2.236977909446523,False,2.236977909446523,True,plausibility:majority,vehicle,False,,False,0.0
36.70000000000025,v4_plausibility,0.0,0,2.236977909446523,False,5.0,True,2.236977909446523,False,2.236977909446523,True,plausibility:majority,vehicle,False,,False,0.0
36.80000000000025,v4_plausibility,0.0,0,2.236977909446523,False,2.236977909446523,False,2.236977909446523,False,2.236977909446523,True,plausibility:majority,vehicle,False,,False,0.0
36.900000000000254,v4_plausibility,0.0,0,2.236977909446523,False,2.236977909446523,False,2.236977909446523,False,2.236977909446523,True,plausibility:majority,vehicle,False,,False,0.0
37.000000000000256,v4_plausibility,0.0,0,2.236977909446523,False,2.236977909446523,False,2.236977909446523,False,2.236977909446523,True,plausibility:majority,vehicle,False,,False,0.0
37.10000000000026,v4_plausibility,0.0,0,2.236977909446523,False,2.236977909446523,False,2.236977909446523,False,2.236977909446523,True,plausibility:majority,vehicle,False,,False,0.0
37.20000000000026,v4_plausibility,0.0,0,2.236977909446523,False,2.236977909446523,False,2.236977909446523,False,2.236977909446523,True,plausibility:majority,vehicle,False,,False,0.0
37.30000000000026,v4_plausibility,0.0,0,2.236977909446523,False,2.236977909446523,False,2.236977909446523,False,2.236977909446523,True,plausibility:majority,vehicle,False,,False,0.0
37.40000000000026,v4_plausibility,0.0,0,2.236977909446523,False,2.236977909446523,False,2.236977909446523,False,2.236977909446523,True,plausibility:majority,vehicle,False,,False,0.0
37.50000000000026,v4_plausibility,0.0,0,2.236977909446523,False,2.236977909446523,False,2.236977909446523,False,2.236977909446523,True,plausibility:majority,vehicle,False,,False,0.0
37.600000000000264,v4_plausibility,0.0,0,2.236977909446523,False,2.236977909446523,False,2.236977909446523,False,2.236977909446523,True,plausibility:majority,vehicle,False,,False,0.0
37.700000000000266,v4_plausibility,0.0,0,2.236977909446523,False,2.236977909446523,False,2.236977909446523,False,2.236977909446523,True,plausibility:majority,vehicle,False,,False,0.0
37.80000000000027,v4_plausibility,0.0,0,2.236977909446523,False,2.236977909446523,False,2.236977909446523,False,2.236977909446523,True,plausibility:majority,vehicle,False,,False,0.0
37.90000000000027,v4_plausibility,0.0,0,2.236977909446523,False,2.236977909446523,False,2.236977909446523,False,2.236977909446523,True,plausibility:majority,vehicle,False,,False,0.0
38.00000000000027,v4_plausibility,0.0,0,2.236977909446523,False,2.236977909446523,False,2.236977909446523,False,2.236977909446523,True,plausibility:majority,vehicle,False,,False,0.0
38.10000000000027,v4_plausibility,0.0,0,2.236977909446523,False,2.236977909446523,False,2.236977909446523,False,2.236977909446523,True,plausibility:majority,vehicle,False,,False,0.0
38.20000000000027,v4_plausibility,0.0,0,2.236977909446523,False,2.236977909446523,False,2.236977909446523,False,2.236977909446523,True,plausibility:majority,vehicle,False,,False,0.0
38.300000000000274,v4_plausibility,0.0,0,2.236977909446523,False,2.236977909446523,False,2.236977909446523,False,2.236977909446523,True,plausibility:majority,vehicle,False,,False,0.0
38.400000000000276,v4_plausibility,0.0,0,2.236977909446523,False,2.236977909446523,False,2.236977909446523,False,2.236977909446523,True,plausibility:majority,vehicle,False,,False,0.0
38.50000000000028,v4_plausibility,0.0,0,2.236977909446523,False,2.236977909446523,False,2.236977909446523,False,2.236977909446523,True,plausibility:majority,vehicle,False,,False,0.0
38.60000000000028,v4_plausibility,0.0,0,2.236977909446523,False,2.236977909446523,False,2.236977909446523,False,2.236977909446523,True,plausibility:majority,vehicle,False,,False,0.0
38.70000000000028,v4_plausibility,0.0,0,2.236977909446523,False,2.236977909446523,False,2.236977909446523,False,2.236977909446523,True,plausibility:majority,vehicle,False,,False,0.0
38.80000000000028,v4_plausibility,0.0,0,2.236977909446523,False,2.236977909446523,False,2.236977909446523,False,2.236977909446523,True,plausibility:majority,vehicle,False,,False,0.0
38.90000000000028,v4_plausibility,0.0,0,2.236977909446523,False,2.236977909446523,False,2.236977909446523,False,2.236977909446523,True,plausibility:majority,vehicle,False,,False,0.0
39.000000000000284,v4_plausibility,0.0,0,2.236977909446523,False,2.236977909446523,False,2.236977909446523,False,2.236977909446523,True,plausibility:majority,vehicle,False,,False,0.0
39.100000000000286,v4_plausibility,0.0,0,2.236977909446523,False,2.236977909446523,False,2.236977909446523,False,2.236977909446523,True,plausibility:majority,vehicle,False,,False,0.0
39.20000000000029,v4_plausibility,0.0,0,2.236977909446523,False,2.236977909446523,False,2.236977909446523,False,2.236977909446523,True,plausibility:majority,vehicle,False,,False,0.0
39.30000000000029,v4_plausibility,0.0,0,2.236977909446523,False,2.236977909446523,False,2.236977909446523,False,2.236977909446523,True,plausibility:majority,vehicle,False,,False,0.0
39.40000000000029,v4_plausibility,0.0,0,2.236977909446523,False,2.236977909446523,False,2.236977909446523,False,2.236977909446523,True,plausibility:majority,vehicle,False,,False,0.0
39.50000000000029,v4_plausibility,0.0,0,2.236977909446523,False,2.236977909446523,False,2.236977909446523,False,2.236977909446523,True,plausibility:majority,vehicle,False,,False,0.0
39.60000000000029,v4_plausibility,0.0,0,2.236977909446523,False,2.236977909446523,False,2.236977909446523,False,2.236977909446523,True,plausibility:majority,vehicle,False,,False,0.0
39.700000000000294,v4_plausibility,0.0,0,2.236977909446523,False,2.236977909446523,False,2.236977909446523,False,2.236977909446523,True,plausibility:majority,vehicle,False,,False,0.0
39.800000000000296,v4_plausibility,0.0,0,2.236977909446523,False,2.236977909446523,False,2.236977909446523,False,2.236977909446523,True,plausibility:majority,vehicle,False,,False,0.0
39.9000000000003,v4_plausibility,0.0,0,2.236977909446523,False,2.236977909446523,False,2.236977909446523,False,2.236977909446523,True,plausibility:majority,vehicle,False,,False,0.0
0.0,v5_control,28.0,0,75.5,False,75.5,False,75.5,False,75.5,True,camera,vehicle,False,,False,0.0
0.1,v5_control,28.0,0,75.5,False,75.5,False,75.5,False,75.5,True,camera,vehicle,False,,False,0.0
0.2,v5_control,28.0,0,75.5,False,75.5,False,75.5,False,75.5,True,camera,vehicle,False,,False,0.0
0.30000000000000004,v5_control,28.0,0,75.5,False,75.5,False,75.5,False,75.5,True,camera,vehicle,False,,False,0.0
0.4,v5_control,28.0,0,75.49999999999999,False,75.49999999999999,False,75.49999999999999,False,75.49999999999999,True,camera,vehicle,False,,False,0.0
0.5,v5_control,28.0,0,75.49999999999999,False,75.49999999999999,False,75.49999999999999,False,75.49999999999999,True,camera,vehicle,False,,False,0.0
0.6,v5_control,28.0,0,75.49999999999999,False,75.49999999999999,False,75.49999999999999,False,75.49999999999999,True,camera,vehicle,False,,False,0.0
0.7,v5_control,28.0,0,75.49999999999999,False,75.49999999999999,False,75.49999999999999,False,75.49999999999999,True,camera,vehicle,False,,False,0.0
0.7999999999999999,v5_control,28.0,0,75.49999999999999,False,75.49999999999999,False,75.49999999999999,False,75.49999999999999,True,camera,vehicle,False,,False,0.0
0.8999999999999999,v5_control,28.0,0,75.49999999999997,False,75.49999999999997,False,75.49999999999997,False,75.49999999999997,True,camera,vehicle,False,,False,0.0
0.9999999999999999,v5_control,28.0,0,75.49999999999997,False,75.49999999999997,False,75.49999999999997,False,75.49999999999997,True,camera,vehicle,False,,False,0.0
1.0999999999999999,v5_control,28.0,0,75.49999999999997,False,75.49999999999997,False,75.49999999999997,False,75.49999999999997,True,camera,vehicle,False,,False,0.0
1.2,v5_control,28.0,0,75.49999999999997,False,75.49999999999997,False,75.49999999999997,False,75.49999999999997,True,camera,vehicle,False,,False,0.0
1.3,v5_control,28.0,0,75.49999999999997,False,75.49999999999997,False,75.49999999999997,False,75.49999999999997,True,camera,vehicle,False,,False,0.0
1.4000000000000001,v5_control,28.0,0,75.49999999999997,False,75.49999999999997,False,75.49999999999997,False,75.49999999999997,True,camera,vehicle,False,,False,0.0
1.5000000000000002,v5_control,28.0,0,75.49999999999997,False,75.49999999999997,False,75.49999999999997,False,75.49999999999997,True,camera,vehicle,False,,False,0.0
1.6000000000000003,v5_control,28.0,0,75.49999999999996,False,75.49999999999996,False,75.49999999999996,False,75.49999999999996,True,camera,vehicle,False,,False,0.0
1.7000000000000004,v5_control,28.0,0,75.49999999999996,False,75.49999999999996,False,75.49999999999996,False,75.49999999999996,True,camera,vehicle,False,,False,0.0
1.8000000000000005,v5_control,28.0,0,75.49999999999996,False,75.49999999999996,False,75.49999999999996,False,75.49999999999996,True,camera,vehicle,False,,False,0.0
1.9000000000000006,v5_control,28.0,0,75.49999999999994,False,75.49999999999994,False,75.49999999999994,False,75.49999999999994,True,camera,vehicle,False,,False,0.0
2.0000000000000004,v5_control,28.0,0,75.49999999999994,False,75.49999999999994,False,75.49999999999994,False,75.49999999999994,True,camera,vehicle,False,,False,0.0
2.1000000000000005,v5_control,28.0,0,75.49999999999994,False,75.49999999999994,False,75.49999999999994,False,75.49999999999994,True,camera,vehicle,False,,False,0.0
2.2000000000000006,v5_control,28.0,0,75.49999999999994,False,75.49999999999994,False,75.49999999999994,False,75.49999999999994,True,camera,vehicle,False,,False,0.0
2.3000000000000007,v5_control,28.0,0,75.49999999999994,False,75.49999999999994,False,75.49999999999994,False,75.49999999999994,True,camera,vehicle,False,,False,0.0
2.400000000000001,v5_control,28.0,0,75.49999999999993,False,75.49999999999993,False,75.49999999999993,False,75.49999999999993,True,camera,vehicle,False,,False,0.0
2.500000000000001,v5_control,28.0,0,75.49999999999993,False,75.49999999999993,False,75.49999999999993,False,75.49999999999993,True,camera,vehicle,False,,False,0.0
2.600000000000001,v5_control,28.0,0,75.49999999999993,False,75.49999999999993,False,75.49999999999993,False,75.49999999999993,True,camera,vehicle,False,,False,0.0
2.700000000000001,v5_control,28.0,0,75.49999999999993,False,75.49999999999993,False,75.49999999999993,False,75.49999999999993,True,camera,vehicle,False,,False,0.0
2.800000000000001,v5_control,28.0,0,75.49999999999993,False,75.49999999999993,False,75.49999999999993,False,75.49999999999993,True,camera,vehicle,False,,False,0.0
2.9000000000000012,v5_control,28.0,0,75.49999999999993,False,75.49999999999993,False,75.49999999999993,False,75.49999999999993,True,camera,vehicle,False,,False,0.0
3.0000000000000013,v5_control,28.0,0,75.49999999999993,False,75.49999999999993,False,75.49999999999993,False,75.49999999999993,True,camera,vehicle,False,,False,0.0
3.1000000000000014,v5_control,28.0,0,75.49999999999993,False,75.49999999999993,False,75.49999999999993,False,75.49999999999993,True,camera,vehicle,False,,False,0.0
3.2000000000000015,v5_control,28.0,0,75.49999999999993,False,75.49999999999993,False,75.49999999999993,False,75.49999999999993,True,camera,vehicle,False,,False,0.0
3.3000000000000016,v5_control,28.0,0,75.49999999999993,False,75.49999999999993,False,75.49999999999993,False,75.49999999999993,True,camera,vehicle,False,,False,0.0
3.4000000000000017,v5_control,28.0,0,75.49999999999993,False,75.49999999999993,False,75.49999999999993,False,75.49999999999993,True,camera,vehicle,False,,False,0.0
3.5000000000000018,v5_control,28.0,0,75.49999999999993,False,75.49999999999993,False,75.49999999999993,False,75.49999999999993,True,camera,vehicle,False,,False,0.0
3.600000000000002,v5_control,28.0,0,75.49999999999993,False,75.49999999999993,False,75.49999999999993,False,75.49999999999993,True,camera,vehicle,False,,False,0.0
3.700000000000002,v5_control,28.0,0,75.49999999999993,False,75.49999999999993,False,75.49999999999993,False,75.49999999999993,True,camera,vehicle,False,,False,0.0
3.800000000000002,v5_control,28.0,0,75.49999999999993,False,75.49999999999993,False,75.49999999999993,False,75.49999999999993,True,camera,vehicle,False,,False,0.0
3.900000000000002,v5_control,28.0,0,75.49999999999993,False,75.49999999999993,False,75.49999999999993,False,75.49999999999993,True,camera,vehicle,False,,False,0.0
4.000000000000002,v5_control,28.0,0,75.49999999999993,False,75.49999999999993,False,75.49999999999993,False,75.49999999999993,True,camera,vehicle,False,,False,0.0
4.100000000000001,v5_control,28.0,0,75.49999999999993,False,75.49999999999993,False,75.49999999999993,False,75.49999999999993,True,camera,vehicle,False,,False,0.0
4.200000000000001,v5_control,28.0,0,75.49999999999993,False,75.49999999999993,False,75.49999999999993,False,75.49999999999993,True,camera,vehicle,False,,False,0.0
4.300000000000001,v5_control,28.0,0,75.49999999999993,False,75.49999999999993,False,75.49999999999993,False,75.49999999999993,True,camera,vehicle,False,,False,0.0
4.4,v5_control,28.0,0,75.49999999999993,False,75.49999999999993,False,75.49999999999993,False,75.49999999999993,True,camera,vehicle,False,,False,0.0
4.5,v5_control,28.0,0,75.49999999999993,False,75.49999999999993,False,75.49999999999993,False,75.49999999999993,True,camera,vehicle,False,,False,0.0
4.6,v5_control,28.0,0,75.49999999999993,False,75.49999999999993,False,75.49999999999993,False,75.49999999999993,True,camera,vehicle,False,,False,0.0
4.699999999999999,v5_control,28.0,0,75.49999999999993,False,75.49999999999993,False,75.49999999999993,False,75.49999999999993,True,camera,vehicle,False,,False,0.0
4.799999999999999,v5_control,28.0,0,75.49999999999993,False,75.49999999999993,False,75.49999999999993,False,75.49999999999993,True,camera,vehicle,False,,False,0.0
4.899999999999999,v5_control,28.0,0,75.49999999999993,False,75.49999999999993,False,75.49999999999993,False,75.49999999999993,True,camera,vehicle,False,,False,0.0
4.999999999999998,v5_control,28.0,0,75.49999999999993,False,75.49999999999993,False,75.49999999999993,False,75.49999999999993,True,camera,vehicle,False,,False,0.0
5.099999999999998,v5_control,28.0,0,75.49999999999993,False,75.49999999999993,False,75.49999999999993,False,75.49999999999993,True,camera,vehicle,False,,False,0.0
5.1999999999999975,v5_control,28.0,0,75.49999999999993,False,75.49999999999993,False,75.49999999999993,False,75.49999999999993,True,camera,vehicle,False,,False,0.0
5.299999999999997,v5_control,28.0,0,75.49999999999993,False,75.49999999999993,False,75.49999999999993,False,75.49999999999993,True,camera,vehicle,False,,False,0.0
5.399999999999997,v5_control,28.0,0,75.49999999999993,False,75.49999999999993,False,75.49999999999993,False,75.49999999999993,True,camera,vehicle,False,,False,0.0
5.4999999999999964,v5_control,28.0,0,75.49999999999993,False,75.49999999999993,False,75.49999999999993,False,75.49999999999993,True,camera,vehicle,False,,False,0.0
5.599999999999996,v5_control,28.0,0,75.49999999999993,False,75.49999999999993,False,75.49999999999993,False,75.49999999999993,True,camera,vehicle,False,,False,0.0
5.699999999999996,v5_control,28.0,0,75.49999999999993,False,75.49999999999993,False,75.49999999999993,False,75.49999999999993,True,camera,vehicle,False,,False,0.0
5.799999999999995,v5_control,28.0,0,75.49999999999993,False,75.49999999999993,False,75.49999999999993,False,75.49999999999993,True,camera,vehicle,False,,False,0.0
5.899999999999995,v5_control,28.0,0,75.49999999999993,False,75.49999999999993,False,75.49999999999993,False,75.49999999999993,True,camera,vehicle,False,,False,0.0
5.999999999999995,v5_control,28.0,0,75.49999999999993,False,75.49999999999993,False,75.49999999999993,False,75.49999999999993,True,camera,vehicle,False,,False,0.0
6.099999999999994,v5_control,28.0,0,75.49999999999993,False,75.49999999999993,False,75.49999999999993,False,75.49999999999993,True,camera,vehicle,False,,False,0.0
6.199999999999994,v5_control,28.0,0,75.49999999999993,False,75.49999999999993,False,75.49999999999993,False,75.49999999999993,True,camera,vehicle,False,,False,0.0
6.299999999999994,v5_control,28.0,0,75.49999999999993,False,75.49999999999993,False,75.49999999999993,False,75.49999999999993,True,camera,vehicle,False,,False,0.0
6.399999999999993,v5_control,28.0,0,75.49999999999993,False,75.49999999999993,False,75.49999999999993,False,75.49999999999993,True,camera,vehicle,False,,False,0.0
6.499999999999993,v5_control,28.0,0,75.49999999999993,False,75.49999999999993,False,75.49999999999993,False,75.49999999999993,True,camera,vehicle,False,,False,0.0
6.5999999999999925,v5_control,28.0,0,75.49999999999993,False,75.49999999999993,False,75.49999999999993,False,75.49999999999993,True,camera,vehicle,False,,False,0.0
6.699999999999992,v5_control,28.0,0,75.49999999999993,False,75.49999999999993,False,75.49999999999993,False,75.49999999999993,True,camera,vehicle,False,,False,0.0
6.799999999999992,v5_control,28.0,0,75.49999999999993,False,75.49999999999993,False,75.49999999999993,False,75.49999999999993,True,camera,vehicle,False,,False,0.0
6.8999999999999915,v5_control,28.0,0,75.49999999999993,False,75.49999999999993,False,75.49999999999993,False,75.49999999999993,True,camera,vehicle,False,,False,0.0
6.999999999999991,v5_control,28.0,0,75.49999999999993,False,75.49999999999993,False,75.49999999999993,False,75.49999999999993,True,camera,vehicle,False,,False,0.0
7.099999999999991,v5_control,28.0,0,75.49999999999993,False,75.49999999999993,False,75.49999999999993,False,75.49999999999993,True,camera,vehicle,False,,False,0.0
7.19999999999999,v5_control,28.0,0,75.49999999999993,False,75.49999999999993,False,75.49999999999993,False,75.49999999999993,True,camera,vehicle,False,,False,0.0
7.29999999999999,v5_control,28.0,0,75.49999999999993,False,75.49999999999993,False,75.49999999999993,False,75.49999999999993,True,camera,vehicle,False,,False,0.0
7.39999999999999,v5_control,28.0,0,75.49999999999993,False,75.49999999999993,False,75.49999999999993,False,75.49999999999993,True,camera,vehicle,False,,False,0.0
7.499999999999989,v5_control,28.0,0,75.49999999999993,False,75.49999999999993,False,75.49999999999993,False,75.49999999999993,True,camera,vehicle,False,,False,0.0
7.599999999999989,v5_control,28.0,0,75.49999999999993,False,75.49999999999993,False,75.49999999999993,False,75.49999999999993,True,camera,vehicle,False,,False,0.0
7.699999999999989,v5_control,28.0,0,75.49999999999993,False,75.49999999999993,False,75.49999999999993,False,75.49999999999993,True,camera,vehicle,False,,False,0.0
7.799999999999988,v5_control,28.0,0,75.49999999999993,False,75.49999999999993,False,75.49999999999993,False,75.49999999999993,True,camera,vehicle,False,,False,0.0
7.899999999999988,v5_control,28.0,0,75.49999999999993,False,75.49999999999993,False,75.49999999999993,False,75.49999999999993,True,camera,vehicle,False,,False,0.0
7.999999999999988,v5_control,28.0,0,75.49999999999993,False,75.49999999999993,False,75.49999999999993,False,75.49999999999993,True,camera,vehicle,False,,False,0.0
8.099999999999987,v5_control,28.0,0,75.49999999999993,False,75.49999999999993,False,75.49999999999993,False,75.49999999999993,True,camera,vehicle,False,,False,0.0
8.199999999999987,v5_control,28.0,0,75.49999999999993,False,75.49999999999993,False,75.49999999999993,False,75.49999999999993,True,camera,vehicle,False,,False,0.0
8.299999999999986,v5_control,28.0,0,75.49999999999993,False,75.49999999999993,False,75.49999999999993,False,75.49999999999993,True,camera,vehicle,False,,False,0.0
8.399999999999986,v5_control,28.0,0,75.49999999999993,False,75.49999999999993,False,75.49999999999993,False,75.49999999999993,True,camera,vehicle,False,,False,0.0
8.499999999999986,v5_control,28.0,0,75.49999999999993,False,75.49999999999993,False,75.49999999999993,False,75.49999999999993,True,camera,vehicle,False,,False,0.0
8.599999999999985,v5_control,28.0,0,75.49999999999993,False,75.49999999999993,False,75.49999999999993,False,75.49999999999993,True,camera,vehicle,False,,False,0.0
8.699999999999985,v5_control,28.0,0,75.49999999999993,False,75.49999999999993,False,75.49999999999993,False,75.49999999999993,True,camera,vehicle,False,,False,0.0
8.799999999999985,v5_control,28.0,0,75.49999999999993,False,75.49999999999993,False,75.49999999999993,False,75.49999999999993,True,camera,vehicle,False,,False,0.0
8.899999999999984,v5_control,28.0,0,75.49999999999993,False,75.49999999999993,False,75.49999999999993,False,75.49999999999993,True,camera,vehicle,False,,False,0.0
8.999999999999984,v5_control,28.0,0,75.49999999999993,False,75.49999999999993,False,75.49999999999993,False,75.49999999999993,True,camera,vehicle,False,,False,0.0
9.099999999999984,v5_control,28.0,0,75.49999999999993,False,75.49999999999993,False,75.49999999999993,False,75.49999999999993,True,camera,vehicle,False,,False,0.0
9.199999999999983,v5_control,28.0,0,75.49999999999993,False,75.49999999999993,False,75.49999999999993,False,75.49999999999993,True,camera,vehicle,False,,False,0.0
9.299999999999983,v5_control,28.0,0,75.49999999999993,False,75.49999999999993,False,75.49999999999993,False,75.49999999999993,True,camera,vehicle,False,,False,0.0
9.399999999999983,v5_control,28.0,0,75.49999999999993,False,75.49999999999993,False,75.49999999999993,False,75.49999999999993,True,camera,vehicle,False,,False,0.0
9.499999999999982,v5_control,28.0,0,75.49999999999993,False,75.49999999999993,False,75.49999999999993,False,75.49999999999993,True,camera,vehicle,False,,False,0.0
9.599999999999982,v5_control,28.0,0,75.49999999999993,False,75.49999999999993,False,75.49999999999993,False,75.49999999999993,True,camera,vehicle,False,,False,0.0
9.699999999999982,v5_control,28.0,0,75.49999999999993,False,75.49999999999993,False,75.49999999999993,False,75.49999999999993,True,camera,vehicle,False,,False,0.0
9.799999999999981,v5_control,28.0,0,75.49999999999993,False,75.49999999999993,False,75.49999999999993,False,75.49999999999993,True,camera,vehicle,False,,False,0.0
9.89999999999998,v5_control,28.0,0,75.49999999999993,False,75.49999999999993,False,75.49999999999993,False,75.49999999999993,True,camera,vehicle,False,,False,0.0
9.99999999999998,v5_control,28.0,0,75.49999999999993,False,75.49999999999993,False,75.49999999999993,False,75.49999999999993,True,camera,vehicle,False,,False,0.0
10.09999999999998,v5_control,28.0,0,75.49999999999993,False,75.49999999999993,False,75.49999999999993,False,75.49999999999993,True,camera,vehicle,False,,False,0.0
10.19999999999998,v5_control,28.0,0,75.49999999999993,False,75.49999999999993,False,75.49999999999993,False,75.49999999999993,True,camera,vehicle,False,,False,0.0
10.29999999999998,v5_control,28.0,0,75.49999999999991,False,75.49999999999991,False,75.49999999999991,False,75.49999999999991,True,camera,vehicle,False,,False,0.0
10.399999999999979,v5_control,28.0,0,75.49999999999991,False,75.49999999999991,False,75.49999999999991,False,75.49999999999991,True,camera,vehicle,False,,False,0.0
10.499999999999979,v5_control,28.0,0,75.49999999999991,False,75.49999999999991,False,75.49999999999991,False,75.49999999999991,True,camera,vehicle,False,,False,0.0
10.599999999999978,v5_control,28.0,0,75.49999999999991,False,75.49999999999991,False,75.49999999999991,False,75.49999999999991,True,camera,vehicle,False,,False,0.0
10.699999999999978,v5_control,28.0,0,75.49999999999991,False,75.49999999999991,False,75.49999999999991,False,75.49999999999991,True,camera,vehicle,False,,False,0.0
10.799999999999978,v5_control,28.0,0,75.49999999999991,False,75.49999999999991,False,75.49999999999991,False,75.49999999999991,True,camera,vehicle,False,,False,0.0
10.899999999999977,v5_control,28.0,0,75.49999999999991,False,75.49999999999991,False,75.49999999999991,False,75.49999999999991,True,camera,vehicle,False,,False,0.0
10.999999999999977,v5_control,28.0,0,75.49999999999991,False,75.49999999999991,False,75.49999999999991,False,75.49999999999991,True,camera,vehicle,False,,False,0.0
11.099999999999977,v5_control,28.0,0,75.49999999999991,False,75.49999999999991,False,75.49999999999991,False,75.49999999999991,True,camera,vehicle,False,,False,0.0
11.199999999999976,v5_control,28.0,0,75.49999999999991,False,75.49999999999991,False,75.49999999999991,False,75.49999999999991,True,camera,vehicle,False,,False,0.0
11.299999999999976,v5_control,28.0,0,75.49999999999991,False,75.49999999999991,False,75.49999999999991,False,75.49999999999991,True,camera,vehicle,False,,False,0.0
11.399999999999975,v5_control,28.0,0,75.49999999999991,False,75.49999999999991,False,75.49999999999991,False,75.49999999999991,True,camera,vehicle,False,,False,0.0
11.499999999999975,v5_control,28.0,0,75.49999999999991,False,75.49999999999991,False,75.49999999999991,False,75.49999999999991,True,camera,vehicle,False,,False,0.0
11.599999999999975,v5_control,28.0,0,75.49999999999991,False,75.49999999999991,False,75.49999999999991,False,75.49999999999991,True,camera,vehicle,False,,False,0.0
11.699999999999974,v5_control,28.0,0,75.49999999999991,False,75.49999999999991,False,75.49999999999991,False,75.49999999999991,True,camera,vehicle,False,,False,0.0
11.799999999999974,v5_control,28.0,0,75.49999999999991,False,75.49999999999991,False,75.49999999999991,False,75.49999999999991,True,camera,vehicle,False,,False,0.0
11.899999999999974,v5_control,28.0,0,75.49999999999991,False,75.49999999999991,False,75.49999999999991,False,75.49999999999991,True,camera,vehicle,False,,False,0.0
11.999999999999973,v5_control,28.0,0,75.49999999999991,False,75.49999999999991,False,75.49999999999991,False,75.49999999999991,True,camera,vehicle,False,,False,0.0
12.099999999999973,v5_control,28.0,0,75.49999999999991,False,75.49999999999991,False,75.49999999999991,False,75.49999999999991,True,camera,vehicle,False,,False,0.0
12.199999999999973,v5_control,28.0,0,75.49999999999991,False,75.49999999999991,False,75.49999999999991,False,75.49999999999991,True,camera,vehicle,False,,False,0.0
12.299999999999972,v5_control,28.0,0,75.49999999999991,False,75.49999999999991,False,75.49999999999991,False,75.49999999999991,True,camera,vehicle,False,,False,0.0
12.399999999999972,v5_control,28.0,0,75.49999999999991,False,75.49999999999991,False,75.49999999999991,False,75.49999999999991,True,camera,vehicle,False,,False,0.0
12.499999999999972,v5_control,28.0,0,75.49999999999991,False,75.49999999999991,False,75.49999999999991,False,75.49999999999991,True,camera,vehicle,False,,False,0.0
12.599999999999971,v5_control,28.0,0,75.49999999999991,False,75.49999999999991,False,75.49999999999991,False,75.49999999999991,True,camera,vehicle,False,,False,0.0
12.69999999999997,v5_control,28.0,0,75.49999999999991,False,75.49999999999991,False,75.49999999999991,False,75.49999999999991,True,camera,vehicle,False,,False,0.0
12.79999999999997,v5_control,28.0,0,75.49999999999991,False,75.49999999999991,False,75.49999999999991,False,75.49999999999991,True,camera,vehicle,False,,False,0.0
12.89999999999997,v5_control,28.0,0,75.49999999999991,False,75.49999999999991,False,75.49999999999991,False,75.49999999999991,True,camera,vehicle,False,,False,0.0
12.99999999999997,v5_control,28.0,0,75.49999999999991,False,75.49999999999991,False,75.49999999999991,False,75.49999999999991,True,camera,vehicle,False,,False,0.0
13.09999999999997,v5_control,28.0,0,75.49999999999991,False,75.49999999999991,False,75.49999999999991,False,75.49999999999991,True,camera,vehicle,False,,False,0.0
13.199999999999969,v5_control,28.0,0,75.49999999999991,False,75.49999999999991,False,75.49999999999991,False,75.49999999999991,True,camera,vehicle,False,,False,0.0
13.299999999999969,v5_control,28.0,0,75.49999999999991,False,75.49999999999991,False,75.49999999999991,False,75.49999999999991,True,camera,vehicle,False,,False,0.0
13.399999999999968,v5_control,28.0,0,75.49999999999991,False,75.49999999999991,False,75.49999999999991,False,75.49999999999991,True,camera,vehicle,False,,False,0.0
13.499999999999968,v5_control,28.0,0,75.49999999999991,False,75.49999999999991,False,75.49999999999991,False,75.49999999999991,True,camera,vehicle,False,,False,0.0
13.599999999999968,v5_control,28.0,0,75.49999999999991,False,75.49999999999991,False,75.49999999999991,False,75.49999999999991,True,camera,vehicle,False,,False,0.0
13.699999999999967,v5_control,28.0,0,75.49999999999991,False,75.49999999999991,False,75.49999999999991,False,75.49999999999991,True,camera,vehicle,False,,False,0.0
13.799999999999967,v5_control,28.0,0,75.49999999999991,False,75.49999999999991,False,75.49999999999991,False,75.49999999999991,True,camera,vehicle,False,,False,0.0
13.899999999999967,v5_control,28.0,0,75.49999999999991,False,75.49999999999991,False,75.49999999999991,False,75.49999999999991,True,camera,vehicle,False,,False,0.0
13.999999999999966,v5_control,28.0,0,75.49999999999991,False,75.49999999999991,False,75.49999999999991,False,75.49999999999991,True,camera,vehicle,False,,False,0.0
14.099999999999966,v5_control,28.0,0,75.49999999999991,False,75.49999999999991,False,75.49999999999991,False,75.49999999999991,True,camera,vehicle,False,,False,0.0
14.199999999999966,v5_control,28.0,0,75.49999999999991,False,75.49999999999991,False,75.49999999999991,False,75.49999999999991,True,camera,vehicle,False,,False,0.0
14.299999999999965,v5_control,28.0,0,75.49999999999991,False,75.49999999999991,False,75.49999999999991,False,75.49999999999991,True,camera,vehicle,False,,False,0.0
14.399999999999965,v5_control,28.0,0,75.49999999999991,False,75.49999999999991,False,75.49999999999991,False,75.49999999999991,True,camera,vehicle,False,,False,0.0
14.499999999999964,v5_control,28.0,0,75.49999999999991,False,75.49999999999991,False,75.49999999999991,False,75.49999999999991,True,camera,vehicle,False,,False,0.0
14.599999999999964,v5_control,28.0,0,75.49999999999991,False,75.49999999999991,False,75.49999999999991,False,75.49999999999991,True,camera,vehicle,False,,False,0.0
14.699999999999964,v5_control,28.0,0,75.49999999999991,False,75.49999999999991,False,75.49999999999991,False,75.49999999999991,True,camera,vehicle,False,,False,0.0
14.799999999999963,v5_control,28.0,0,75.49999999999991,False,75.49999999999991,False,75.49999999999991,False,75.49999999999991,True,camera,vehicle,False,,False,0.0
14.899999999999963,v5_control,28.0,0,75.49999999999991,False,75.49999999999991,False,75.49999999999991,False,75.49999999999991,True,camera,vehicle,False,,False,0.0
14.999999999999963,v5_control,28.0,0,75.49999999999991,False,75.49999999999991,False,75.49999999999991,False,75.49999999999991,True,camera,vehicle,False,,False,0.0
15.099999999999962,v5_control,28.0,0,75.49999999999991,False,75.49999999999991,False,75.49999999999991,False,75.49999999999991,True,camera,vehicle,False,,False,0.0
15.199999999999962,v5_control,28.0,0,75.49999999999991,False,75.49999999999991,False,75.49999999999991,False,75.49999999999991,True,camera,vehicle,False,,False,0.0
15.299999999999962,v5_control,28.0,0,75.49999999999991,False,75.49999999999991,False,75.49999999999991,False,75.49999999999991,True,camera,vehicle,False,,False,0.0
15.399999999999961,v5_control,28.0,0,75.49999999999991,False,75.49999999999991,False,75.49999999999991,False,75.49999999999991,True,camera,vehicle,False,,False,0.0
15.499999999999961,v5_control,28.0,0,75.49999999999991,False,75.49999999999991,False,75.49999999999991,False,75.49999999999991,True,camera,vehicle,False,,False,0.0
15.59999999999996,v5_control,28.0,0,75.49999999999991,False,75.49999999999991,False,75.49999999999991,False,75.49999999999991,True,camera,vehicle,False,,False,0.0
15.69999999999996,v5_control,28.0,0,75.49999999999991,False,75.49999999999991,False,75.49999999999991,False,75.49999999999991,True,camera,vehicle,False,,False,0.0
15.79999999999996,v5_control,28.0,0,75.49999999999991,False,75.49999999999991,False,75.49999999999991,False,75.49999999999991,True,camera,vehicle,False,,False,0.0
15.89999999999996,v5_control,28.0,0,75.49999999999991,False,75.49999999999991,False,75.49999999999991,False,75.49999999999991,True,camera,vehicle,False,,False,0.0
15.99999999999996,v5_control,28.0,0,75.49999999999991,False,75.49999999999991,False,75.49999999999991,False,75.49999999999991,True,camera,vehicle,False,,False,0.0
16.09999999999996,v5_control,28.0,0,75.49999999999991,False,75.49999999999991,False,75.49999999999991,False,75.49999999999991,True,camera,vehicle,False,,False,0.0
16.19999999999996,v5_control,28.0,0,75.49999999999991,False,75.49999999999991,False,75.49999999999991,False,75.49999999999991,True,camera,vehicle,False,,False,0.0
16.29999999999996,v5_control,28.0,0,75.49999999999991,False,75.49999999999991,False,75.49999999999991,False,75.49999999999991,True,camera,vehicle,False,,False,0.0
16.399999999999963,v5_control,28.0,0,75.49999999999991,False,75.49999999999991,False,75.49999999999991,False,75.49999999999991,True,camera,vehicle,False,,False,0.0
16.499999999999964,v5_control,28.0,0,75.49999999999991,False,75.49999999999991,False,75.49999999999991,False,75.49999999999991,True,camera,vehicle,False,,False,0.0
16.599999999999966,v5_control,28.0,0,75.49999999999991,False,75.49999999999991,False,75.49999999999991,False,75.49999999999991,True,camera,vehicle,False,,False,0.0
16.699999999999967,v5_control,28.0,0,75.49999999999991,False,75.49999999999991,False,75.49999999999991,False,75.49999999999991,True,camera,vehicle,False,,False,0.0
16.79999999999997,v5_control,28.0,0,75.49999999999991,False,75.49999999999991,False,75.49999999999991,False,75.49999999999991,True,camera,vehicle,False,,False,0.0
16.89999999999997,v5_control,28.0,0,75.49999999999991,False,75.49999999999991,False,75.49999999999991,False,75.49999999999991,True,camera,vehicle,False,,False,0.0
16.99999999999997,v5_control,28.0,0,75.49999999999991,False,75.49999999999991,False,75.49999999999991,False,75.49999999999991,True,camera,vehicle,False,,False,0.0
17.099999999999973,v5_control,28.0,0,75.49999999999991,False,75.49999999999991,False,75.49999999999991,False,75.49999999999991,True,camera,vehicle,False,,False,0.0
17.199999999999974,v5_control,28.0,0,75.49999999999991,False,75.49999999999991,False,75.49999999999991,False,75.49999999999991,True,camera,vehicle,False,,False,0.0
17.299999999999976,v5_control,28.0,0,75.49999999999991,False,75.49999999999991,False,75.49999999999991,False,75.49999999999991,True,camera,vehicle,False,,False,0.0
17.399999999999977,v5_control,28.0,0,75.49999999999991,False,75.49999999999991,False,75.49999999999991,False,75.49999999999991,True,camera,vehicle,False,,False,0.0
17.49999999999998,v5_control,28.0,0,75.49999999999991,False,75.49999999999991,False,75.49999999999991,False,75.49999999999991,True,camera,vehicle,False,,False,0.0
17.59999999999998,v5_control,28.0,0,75.49999999999991,False,75.49999999999991,False,75.49999999999991,False,75.49999999999991,True,camera,vehicle,False,,False,0.0
17.69999999999998,v5_control,28.0,0,75.49999999999991,False,75.49999999999991,False,75.49999999999991,False,75.49999999999991,True,camera,vehicle,False,,False,0.0
17.799999999999983,v5_control,28.0,0,75.49999999999991,False,75.49999999999991,False,75.49999999999991,False,75.49999999999991,True,camera,vehicle,False,,False,0.0
17.899999999999984,v5_control,28.0,0,75.49999999999991,False,75.49999999999991,False,75.49999999999991,False,75.49999999999991,True,camera,vehicle,False,,False,0.0
17.999999999999986,v5_control,28.0,0,75.49999999999991,False,75.49999999999991,False,75.49999999999991,False,75.49999999999991,True,camera,vehicle,False,,False,0.0
18.099999999999987,v5_control,28.0,0,75.49999999999991,False,75.49999999999991,False,75.49999999999991,False,75.49999999999991,True,camera,vehicle,False,,False,0.0
18.19999999999999,v5_control,28.0,0,75.49999999999991,False,75.49999999999991,False,75.49999999999991,False,75.49999999999991,True,camera,vehicle,False,,False,0.0
18.29999999999999,v5_control,28.0,0,75.49999999999991,False,75.49999999999991,False,75.49999999999991,False,75.49999999999991,True,camera,vehicle,False,,False,0.0
18.39999999999999,v5_control,28.0,0,75.49999999999991,False,75.49999999999991,False,75.49999999999991,False,75.49999999999991,True,camera,vehicle,False,,False,0.0
18.499999999999993,v5_control,28.0,0,75.49999999999991,False,75.49999999999991,False,75.49999999999991,False,75.49999999999991,True,camera,vehicle,False,,False,0.0
18.599999999999994,v5_control,28.0,0,75.49999999999991,False,75.49999999999991,False,75.49999999999991,False,75.49999999999991,True,camera,vehicle,False,,False,0.0
18.699999999999996,v5_control,28.0,0,75.49999999999991,False,75.49999999999991,False,75.49999999999991,False,75.49999999999991,True,camera,vehicle,False,,False,0.0
18.799999999999997,v5_control,28.0,0,75.49999999999991,False,75.49999999999991,False,75.49999999999991,False,75.49999999999991,True,camera,vehicle,False,,False,0.0
18.9,v5_control,28.0,0,75.49999999999991,False,75.49999999999991,False,75.49999999999991,False,75.49999999999991,True,camera,vehicle,False,,False,0.0
19.0,v5_control,28.0,0,75.49999999999991,False,75.49999999999991,False,75.49999999999991,False,75.49999999999991,True,camera,vehicle,False,,False,0.0
19.1,v5_control,28.0,0,75.49999999999991,False,75.49999999999991,False,75.49999999999991,False,75.49999999999991,True,camera,vehicle,False,,False,0.0
19.200000000000003,v5_control,28.0,0,75.49999999999991,False,75.49999999999991,False,75.49999999999991,False,75.49999999999991,True,camera,vehicle,False,,False,0.0
19.300000000000004,v5_control,28.0,0,75.49999999999991,False,75.49999999999991,False,75.49999999999991,False,75.49999999999991,True,camera,vehicle,False,,False,0.0
19.400000000000006,v5_control,28.0,0,75.49999999999991,False,75.49999999999991,False,75.49999999999991,False,75.49999999999991,True,camera,vehicle,False,,False,0.0
19.500000000000007,v5_control,28.0,0,75.49999999999991,False,75.49999999999991,False,75.49999999999991,False,75.49999999999991,True,camera,vehicle,False,,False,0.0
19.60000000000001,v5_control,28.0,0,75.49999999999991,False,75.49999999999991,False,75.49999999999991,False,75.49999999999991,True,camera,vehicle,False,,False,0.0
19.70000000000001,v5_control,28.0,0,75.49999999999991,False,75.49999999999991,False,75.49999999999991,False,75.49999999999991,True,camera,vehicle,False,,False,0.0
19.80000000000001,v5_control,28.0,0,75.49999999999991,False,75.49999999999991,False,75.49999999999991,False,75.49999999999991,True,camera,vehicle,False,,False,0.0
19.900000000000013,v5_control,28.0,0,75.49999999999991,False,75.49999999999991,False,75.49999999999991,False,75.49999999999991,True,camera,vehicle,False,,False,0.0
20.000000000000014,v5_control,28.0,0,75.49999999999991,False,75.49999999999991,False,75.49999999999991,False,75.49999999999991,True,camera,vehicle,False,,False,0.0
20.100000000000016,v5_control,28.0,0,75.49999999999991,False,75.49999999999991,False,75.49999999999991,False,75.49999999999991,True,camera,vehicle,False,,False,0.0
20.200000000000017,v5_control,28.0,0,75.49999999999991,False,75.49999999999991,False,75.49999999999991,False,75.49999999999991,True,camera,vehicle,False,,False,0.0
20.30000000000002,v5_control,28.0,0,75.49999999999991,False,75.49999999999991,False,75.49999999999991,False,75.49999999999991,True,camera,vehicle,False,,False,0.0
20.40000000000002,v5_control,28.0,0,75.49999999999991,False,75.49999999999991,False,75.49999999999991,False,75.49999999999991,True,camera,vehicle,False,,False,0.0
20.50000000000002,v5_control,28.0,0,75.49999999999989,False,75.49999999999989,False,75.49999999999989,False,75.49999999999989,True,camera,vehicle,False,,False,0.0
20.600000000000023,v5_control,28.0,0,75.49999999999989,False,75.49999999999989,False,75.49999999999989,False,75.49999999999989,True,camera,vehicle,False,,False,0.0
20.700000000000024,v5_control,28.0,0,75.49999999999989,False,75.49999999999989,False,75.49999999999989,False,75.49999999999989,True,camera,vehicle,False,,False,0.0
20.800000000000026,v5_control,28.0,0,75.49999999999989,False,75.49999999999989,False,75.49999999999989,False,75.49999999999989,True,camera,vehicle,False,,False,0.0
20.900000000000027,v5_control,28.0,0,75.49999999999989,False,75.49999999999989,False,75.49999999999989,False,75.49999999999989,True,camera,vehicle,False,,False,0.0
21.00000000000003,v5_control,28.0,0,75.49999999999989,False,75.49999999999989,False,75.49999999999989,False,75.49999999999989,True,camera,vehicle,False,,False,0.0
21.10000000000003,v5_control,28.0,0,75.49999999999989,False,75.49999999999989,False,75.49999999999989,False,75.49999999999989,True,camera,vehicle,False,,False,0.0
21.20000000000003,v5_control,28.0,0,75.49999999999989,False,75.49999999999989,False,75.49999999999989,False,75.49999999999989,True,camera,vehicle,False,,False,0.0
21.300000000000033,v5_control,28.0,0,75.49999999999989,False,75.49999999999989,False,75.49999999999989,False,75.49999999999989,True,camera,vehicle,False,,False,0.0
21.400000000000034,v5_control,28.0,0,75.49999999999989,False,75.49999999999989,False,75.49999999999989,False,75.49999999999989,True,camera,vehicle,False,,False,0.0
21.500000000000036,v5_control,28.0,0,75.49999999999989,False,75.49999999999989,False,75.49999999999989,False,75.49999999999989,True,camera,vehicle,False,,False,0.0
21.600000000000037,v5_control,28.0,0,75.49999999999989,False,75.49999999999989,False,75.49999999999989,False,75.49999999999989,True,camera,vehicle,False,,False,0.0
21.70000000000004,v5_control,28.0,0,75.49999999999989,False,75.49999999999989,False,75.49999999999989,False,75.49999999999989,True,camera,vehicle,False,,False,0.0
21.80000000000004,v5_control,28.0,0,75.49999999999989,False,75.49999999999989,False,75.49999999999989,False,75.49999999999989,True,camera,vehicle,False,,False,0.0
21.90000000000004,v5_control,28.0,0,75.49999999999989,False,75.49999999999989,False,75.49999999999989,False,75.49999999999989,True,camera,vehicle,False,,False,0.0
22.000000000000043,v5_control,28.0,0,75.49999999999989,False,75.49999999999989,False,75.49999999999989,False,75.49999999999989,True,camera,vehicle,False,,False,0.0
22.100000000000044,v5_control,28.0,0,75.49999999999989,False,75.49999999999989,False,75.49999999999989,False,75.49999999999989,True,camera,vehicle,False,,False,0.0
22.200000000000045,v5_control,28.0,0,75.49999999999989,False,75.49999999999989,False,75.49999999999989,False,75.49999999999989,True,camera,vehicle,False,,False,0.0
22.300000000000047,v5_control,28.0,0,75.49999999999989,False,75.49999999999989,False,75.49999999999989,False,75.49999999999989,True,camera,vehicle,False,,False,0.0
22.40000000000005,v5_control,28.0,0,75.49999999999989,False,75.49999999999989,False,75.49999999999989,False,75.49999999999989,True,camera,vehicle,False,,False,0.0
22.50000000000005,v5_control,28.0,0,75.49999999999989,False,75.49999999999989,False,75.49999999999989,False,75.49999999999989,True,camera,vehicle,False,,False,0.0
22.60000000000005,v5_control,28.0,0,75.49999999999989,False,75.49999999999989,False,75.49999999999989,False,75.49999999999989,True,camera,vehicle,False,,False,0.0
22.700000000000053,v5_control,28.0,0,75.49999999999989,False,75.49999999999989,False,75.49999999999989,False,75.49999999999989,True,camera,vehicle,False,,False,0.0
22.800000000000054,v5_control,28.0,0,75.49999999999989,False,75.49999999999989,False,75.49999999999989,False,75.49999999999989,True,camera,vehicle,False,,False,0.0
22.900000000000055,v5_control,28.0,0,75.49999999999989,False,75.49999999999989,False,75.49999999999989,False,75.49999999999989,True,camera,vehicle,False,,False,0.0
23.000000000000057,v5_control,28.0,0,75.49999999999989,False,75.49999999999989,False,75.49999999999989,False,75.49999999999989,True,camera,vehicle,False,,False,0.0
23.10000000000006,v5_control,28.0,0,75.49999999999989,False,75.49999999999989,False,75.49999999999989,False,75.49999999999989,True,camera,vehicle,False,,False,0.0
23.20000000000006,v5_control,28.0,0,75.49999999999989,False,75.49999999999989,False,75.49999999999989,False,75.49999999999989,True,camera,vehicle,False,,False,0.0
23.30000000000006,v5_control,28.0,0,75.49999999999989,False,75.49999999999989,False,75.49999999999989,False,75.49999999999989,True,camera,vehicle,False,,False,0.0
23.400000000000063,v5_control,28.0,0,75.49999999999989,False,75.49999999999989,False,75.49999999999989,False,75.49999999999989,True,camera,vehicle,False,,False,0.0
23.500000000000064,v5_control,28.0,0,75.49999999999989,False,75.49999999999989,False,75.49999999999989,False,75.49999999999989,True,camera,vehicle,False,,False,0.0
23.600000000000065,v5_control,28.0,0,75.49999999999989,False,75.49999999999989,False,75.49999999999989,False,75.49999999999989,True,camera,vehicle,False,,False,0.0
23.700000000000067,v5_control,28.0,0,75.49999999999989,False,75.49999999999989,False,75.49999999999989,False,75.49999999999989,True,camera,vehicle,False,,False,0.0
23.800000000000068,v5_control,28.0,0,75.49999999999989,False,75.49999999999989,False,75.49999999999989,False,75.49999999999989,True,camera,vehicle,False,,False,0.0
23.90000000000007,v5_control,28.0,0,75.49999999999989,False,75.49999999999989,False,75.49999999999989,False,75.49999999999989,True,camera,vehicle,False,,False,0.0
24.00000000000007,v5_control,28.0,0,75.49999999999989,False,75.49999999999989,False,75.49999999999989,False,75.49999999999989,True,camera,vehicle,False,,False,0.0
24.100000000000072,v5_control,28.0,0,75.49999999999989,False,75.49999999999989,False,75.49999999999989,False,75.49999999999989,True,camera,vehicle,False,,False,0.0
24.200000000000074,v5_control,28.0,0,75.49999999999989,False,75.49999999999989,False,75.49999999999989,False,75.49999999999989,True,camera,vehicle,False,,False,0.0
24.300000000000075,v5_control,28.0,0,75.49999999999989,False,75.49999999999989,False,75.49999999999989,False,75.49999999999989,True,camera,vehicle,False,,False,0.0
24.400000000000077,v5_control,28.0,0,75.49999999999989,False,75.49999999999989,False,75.49999999999989,False,75.49999999999989,True,camera,vehicle,False,,False,0.0
24.500000000000078,v5_control,28.0,0,75.49999999999989,False,75.49999999999989,False,75.49999999999989,False,75.49999999999989,True,camera,vehicle,False,,False,0.0
24.60000000000008,v5_control,28.0,0,75.49999999999989,False,75.49999999999989,False,75.49999999999989,False,75.49999999999989,True,camera,vehicle,False,,False,0.0
24.70000000000008,v5_control,28.0,0,75.49999999999989,False,75.49999999999989,False,75.49999999999989,False,75.49999999999989,True,camera,vehicle,False,,False,0.0
24.800000000000082,v5_control,28.0,0,75.49999999999989,False,75.49999999999989,False,75.49999999999989,False,75.49999999999989,True,camera,vehicle,False,,False,0.0
24.900000000000084,v5_control,28.0,0,75.49999999999989,False,75.49999999999989,False,75.49999999999989,False,75.49999999999989,True,camera,vehicle,False,,False,0.0
25.000000000000085,v5_control,28.0,0,75.49999999999989,False,75.49999999999989,False,75.49999999999989,False,75.49999999999989,True,camera,vehicle,False,,False,0.0
25.100000000000087,v5_control,28.0,0,75.49999999999989,False,75.49999999999989,False,75.49999999999989,False,75.49999999999989,True,camera,vehicle,False,,False,0.0
25.200000000000088,v5_control,28.0,0,75.49999999999989,False,75.49999999999989,False,75.49999999999989,False,75.49999999999989,True,camera,vehicle,False,,False,0.0
25.30000000000009,v5_control,28.0,0,75.49999999999989,False,75.49999999999989,False,75.49999999999989,False,75.49999999999989,True,camera,vehicle,False,,False,0.0
25.40000000000009,v5_control,28.0,0,75.49999999999989,False,75.49999999999989,False,75.49999999999989,False,75.49999999999989,True,camera,vehicle,False,,False,0.0
25.500000000000092,v5_control,28.0,0,75.49999999999989,False,75.49999999999989,False,75.49999999999989,False,75.49999999999989,True,camera,vehicle,False,,False,0.0
25.600000000000094,v5_control,28.0,0,75.49999999999989,False,75.49999999999989,False,75.49999999999989,False,75.49999999999989,True,camera,vehicle,False,,False,0.0
25.700000000000095,v5_control,28.0,0,75.49999999999989,False,75.49999999999989,False,75.49999999999989,False,75.49999999999989,True,camera,vehicle,False,,False,0.0
25.800000000000097,v5_control,28.0,0,75.49999999999989,False,75.49999999999989,False,75.49999999999989,False,75.49999999999989,True,camera,vehicle,False,,False,0.0
25.900000000000098,v5_control,28.0,0,75.49999999999989,False,75.49999999999989,False,75.49999999999989,False,75.49999999999989,True,camera,vehicle,False,,False,0.0
26.0000000000001,v5_control,28.0,0,75.49999999999989,False,75.49999999999989,False,75.49999999999989,False,75.49999999999989,True,camera,vehicle,False,,False,0.0
26.1000000000001,v5_control,28.0,0,75.49999999999989,False,75.49999999999989,False,75.49999999999989,False,75.49999999999989,True,camera,vehicle,False,,False,0.0
26.200000000000102,v5_control,28.0,0,75.49999999999989,False,75.49999999999989,False,75.49999999999989,False,75.49999999999989,True,camera,vehicle,False,,False,0.0
26.300000000000104,v5_control,28.0,0,75.49999999999989,False,75.49999999999989,False,75.49999999999989,False,75.49999999999989,True,camera,vehicle,False,,False,0.0
26.400000000000105,v5_control,28.0,0,75.49999999999989,False,75.49999999999989,False,75.49999999999989,False,75.49999999999989,True,camera,vehicle,False,,False,0.0
26.500000000000107,v5_control,28.0,0,75.49999999999989,False,75.49999999999989,False,75.49999999999989,False,75.49999999999989,True,camera,vehicle,False,,False,0.0
26.600000000000108,v5_control,28.0,0,75.49999999999989,False,75.49999999999989,False,75.49999999999989,False,75.49999999999989,True,camera,vehicle,False,,False,0.0
26.70000000000011,v5_control,28.0,0,75.49999999999989,False,75.49999999999989,False,75.49999999999989,False,75.49999999999989,True,camera,vehicle,False,,False,0.0
26.80000000000011,v5_control,28.0,0,75.49999999999989,False,75.49999999999989,False,75.49999999999989,False,75.49999999999989,True,camera,vehicle,False,,False,0.0
26.900000000000112,v5_control,28.0,0,75.49999999999989,False,75.49999999999989,False,75.49999999999989,False,75.49999999999989,True,camera,vehicle,False,,False,0.0
27.000000000000114,v5_control,28.0,0,75.49999999999989,False,75.49999999999989,False,75.49999999999989,False,75.49999999999989,True,camera,vehicle,False,,False,0.0
27.100000000000115,v5_control,28.0,0,75.49999999999989,False,75.49999999999989,False,75.49999999999989,False,75.49999999999989,True,camera,vehicle,False,,False,0.0
27.200000000000117,v5_control,28.0,0,75.49999999999989,False,75.49999999999989,False,75.49999999999989,False,75.49999999999989,True,camera,vehicle,False,,False,0.0
27.300000000000118,v5_control,28.0,0,75.49999999999989,False,75.49999999999989,False,75.49999999999989,False,75.49999999999989,True,camera,vehicle,False,,False,0.0
27.40000000000012,v5_control,28.0,0,75.49999999999989,False,75.49999999999989,False,75.49999999999989,False,75.49999999999989,True,camera,vehicle,False,,False,0.0
27.50000000000012,v5_control,28.0,0,75.49999999999989,False,75.49999999999989,False,75.49999999999989,False,75.49999999999989,True,camera,vehicle,False,,False,0.0
27.600000000000122,v5_control,28.0,0,75.49999999999989,False,75.49999999999989,False,75.49999999999989,False,75.49999999999989,True,camera,vehicle,False,,False,0.0
27.700000000000124,v5_control,28.0,0,75.49999999999989,False,75.49999999999989,False,75.49999999999989,False,75.49999999999989,True,camera,vehicle,False,,False,0.0
27.800000000000125,v5_control,28.0,0,75.49999999999989,False,75.49999999999989,False,75.49999999999989,False,75.49999999999989,True,camera,vehicle,False,,False,0.0
27.900000000000126,v5_control,28.0,0,75.49999999999989,False,75.49999999999989,False,75.49999999999989,False,75.49999999999989,True,camera,vehicle,False,,False,0.0
28.000000000000128,v5_control,28.0,0,75.49999999999989,False,75.49999999999989,False,75.49999999999989,False,75.49999999999989,True,camera,vehicle,False,,False,0.0
28.10000000000013,v5_control,28.0,0,75.49999999999989,False,75.49999999999989,False,75.49999999999989,False,75.49999999999989,True,camera,vehicle,False,,False,0.0
28.20000000000013,v5_control,28.0,0,75.49999999999989,False,75.49999999999989,False,75.49999999999989,False,75.49999999999989,True,camera,vehicle,False,,False,0.0
28.300000000000132,v5_control,28.0,0,75.49999999999989,False,75.49999999999989,False,75.49999999999989,False,75.49999999999989,True,camera,vehicle,False,,False,0.0
28.400000000000134,v5_control,28.0,0,75.49999999999989,False,75.49999999999989,False,75.49999999999989,False,75.49999999999989,True,camera,vehicle,False,,False,0.0
28.500000000000135,v5_control,28.0,0,75.49999999999989,False,75.49999999999989,False,75.49999999999989,False,75.49999999999989,True,camera,vehicle,False,,False,0.0
28.600000000000136,v5_control,28.0,0,75.49999999999989,False,75.49999999999989,False,75.49999999999989,False,75.49999999999989,True,camera,vehicle,False,,False,0.0
28.700000000000138,v5_control,28.0,0,75.49999999999989,False,75.49999999999989,False,75.49999999999989,False,75.49999999999989,True,camera,vehicle,False,,False,0.0
28.80000000000014,v5_control,28.0,0,75.49999999999989,False,75.49999999999989,False,75.49999999999989,False,75.49999999999989,True,camera,vehicle,False,,False,0.0
28.90000000000014,v5_control,28.0,0,75.49999999999989,False,75.49999999999989,False,75.49999999999989,False,75.49999999999989,True,camera,vehicle,False,,False,0.0
29.000000000000142,v5_control,28.0,0,75.49999999999989,False,75.49999999999989,False,75.49999999999989,False,75.49999999999989,True,camera,vehicle,False,,False,0.0
29.100000000000144,v5_control,28.0,0,75.49999999999989,False,75.49999999999989,False,75.49999999999989,False,75.49999999999989,True,camera,vehicle,False,,False,0.0
29.200000000000145,v5_control,28.0,0,75.49999999999989,False,75.49999999999989,False,75.49999999999989,False,75.49999999999989,True,camera,vehicle,False,,False,0.0
29.300000000000146,v5_control,28.0,0,75.49999999999989,False,75.49999999999989,False,75.49999999999989,False,75.49999999999989,True,camera,vehicle,False,,False,0.0
29.400000000000148,v5_control,28.0,0,75.49999999999989,False,75.49999999999989,False,75.49999999999989,False,75.49999999999989,True,camera,vehicle,False,,False,0.0
29.50000000000015,v5_control,28.0,0,75.49999999999989,False,75.49999999999989,False,75.49999999999989,False,75.49999999999989,True,camera,vehicle,False,,False,0.0
29.60000000000015,v5_control,28.0,0,75.49999999999989,False,75.49999999999989,False,75.49999999999989,False,75.49999999999989,True,camera,vehicle,False,,False,0.0
29.700000000000152,v5_control,28.0,0,75.49999999999989,False,75.49999999999989,False,75.49999999999989,False,75.49999999999989,True,camera,vehicle,False,,False,0.0
29.800000000000153,v5_control,28.0,0,75.49999999999989,False,75.49999999999989,False,75.49999999999989,False,75.49999999999989,True,camera,vehicle,False,,False,0.0
29.900000000000155,v5_control,28.0,0,75.49999999999989,False,75.49999999999989,False,75.49999999999989,False,75.49999999999989,True,camera,vehicle,False,,False,0.0
30.000000000000156,v5_control,28.0,0,75.49999999999989,False,75.49999999999989,False,75.49999999999989,False,75.49999999999989,True,camera,vehicle,False,,False,0.0
30.100000000000158,v5_control,28.0,0,75.49999999999989,False,75.49999999999989,False,75.49999999999989,False,75.49999999999989,True,camera,vehicle,False,,False,0.0
30.20000000000016,v5_control,28.0,0,75.49858759260013,False,75.49858759260013,False,75.49858759260013,False,75.49858759260013,True,camera,vehicle,False,,False,0.0
30.30000000000016,v5_control,28.0,0,75.49267359969303,False,75.49267359969303,False,75.49267359969303,False,75.49267359969303,True,camera,vehicle,False,,False,0.0
30.400000000000162,v5_control,28.0,0,75.47906591906911,False,75.47906591906911,False,75.47906591906911,False,75.47906591906911,True,camera,vehicle,False,,False,0.0
30.500000000000163,v5_control,28.0,0,75.45486447032113,False,75.45486447032113,False,75.45486447032113,False,75.45486447032113,True,camera,vehicle,False,,False,0.0
30.600000000000165,v5_control,28.0,0,75.4174067981237,False,75.4174067981237,False,75.4174067981237,False,75.4174067981237,True,camera,vehicle,False,,False,0.0
30.700000000000166,v5_control,28.0,0,75.36422621908599,False,75.36422621908599,False,75.36422621908599,False,75.36422621908599,True,camera,vehicle,False,,False,0.0
30.800000000000168,v5_control,28.0,0,75.2930190251169,False,75.2930190251169,False,75.2930190251169,False,75.2930190251169,True,camera,vehicle,False,,False,0.0
30.90000000000017,v5_control,28.0,0,75.20161838726881,False,75.20161838726881,False,75.20161838726881,False,75.20161838726881,True,camera,vehicle,False,,False,0.0
31.00000000000017,v5_control,28.0,0,75.08797333170105,False,75.08797333170105,False,75.08797333170105,False,75.08797333170105,True,camera,vehicle,False,,False,0.0
31.100000000000172,v5_control,28.0,0,74.95013164356453,False,74.95013164356453,False,74.95013164356453,False,74.95013164356453,True,camera,vehicle,False,,False,0.0
31.200000000000173,v5_control,28.0,0,74.78622588777796,False,74.78622588777796,False,74.78622588777796,False,74.78622588777796,True,camera,vehicle,False,,False,0.0
31.300000000000175,v5_control,28.0,0,74.59446197365173,False,74.59446197365173,False,74.59446197365173,False,74.59446197365173,True,camera,vehicle,False,,False,0.0
31.400000000000176,v5_control,28.0,0,74.37310986829578,False,74.37310986829578,False,74.37310986829578,False,74.37310986829578,True,camera,vehicle,False,,False,0.0
31.500000000000178,v5_control,28.0,0,74.12049620515057,False,74.12049620515057,False,74.12049620515057,False,74.12049620515057,True,camera,vehicle,False,,False,0.0
31.60000000000018,v5_control,28.0,0,73.83499865565119,False,73.83499865565119,False,73.83499865565119,False,73.83499865565119,True,camera,vehicle,False,,False,0.0
31.70000000000018,v5_control,28.0,0,73.51504204750586,False,73.51504204750586,False,73.51504204750586,False,73.51504204750586,True,camera,vehicle,False,,False,0.0
31.800000000000182,v5_control,28.0,0,73.15909633487598,False,73.15909633487598,False,73.15909633487598,False,73.15909633487598,True,camera,vehicle,False,,False,0.0
31.900000000000183,v5_control,28.0,0,72.76567666736742,False,72.76567666736742,False,72.76567666736742,False,72.76567666736742,True,camera,vehicle,False,,False,0.0
32.000000000000185,v5_control,28.0,0,72.33334598257937,False,72.33334598257937,False,72.33334598257937,False,72.33334598257937,True,camera,vehicle,False,,False,0.0
32.100000000000186,v5_control,28.0,0,71.8607207825911,False,71.8607207825911,False,71.8607207825911,False,71.8607207825911,True,camera,vehicle,False,,False,0.0
32.20000000000019,v5_control,28.0,0,71.3464810777034,False,71.3464810777034,False,71.3464810777034,False,71.3464810777034,True,camera,vehicle,False,,False,0.0
32.30000000000019,v5_control,28.0,0,70.78938593151304,False,70.78938593151304,False,70.78938593151304,False,70.78938593151304,True,camera,vehicle,False,,False,0.0
32.40000000000019,v5_control,28.0,0,70.18829667398603,False,70.18829667398603,False,70.18829667398603,False,70.18829667398603,True,camera,vehicle,False,,False,0.0
32.50000000000019,v5_control,28.0,0,69.54221072954726,False,69.54221072954726,False,69.54221072954726,False,69.54221072954726,True,camera,vehicle,False,,False,0.0
32.60000000000019,v5_control,28.0,0,68.85031019807695,False,68.85031019807695,False,68.85031019807695,False,68.85031019807695,True,camera,vehicle,False,,False,0.0
32.700000000000195,v5_control,28.0,0,68.11203083382082,False,68.11203083382082,False,68.11203083382082,False,68.11203083382082,True,camera,vehicle,False,,False,0.0
32.800000000000196,v5_control,28.0,0,67.32715868531994,False,67.32715868531994,False,67.32715868531994,False,67.32715868531994,True,camera,vehicle,False,,False,0.0
32.9000000000002,v5_control,28.0,0,66.49596258114258,False,66.49596258114258,False,66.49596258114258,False,66.49596258114258,True,camera,vehicle,False,,False,0.0
33.0000000000002,v5_control,28.0,0,65.61936857615564,False,65.61936857615564,False,65.61936857615564,False,65.61936857615564,True,camera,vehicle,False,,False,0.0
33.1000000000002,v5_control,28.0,0,64.69917197214062,False,64.69917197214062,False,64.69917197214062,False,64.69917197214062,True,camera,vehicle,False,,False,0.0
33.2000000000002,v5_control,28.0,0,63.73825323547362,False,63.73825323547362,False,63.73825323547362,False,63.73825323547362,True,camera,vehicle,False,,False,0.0
33.3000000000002,v5_control,28.0,0,62.74070414110861,False,62.74070414110861,False,62.74070414110861,False,62.74070414110861,True,camera,vehicle,False,,False,0.0
33.400000000000205,v5_control,28.0,0,61.71169130981542,False,61.71169130981542,False,61.71169130981542,False,61.71169130981542,True,camera,vehicle,False,,False,0.0
33.500000000000206,v5_control,28.0,0,60.65688034857959,False,60.65688034857959,False,60.65688034857959,False,60.65688034857959,True,camera,vehicle,False,,False,0.0
33.60000000000021,v5_control,28.0,0,59.58148803745746,False,59.58148803745746,False,59.58148803745746,False,59.58148803745746,True,camera,vehicle,False,,False,0.0
33.70000000000021,v5_control,28.0,0,58.48946127452376,False,58.48946127452376,False,58.48946127452376,False,58.48946127452376,True,camera,vehicle,False,,False,0.0
33.80000000000021,v5_control,28.0,0,57.38332594751421,False,57.38332594751421,False,57.38332594751421,False,57.38332594751421,True,camera,vehicle,False,,False,0.0
33.90000000000021,v5_control,28.0,0,56.26464173087328,False,56.26464173087328,False,56.26464173087328,False,56.26464173087328,True,camera,vehicle,False,,False,0.0
34.00000000000021,v5_control,28.0,0,55.134528069446674,False,55.134528069446674,False,55.134528069446674,False,55.134528069446674,True,camera,vehicle,False,,False,0.0
34.100000000000215,v5_control,28.0,0,53.99393901225483,False,53.99393901225483,False,53.99393901225483,False,53.99393901225483,True,camera,vehicle,False,,False,0.0
34.200000000000216,v5_control,28.0,0,52.84374002650458,False,52.84374002650458,False,52.84374002650458,False,52.84374002650458,True,camera,vehicle,False,,False,0.0
34.30000000000022,v5_control,28.0,0,51.68472340815373,False,51.68472340815373,False,51.68472340815373,False,51.68472340815373,True,camera,vehicle,False,,False,0.0
34.40000000000022,v5_control,28.0,0,50.5176169778922,False,50.5176169778922,False,50.5176169778922,False,50.5176169778922,True,camera,vehicle,False,,False,0.0
34.50000000000022,v5_control,28.0,0,49.343090814418645,False,49.343090814418645,False,49.343090814418645,False,49.343090814418645,True,camera,vehicle,False,,False,0.0
34.60000000000022,v5_control,28.0,0,48.16176253151133,False,48.16176253151133,False,48.16176253151133,False,48.16176253151133,True,camera,vehicle,False,,False,0.0
34.70000000000022,v5_control,28.0,0,46.974201648372684,False,46.974201648372684,False,46.974201648372684,False,46.974201648372684,True,camera,vehicle,False,,False,0.0
34.800000000000225,v5_control,28.0,0,45.780933393790576,False,45.780933393790576,False,45.780933393790576,False,45.780933393790576,True,camera,vehicle,False,,False,0.0
34.900000000000226,v5_control,28.0,0,44.58244190098043,False,44.58244190098043,False,44.58244190098043,False,44.58244190098043,True,camera,vehicle,False,,False,0.0
35.00000000000023,v5_control,28.0,0,43.37917348142537,False,43.37917348142537,False,43.37917348142537,False,43.37917348142537,True,camera,vehicle,False,,False,0.0
35.10000000000023,v5_control,28.0,0,42.17153847059808,False,42.17153847059808,False,42.17153847059808,False,42.17153847059808,True,camera,vehicle,False,,False,0.0
35.20000000000023,v5_control,28.0,0,40.95991658179872,False,40.95991658179872,False,40.95991658179872,False,40.95991658179872,True,camera,vehicle,False,,False,0.0
35.30000000000023,v5_control,28.0,0,39.74464862877096,False,39.74464862877096,False,39.74464862877096,False,39.74464862877096,True,camera,vehicle,False,,False,0.0
35.40000000000023,v5_control,28.0,0,38.52608364304763,False,38.52608364304763,False,38.52608364304763,False,38.52608364304763,True,camera,vehicle,False,,False,0.0
35.500000000000234,v5_control,28.0,0,37.304365101106725,False,37.304365101106725,False,37.304365101106725,False,37.304365101106725,True,camera,vehicle,False,,False,0.0
35.600000000000236,v5_control,28.0,0,36.08061624317435,False,36.08061624317435,False,36.08061624317435,False,36.08061624317435,True,camera,vehicle,False,,False,0.0
35.70000000000024,v5_control,28.0,0,34.84995060705637,False,34.84995060705637,False,34.84995060705637,False,34.84995060705637,True,camera,vehicle,False,,False,0.0
35.80000000000024,v5_control,28.0,0,33.60551809055357,False,33.60551809055357,False,33.60551809055357,False,33.60551809055357,True,camera,vehicle,False,,False,0.0
35.90000000000024,v5_control,28.0,0,32.353806090553576,False,32.353806090553576,False,32.353806090553576,False,32.353806090553576,True,camera,vehicle,False,,False,0.0
36.00000000000024,v5_control,27.980142459450345,0,31.102537946299947,False,31.102537946299947,False,31.102537946299947,False,31.102537946299947,True,camera,vehicle,False,,False,0.0
36.10000000000024,v5_control,27.880723321460525,0,29.85393587436505,False,29.85393587436505,False,29.85393587436505,False,29.85393587436505,True,camera,vehicle,False,,False,0.0
36.200000000000244,v5_control,27.7098767507096,0,28.611374781551888,False,28.611374781551888,False,28.611374781551888,False,28.611374781551888,True,camera,vehicle,False,,False,0.0
36.300000000000246,v5_control,27.47412869334239,0,27.37790189186643,False,27.37790189186643,False,27.37790189186643,False,27.37790189186643,True,camera,vehicle,False,,False,0.0
36.40000000000025,v5_control,27.178792569706605,0,26.15629979579478,False,26.15629979579478,False,26.15629979579478,False,26.15629979579478,True,camera,vehicle,False,,False,0.0
36.50000000000025,v5_control,26.828247868753532,0,24.949134427914316,False,24.949134427914316,False,24.949134427914316,False,24.949134427914316,True,camera,vehicle,False,,False,0.0
36.60000000000025,v5_control,26.426141613819357,0,23.758792314199866,False,23.758792314199866,False,23.758792314199866,False,23.758792314199866,True,camera,vehicle,False,,False,0.0
36.70000000000025,v5_control,25.97553759560002,0,22.5875099805109,False,22.5875099805109,False,22.5875099805109,False,22.5875099805109,True,camera,vehicle,False,,False,0.0
36.80000000000025,v5_control,25.4790294362121,0,21.43739749821583,False,21.43739749821583,False,21.43739749821583,False,21.43739749821583,True,camera,vehicle,False,,False,0.0
36.900000000000254,v5_control,24.938828196466638,0,20.310457544410212,False,20.310457544410212,False,20.310457544410212,False,20.310457544410212,True,camera,vehicle,False,,False,0.0
37.000000000000256,v5_control,24.356831910006417,0,19.20860094971033,False,19.20860094971033,False,19.20860094971033,False,19.20860094971033,True,camera,vehicle,False,,False,0.0
37.10000000000026,v5_control,23.734682324067034,0,18.13365942355034,False,18.13365942355034,False,18.13365942355034,False,18.13365942355034,True,camera,vehicle,False,,False,0.0
37.20000000000026,v5_control,23.073812796662104,0,17.087395940611827,False,17.087395940611827,False,17.087395940611827,False,17.087395940611827,True,camera,vehicle,False,,False,0.0
37.30000000000026,v5_control,22.375490486219153,0,16.071513113632875,False,16.071513113632875,False,16.071513113632875,False,16.071513113632875,True,camera,vehicle,False,,False,0.0
37.40000000000026,v5_control,21.640855527276738,0,15.087659747539192,False,15.087659747539192,False,15.087659747539192,False,15.087659747539192,True,camera,vehicle,False,,False,0.0
37.50000000000026,v5_control,20.87095974131485,0,14.137435652655654,False,14.137435652655654,False,14.137435652655654,False,14.137435652655654,True,camera,vehicle,False,,False,0.0
37.600000000000264,v5_control,20.06680756237369,0,13.222394677883585,False,13.222394677883585,False,13.222394677883585,False,13.222394677883585,True,camera,vehicle,False,,False,0.0
37.700000000000266,v5_control,19.229402282700622,0,12.344045795426496,False,12.344045795426496,False,12.344045795426496,False,12.344045795426496,True,camera,vehicle,False,,False,0.0
37.80000000000027,v5_control,18.359801507181615,0,11.503851912315042,False,11.503851912315042,False,11.503851912315042,False,11.503851912315042,True,camera,vehicle,False,,False,0.0
37.90000000000027,v5_control,17.45918695959432,0,10.703225882105642,False,10.703225882105642,False,10.703225882105642,False,10.703225882105642,True,camera,vehicle,False,,False,0.0
38.00000000000027,v5_control,16.528955682654885,0,9.943522917766074,False,9.943522917766074,False,9.943522917766074,False,9.943522917766074,True,camera,vehicle,False,,False,0.0
38.10000000000027,v5_control,15.57084246237693,0,9.226028229628298,False,9.226028229628298,False,9.226028229628298,False,9.226028229628298,True,camera,vehicle,False,,False,0.0
38.20000000000027,v5_control,14.58708729394683,0,8.551938183714924,False,8.551938183714924,False,8.551938183714924,False,8.551938183714924,True,camera,vehicle,False,,False,0.0
38.300000000000274,v5_control,13.580667192099815,0,7.92233253544282,False,7.92233253544282,False,7.92233253544282,False,7.92233253544282,True,camera,vehicle,False,,False,0.0
38.400000000000276,v5_control,12.555618670059438,0,7.338134273851836,False,7.338134273851836,False,7.338134273851836,False,7.338134273851836,True,camera,vehicle,False,,False,0.0
38.50000000000028,v5_control,11.517484787048199,0,6.800052265378554,False,6.800052265378554,False,6.800052265378554,False,6.800052265378554,True,camera,vehicle,False,,False,0.0
38.60000000000028,v5_control,10.47392481579622,0,6.308500277935764,False,6.308500277935764,False,6.308500277935764,False,6.308500277935764,True,camera,vehicle,False,,False,0.0
38.70000000000028,v5_control,9.43551351584821,0,5.863484512346872,False,5.863484512346872,False,5.863484512346872,False,5.863484512346872,True,camera,vehicle,False,,False,0.0
38.80000000000028,v5_control,8.416700617576703,0,5.464451822036551,False,5.464451822036551,False,5.464451822036551,False,5.464451822036551,True,camera,vehicle,False,,False,0.0
38.90000000000028,v5_control,7.436732663870869,0,5.1100958813296415,False,5.1100958813296415,False,5.1100958813296415,False,5.1100958813296415,True,camera,vehicle,False,,False,0.0
39.000000000000284,v5_control,6.519941970493434,0,4.798136289902345,False,4.798136289902345,False,4.798136289902345,False,4.798136289902345,True,camera,vehicle,False,,False,0.0
39.100000000000286,v5_control,5.6940895297890135,0,4.525128257808035,False,4.525128257808035,False,4.525128257808035,False,4.525128257808035,True,camera,vehicle,False,,False,0.0
39.20000000000029,v5_control,4.984771616274843,0,4.286434353471236,False,4.286434353471236,False,4.286434353471236,False,4.286434353471236,True,camera,vehicle,False,,False,0.0
39.30000000000029,v5_control,4.405067062341322,0,4.076552679326824,False,4.076552679326824,False,4.076552679326824,False,4.076552679326824,True,camera,vehicle,False,,False,0.0
39.40000000000029,v5_control,3.9454329174543257,0,3.889902303778456,False,3.889902303778456,False,3.889902303778456,False,3.889902303778456,True,camera,vehicle,False,,False,0.0
39.50000000000029,v5_control,3.5755357034429553,0,3.7217936131641522,False,3.7217936131641522,False,3.7217936131641522,False,3.7217936131641522,True,camera,vehicle,False,,False,0.0
39.60000000000029,v5_control,3.2613544221352697,0,3.5689754450772284,False,3.5689754450772284,False,3.5689754450772284,False,3.5689754450772284,True,camera,vehicle,False,,False,0.0
39.700000000000294,v5_control,2.9808587272501503,0,3.4294494967621745,False,3.4294494967621745,False,3.4294494967621745,False,3.4294494967621745,True,camera,vehicle,False,,False,0.0
39.800000000000296,v5_control,2.724866384474953,0,3.3019151290649233,False,3.3019151290649233,False,3.3019151290649233,False,3.3019151290649233,True,camera,vehicle,False,,False,0.0
39.9000000000003,v5_control,2.490153361092945,0,3.1853490077119773,False,3.1853490077119773,False,3.1853490077119773,False,3.1853490077119773,True,camera,vehicle,False,,False,0.0
0.0,oncoming,25.0,1,,False,,False,,False,,False,none,,False,,False,0.0
0.1,oncoming,25.0,1,,False,,False,,False,,False,none,,False,,False,0.0
0.2,oncoming,25.0,1,,False,,False,,False,,False,none,,False,,False,0.0
0.30000000000000004,oncoming,25.0,1,,False,,False,,False,,False,none,,False,,False,0.0
0.4,oncoming,25.0,1,,False,,False,,False,,False,none,,False,,False,0.0
0.5,oncoming,25.0,1,,False,,False,,False,,False,none,,False,,False,0.0
0.6,oncoming,25.0,1,,False,,False,,False,,False,none,,False,,False,0.0
0.7,oncoming,25.0,1,,False,,False,,False,,False,none,,False,,False,0.0
0.7999999999999999,oncoming,25.0,1,,False,,False,,False,,False,none,,False,,False,0.0
0.8999999999999999,oncoming,25.0,1,,False,,False,,False,,False,none,,False,,False,0.0
0.9999999999999999,oncoming,25.0,1,,False,,False,,False,,False,none,,False,,False,0.0
1.0999999999999999,oncoming,25.0,1,,False,,False,,False,,False,none,,False,,False,0.0
1.2,oncoming,25.0,1,,False,,False,,False,,False,none,,False,,False,0.0
1.3,oncoming,25.0,1,,False,,False,,False,,False,none,,False,,False,0.0
1.4000000000000001,oncoming,25.0,1,,False,,False,,False,,False,none,,False,,False,0.0
1.5000000000000002,oncoming,25.0,1,,False,,False,,False,,False,none,,False,,False,0.0
1.6000000000000003,oncoming,25.0,1,,False,,False,,False,,False,none,,False,,False,0.0
1.7000000000000004,oncoming,25.0,1,,False,,False,,False,,False,none,,False,,False,0.0
1.8000000000000005,oncoming,25.0,1,,False,,False,,False,,False,none,,False,,False,0.0
1.9000000000000006,oncoming,25.0,1,,False,,False,,False,,False,none,,False,,False,0.0
2.0000000000000004,oncoming,25.0,1,,False,,False,,False,,False,none,,False,,False,0.0
2.1000000000000005,oncoming,25.0,1,,False,,False,,False,,False,none,,False,,False,0.0
2.2000000000000006,oncoming,25.0,1,,False,,False,,False,,False,none,,False,,False,0.0
2.3000000000000007,oncoming,25.0,1,,False,,False,,False,,False,none,,False,,False,0.0
2.400000000000001,oncoming,25.0,1,,False,,False,,False,,False,none,,False,,False,0.0
2.500000000000001,oncoming,25.0,1,,False,,False,,False,,False,none,,False,,False,0.0
2.600000000000001,oncoming,25.0,1,,False,,False,,False,,False,none,,False,,False,0.0
2.700000000000001,oncoming,25.0,1,,False,,False,,False,,False,none,,False,,False,0.0
2.800000000000001,oncoming,25.0,1,,False,,False,,False,,False,none,,False,,False,0.0
2.9000000000000012,oncoming,25.0,1,,False,,False,,False,,False,none,,False,,False,0.0
3.0000000000000013,oncoming,25.0,1,,False,,False,,False,,False,none,,False,,False,0.0
3.1000000000000014,oncoming,25.0,1,,False,,False,,False,,False,none,,False,,False,0.0
3.2000000000000015,oncoming,25.0,1,,False,,False,,False,,False,none,,False,,False,0.0
3.3000000000000016,oncoming,25.0,1,,False,,False,,False,,False,none,,False,,False,0.0
3.4000000000000017,oncoming,25.0,1,,False,,False,,False,,False,none,,False,,False,0.0
3.5000000000000018,oncoming,25.0,1,,False,,False,,False,,False,none,,False,,False,0.0
3.600000000000002,oncoming,25.0,1,,False,,False,,False,,False,none,,False,,False,0.0
3.700000000000002,oncoming,25.0,1,,False,,False,,False,,False,none,,False,,False,0.0
3.800000000000002,oncoming,25.0,1,,False,,False,,False,,False,none,,False,,False,0.0
3.900000000000002,oncoming,25.0,1,,False,,False,,False,,False,none,,False,,False,0.0
4.000000000000002,oncoming,25.0,1,,False,,False,,False,,False,none,,False,,False,0.0
4.100000000000001,oncoming,25.0,1,,False,,False,,False,,False,none,,False,,False,0.0
4.200000000000001,oncoming,25.0,1,,False,,False,,False,,False,none,,False,,False,0.0
4.300000000000001,oncoming,25.0,1,,False,,False,,False,,False,none,,False,,False,0.0
4.4,oncoming,25.0,1,,False,,False,,False,,False,none,,False,,False,0.0
4.5,oncoming,25.0,1,,False,,False,,False,,False,none,,False,,False,0.0
4.6,oncoming,25.0,1,,False,,False,,False,,False,none,,False,,False,0.0
4.699999999999999,oncoming,25.0,1,,False,,False,,False,,False,none,,False,,False,0.0
4.799999999999999,oncoming,25.0,1,,False,,False,,False,,False,none,,False,,False,0.0
4.899999999999999,oncoming,25.0,1,,False,,False,,False,,False,none,,False,,False,0.0
4.999999999999998,oncoming,25.0,1,,False,,False,,False,,False,none,,False,,False,0.0
5.099999999999998,oncoming,25.0,1,,False,,False,,False,,False,none,,False,,False,0.0
5.1999999999999975,oncoming,25.0,1,,False,,False,,False,,False,none,,False,,False,0.0
5.299999999999997,oncoming,25.0,1,,False,,False,,False,,False,none,,False,,False,0.0
5.399999999999997,oncoming,25.0,1,,False,,False,,False,,False,none,,False,,False,0.0
5.4999999999999964,oncoming,25.0,1,,False,,False,,False,,False,none,,False,,False,0.0
5.599999999999996,oncoming,25.0,1,,False,,False,,False,,False,none,,False,,False,0.0
5.699999999999996,oncoming,25.0,1,,False,,False,,False,,False,none,,False,,False,0.0
5.799999999999995,oncoming,25.0,1,,False,,False,,False,,False,none,,False,,False,0.0
5.899999999999995,oncoming,25.0,1,,False,,False,,False,,False,none,,False,,False,0.0
5.999999999999995,oncoming,25.0,1,,False,,False,,False,,False,none,,False,,False,0.0
6.099999999999994,oncoming,25.0,1,,False,,False,,False,,False,none,,False,,False,0.0
6.199999999999994,oncoming,25.0,1,,False,,False,,False,,False,none,,False,,False,0.0
6.299999999999994,oncoming,25.0,1,,False,,False,,False,,False,none,,False,,False,0.0
6.399999999999993,oncoming,25.0,1,,False,,False,,False,,False,none,,False,,False,0.0
6.499999999999993,oncoming,25.0,1,,False,,False,,False,,False,none,,False,,False,0.0
6.5999999999999925,oncoming,25.0,1,,False,,False,,False,,False,none,,False,,False,0.0
6.699999999999992,oncoming,25.0,1,,False,,False,,False,,False,none,,False,,False,0.0
6.799999999999992,oncoming,25.0,1,,False,,False,,False,,False,none,,False,,False,0.0
6.8999999999999915,oncoming,25.0,1,,False,,False,,False,,False,none,,False,,False,0.0
6.999999999999991,oncoming,25.0,1,,False,,False,,False,,False,none,,False,,False,0.0
7.099999999999991,oncoming,25.0,1,,False,,False,,False,,False,none,,False,,False,0.0
7.19999999999999,oncoming,25.0,1,,False,,False,,False,,False,none,,False,,False,0.0
7.29999999999999,oncoming,25.0,1,,False,,False,,False,,False,none,,False,,False,0.0
7.39999999999999,oncoming,25.0,1,,False,,False,,False,,False,none,,False,,False,0.0
7.499999999999989,oncoming,25.0,1,,False,,False,,False,,False,none,,False,,False,0.0
7.599999999999989,oncoming,25.0,1,,False,,False,,False,,False,none,,False,,False,0.0
7.699999999999989,oncoming,25.0,1,,False,,False,,False,,False,none,,False,,False,0.0
7.799999999999988,oncoming,25.0,1,,False,,False,,False,,False,none,,False,,False,0.0
7.899999999999988,oncoming,25.0,1,,False,,False,,False,,False,none,,False,,False,0.0
7.999999999999988,oncoming,25.0,1,,False,,False,,False,,False,none,,False,,False,0.0
8.099999999999987,oncoming,25.0,1,,False,,False,,False,,False,none,,False,,False,0.0
8.199999999999987,oncoming,25.0,1,,False,,False,,False,,False,none,,False,,False,0.0
8.299999999999986,oncoming,25.0,1,,False,,False,,False,,False,none,,False,,False,0.0
8.399999999999986,oncoming,25.0,1,,False,,False,,False,,False,none,,False,,False,0.0
8.499999999999986,oncoming,25.0,1,,False,,False,,False,,False,none,,False,,False,0.0
8.599999999999985,oncoming,25.0,1,,False,,False,,False,,False,none,,False,,False,0.0
8.699999999999985,oncoming,25.0,1,,False,,False,,False,,False,none,,False,,False,0.0
8.799999999999985,oncoming,25.0,1,,False,,False,,False,,False,none,,False,,False,0.0
8.899999999999984,oncoming,25.0,1,,False,,False,,False,,False,none,,False,,False,0.0
8.999999999999984,oncoming,25.0,1,,False,,False,,False,,False,none,,False,,False,0.0
9.099999999999984,oncoming,25.0,1,,False,,False,,False,,False,none,,False,,False,0.0
9.199999999999983,oncoming,25.0,1,,False,,False,,False,,False,none,,False,,False,0.0
9.299999999999983,oncoming,25.0,1,,False,,False,,False,,False,none,,False,,False,0.0
9.399999999999983,oncoming,25.0,1,,False,,False,,False,,False,none,,False,,False,0.0
9.499999999999982,oncoming,25.0,1,,False,,False,,False,,False,none,,False,,False,0.0
9.599999999999982,oncoming,25.0,1,,False,,False,,False,,False,none,,False,,False,0.0
9.699999999999982,oncoming,25.0,1,,False,,False,,False,,False,none,,False,,False,0.0
9.799999999999981,oncoming,25.0,1,,False,,False,,False,,False,none,,False,,False,0.0
9.89999999999998,oncoming,25.0,1,,False,,False,,False,,False,none,,False,,False,0.0
9.99999999999998,oncoming,25.0,1,,False,,False,,False,,False,none,,False,,False,0.0
10.09999999999998,oncoming,25.0,1,,False,,False,,False,,False,none,,False,,False,0.0
10.19999999999998,oncoming,25.0,1,,False,,False,,False,,False,none,,False,,False,0.0
10.29999999999998,oncoming,25.0,1,,False,,False,,False,,False,none,,False,,False,0.0
10.399999999999979,oncoming,25.0,1,,False,,False,,False,,False,none,,False,,False,0.0
10.499999999999979,oncoming,25.0,1,,False,,False,,False,,False,none,,False,,False,0.0
10.599999999999978,oncoming,25.0,1,,False,,False,,False,,False,none,,False,,False,0.0
10.699999999999978,oncoming,25.0,1,,False,,False,,False,,False,none,,False,,False,0.0
10.799999999999978,oncoming,25.0,1,,False,,False,,False,,False,none,,False,,False,0.0
10.899999999999977,oncoming,25.0,1,,False,,False,,False,,False,none,,False,,False,0.0
10.999999999999977,oncoming,25.0,1,,False,,False,,False,,False,none,,False,,False,0.0
11.099999999999977,oncoming,25.0,1,,False,,False,,False,,False,none,,False,,False,0.0
11.199999999999976,oncoming,25.0,1,,False,,False,,False,,False,none,,False,,False,0.0
11.299999999999976,oncoming,25.0,1,,False,,False,,False,,False,none,,False,,False,0.0
11.399999999999975,oncoming,25.0,1,,False,,False,,False,,False,none,,False,,False,0.0
11.499999999999975,oncoming,25.0,1,,False,,False,,False,,False,none,,False,,False,0.0
11.599999999999975,oncoming,25.0,1,,False,,False,,False,,False,none,,False,,False,0.0
11.699999999999974,oncoming,25.0,1,,False,,False,,False,,False,none,,False,,False,0.0
11.799999999999974,oncoming,25.0,1,,False,,False,,False,,False,none,,False,,False,0.0
11.899999999999974,oncoming,25.0,1,,False,,False,,False,,False,none,,False,,False,0.0
11.999999999999973,oncoming,25.0,1,,False,,False,,False,,False,none,,False,,False,0.0
12.099999999999973,oncoming,25.0,1,,False,,False,,False,,False,none,,False,,False,0.0
12.199999999999973,oncoming,25.0,1,,False,,False,,False,,False,none,,False,,False,0.0
12.299999999999972,oncoming,25.0,1,,False,,False,,False,,False,none,,False,,False,0.0
12.399999999999972,oncoming,25.0,1,,False,,False,,False,,False,none,,False,,False,0.0
12.499999999999972,oncoming,25.0,1,,False,,False,,False,,False,none,,False,,False,0.0
12.599999999999971,oncoming,25.0,1,,False,,False,,False,,False,none,,False,,False,0.0
12.69999999999997,oncoming,25.0,1,,False,,False,,False,,False,none,,False,,False,0.0
12.79999999999997,oncoming,25.0,1,,False,,False,,False,,False,none,,False,,False,0.0
12.89999999999997,oncoming,25.0,1,,False,,False,,False,,False,none,,False,,False,0.0
12.99999999999997,oncoming,25.0,1,,False,,False,,False,,False,none,,False,,False,0.0
13.09999999999997,oncoming,25.0,1,,False,,False,,False,,False,none,,False,,False,0.0
13.199999999999969,oncoming,25.0,1,,False,,False,,False,,False,none,,False,,False,0.0
13.299999999999969,oncoming,25.0,1,,False,,False,,False,,False,none,,False,,False,0.0
13.399999999999968,oncoming,25.0,1,,False,,False,,False,,False,none,,False,,False,0.0
13.499999999999968,oncoming,25.0,1,,False,,False,,False,,False,none,,False,,False,0.0
13.599999999999968,oncoming,25.0,1,,False,,False,,False,,False,none,,False,,False,0.0
13.699999999999967,oncoming,25.0,1,,False,,False,,False,,False,none,,False,,False,0.0
13.799999999999967,oncoming,25.0,1,,False,,False,,False,,False,none,,False,,False,0.0
13.899999999999967,oncoming,25.0,1,,False,,False,,False,,False,none,,False,,False,0.0
13.999999999999966,oncoming,25.0,1,,False,,False,,False,,False,none,,False,,False,0.0
14.099999999999966,oncoming,25.0,1,,False,,False,,False,,False,none,,False,,False,0.0
14.199999999999966,oncoming,25.0,1,,False,,False,,False,,False,none,,False,,False,0.0
14.299999999999965,oncoming,25.0,1,,False,,False,,False,,False,none,,False,,False,0.0
14.399999999999965,oncoming,25.0,1,,False,,False,,False,,False,none,,False,,False,0.0
14.499999999999964,oncoming,25.0,1,,False,,False,,False,,False,none,,False,,False,0.0
14.599999999999964,oncoming,25.0,1,,False,,False,,False,,False,none,,False,,False,0.0
14.699999999999964,oncoming,25.0,1,,False,,False,,False,,False,none,,False,,False,0.0
14.799999999999963,oncoming,25.0,1,,False,,False,,False,,False,none,,False,,False,0.0
14.899999999999963,oncoming,25.0,1,,False,,False,,False,,False,none,,False,,False,0.0
14.999999999999963,oncoming,25.0,1,,False,,False,,False,,False,none,,False,,False,0.0
15.099999999999962,oncoming,25.0,1,,False,,False,,False,,False,none,,False,,False,0.0
15.199999999999962,oncoming,25.0,1,,False,,False,,False,,False,none,,False,,False,0.0
15.299999999999962,oncoming,25.0,1,,False,,False,,False,,False,none,,False,,False,0.0
15.399999999999961,oncoming,25.0,1,,False,,False,,False,,False,none,,False,,False,0.0
15.499999999999961,oncoming,25.0,1,,False,,False,,False,,False,none,,False,,False,0.0
15.59999999999996,oncoming,25.0,1,,False,,False,,False,,False,none,,False,,False,0.0
15.69999999999996,oncoming,25.0,1,,False,,False,,False,,False,none,,False,,False,0.0
15.79999999999996,oncoming,25.0,1,,False,,False,,False,,False,none,,False,,False,0.0
15.89999999999996,oncoming,25.0,1,,False,,False,,False,,False,none,,False,,False,0.0
15.99999999999996,oncoming,25.0,1,,False,,False,,False,,False,none,,False,,False,0.0
16.09999999999996,oncoming,25.0,1,,False,,False,,False,,False,none,,False,,False,0.0
16.19999999999996,oncoming,25.0,1,,False,,False,,False,,False,none,,False,,False,0.0
16.29999999999996,oncoming,25.0,1,,False,,False,,False,,False,none,,False,,False,0.0
16.399999999999963,oncoming,25.0,1,,False,,False,,False,,False,none,,False,,False,0.0
16.499999999999964,oncoming,25.0,1,,False,,False,,False,,False,none,,False,,False,0.0
16.599999999999966,oncoming,25.0,1,,False,,False,,False,,False,none,,False,,False,0.0
16.699999999999967,oncoming,25.0,1,,False,,False,,False,,False,none,,False,,False,0.0
16.79999999999997,oncoming,25.0,1,,False,,False,,False,,False,none,,False,,False,0.0
16.89999999999997,oncoming,25.0,1,,False,,False,,False,,False,none,,False,,False,0.0
16.99999999999997,oncoming,25.0,1,,False,,False,,False,,False,none,,False,,False,0.0
17.099999999999973,oncoming,25.0,1,,False,,False,,False,,False,none,,False,,False,0.0
17.199999999999974,oncoming,25.0,1,,False,,False,,False,,False,none,,False,,False,0.0
17.299999999999976,oncoming,25.0,1,,False,,False,,False,,False,none,,False,,False,0.0
17.399999999999977,oncoming,25.0,1,,False,,False,,False,,False,none,,False,,False,0.0
17.49999999999998,oncoming,25.0,1,,False,,False,,False,,False,none,,False,,False,0.0
17.59999999999998,oncoming,25.0,1,,False,,False,,False,,False,none,,False,,False,0.0
17.69999999999998,oncoming,25.0,1,,False,,False,,False,,False,none,,False,,False,0.0
17.799999999999983,oncoming,25.0,1,,False,,False,,False,,False,none,,False,,False,0.0
17.899999999999984,oncoming,25.0,1,,False,,False,,False,,False,none,,False,,False,0.0
17.999999999999986,oncoming,25.0,1,,False,,False,,False,,False,none,,False,,False,0.0
18.099999999999987,oncoming,25.0,1,,False,,False,,False,,False,none,,False,,False,0.0
18.19999999999999,oncoming,25.0,1,,False,,False,,False,,False,none,,False,,False,0.0
18.29999999999999,oncoming,25.0,1,,False,,False,,False,,False,none,,False,,False,0.0
18.39999999999999,oncoming,25.0,1,,False,,False,,False,,False,none,,False,,False,0.0
18.499999999999993,oncoming,25.0,1,,False,,False,,False,,False,none,,False,,False,0.0
18.599999999999994,oncoming,25.0,1,,False,,False,,False,,False,none,,False,,False,0.0
18.699999999999996,oncoming,25.0,1,,False,,False,,False,,False,none,,False,,False,0.0
18.799999999999997,oncoming,25.0,1,,False,,False,,False,,False,none,,False,,False,0.0
18.9,oncoming,25.0,1,,False,,False,,False,,False,none,,False,,False,0.0
19.0,oncoming,25.0,1,,False,,False,,False,,False,none,,False,,False,0.0
19.1,oncoming,25.0,1,,False,,False,,False,,False,none,,False,,False,0.0
19.200000000000003,oncoming,25.0,1,,False,,False,,False,,False,none,,False,,False,0.0
19.300000000000004,oncoming,25.0,1,,False,,False,,False,,False,none,,False,,False,0.0
19.400000000000006,oncoming,25.0,1,,False,,False,,False,,False,none,,False,,False,0.0
19.500000000000007,oncoming,25.0,1,,False,,False,,False,,False,none,,False,,False,0.0
19.60000000000001,oncoming,25.0,1,,False,,False,,False,,False,none,,False,,False,0.0
19.70000000000001,oncoming,25.0,1,,False,,False,,False,,False,none,,False,,False,0.0
19.80000000000001,oncoming,25.0,1,,False,,False,,False,,False,none,,False,,False,0.0
19.900000000000013,oncoming,25.0,1,,False,,False,,False,,False,none,,False,,False,0.0
20.000000000000014,oncoming,25.0,1,,False,,False,,False,,False,none,,False,,False,0.0
20.100000000000016,oncoming,25.0,1,,False,,False,,False,,False,none,,False,,False,0.0
20.200000000000017,oncoming,25.0,1,,False,,False,,False,,False,none,,False,,False,0.0
20.30000000000002,oncoming,25.0,1,,False,,False,,False,,False,none,,False,,False,0.0
20.40000000000002,oncoming,25.0,1,,False,,False,,False,,False,none,,False,,False,0.0
20.50000000000002,oncoming,25.0,1,,False,,False,,False,,False,none,,False,,False,0.0
20.600000000000023,oncoming,25.0,1,,False,,False,,False,,False,none,,False,,False,0.0
20.700000000000024,oncoming,25.0,1,,False,,False,,False,,False,none,,False,,False,0.0
20.800000000000026,oncoming,25.0,1,,False,,False,,False,,False,none,,False,,False,0.0
20.900000000000027,oncoming,25.0,1,,False,,False,,False,,False,none,,False,,False,0.0
21.00000000000003,oncoming,25.0,1,,False,,False,,False,,False,none,,False,,False,0.0
21.10000000000003,oncoming,25.0,1,,False,,False,,False,,False,none,,False,,False,0.0
21.20000000000003,oncoming,25.0,1,,False,,False,,False,,False,none,,False,,False,0.0
21.300000000000033,oncoming,25.0,1,,False,,False,,False,,False,none,,False,,False,0.0
21.400000000000034,oncoming,25.0,1,,False,,False,,False,,False,none,,False,,False,0.0
21.500000000000036,oncoming,25.0,1,,False,,False,,False,,False,none,,False,,False,0.0
21.600000000000037,oncoming,25.0,1,,False,,False,,False,,False,none,,False,,False,0.0
21.70000000000004,oncoming,25.0,1,,False,,False,,False,,False,none,,False,,False,0.0
21.80000000000004,oncoming,25.0,1,,False,,False,,False,,False,none,,False,,False,0.0
21.90000000000004,oncoming,25.0,1,,False,,False,,False,,False,none,,False,,False,0.0
22.000000000000043,oncoming,25.0,1,,False,,False,,False,,False,none,,False,,False,0.0
22.100000000000044,oncoming,25.0,1,,False,,False,,False,,False,none,,False,,False,0.0
22.200000000000045,oncoming,25.0,1,,False,,False,,False,,False,none,,False,,False,0.0
22.300000000000047,oncoming,25.0,1,,False,,False,,False,,False,none,,False,,False,0.0
22.40000000000005,oncoming,25.0,1,,False,,False,,False,,False,none,,False,,False,0.0
22.50000000000005,oncoming,25.0,1,,False,,False,,False,,False,none,,False,,False,0.0
22.60000000000005,oncoming,25.0,1,,False,,False,,False,,False,none,,False,,False,0.0
22.700000000000053,oncoming,25.0,1,,False,,False,,False,,False,none,,False,,False,0.0
22.800000000000054,oncoming,25.0,1,,False,,False,,False,,False,none,,False,,False,0.0
22.900000000000055,oncoming,25.0,1,,False,,False,,False,,False,none,,False,,False,0.0
23.000000000000057,oncoming,25.0,1,,False,,False,,False,,False,none,,False,,False,0.0
23.10000000000006,oncoming,25.0,1,,False,,False,,False,,False,none,,False,,False,0.0
23.20000000000006,oncoming,25.0,1,,False,,False,,False,,False,none,,False,,False,0.0
23.30000000000006,oncoming,25.0,1,,False,,False,,False,,False,none,,False,,False,0.0
23.400000000000063,oncoming,25.0,1,,False,,False,,False,,False,none,,False,,False,0.0
23.500000000000064,oncoming,25.0,1,,False,,False,,False,,False,none,,False,,False,0.0
23.600000000000065,oncoming,25.0,1,,False,,False,,False,,False,none,,False,,False,0.0
23.700000000000067,oncoming,25.0,1,,False,,False,,False,,False,none,,False,,False,0.0
23.800000000000068,oncoming,25.0,1,,False,,False,,False,,False,none,,False,,False,0.0
23.90000000000007,oncoming,25.0,1,,False,,False,,False,,False,none,,False,,False,0.0
24.00000000000007,oncoming,25.0,1,,False,,False,,False,,False,none,,False,,False,0.0
24.100000000000072,oncoming,25.0,1,,False,,False,,False,,False,none,,False,,False,0.0
24.200000000000074,oncoming,25.0,1,,False,,False,,False,,False,none,,False,,False,0.0
24.300000000000075,oncoming,25.0,1,,False,,False,,False,,False,none,,False,,False,0.0
24.400000000000077,oncoming,25.0,1,,False,,False,,False,,False,none,,False,,False,0.0
24.500000000000078,oncoming,25.0,1,,False,,False,,False,,False,none,,False,,False,0.0
24.60000000000008,oncoming,25.0,1,,False,,False,,False,,False,none,,False,,False,0.0
24.70000000000008,oncoming,25.0,1,,False,,False,,False,,False,none,,False,,False,0.0
24.800000000000082,oncoming,25.0,1,,False,,False,,False,,False,none,,False,,False,0.0
24.900000000000084,oncoming,25.0,1,,False,,False,,False,,False,none,,False,,False,0.0
25.000000000000085,oncoming,25.0,1,,False,,False,,False,,False,none,,False,,False,0.0
25.100000000000087,oncoming,25.0,1,,False,,False,,False,,False,none,,False,,False,0.0
25.200000000000088,oncoming,25.0,1,,False,,False,,False,,False,none,,False,,False,0.0
25.30000000000009,oncoming,25.0,1,,False,,False,,False,,False,none,,False,,False,0.0
25.40000000000009,oncoming,25.0,1,,False,,False,,False,,False,none,,False,,False,0.0
25.500000000000092,oncoming,25.0,1,,False,,False,,False,,False,none,,False,,False,0.0
25.600000000000094,oncoming,25.0,1,,False,,False,,False,,False,none,,False,,False,0.0
25.700000000000095,oncoming,25.0,1,,False,,False,,False,,False,none,,False,,False,0.0
25.800000000000097,oncoming,25.0,1,,False,,False,,False,,False,none,,False,,False,0.0
25.900000000000098,oncoming,25.0,1,,False,,False,,False,,False,none,,False,,False,0.0
26.0000000000001,oncoming,25.0,1,,False,,False,,False,,False,none,,False,,False,0.0
26.1000000000001,oncoming,25.0,1,,False,,False,,False,,False,none,,False,,False,0.0
26.200000000000102,oncoming,25.0,1,,False,,False,,False,,False,none,,False,,False,0.0
26.300000000000104,oncoming,25.0,1,,False,,False,,False,,False,none,,False,,False,0.0
26.400000000000105,oncoming,25.0,1,,False,,False,,False,,False,none,,False,,False,0.0
26.500000000000107,oncoming,25.0,1,,False,,False,,False,,False,none,,False,,False,0.0
26.600000000000108,oncoming,25.0,1,,False,,False,,False,,False,none,,False,,False,0.0
26.70000000000011,oncoming,25.0,1,,False,,False,,False,,False,none,,False,,False,0.0
26.80000000000011,oncoming,25.0,1,,False,,False,,False,,False,none,,False,,False,0.0
26.900000000000112,oncoming,25.0,1,,False,,False,,False,,False,none,,False,,False,0.0
27.000000000000114,oncoming,25.0,1,,False,,False,,False,,False,none,,False,,False,0.0
27.100000000000115,oncoming,25.0,1,,False,,False,,False,,False,none,,False,,False,0.0
27.200000000000117,oncoming,25.0,1,,False,,False,,False,,False,none,,False,,False,0.0
27.300000000000118,oncoming,25.0,1,,False,,False,,False,,False,none,,False,,False,0.0
27.40000000000012,oncoming,25.0,1,,False,,False,,False,,False,none,,False,,False,0.0
27.50000000000012,oncoming,25.0,1,,False,,False,,False,,False,none,,False,,False,0.0
27.600000000000122,oncoming,25.0,1,,False,,False,,False,,False,none,,False,,False,0.0
27.700000000000124,oncoming,25.0,1,,False,,False,,False,,False,none,,False,,False,0.0
27.800000000000125,oncoming,25.0,1,,False,,False,,False,,False,none,,False,,False,0.0
27.900000000000126,oncoming,25.0,1,,False,,False,,False,,False,none,,False,,False,0.0
28.000000000000128,oncoming,25.0,1,,False,,False,,False,,False,none,,False,,False,0.0
28.10000000000013,oncoming,25.0,1,,False,,False,,False,,False,none,,False,,False,0.0
28.20000000000013,oncoming,25.0,1,,False,,False,,False,,False,none,,False,,False,0.0
28.300000000000132,oncoming,25.0,1,,False,,False,,False,,False,none,,False,,False,0.0
28.400000000000134,oncoming,25.0,1,,False,,False,,False,,False,none,,False,,False,0.0
28.500000000000135,oncoming,25.0,1,,False,,False,,False,,False,none,,False,,False,0.0
28.600000000000136,oncoming,25.0,1,,False,,False,,False,,False,none,,False,,False,0.0
28.700000000000138,oncoming,25.0,1,,False,,False,,False,,False,none,,False,,False,0.0
28.80000000000014,oncoming,25.0,1,,False,,False,,False,,False,none,,False,,False,0.0
28.90000000000014,oncoming,25.0,1,,False,,False,,False,,False,none,,False,,False,0.0
29.000000000000142,oncoming,25.0,1,,False,,False,,False,,False,none,,False,,False,0.0
29.100000000000144,oncoming,25.0,1,,False,,False,,False,,False,none,,False,,False,0.0
29.200000000000145,oncoming,25.0,1,,False,,False,,False,,False,none,,False,,False,0.0
29.300000000000146,oncoming,25.0,1,,False,,False,,False,,False,none,,False,,False,0.0
29.400000000000148,oncoming,25.0,1,,False,,False,,False,,False,none,,False,,False,0.0
29.50000000000015,oncoming,25.0,1,,False,,False,,False,,False,none,,False,,False,0.0
29.60000000000015,oncoming,25.0,1,,False,,False,,False,,False,none,,False,,False,0.0
29.700000000000152,oncoming,25.0,1,,False,,False,,False,,False,none,,False,,False,0.0
29.800000000000153,oncoming,25.0,1,,False,,False,,False,,False,none,,False,,False,0.0
29.900000000000155,oncoming,25.0,1,,False,,False,,False,,False,none,,False,,False,0.0
30.000000000000156,oncoming,25.0,1,,False,,False,,False,,False,none,,False,,False,0.0
30.100000000000158,oncoming,25.0,1,,False,,False,,False,,False,none,,False,,False,0.0
30.20000000000016,oncoming,25.0,1,,False,,False,,False,,False,none,,False,,False,0.0
30.30000000000016,oncoming,25.0,1,,False,,False,,False,,False,none,,False,,False,0.0
30.400000000000162,oncoming,25.0,1,,False,,False,,False,,False,none,,False,,False,0.0
30.500000000000163,oncoming,25.0,1,,False,,False,,False,,False,none,,False,,False,0.0
30.600000000000165,oncoming,25.0,1,,False,,False,,False,,False,none,,False,,False,0.0
30.700000000000166,oncoming,25.0,1,,False,,False,,False,,False,none,,False,,False,0.0
30.800000000000168,oncoming,25.0,1,,False,,False,,False,,False,none,,False,,False,0.0
30.90000000000017,oncoming,25.0,1,,False,,False,,False,,False,none,,False,,False,0.0
31.00000000000017,oncoming,25.0,1,,False,,False,,False,,False,none,,False,,False,0.0
31.100000000000172,oncoming,25.0,1,,False,,False,,False,,False,none,,False,,False,0.0
31.200000000000173,oncoming,25.0,1,,False,,False,,False,,False,none,,False,,False,0.0
31.300000000000175,oncoming,25.0,1,,False,,False,,False,,False,none,,False,,False,0.0
31.400000000000176,oncoming,25.0,1,,False,,False,,False,,False,none,,False,,False,0.0
31.500000000000178,oncoming,25.0,1,,False,,False,,False,,False,none,,False,,False,0.0
31.60000000000018,oncoming,25.0,1,,False,,False,,False,,False,none,,False,,False,0.0
31.70000000000018,oncoming,25.0,1,,False,,False,,False,,False,none,,False,,False,0.0
31.800000000000182,oncoming,25.0,1,,False,,False,,False,,False,none,,False,,False,0.0
31.900000000000183,oncoming,25.0,1,,False,,False,,False,,False,none,,False,,False,0.0
32.000000000000185,oncoming,25.0,1,,False,,False,,False,,False,none,,False,,False,0.0
32.100000000000186,oncoming,25.0,1,,False,,False,,False,,False,none,,False,,False,0.0
32.20000000000019,oncoming,25.0,1,,False,,False,,False,,False,none,,False,,False,0.0
32.30000000000019,oncoming,25.0,1,,False,,False,,False,,False,none,,False,,False,0.0
32.40000000000019,oncoming,25.0,1,,False,,False,,False,,False,none,,False,,False,0.0
32.50000000000019,oncoming,25.0,1,,False,,False,,False,,False,none,,False,,False,0.0
32.60000000000019,oncoming,25.0,1,,False,,False,,False,,False,none,,False,,False,0.0
32.700000000000195,oncoming,25.0,1,,False,,False,,False,,False,none,,False,,False,0.0
32.800000000000196,oncoming,25.0,1,,False,,False,,False,,False,none,,False,,False,0.0
32.9000000000002,oncoming,25.0,1,,False,,False,,False,,False,none,,False,,False,0.0
33.0000000000002,oncoming,25.0,1,,False,,False,,False,,False,none,,False,,False,0.0
33.1000000000002,oncoming,25.0,1,,False,,False,,False,,False,none,,False,,False,0.0
33.2000000000002,oncoming,25.0,1,,False,,False,,False,,False,none,,False,,False,0.0
33.3000000000002,oncoming,25.0,1,,False,,False,,False,,False,none,,False,,False,0.0
33.400000000000205,oncoming,25.0,1,,False,,False,,False,,False,none,,False,,False,0.0
33.500000000000206,oncoming,25.0,1,,False,,False,,False,,False,none,,False,,False,0.0
33.60000000000021,oncoming,25.0,1,,False,,False,,False,,False,none,,False,,False,0.0
33.70000000000021,oncoming,25.0,1,,False,,False,,False,,False,none,,False,,False,0.0
33.80000000000021,oncoming,25.0,1,,False,,False,,False,,False,none,,False,,False,0.0
33.90000000000021,oncoming,25.0,1,,False,,False,,False,,False,none,,False,,False,0.0
34.00000000000021,oncoming,25.0,1,,False,,False,,False,,False,none,,False,,False,0.0
34.100000000000215,oncoming,25.0,1,,False,,False,,False,,False,none,,False,,False,0.0
34.200000000000216,oncoming,25.0,1,,False,,False,,False,,False,none,,False,,False,0.0
34.30000000000022,oncoming,25.0,1,,False,,False,,False,,False,none,,False,,False,0.0
34.40000000000022,oncoming,25.0,1,,False,,False,,False,,False,none,,False,,False,0.0
34.50000000000022,oncoming,25.0,1,,False,,False,,False,,False,none,,False,,False,0.0
34.60000000000022,oncoming,25.0,1,,False,,False,,False,,False,none,,False,,False,0.0
34.70000000000022,oncoming,25.0,1,,False,,False,,False,,False,none,,False,,False,0.0
34.800000000000225,oncoming,25.0,1,,False,,False,,False,,False,none,,False,,False,0.0
34.900000000000226,oncoming,25.0,1,,False,,False,,False,,False,none,,False,,False,0.0
35.00000000000023,oncoming,25.0,1,,False,,False,,False,,False,none,,False,,False,0.0
35.10000000000023,oncoming,25.0,1,,False,,False,,False,,False,none,,False,,False,0.0
35.20000000000023,oncoming,25.0,1,,False,,False,,False,,False,none,,False,,False,0.0
35.30000000000023,oncoming,25.0,1,,False,,False,,False,,False,none,,False,,False,0.0
35.40000000000023,oncoming,25.0,1,,False,,False,,False,,False,none,,False,,False,0.0
35.500000000000234,oncoming,25.0,1,,False,,False,,False,,False,none,,False,,False,0.0
35.600000000000236,oncoming,25.0,1,,False,,False,,False,,False,none,,False,,False,0.0
35.70000000000024,oncoming,25.0,1,,False,,False,,False,,False,none,,False,,False,0.0
35.80000000000024,oncoming,25.0,1,,False,,False,,False,,False,none,,False,,False,0.0
35.90000000000024,oncoming,25.0,1,,False,,False,,False,,False,none,,False,,False,0.0
36.00000000000024,oncoming,25.0,1,,False,,False,,False,,False,none,,False,,False,0.0
36.10000000000024,oncoming,25.0,1,,False,,False,,False,,False,none,,False,,False,0.0
36.200000000000244,oncoming,25.0,1,,False,,False,,False,,False,none,,False,,False,0.0
36.300000000000246,oncoming,25.0,1,,False,,False,,False,,False,none,,False,,False,0.0
36.40000000000025,oncoming,25.0,1,,False,,False,,False,,False,none,,False,,False,0.0
36.50000000000025,oncoming,25.0,1,,False,,False,,False,,False,none,,False,,False,0.0
36.60000000000025,oncoming,25.0,1,,False,,False,,False,,False,none,,False,,False,0.0
36.70000000000025,oncoming,25.0,1,,False,,False,,False,,False,none,,False,,False,0.0
36.80000000000025,oncoming,25.0,1,,False,,False,,False,,False,none,,False,,False,0.0
36.900000000000254,oncoming,25.0,1,,False,,False,,False,,False,none,,False,,False,0.0
37.000000000000256,oncoming,25.0,1,,False,,False,,False,,False,none,,False,,False,0.0
37.10000000000026,oncoming,25.0,1,,False,,False,,False,,False,none,,False,,False,0.0
37.20000000000026,oncoming,25.0,1,,False,,False,,False,,False,none,,False,,False,0.0
37.30000000000026,oncoming,25.0,1,,False,,False,,False,,False,none,,False,,False,0.0
37.40000000000026,oncoming,25.0,1,,False,,False,,False,,False,none,,False,,False,0.0
37.50000000000026,oncoming,25.0,1,,False,,False,,False,,False,none,,False,,False,0.0
37.600000000000264,oncoming,25.0,1,,False,,False,,False,,False,none,,False,,False,0.0
37.700000000000266,oncoming,25.0,1,,False,,False,,False,,False,none,,False,,False,0.0
37.80000000000027,oncoming,25.0,1,,False,,False,,False,,False,none,,False,,False,0.0
37.90000000000027,oncoming,25.0,1,,False,,False,,False,,False,none,,False,,False,0.0
38.00000000000027,oncoming,25.0,1,,False,,False,,False,,False,none,,False,,False,0.0
38.10000000000027,oncoming,25.0,1,,False,,False,,False,,False,none,,False,,False,0.0
38.20000000000027,oncoming,25.0,1,,False,,False,,False,,False,none,,False,,False,0.0
38.300000000000274,oncoming,25.0,1,,False,,False,,False,,False,none,,False,,False,0.0
38.400000000000276,oncoming,25.0,1,,False,,False,,False,,False,none,,False,,False,0.0
38.50000000000028,oncoming,25.0,1,,False,,False,,False,,False,none,,False,,False,0.0
38.60000000000028,oncoming,25.0,1,,False,,False,,False,,False,none,,False,,False,0.0
38.70000000000028,oncoming,25.0,1,,False,,False,,False,,False,none,,False,,False,0.0
38.80000000000028,oncoming,25.0,1,,False,,False,,False,,False,none,,False,,False,0.0
38.90000000000028,oncoming,25.0,1,,False,,False,,False,,False,none,,False,,False,0.0
39.000000000000284,oncoming,25.0,1,,False,,False,,False,,False,none,,False,,False,0.0
39.100000000000286,oncoming,25.0,1,,False,,False,,False,,False,none,,False,,False,0.0
39.20000000000029,oncoming,25.0,1,,False,,False,,False,,False,none,,False,,False,0.0
39.30000000000029,oncoming,25.0,1,,False,,False,,False,,False,none,,False,,False,0.0
39.40000000000029,oncoming,25.0,1,,False,,False,,False,,False,none,,False,,False,0.0
39.50000000000029,oncoming,25.0,1,,False,,False,,False,,False,none,,False,,False,0.0
39.60000000000029,oncoming,25.0,1,,False,,False,,False,,False,none,,False,,False,0.0
39.700000000000294,oncoming,25.0,1,,False,,False,,False,,False,none,,False,,False,0.0
39.800000000000296,oncoming,25.0,1,,False,,False,,False,,False,none,,False,,False,0.0
39.9000000000003,oncoming,25.0,1,,False,,False,,False,,False,none,,False,,False,0.0
