time,vehicle_id,speed_mph,lane,radar_dist,radar_attacked,camera_dist,camera_attacked,lidar_dist,lidar_attacked,belief_dist,obstacle_present,belief_source,reacting_to,collision,severity,roundabout_confused,roundabout_excursion_remaining
0.0,follower,30.0,0,95.5,False,95.5,False,,False,95.5,True,camera,vehicle,False,,False,0.0
0.1,follower,30.0,0,95.5,False,95.5,False,,False,95.5,True,camera,vehicle,False,,False,0.0
0.2,follower,30.0,0,95.5,False,95.5,False,,False,95.5,True,camera,vehicle,False,,False,0.0
0.30000000000000004,follower,30.0,0,95.50000000000001,False,95.50000000000001,False,,False,95.50000000000001,True,camera,vehicle,False,,False,0.0
0.4,follower,30.0,0,95.50000000000001,False,95.50000000000001,False,,False,95.50000000000001,True,camera,vehicle,False,,False,0.0
0.5,follower,30.0,0,95.50000000000001,False,95.50000000000001,False,,False,95.50000000000001,True,camera,vehicle,False,,False,0.0
0.6,follower,30.0,0,95.50000000000003,False,95.50000000000003,False,,False,95.50000000000003,True,camera,vehicle,False,,False,0.0
0.7,follower,30.0,0,95.50000000000003,False,95.50000000000003,False,,False,95.50000000000003,True,camera,vehicle,False,,False,0.0
0.7999999999999999,follower,30.0,0,95.50000000000003,False,95.50000000000003,False,,False,95.50000000000003,True,camera,vehicle,False,,False,0.0
0.8999999999999999,follower,30.0,0,95.50000000000003,False,95.50000000000003,False,,False,95.50000000000003,True,camera,vehicle,False,,False,0.0
0.9999999999999999,follower,30.0,0,95.50000000000003,False,95.50000000000003,False,,False,95.50000000000003,True,camera,vehicle,False,,False,0.0
1.0999999999999999,follower,30.0,0,95.50000000000004,False,95.50000000000004,False,,False,95.50000000000004,True,camera,vehicle,False,,False,0.0
1.2,follower,30.0,0,95.50000000000004,False,95.50000000000004,False,,False,95.50000000000004,True,camera,vehicle,False,,False,0.0
1.3,follower,30.0,0,95.50000000000004,False,95.50000000000004,False,,False,95.50000000000004,True,camera,vehicle,False,,False,0.0
1.4000000000000001,follower,30.0,0,95.50000000000006,False,95.50000000000006,False,,False,95.50000000000006,True,camera,vehicle,False,,False,0.0
1.5000000000000002,follower,30.0,0,95.50000000000006,False,95.50000000000006,False,,False,95.50000000000006,True,camera,vehicle,False,,False,0.0
1.6000000000000003,follower,30.0,0,95.50000000000006,False,95.50000000000006,False,,False,95.50000000000006,True,camera,vehicle,False,,False,0.0
1.7000000000000004,follower,30.0,0,95.50000000000006,False,95.50000000000006,False,,False,95.50000000000006,True,camera,vehicle,False,,False,0.0
1.8000000000000005,follower,30.0,0,95.50000000000006,False,95.50000000000006,False,,False,95.50000000000006,True,camera,vehicle,False,,False,0.0
1.9000000000000006,follower,30.0,0,95.50000000000007,False,95.50000000000007,False,,False,95.50000000000007,True,camera,vehicle,False,,False,0.0
2.0000000000000004,follower,30.0,0,95.50000000000007,False,95.50000000000007,False,,False,95.50000000000007,True,camera,vehicle,False,,False,0.0
2.1000000000000005,follower,30.0,0,95.50000000000006,False,95.50000000000006,False,,False,95.50000000000006,True,camera,vehicle,False,,False,0.0
2.2000000000000006,follower,30.0,0,95.50000000000006,False,95.50000000000006,False,,False,95.50000000000006,True,camera,vehicle,False,,False,0.0
2.3000000000000007,follower,30.0,0,95.50000000000004,False,95.50000000000004,False,,False,95.50000000000004,True,camera,vehicle,False,,False,0.0
2.400000000000001,follower,30.0,0,95.50000000000003,False,95.50000000000003,False,,False,95.50000000000003,True,camera,vehicle,False,,False,0.0
2.500000000000001,follower,30.0,0,95.50000000000001,False,95.50000000000001,False,,False,95.50000000000001,True,camera,vehicle,False,,False,0.0
2.600000000000001,follower,30.0,0,95.5,False,95.5,False,,False,95.5,True,camera,vehicle,False,,False,0.0
2.700000000000001,follower,30.0,0,95.49999999999999,False,95.49999999999999,False,,False,95.49999999999999,True,camera,vehicle,False,,False,0.0
2.800000000000001,follower,30.0,0,95.49999999999997,False,95.49999999999997,False,,False,95.49999999999997,True,camera,vehicle,False,,False,0.0
2.9000000000000012,follower,30.0,0,95.49999999999996,False,95.49999999999996,False,,False,95.49999999999996,True,camera,vehicle,False,,False,0.0
3.0000000000000013,follower,30.0,0,95.49999999999994,False,95.49999999999994,False,,False,95.49999999999994,True,camera,vehicle,False,,False,0.0
3.1000000000000014,follower,30.0,0,95.49999999999993,False,95.49999999999993,False,,False,95.49999999999993,True,camera,vehicle,False,,False,0.0
3.2000000000000015,follower,30.0,0,95.49999999999991,False,95.49999999999991,False,,False,95.49999999999991,True,camera,vehicle,False,,False,0.0
3.3000000000000016,follower,30.0,0,95.4999999999999,False,95.4999999999999,False,,False,95.4999999999999,True,camera,vehicle,False,,False,0.0
3.4000000000000017,follower,30.0,0,95.49999999999989,False,95.49999999999989,False,,False,95.49999999999989,True,camera,vehicle,False,,False,0.0
3.5000000000000018,follower,30.0,0,95.49999999999987,False,95.49999999999987,False,,False,95.49999999999987,True,camera,vehicle,False,,False,0.0
3.600000000000002,follower,30.0,0,95.49999999999986,False,95.49999999999986,False,,False,95.49999999999986,True,camera,vehicle,False,,False,0.0
3.700000000000002,follower,30.0,0,95.49999999999984,False,95.49999999999984,False,,False,95.49999999999984,True,camera,vehicle,False,,False,0.0
3.800000000000002,follower,30.0,0,95.49999999999983,False,95.49999999999983,False,,False,95.49999999999983,True,camera,vehicle,False,,False,0.0
3.900000000000002,follower,30.0,0,95.49999999999982,False,95.49999999999982,False,,False,95.49999999999982,True,camera,vehicle,False,,False,0.0
4.000000000000002,follower,30.0,0,95.4999999999998,False,95.4999999999998,False,,False,95.4999999999998,True,camera,vehicle,False,,False,0.0
4.100000000000001,follower,30.0,0,95.49999999999979,False,95.49999999999979,False,,False,95.49999999999979,True,camera,vehicle,False,,False,0.0
4.200000000000001,follower,30.0,0,95.49999999999977,False,95.49999999999977,False,,False,95.49999999999977,True,camera,vehicle,False,,False,0.0
4.300000000000001,follower,30.0,0,95.49999999999976,False,95.49999999999976,False,,False,95.49999999999976,True,camera,vehicle,False,,False,0.0
4.4,follower,30.0,0,95.49999999999974,False,95.49999999999974,False,,False,95.49999999999974,True,camera,vehicle,False,,False,0.0
4.5,follower,30.0,0,95.49999999999973,False,95.49999999999973,False,,False,95.49999999999973,True,camera,vehicle,False,,False,0.0
4.6,follower,30.0,0,95.49999999999972,False,95.49999999999972,False,,False,95.49999999999972,True,camera,vehicle,False,,False,0.0
4.699999999999999,follower,30.0,0,95.4999999999997,False,95.4999999999997,False,,False,95.4999999999997,True,camera,vehicle,False,,False,0.0
4.799999999999999,follower,30.0,0,95.49999999999969,False,95.49999999999969,False,,False,95.49999999999969,True,camera,vehicle,False,,False,0.0
4.899999999999999,follower,30.0,0,95.49999999999967,False,95.49999999999967,False,,False,95.49999999999967,True,camera,vehicle,False,,False,0.0
4.999999999999998,follower,30.0,0,95.49999999999966,False,95.49999999999966,False,,False,95.49999999999966,True,camera,vehicle,False,,False,0.0
5.099999999999998,follower,30.0,0,95.49999999999964,False,95.49999999999964,False,,False,95.49999999999964,True,camera,vehicle,False,,False,0.0
5.1999999999999975,follower,30.0,0,95.49999999999963,False,95.49999999999963,False,,False,95.49999999999963,True,camera,vehicle,False,,False,0.0
5.299999999999997,follower,30.0,0,95.49999999999962,False,95.49999999999962,False,,False,95.49999999999962,True,camera,vehicle,False,,False,0.0
5.399999999999997,follower,30.0,0,95.4999999999996,False,95.4999999999996,False,,False,95.4999999999996,True,camera,vehicle,False,,False,0.0
5.4999999999999964,follower,30.0,0,95.49999999999959,False,95.49999999999959,False,,False,95.49999999999959,True,camera,vehicle,False,,False,0.0
5.599999999999996,follower,30.0,0,95.49999999999957,False,95.49999999999957,False,,False,95.49999999999957,True,camera,vehicle,False,,False,0.0
5.699999999999996,follower,30.0,0,95.49999999999956,False,95.49999999999956,False,,False,95.49999999999956,True,camera,vehicle,False,,False,0.0
5.799999999999995,follower,30.0,0,95.49999999999955,False,95.49999999999955,False,,False,95.49999999999955,True,camera,vehicle,False,,False,0.0
5.899999999999995,follower,30.0,0,95.49999999999953,False,95.49999999999953,False,,False,95.49999999999953,True,camera,vehicle,False,,False,0.0
5.999999999999995,follower,30.0,0,95.49999999999952,False,95.49999999999952,False,,False,95.49999999999952,True,camera,vehicle,False,,False,0.0
6.099999999999994,follower,30.0,0,95.4999999999995,False,95.4999999999995,False,,False,95.4999999999995,True,camera,vehicle,False,,False,0.0
6.199999999999994,follower,30.0,0,95.49999999999949,False,95.49999999999949,False,,False,95.49999999999949,True,camera,vehicle,False,,False,0.0
6.299999999999994,follower,30.0,0,95.49999999999947,False,95.49999999999947,False,,False,95.49999999999947,True,camera,vehicle,False,,False,0.0
6.399999999999993,follower,30.0,0,95.49999999999946,False,95.49999999999946,False,,False,95.49999999999946,True,camera,vehicle,False,,False,0.0
6.499999999999993,follower,30.0,0,95.49999999999945,False,95.49999999999945,False,,False,95.49999999999945,True,camera,vehicle,False,,False,0.0
6.5999999999999925,follower,30.0,0,95.49999999999943,False,95.49999999999943,False,,False,95.49999999999943,True,camera,vehicle,False,,False,0.0
6.699999999999992,follower,30.0,0,95.49999999999942,False,95.49999999999942,False,,False,95.49999999999942,True,camera,vehicle,False,,False,0.0
6.799999999999992,follower,30.0,0,95.4999999999994,False,95.4999999999994,False,,False,95.4999999999994,True,camera,vehicle,False,,False,0.0
6.8999999999999915,follower,30.0,0,95.49999999999939,False,95.49999999999939,False,,False,95.49999999999939,True,camera,vehicle,False,,False,0.0
6.999999999999991,follower,30.0,0,95.49999999999937,False,95.49999999999937,False,,False,95.49999999999937,True,camera,vehicle,False,,False,0.0
7.099999999999991,follower,30.0,0,95.49999999999936,False,95.49999999999936,False,,False,95.49999999999936,True,camera,vehicle,False,,False,0.0
7.19999999999999,follower,30.0,0,95.49999999999935,False,95.49999999999935,False,,False,95.49999999999935,True,camera,vehicle,False,,False,0.0
7.29999999999999,follower,30.0,0,95.49999999999933,False,95.49999999999933,False,,False,95.49999999999933,True,camera,vehicle,False,,False,0.0
7.39999999999999,follower,30.0,0,95.49999999999932,False,95.49999999999932,False,,False,95.49999999999932,True,camera,vehicle,False,,False,0.0
7.499999999999989,follower,30.0,0,95.4999999999993,False,95.4999999999993,False,,False,95.4999999999993,True,camera,vehicle,False,,False,0.0
7.599999999999989,follower,30.0,0,95.49999999999929,False,95.49999999999929,False,,False,95.49999999999929,True,camera,vehicle,False,,False,0.0
7.699999999999989,follower,30.0,0,95.49999999999928,False,95.49999999999928,False,,False,95.49999999999928,True,camera,vehicle,False,,False,0.0
7.799999999999988,follower,30.0,0,95.49999999999926,False,95.49999999999926,False,,False,95.49999999999926,True,camera,vehicle,False,,False,0.0
7.899999999999988,follower,30.0,0,95.49999999999925,False,95.49999999999925,False,,False,95.49999999999925,True,camera,vehicle,False,,False,0.0
7.999999999999988,follower,30.0,0,95.49999999999923,False,95.49999999999923,False,,False,95.49999999999923,True,camera,vehicle,False,,False,0.0
8.099999999999987,follower,30.0,0,95.49999999999922,False,95.49999999999922,False,,False,95.49999999999922,True,camera,vehicle,False,,False,0.0
8.199999999999987,follower,30.0,0,95.4999999999992,False,95.4999999999992,False,,False,95.4999999999992,True,camera,vehicle,False,,False,0.0
8.299999999999986,follower,30.0,0,95.49999999999919,False,95.49999999999919,False,,False,95.49999999999919,True,camera,vehicle,False,,False,0.0
8.399999999999986,follower,30.0,0,95.49999999999918,False,95.49999999999918,False,,False,95.49999999999918,True,camera,vehicle,False,,False,0.0
8.499999999999986,follower,30.0,0,95.49999999999916,False,95.49999999999916,False,,False,95.49999999999916,True,camera,vehicle,False,,False,0.0
8.599999999999985,follower,30.0,0,95.49999999999915,False,95.49999999999915,False,,False,95.49999999999915,True,camera,vehicle,False,,False,0.0
8.699999999999985,follower,30.0,0,95.49999999999913,False,95.49999999999913,False,,False,95.49999999999913,True,camera,vehicle,False,,False,0.0
8.799999999999985,follower,30.0,0,95.49999999999912,False,95.49999999999912,False,,False,95.49999999999912,True,camera,vehicle,False,,False,0.0
8.899999999999984,follower,30.0,0,95.4999999999991,False,95.4999999999991,False,,False,95.4999999999991,True,camera,vehicle,False,,False,0.0
8.999999999999984,follower,30.0,0,95.49999999999909,False,95.49999999999909,False,,False,95.49999999999909,True,camera,vehicle,False,,False,0.0
9.099999999999984,follower,30.0,0,95.49999999999908,False,95.49999999999908,False,,False,95.49999999999908,True,camera,vehicle,False,,False,0.0
9.199999999999983,follower,30.0,0,95.49999999999906,False,95.49999999999906,False,,False,95.49999999999906,True,camera,vehicle,False,,False,0.0
9.299999999999983,follower,30.0,0,95.49999999999905,False,95.49999999999905,False,,False,95.49999999999905,True,camera,vehicle,False,,False,0.0
9.399999999999983,follower,30.0,0,95.49999999999903,False,95.49999999999903,False,,False,95.49999999999903,True,camera,vehicle,False,,False,0.0
9.499999999999982,follower,30.0,0,95.49999999999902,False,95.49999999999902,False,,False,95.49999999999902,True,camera,vehicle,False,,False,0.0
9.599999999999982,follower,30.0,0,95.499999999999,False,95.499999999999,False,,False,95.499999999999,True,camera,vehicle,False,,False,0.0
9.699999999999982,follower,30.0,0,95.499999999999,False,95.499999999999,False,,False,95.499999999999,True,camera,vehicle,False,,False,0.0
9.799999999999981,follower,30.0,0,95.499999999999,False,95.499999999999,False,,False,95.499999999999,True,camera,vehicle,False,,False,0.0
9.89999999999998,follower,30.0,0,95.499999999999,False,95.499999999999,False,,False,95.499999999999,True,camera,vehicle,False,,False,0.0
9.99999999999998,follower,30.0,0,95.499999999999,False,95.499999999999,False,,False,95.499999999999,True,camera,vehicle,False,,False,0.0
10.09999999999998,follower,30.0,0,95.499999999999,False,95.499999999999,False,,False,95.499999999999,True,camera,vehicle,False,,False,0.0
10.19999999999998,follower,30.0,0,95.499999999999,False,95.499999999999,False,,False,95.499999999999,True,camera,vehicle,False,,False,0.0
10.29999999999998,follower,30.0,0,95.499999999999,False,95.499999999999,False,,False,95.499999999999,True,camera,vehicle,False,,False,0.0
10.399999999999979,follower,30.0,0,95.499999999999,False,95.499999999999,False,,False,95.499999999999,True,camera,vehicle,False,,False,0.0
10.499999999999979,follower,30.0,0,95.499999999999,False,95.499999999999,False,,False,95.499999999999,True,camera,vehicle,False,,False,0.0
10.599999999999978,follower,30.0,0,95.499999999999,False,95.499999999999,False,,False,95.499999999999,True,camera,vehicle,False,,False,0.0
10.699999999999978,follower,30.0,0,95.499999999999,False,95.499999999999,False,,False,95.499999999999,True,camera,vehicle,False,,False,0.0
10.799999999999978,follower,30.0,0,95.499999999999,False,95.499999999999,False,,False,95.499999999999,True,camera,vehicle,False,,False,0.0
10.899999999999977,follower,30.0,0,95.499999999999,False,95.499999999999,False,,False,95.499999999999,True,camera,vehicle,False,,False,0.0
10.999999999999977,follower,30.0,0,95.499999999999,False,95.499999999999,False,,False,95.499999999999,True,camera,vehicle,False,,False,0.0
11.099999999999977,follower,30.0,0,95.499999999999,False,95.499999999999,False,,False,95.499999999999,True,camera,vehicle,False,,False,0.0
11.199999999999976,follower,30.0,0,95.499999999999,False,95.499999999999,False,,False,95.499999999999,True,camera,vehicle,False,,False,0.0
11.299999999999976,follower,30.0,0,95.499999999999,False,95.499999999999,False,,False,95.499999999999,True,camera,vehicle,False,,False,0.0
11.399999999999975,follower,30.0,0,95.499999999999,False,95.499999999999,False,,False,95.499999999999,True,camera,vehicle,False,,False,0.0
11.499999999999975,follower,30.0,0,95.499999999999,False,95.499999999999,False,,False,95.499999999999,True,camera,vehicle,False,,False,0.0
11.599999999999975,follower,30.0,0,95.499999999999,False,95.499999999999,False,,False,95.499999999999,True,camera,vehicle,False,,False,0.0
11.699999999999974,follower,30.0,0,95.499999999999,False,95.499999999999,False,,False,95.499999999999,True,camera,vehicle,False,,False,0.0
11.799999999999974,follower,30.0,0,95.499999999999,False,95.499999999999,False,,False,95.499999999999,True,camera,vehicle,False,,False,0.0
11.899999999999974,follower,30.0,0,95.499999999999,False,95.499999999999,False,,False,95.499999999999,True,camera,vehicle,False,,False,0.0
11.999999999999973,follower,30.0,0,95.499999999999,False,95.499999999999,False,,False,95.499999999999,True,camera,vehicle,False,,False,0.0
12.099999999999973,follower,30.0,0,95.499999999999,False,95.499999999999,False,,False,95.499999999999,True,camera,vehicle,False,,False,0.0
12.199999999999973,follower,30.0,0,95.499999999999,False,95.499999999999,False,,False,95.499999999999,True,camera,vehicle,False,,False,0.0
12.299999999999972,follower,30.0,0,95.499999999999,False,95.499999999999,False,,False,95.499999999999,True,camera,vehicle,False,,False,0.0
12.399999999999972,follower,30.0,0,95.499999999999,False,95.499999999999,False,,False,95.499999999999,True,camera,vehicle,False,,False,0.0
12.499999999999972,follower,30.0,0,95.499999999999,False,95.499999999999,False,,False,95.499999999999,True,camera,vehicle,False,,False,0.0
12.599999999999971,follower,30.0,0,95.499999999999,False,95.499999999999,False,,False,95.499999999999,True,camera,vehicle,False,,False,0.0
12.69999999999997,follower,30.0,0,95.499999999999,False,95.499999999999,False,,False,95.499999999999,True,camera,vehicle,False,,False,0.0
12.79999999999997,follower,30.0,0,95.499999999999,False,95.499999999999,False,,False,95.499999999999,True,camera,vehicle,False,,False,0.0
12.89999999999997,follower,30.0,0,95.499999999999,False,95.499999999999,False,,False,95.499999999999,True,camera,vehicle,False,,False,0.0
12.99999999999997,follower,30.0,0,95.499999999999,False,95.499999999999,False,,False,95.499999999999,True,camera,vehicle,False,,False,0.0
13.09999999999997,follower,30.0,0,95.499999999999,False,95.499999999999,False,,False,95.499999999999,True,camera,vehicle,False,,False,0.0
13.199999999999969,follower,30.0,0,95.499999999999,False,95.499999999999,False,,False,95.499999999999,True,camera,vehicle,False,,False,0.0
13.299999999999969,follower,30.0,0,95.499999999999,False,95.499999999999,False,,False,95.499999999999,True,camera,vehicle,False,,False,0.0
13.399999999999968,follower,30.0,0,95.499999999999,False,95.499999999999,False,,False,95.499999999999,True,camera,vehicle,False,,False,0.0
13.499999999999968,follower,30.0,0,95.499999999999,False,95.499999999999,False,,False,95.499999999999,True,camera,vehicle,False,,False,0.0
13.599999999999968,follower,30.0,0,95.499999999999,False,95.499999999999,False,,False,95.499999999999,True,camera,vehicle,False,,False,0.0
13.699999999999967,follower,30.0,0,95.499999999999,False,95.499999999999,False,,False,95.499999999999,True,camera,vehicle,False,,False,0.0
13.799999999999967,follower,30.0,0,95.499999999999,False,95.499999999999,False,,False,95.499999999999,True,camera,vehicle,False,,False,0.0
13.899999999999967,follower,30.0,0,95.499999999999,False,95.499999999999,False,,False,95.499999999999,True,camera,vehicle,False,,False,0.0
13.999999999999966,follower,30.0,0,95.499999999999,False,95.499999999999,False,,False,95.499999999999,True,camera,vehicle,False,,False,0.0
14.099999999999966,follower,30.0,0,95.499999999999,False,95.499999999999,False,,False,95.499999999999,True,camera,vehicle,False,,False,0.0
14.199999999999966,follower,30.0,0,95.499999999999,False,95.499999999999,False,,False,95.499999999999,True,camera,vehicle,False,,False,0.0
14.299999999999965,follower,30.0,0,95.499999999999,False,95.499999999999,False,,False,95.499999999999,True,camera,vehicle,False,,False,0.0
14.399999999999965,follower,30.0,0,95.499999999999,False,95.499999999999,False,,False,95.499999999999,True,camera,vehicle,False,,False,0.0
14.499999999999964,follower,30.0,0,95.499999999999,False,95.499999999999,False,,False,95.499999999999,True,camera,vehicle,False,,False,0.0
14.599999999999964,follower,30.0,0,95.499999999999,False,95.499999999999,False,,False,95.499999999999,True,camera,vehicle,False,,False,0.0
14.699999999999964,follower,30.0,0,95.499999999999,False,95.499999999999,False,,False,95.499999999999,True,camera,vehicle,False,,False,0.0
14.799999999999963,follower,30.0,0,95.499999999999,False,95.499999999999,False,,False,95.499999999999,True,camera,vehicle,False,,False,0.0
14.899999999999963,follower,30.0,0,95.499999999999,False,95.499999999999,False,,False,95.499999999999,True,camera,vehicle,False,,False,0.0
14.999999999999963,follower,30.0,0,95.499999999999,False,95.499999999999,False,,False,95.499999999999,True,camera,vehicle,False,,False,0.0
15.099999999999962,follower,30.0,0,95.499999999999,False,95.499999999999,False,,False,95.499999999999,True,camera,vehicle,False,,False,0.0
15.199999999999962,follower,30.0,0,95.499999999999,False,95.499999999999,False,,False,95.499999999999,True,camera,vehicle,False,,False,0.0
15.299999999999962,follower,30.0,0,95.499999999999,False,95.499999999999,False,,False,95.499999999999,True,camera,vehicle,False,,False,0.0
15.399999999999961,follower,30.0,0,95.499999999999,False,95.499999999999,False,,False,95.499999999999,True,camera,vehicle,False,,False,0.0
15.499999999999961,follower,30.0,0,95.499999999999,False,95.499999999999,False,,False,95.499999999999,True,camera,vehicle,False,,False,0.0
15.59999999999996,follower,30.0,0,95.499999999999,False,95.499999999999,False,,False,95.499999999999,True,camera,vehicle,False,,False,0.0
15.69999999999996,follower,30.0,0,95.499999999999,False,95.499999999999,False,,False,95.499999999999,True,camera,vehicle,False,,False,0.0
15.79999999999996,follower,30.0,0,95.499999999999,False,95.499999999999,False,,False,95.499999999999,True,camera,vehicle,False,,False,0.0
15.89999999999996,follower,30.0,0,95.499999999999,False,95.499999999999,False,,False,95.499999999999,True,camera,vehicle,False,,False,0.0
15.99999999999996,follower,30.0,0,95.499999999999,False,95.499999999999,False,,False,95.499999999999,True,camera,vehicle,False,,False,0.0
16.09999999999996,follower,30.0,0,95.499999999999,False,95.499999999999,False,,False,95.499999999999,True,camera,vehicle,False,,False,0.0
16.19999999999996,follower,30.0,0,95.499999999999,False,95.499999999999,False,,False,95.499999999999,True,camera,vehicle,False,,False,0.0
16.29999999999996,follower,30.0,0,95.499999999999,False,95.499999999999,False,,False,95.499999999999,True,camera,vehicle,False,,False,0.0
16.399999999999963,follower,30.0,0,95.499999999999,False,95.499999999999,False,,False,95.499999999999,True,camera,vehicle,False,,False,0.0
16.499999999999964,follower,30.0,0,95.499999999999,False,95.499999999999,False,,False,95.499999999999,True,camera,vehicle,False,,False,0.0
16.599999999999966,follower,30.0,0,95.499999999999,False,95.499999999999,False,,False,95.499999999999,True,camera,vehicle,False,,False,0.0
16.699999999999967,follower,30.0,0,95.499999999999,False,95.499999999999,False,,False,95.499999999999,True,camera,vehicle,False,,False,0.0
16.79999999999997,follower,30.0,0,95.499999999999,False,95.499999999999,False,,False,95.499999999999,True,camera,vehicle,False,,False,0.0
16.89999999999997,follower,30.0,0,95.499999999999,False,95.499999999999,False,,False,95.499999999999,True,camera,vehicle,False,,False,0.0
16.99999999999997,follower,30.0,0,95.499999999999,False,95.499999999999,False,,False,95.499999999999,True,camera,vehicle,False,,False,0.0
17.099999999999973,follower,30.0,0,95.499999999999,False,95.499999999999,False,,False,95.499999999999,True,camera,vehicle,False,,False,0.0
17.199999999999974,follower,30.0,0,95.499999999999,False,95.499999999999,False,,False,95.499999999999,True,camera,vehicle,False,,False,0.0
17.299999999999976,follower,30.0,0,95.499999999999,False,95.499999999999,False,,False,95.499999999999,True,camera,vehicle,False,,False,0.0
17.399999999999977,follower,30.0,0,95.499999999999,False,95.499999999999,False,,False,95.499999999999,True,camera,vehicle,False,,False,0.0
17.49999999999998,follower,30.0,0,95.499999999999,False,95.499999999999,False,,False,95.499999999999,True,camera,vehicle,False,,False,0.0
17.59999999999998,follower,30.0,0,95.499999999999,False,95.499999999999,False,,False,95.499999999999,True,camera,vehicle,False,,False,0.0
17.69999999999998,follower,30.0,0,95.499999999999,False,95.499999999999,False,,False,95.499999999999,True,camera,vehicle,False,,False,0.0
17.799999999999983,follower,30.0,0,95.499999999999,False,95.499999999999,False,,False,95.499999999999,True,camera,vehicle,False,,False,0.0
17.899999999999984,follower,30.0,0,95.499999999999,False,95.499999999999,False,,False,95.499999999999,True,camera,vehicle,False,,False,0.0
17.999999999999986,follower,30.0,0,95.499999999999,False,95.499999999999,False,,False,95.499999999999,True,camera,vehicle,False,,False,0.0
18.099999999999987,follower,30.0,0,95.499999999999,False,95.499999999999,False,,False,95.499999999999,True,camera,vehicle,False,,False,0.0
18.19999999999999,follower,30.0,0,95.499999999999,False,95.499999999999,False,,False,95.499999999999,True,camera,vehicle,False,,False,0.0
18.29999999999999,follower,30.0,0,95.499999999999,False,95.499999999999,False,,False,95.499999999999,True,camera,vehicle,False,,False,0.0
18.39999999999999,follower,30.0,0,95.499999999999,False,95.499999999999,False,,False,95.499999999999,True,camera,vehicle,False,,False,0.0
18.499999999999993,follower,30.0,0,95.499999999999,False,95.499999999999,False,,False,95.499999999999,True,camera,vehicle,False,,False,0.0
18.599999999999994,follower,30.0,0,95.499999999999,False,95.499999999999,False,,False,95.499999999999,True,camera,vehicle,False,,False,0.0
18.699999999999996,follower,30.0,0,95.499999999999,False,95.499999999999,False,,False,95.499999999999,True,camera,vehicle,False,,False,0.0
18.799999999999997,follower,30.0,0,95.499999999999,False,95.499999999999,False,,False,95.499999999999,True,camera,vehicle,False,,False,0.0
18.9,follower,30.0,0,95.499999999999,False,95.499999999999,False,,False,95.499999999999,True,camera,vehicle,False,,False,0.0
19.0,follower,30.0,0,95.499999999999,False,95.499999999999,False,,False,95.499999999999,True,camera,vehicle,False,,False,0.0
19.1,follower,30.0,0,95.49999999999898,False,95.49999999999898,False,,False,95.49999999999898,True,camera,vehicle,False,,False,0.0
19.200000000000003,follower,30.0,0,95.49999999999898,False,95.49999999999898,False,,False,95.49999999999898,True,camera,vehicle,False,,False,0.0
19.300000000000004,follower,30.0,0,95.49999999999898,False,95.49999999999898,False,,False,95.49999999999898,True,camera,vehicle,False,,False,0.0
19.400000000000006,follower,30.0,0,95.49999999999898,False,95.49999999999898,False,,False,95.49999999999898,True,camera,vehicle,False,,False,0.0
19.500000000000007,follower,30.0,0,95.49999999999898,False,95.49999999999898,False,,False,95.49999999999898,True,camera,vehicle,False,,False,0.0
19.60000000000001,follower,30.0,0,95.49999999999898,False,95.49999999999898,False,,False,95.49999999999898,True,camera,vehicle,False,,False,0.0
19.70000000000001,follower,30.0,0,95.49999999999898,False,95.49999999999898,False,,False,95.49999999999898,True,camera,vehicle,False,,False,0.0
19.80000000000001,follower,30.0,0,95.49999999999898,False,95.49999999999898,False,,False,95.49999999999898,True,camera,vehicle,False,,False,0.0
19.900000000000013,follower,30.0,0,95.49999999999898,False,95.49999999999898,False,,False,95.49999999999898,True,camera,vehicle,False,,False,0.0
20.000000000000014,follower,30.0,0,95.49999999999898,False,95.49999999999898,False,,False,95.49999999999898,True,camera,vehicle,False,,False,0.0
20.100000000000016,follower,30.0,0,95.49999999999898,False,95.49999999999898,False,,False,95.49999999999898,True,camera,vehicle,False,,False,0.0
20.200000000000017,follower,30.0,0,95.49999999999898,False,95.49999999999898,False,,False,95.49999999999898,True,camera,vehicle,False,,False,0.0
20.30000000000002,follower,30.0,0,95.49999999999898,False,95.49999999999898,False,,False,95.49999999999898,True,camera,vehicle,False,,False,0.0
20.40000000000002,follower,30.0,0,95.49999999999898,False,95.49999999999898,False,,False,95.49999999999898,True,camera,vehicle,False,,False,0.0
20.50000000000002,follower,30.0,0,95.49999999999898,False,95.49999999999898,False,,False,95.49999999999898,True,camera,vehicle,False,,False,0.0
20.600000000000023,follower,30.0,0,95.49999999999898,False,95.49999999999898,False,,False,95.49999999999898,True,camera,vehicle,False,,False,0.0
20.700000000000024,follower,30.0,0,95.49999999999898,False,95.49999999999898,False,,False,95.49999999999898,True,camera,vehicle,False,,False,0.0
20.800000000000026,follower,30.0,0,95.49999999999898,False,95.49999999999898,False,,False,95.49999999999898,True,camera,vehicle,False,,False,0.0
20.900000000000027,follower,30.0,0,95.49999999999898,False,95.49999999999898,False,,False,95.49999999999898,True,camera,vehicle,False,,False,0.0
21.00000000000003,follower,30.0,0,95.49999999999898,False,95.49999999999898,False,,False,95.49999999999898,True,camera,vehicle,False,,False,0.0
21.10000000000003,follower,30.0,0,95.49999999999898,False,95.49999999999898,False,,False,95.49999999999898,True,camera,vehicle,False,,False,0.0
21.20000000000003,follower,30.0,0,95.49999999999898,False,95.49999999999898,False,,False,95.49999999999898,True,camera,vehicle,False,,False,0.0
21.300000000000033,follower,30.0,0,95.49999999999898,False,95.49999999999898,False,,False,95.49999999999898,True,camera,vehicle,False,,False,0.0
21.400000000000034,follower,30.0,0,95.49999999999898,False,95.49999999999898,False,,False,95.49999999999898,True,camera,vehicle,False,,False,0.0
21.500000000000036,follower,30.0,0,95.49999999999898,False,95.49999999999898,False,,False,95.49999999999898,True,camera,vehicle,False,,False,0.0
21.600000000000037,follower,30.0,0,95.49999999999898,False,95.49999999999898,False,,False,95.49999999999898,True,camera,vehicle,False,,False,0.0
21.70000000000004,follower,30.0,0,95.49999999999898,False,95.49999999999898,False,,False,95.49999999999898,True,camera,vehicle,False,,False,0.0
21.80000000000004,follower,30.0,0,95.49999999999898,False,95.49999999999898,False,,False,95.49999999999898,True,camera,vehicle,False,,False,0.0
21.90000000000004,follower,30.0,0,95.49999999999898,False,95.49999999999898,False,,False,95.49999999999898,True,camera,vehicle,False,,False,0.0
22.000000000000043,follower,30.0,0,84.03323267949071,False,84.03323267949071,False,,False,84.03323267949071,True,camera,traffic_light,False,,False,0.0
22.100000000000044,follower,30.0,0,82.69211267949072,False,82.69211267949072,False,,False,82.69211267949072,True,camera,traffic_light,False,,False,0.0
22.200000000000045,follower,30.0,0,81.35099267949073,False,81.35099267949073,False,,False,81.35099267949073,True,camera,traffic_light,False,,False,0.0
22.300000000000047,follower,30.0,0,80.00987267949074,False,80.00987267949074,False,,False,80.00987267949074,True,camera,traffic_light,False,,False,0.0
22.40000000000005,follower,30.0,0,78.66875267949075,False,78.66875267949075,False,78.66875267949075,False,78.66875267949075,True,camera,traffic_light,False,,False,0.0
22.50000000000005,follower,30.0,0,77.32763267949076,False,77.32763267949076,False,77.32763267949076,False,77.32763267949076,True,camera,traffic_light,False,,False,0.0
22.60000000000005,follower,30.0,0,75.98651267949077,False,75.98651267949077,False,75.98651267949077,False,75.98651267949077,True,camera,traffic_light,False,,False,0.0
22.700000000000053,follower,30.0,0,74.64539267949078,False,74.64539267949078,False,74.64539267949078,False,74.64539267949078,True,camera,traffic_light,False,,False,0.0
22.800000000000054,follower,30.0,0,73.3042726794908,False,73.3042726794908,False,73.3042726794908,False,73.3042726794908,True,camera,traffic_light,False,,False,0.0
22.900000000000055,follower,30.0,0,71.9631526794908,False,71.9631526794908,False,71.9631526794908,False,71.9631526794908,True,camera,traffic_light,False,,False,0.0
23.000000000000057,follower,30.0,0,70.62203267949081,False,70.62203267949081,False,70.62203267949081,False,70.62203267949081,True,camera,traffic_light,False,,False,0.0
23.10000000000006,follower,30.0,0,69.28091267949083,False,69.28091267949083,False,69.28091267949083,False,69.28091267949083,True,camera,traffic_light,False,,False,0.0
23.20000000000006,follower,30.0,0,67.93979267949084,False,67.93979267949084,False,67.93979267949084,False,67.93979267949084,True,camera,traffic_light,False,,False,0.0
23.30000000000006,follower,30.0,0,66.59867267949085,False,66.59867267949085,False,66.59867267949085,False,66.59867267949085,True,camera,traffic_light,False,,False,0.0
23.400000000000063,follower,30.0,0,65.25755267949086,False,65.25755267949086,False,65.25755267949086,False,65.25755267949086,True,camera,traffic_light,False,,False,0.0
23.500000000000064,follower,30.0,0,63.91643267949087,False,63.91643267949087,False,63.91643267949087,False,63.91643267949087,True,camera,traffic_light,False,,False,0.0
23.600000000000065,follower,30.0,0,62.57531267949088,False,62.57531267949088,False,62.57531267949088,False,62.57531267949088,True,camera,traffic_light,False,,False,0.0
23.700000000000067,follower,30.0,0,61.23419267949089,False,61.23419267949089,False,61.23419267949089,False,61.23419267949089,True,camera,traffic_light,False,,False,0.0
23.800000000000068,follower,30.0,0,59.8930726794909,False,59.8930726794909,False,59.8930726794909,False,59.8930726794909,True,camera,traffic_light,False,,False,0.0
23.90000000000007,follower,30.0,0,58.55195267949091,False,58.55195267949091,False,58.55195267949091,False,58.55195267949091,True,camera,traffic_light,False,,False,0.0
24.00000000000007,follower,30.0,0,57.21083267949092,False,57.21083267949092,False,57.21083267949092,False,57.21083267949092,True,camera,traffic_light,False,,False,0.0
24.100000000000072,follower,30.0,0,55.86971267949093,False,55.86971267949093,False,55.86971267949093,False,55.86971267949093,True,camera,traffic_light,False,,False,0.0
24.200000000000074,follower,30.0,0,54.52859267949094,False,54.52859267949094,False,54.52859267949094,False,54.52859267949094,True,camera,traffic_light,False,,False,0.0
24.300000000000075,follower,30.0,0,53.18747267949095,False,53.18747267949095,False,53.18747267949095,False,53.18747267949095,True,camera,traffic_light,False,,False,0.0
24.400000000000077,follower,30.0,0,51.84635267949096,False,51.84635267949096,False,51.84635267949096,False,51.84635267949096,True,camera,traffic_light,False,,False,0.0
24.500000000000078,follower,30.0,0,50.50523267949097,False,50.50523267949097,False,50.50523267949097,False,50.50523267949097,True,camera,traffic_light,False,,False,0.0
24.60000000000008,follower,30.0,0,49.164112679490984,False,49.164112679490984,False,49.164112679490984,False,49.164112679490984,True,camera,traffic_light,False,,False,0.0
24.70000000000008,follower,30.0,0,47.822992679490994,False,47.822992679490994,False,47.822992679490994,False,47.822992679490994,True,camera,traffic_light,False,,False,0.0
24.800000000000082,follower,30.0,0,46.481872679491005,False,46.481872679491005,False,46.481872679491005,False,46.481872679491005,True,camera,traffic_light,False,,False,0.0
24.900000000000084,follower,30.0,0,45.140752679491015,False,45.140752679491015,False,45.140752679491015,False,45.140752679491015,True,camera,traffic_light,False,,False,0.0
25.000000000000085,follower,30.0,0,43.799632679491026,False,43.799632679491026,False,43.799632679491026,False,43.799632679491026,True,camera,traffic_light,False,,False,0.0
25.100000000000087,follower,30.0,0,42.45851267949104,False,42.45851267949104,False,42.45851267949104,False,42.45851267949104,True,camera,traffic_light,False,,False,0.0
25.200000000000088,follower,30.0,0,41.11739267949105,False,41.11739267949105,False,41.11739267949105,False,41.11739267949105,True,camera,traffic_light,False,,False,0.0
25.30000000000009,follower,30.0,0,39.77627267949106,False,39.77627267949106,False,39.77627267949106,False,39.77627267949106,True,camera,traffic_light,False,,False,0.0
25.40000000000009,follower,30.0,0,38.43515267949107,False,38.43515267949107,False,38.43515267949107,False,38.43515267949107,True,camera,traffic_light,False,,False,0.0
25.500000000000092,follower,30.0,0,37.09403267949108,False,37.09403267949108,False,37.09403267949108,False,37.09403267949108,True,camera,traffic_light,False,,False,0.0
25.600000000000094,follower,30.0,0,35.75291267949109,False,35.75291267949109,False,35.75291267949109,False,35.75291267949109,True,camera,traffic_light,False,,False,0.0
25.700000000000095,follower,29.972443997517004,0,34.41240861125857,False,34.41240861125857,False,34.41240861125857,False,34.41240861125857,True,camera,traffic_light,False,,False,0.0
25.800000000000097,follower,29.870420188638008,0,33.07480091096966,False,33.07480091096966,False,33.07480091096966,False,33.07480091096966,True,camera,traffic_light,False,,False,0.0
25.900000000000098,follower,29.700946050821102,0,31.743261732785243,False,31.743261732785243,False,31.743261732785243,False,31.743261732785243,True,camera,traffic_light,False,,False,0.0
26.0000000000001,follower,29.46972681576831,0,30.42067885287122,False,30.42067885287122,False,30.42067885287122,False,30.42067885287122,True,camera,traffic_light,False,,False,0.0
26.1000000000001,follower,29.18145825473313,0,29.10970756417538,False,29.10970756417538,False,29.10970756417538,False,29.10970756417538,True,camera,traffic_light,False,,False,0.0
26.200000000000102,follower,28.840044555961345,0,27.81281093335076,False,27.81281093335076,False,27.81281093335076,False,27.81281093335076,True,camera,traffic_light,False,,False,0.0
26.300000000000104,follower,28.448758737765445,0,26.532291602129362,False,40.0,True,26.532291602129362,False,40.0,True,camera,traffic_light,False,,False,0.0
26.400000000000105,follower,28.896145996176323,0,25.2505182915163,False,40.0,True,25.2505182915163,False,40.0,True,camera,traffic_light,False,,False,0.0
26.500000000000107,follower,29.343533254587204,0,23.948744980903257,False,40.0,True,23.948744980903257,False,40.0,True,camera,traffic_light,False,,False,0.0
26.600000000000108,follower,29.79092051299808,0,22.626971670290175,False,40.0,True,22.626971670290175,False,40.0,True,camera,traffic_light,False,,False,0.0
26.70000000000011,follower,30.0,0,21.290525014983643,False,40.0,True,21.290525014983643,False,40.0,True,camera,traffic_light,False,,False,0.0
26.80000000000011,follower,30.0,0,19.949405014983654,False,19.949405014983654,False,19.949405014983654,False,19.949405014983654,True,camera,traffic_light,False,,False,0.0
26.900000000000112,follower,29.06225776491583,0,18.62924542942227,False,18.62924542942227,False,18.62924542942227,False,18.62924542942227,True,camera,traffic_light,False,,False,0.0
27.000000000000114,follower,28.091810845774873,0,17.351737687836135,False,17.351737687836135,False,17.351737687836135,False,17.351737687836135,True,camera,traffic_light,False,,False,0.0
27.100000000000115,follower,27.088060028060827,0,16.118357214064133,False,16.118357214064133,False,16.118357214064133,False,16.118357214064133,True,camera,traffic_light,False,,False,0.0
27.200000000000117,follower,26.050296136099224,0,14.93060867708283,False,14.93060867708283,False,14.93060867708283,False,14.93060867708283,True,camera,traffic_light,False,,False,0.0
27.300000000000118,follower,24.977694166283758,0,13.79003103784396,False,13.79003103784396,False,13.79003103784396,False,13.79003103784396,True,camera,traffic_light,False,,False,0.0
27.40000000000012,follower,23.869307650670045,0,12.698202853231408,False,12.698202853231408,False,12.698202853231408,False,12.698202853231408,True,camera,traffic_light,False,,False,0.0
27.50000000000012,follower,22.724064291312846,0,11.65674780358421,False,11.65674780358421,False,11.65674780358421,False,11.65674780358421,True,camera,traffic_light,False,,False,0.0
27.600000000000122,follower,21.540764725383514,0,10.667340345403034,False,10.667340345403034,False,10.667340345403034,False,10.667340345403034,True,camera,traffic_light,False,,False,0.0
27.700000000000124,follower,20.318087739732203,0,9.731711275102782,False,9.731711275102782,False,9.731711275102782,False,9.731711275102782,True,camera,traffic_light,False,,False,0.0
27.800000000000125,follower,19.054607886663135,0,8.8516527824616,False,8.8516527824616,False,8.8516527824616,False,8.8516527824616,True,camera,traffic_light,False,,False,0.0
27.900000000000126,follower,17.74883629763162,0,8.029022198054236,False,8.029022198054236,False,8.029022198054236,False,8.029022198054236,True,camera,traffic_light,False,,False,0.0
28.000000000000128,follower,16.39930461820133,0,7.265742952303526,False,7.265742952303526,False,7.265742952303526,False,7.265742952303526,True,camera,traffic_light,False,,False,0.0
28.10000000000013,follower,15.004729662443179,0,6.563799978062548,False,6.563799978062548,False,6.563799978062548,False,6.563799978062548,True,camera,traffic_light,False,,False,0.0
28.20000000000013,follower,13.564331716802338,0,5.925224318113635,False,5.925224318113635,False,5.925224318113635,False,5.925224318113635,True,camera,traffic_light,False,,False,0.0
28.300000000000132,follower,12.110323126966975,0,5.3513444330457105,False,5.3513444330457105,False,5.3513444330457105,False,5.3513444330457105,True,camera,traffic_light,False,,False,0.0
28.400000000000134,follower,10.656314537131612,0,4.842464547977784,False,4.842464547977784,False,4.842464547977784,False,4.842464547977784,True,camera,traffic_light,False,,False,0.0
28.500000000000135,follower,9.20230594729625,0,4.398584662909855,False,4.398584662909855,False,4.398584662909855,False,4.398584662909855,True,camera,traffic_light,False,,False,0.0
28.600000000000136,follower,7.748297357460888,0,4.019704777841923,False,4.019704777841923,False,4.019704777841923,False,4.019704777841923,True,camera,traffic_light,False,,False,0.0
28.700000000000138,follower,6.2942887676255275,0,3.7058248927739896,False,3.7058248927739896,False,3.7058248927739896,False,3.7058248927739896,True,camera,traffic_light,False,,False,0.0
28.80000000000014,follower,4.840280177790166,0,3.4569450077060537,False,3.4569450077060537,False,3.4569450077060537,False,3.4569450077060537,True,camera,traffic_light,False,,False,0.0
28.90000000000014,follower,3.3945464171194266,0,3.272880163656623,False,3.272880163656623,False,3.272880163656623,False,3.272880163656623,True,camera,traffic_light,False,,False,0.0
29.000000000000142,follower,2.421700948182697,0,3.1428754025474177,False,3.1428754025474177,False,3.1428754025474177,False,3.1428754025474177,True,camera,traffic_light,False,,False,0.0
29.100000000000144,follower,2.1870065430798715,0,3.039861572702705,False,3.039861572702705,False,3.039861572702705,False,3.039861572702705,True,camera,traffic_light,False,,False,0.0
29.200000000000145,follower,2.010998590951766,0,2.946027761946823,False,2.946027761946823,False,2.946027761946823,False,2.946027761946823,True,camera,traffic_light,False,,False,0.0
29.300000000000146,follower,1.8240305010664761,0,2.8603071916820113,False,2.8603071916820113,False,2.8603071916820113,False,2.8603071916820113,True,camera,traffic_light,False,,False,0.0
29.400000000000148,follower,1.6748251219067263,0,2.782100770797342,False,2.782100770797342,False,2.782100770797342,False,2.782100770797342,True,camera,traffic_light,False,,False,0.0
29.50000000000015,follower,1.5133495734325235,0,2.710838690007108,False,2.710838690007108,False,2.710838690007108,False,2.710838690007108,True,camera,traffic_light,False,,False,0.0
29.60000000000015,follower,1.3994934368401997,0,2.6457308230415038,False,2.6457308230415038,False,2.6457308230415038,False,2.6457308230415038,True,camera,traffic_light,False,,False,0.0
29.700000000000152,follower,1.2385967104383646,0,2.5867642320695268,False,2.5867642320695268,False,2.5867642320695268,False,2.5867642320695268,True,camera,traffic_light,False,,False,0.0
29.800000000000153,follower,1.2051415061630786,0,2.5321417954520484,False,2.5321417954520484,False,2.5321417954520484,False,2.5321417954520484,True,camera,traffic_light,False,,False,0.0
29.900000000000155,follower,0.9143772801190653,0,2.4847663115410796,False,2.4847663115410796,False,2.4847663115410796,False,2.4847663115410796,True,camera,traffic_light,False,,False,0.0
30.000000000000156,follower,0.4669900217081848,0,2.453889989610616,False,2.453889989610616,False,2.453889989610616,False,2.453889989610616,True,camera,traffic_light,False,,False,0.0
30.100000000000158,follower,0.019602763297304305,0,2.443013667680191,False,2.443013667680191,False,2.443013667680191,False,2.443013667680191,True,camera,traffic_light,False,,False,0.0
30.20000000000016,follower,0.0,0,2.4425755067149453,False,2.4425755067149453,False,2.4425755067149453,False,2.4425755067149453,True,camera,traffic_light,False,,False,0.0
30.30000000000016,follower,0.0,0,2.4425755067149453,False,2.4425755067149453,False,2.4425755067149453,False,2.4425755067149453,True,camera,traffic_light,False,,False,0.0
30.400000000000162,follower,0.0,0,2.4425755067149453,False,2.4425755067149453,False,2.4425755067149453,False,2.4425755067149453,True,camera,traffic_light,False,,False,0.0
30.500000000000163,follower,0.0,0,2.4425755067149453,False,2.4425755067149453,False,2.4425755067149453,False,2.4425755067149453,True,camera,traffic_light,False,,False,0.0
30.600000000000165,follower,0.0,0,2.4425755067149453,False,2.4425755067149453,False,2.4425755067149453,False,2.4425755067149453,True,camera,traffic_light,False,,False,0.0
30.700000000000166,follower,0.0,0,2.4425755067149453,False,2.4425755067149453,False,2.4425755067149453,False,2.4425755067149453,True,camera,traffic_light,False,,False,0.0
30.800000000000168,follower,0.0,0,2.4425755067149453,False,2.4425755067149453,False,2.4425755067149453,False,2.4425755067149453,True,camera,traffic_light,False,,False,0.0
30.90000000000017,follower,0.0,0,2.4425755067149453,False,2.4425755067149453,False,2.4425755067149453,False,2.4425755067149453,True,camera,traffic_light,False,,False,0.0
31.00000000000017,follower,0.0,0,2.4425755067149453,False,2.4425755067149453,False,2.4425755067149453,False,2.4425755067149453,True,camera,traffic_light,False,,False,0.0
31.100000000000172,follower,0.0,0,2.4425755067149453,False,2.4425755067149453,False,2.4425755067149453,False,2.4425755067149453,True,camera,traffic_light,False,,False,0.0
31.200000000000173,follower,0.0,0,2.4425755067149453,False,2.4425755067149453,False,2.4425755067149453,False,2.4425755067149453,True,camera,traffic_light,False,,False,0.0
31.300000000000175,follower,0.0,0,2.4425755067149453,False,2.4425755067149453,False,2.4425755067149453,False,2.4425755067149453,True,camera,traffic_light,False,,False,0.0
31.400000000000176,follower,0.0,0,2.4425755067149453,False,2.4425755067149453,False,2.4425755067149453,False,2.4425755067149453,True,camera,traffic_light,False,,False,0.0
31.500000000000178,follower,0.0,0,2.4425755067149453,False,2.4425755067149453,False,2.4425755067149453,False,2.4425755067149453,True,camera,traffic_light,False,,False,0.0
31.60000000000018,follower,0.0,0,2.4425755067149453,False,2.4425755067149453,False,2.4425755067149453,False,2.4425755067149453,True,camera,traffic_light,False,,False,0.0
31.70000000000018,follower,0.0,0,2.4425755067149453,False,2.4425755067149453,False,2.4425755067149453,False,2.4425755067149453,True,camera,traffic_light,False,,False,0.0
31.800000000000182,follower,0.0,0,2.4425755067149453,False,2.4425755067149453,False,2.4425755067149453,False,2.4425755067149453,True,camera,traffic_light,False,,False,0.0
31.900000000000183,follower,0.0,0,2.4425755067149453,False,2.4425755067149453,False,2.4425755067149453,False,2.4425755067149453,True,camera,traffic_light,False,,False,0.0
32.000000000000185,follower,0.0,0,148.0213428272229,False,148.0213428272229,False,,False,148.0213428272229,True,camera,vehicle,False,,False,0.0
32.100000000000186,follower,0.4473872584108805,0,149.35246282722295,False,149.35246282722295,False,,False,149.35246282722295,True,camera,vehicle,False,,False,0.0
32.20000000000019,follower,0.894774516821761,0,,False,,False,,False,,False,none,,False,,False,0.0
32.30000000000019,follower,1.3421617752326416,0,,False,,False,,False,,False,none,,False,,False,0.0
32.40000000000019,follower,1.789549033643522,0,,False,,False,,False,,False,none,,False,,False,0.0
32.50000000000019,follower,2.2369362920544025,0,,False,,False,,False,,False,none,,False,,False,0.0
32.60000000000019,follower,2.6843235504652827,0,,False,,False,,False,,False,none,,False,,False,0.0
32.700000000000195,follower,3.131710808876163,0,,False,,False,,False,,False,none,,False,,False,0.0
32.800000000000196,follower,3.5790980672870436,0,,False,,False,,False,,False,none,,False,,False,0.0
32.9000000000002,follower,4.026485325697924,0,,False,,False,,False,,False,none,,False,,False,0.0
33.0000000000002,follower,4.473872584108804,0,,False,,False,,False,,False,none,,False,,False,0.0
33.1000000000002,follower,4.921259842519684,0,,False,,False,,False,,False,none,,False,,False,0.0
33.2000000000002,follower,5.368647100930565,0,,False,,False,,False,,False,none,,False,,False,0.0
33.3000000000002,follower,5.8160343593414465,0,,False,,False,,False,,False,none,,False,,False,0.0
33.400000000000205,follower,6.263421617752327,0,,False,,False,,False,,False,none,,False,,False,0.0
33.500000000000206,follower,6.710808876163208,0,,False,,False,,False,,False,none,,False,,False,0.0
33.60000000000021,follower,7.158196134574089,0,,False,,False,,False,,False,none,,False,,False,0.0
33.70000000000021,follower,7.60558339298497,0,,False,,False,,False,,False,none,,False,,False,0.0
33.80000000000021,follower,8.052970651395851,0,,False,,False,,False,,False,none,,False,,False,0.0
33.90000000000021,follower,8.50035790980673,0,,False,,False,,False,,False,none,,False,,False,0.0
34.00000000000021,follower,8.947745168217612,0,,False,,False,,False,,False,none,,False,,False,0.0
34.100000000000215,follower,9.395132426628493,0,,False,,False,,False,,False,none,,False,,False,0.0
34.200000000000216,follower,9.842519685039372,0,,False,,False,,False,,False,none,,False,,False,0.0
34.30000000000022,follower,10.289906943450253,0,,False,,False,,False,,False,none,,False,,False,0.0
34.40000000000022,follower,10.737294201861134,0,,False,,False,,False,,False,none,,False,,False,0.0
34.50000000000022,follower,11.184681460272015,0,,False,,False,,False,,False,none,,False,,False,0.0
34.60000000000022,follower,11.632068718682897,0,,False,,False,,False,,False,none,,False,,False,0.0
34.70000000000022,follower,12.079455977093778,0,,False,,False,,False,,False,none,,False,,False,0.0
34.800000000000225,follower,12.526843235504659,0,,False,,False,,False,,False,none,,False,,False,0.0
34.900000000000226,follower,12.974230493915538,0,,False,,False,,False,,False,none,,False,,False,0.0
35.00000000000023,follower,13.42161775232642,0,,False,,False,,False,,False,none,,False,,False,0.0
35.10000000000023,follower,13.8690050107373,0,,False,,False,,False,,False,none,,False,,False,0.0
35.20000000000023,follower,14.316392269148182,0,,False,,False,,False,,False,none,,False,,False,0.0
35.30000000000023,follower,14.763779527559063,0,,False,,False,,False,,False,none,,False,,False,0.0
35.40000000000023,follower,15.211166785969944,0,,False,,False,,False,,False,none,,False,,False,0.0
35.500000000000234,follower,15.658554044380825,0,,False,,False,,False,,False,none,,False,,False,0.0
35.600000000000236,follower,16.105941302791706,0,,False,,False,,False,,False,none,,False,,False,0.0
35.70000000000024,follower,16.553328561202587,0,,False,,False,,False,,False,none,,False,,False,0.0
35.80000000000024,follower,17.00071581961347,0,,False,,False,,False,,False,none,,False,,False,0.0
35.90000000000024,follower,17.44810307802435,0,,False,,False,,False,,False,none,,False,,False,0.0
36.00000000000024,follower,17.895490336435227,0,,False,,False,,False,,False,none,,False,,False,0.0
36.10000000000024,follower,18.342877594846104,0,,False,,False,,False,,False,none,,False,,False,0.0
36.200000000000244,follower,18.790264853256986,0,,False,,False,,False,,False,none,,False,,False,0.0
36.300000000000246,follower,19.237652111667863,0,,False,,False,,False,,False,none,,False,,False,0.0
36.40000000000025,follower,19.68503937007874,0,,False,,False,,False,,False,none,,False,,False,0.0
36.50000000000025,follower,20.132426628489622,0,,False,,False,,False,,False,none,,False,,False,0.0
36.60000000000025,follower,20.5798138869005,0,,False,,False,,False,,False,none,,False,,False,0.0
36.70000000000025,follower,21.027201145311377,0,,False,,False,,False,,False,none,,False,,False,0.0
36.80000000000025,follower,21.474588403722258,0,,False,,False,,False,,False,none,,False,,False,0.0
36.900000000000254,follower,21.921975662133136,0,,False,,False,,False,,False,none,,False,,False,0.0
37.000000000000256,follower,22.369362920544017,0,,False,,False,,False,,False,none,,False,,False,0.0
37.10000000000026,follower,22.816750178954894,0,,False,,False,,False,,False,none,,False,,False,0.0
37.20000000000026,follower,23.264137437365772,0,,False,,False,,False,,False,none,,False,,False,0.0
37.30000000000026,follower,23.711524695776653,0,,False,,False,,False,,False,none,,False,,False,0.0
37.40000000000026,follower,24.15891195418753,0,,False,,False,,False,,False,none,,False,,False,0.0
37.50000000000026,follower,24.606299212598408,0,,False,,False,,False,,False,none,,False,,False,0.0
37.600000000000264,follower,25.05368647100929,0,,False,,False,,False,,False,none,,False,,False,0.0
37.700000000000266,follower,25.501073729420167,0,,False,,False,,False,,False,none,,False,,False,0.0
37.80000000000027,follower,25.948460987831048,0,,False,,False,,False,,False,none,,False,,False,0.0
37.90000000000027,follower,26.395848246241925,0,,False,,False,,False,,False,none,,False,,False,0.0
38.00000000000027,follower,26.843235504652803,0,,False,,False,,False,,False,none,,False,,False,0.0
38.10000000000027,follower,27.290622763063684,0,,False,,False,,False,,False,none,,False,,False,0.0
38.20000000000027,follower,27.73801002147456,0,,False,,False,,False,,False,none,,False,,False,0.0
38.300000000000274,follower,28.18539727988544,0,,False,,False,,False,,False,none,,False,,False,0.0
38.400000000000276,follower,28.63278453829632,0,,False,,False,,False,,False,none,,False,,False,0.0
38.50000000000028,follower,29.080171796707198,0,,False,,False,,False,,False,none,,False,,False,0.0
38.60000000000028,follower,29.52755905511808,0,,False,,False,,False,,False,none,,False,,False,0.0
38.70000000000028,follower,29.974946313528957,0,,False,,False,,False,,False,none,,False,,False,0.0
38.80000000000028,follower,30.0,0,,False,,False,,False,,False,none,,False,,False,0.0
38.90000000000028,follower,30.0,0,,False,,False,,False,,False,none,,False,,False,0.0
39.000000000000284,follower,30.0,0,,False,,False,,False,,False,none,,False,,False,0.0
39.100000000000286,follower,30.0,0,,False,,False,,False,,False,none,,False,,False,0.0
39.20000000000029,follower,30.0,0,,False,,False,,False,,False,none,,False,,False,0.0
39.30000000000029,follower,30.0,0,,False,,False,,False,,False,none,,False,,False,0.0
39.40000000000029,follower,30.0,0,,False,,False,,False,,False,none,,False,,False,0.0
39.50000000000029,follower,30.0,0,,False,,False,,False,,False,none,,False,,False,0.0
39.60000000000029,follower,30.0,0,,False,,False,,False,,False,none,,False,,False,0.0
39.700000000000294,follower,30.0,0,,False,,False,,False,,False,none,,False,,False,0.0
39.800000000000296,follower,30.0,0,,False,,False,,False,,False,none,,False,,False,0.0
39.9000000000003,follower,30.0,0,,False,,False,,False,,False,none,,False,,False,0.0
40.0000000000003,follower,30.0,0,,False,,False,,False,,False,none,,False,,False,0.0
40.1000000000003,follower,30.0,0,,False,,False,,False,,False,none,,False,,False,0.0
40.2000000000003,follower,30.0,0,,False,,False,,False,,False,none,,False,,False,0.0
40.3000000000003,follower,30.0,0,,False,,False,,False,,False,none,,False,,False,0.0
40.400000000000304,follower,30.0,0,,False,,False,,False,,False,none,,False,,False,0.0
40.500000000000306,follower,30.0,0,,False,,False,,False,,False,none,,False,,False,0.0
40.60000000000031,follower,30.0,0,,False,,False,,False,,False,none,,False,,False,0.0
40.70000000000031,follower,30.0,0,,False,,False,,False,,False,none,,False,,False,0.0
40.80000000000031,follower,30.0,0,,False,,False,,False,,False,none,,False,,False,0.0
40.90000000000031,follower,30.0,0,,False,,False,,False,,False,none,,False,,False,0.0
41.00000000000031,follower,30.0,0,,False,,False,,False,,False,none,,False,,False,0.0
41.100000000000314,follower,30.0,0,,False,,False,,False,,False,none,,False,,False,0.0
41.200000000000315,follower,30.0,0,,False,,False,,False,,False,none,,False,,False,0.0
41.30000000000032,follower,30.0,0,,False,,False,,False,,False,none,,False,,False,0.0
41.40000000000032,follower,30.0,0,,False,,False,,False,,False,none,,False,,False,0.0
41.50000000000032,follower,30.0,0,,False,,False,,False,,False,none,,False,,False,0.0
41.60000000000032,follower,30.0,0,,False,,False,,False,,False,none,,False,,False,0.0
41.70000000000032,follower,30.0,0,,False,,False,,False,,False,none,,False,,False,0.0
41.800000000000324,follower,30.0,0,,False,,False,,False,,False,none,,False,,False,0.0
41.900000000000325,follower,30.0,0,,False,,False,,False,,False,none,,False,,False,0.0
42.00000000000033,follower,30.0,0,,False,,False,,False,,False,none,,False,,False,0.0
42.10000000000033,follower,30.0,0,,False,,False,,False,,False,none,,False,,False,0.0
42.20000000000033,follower,30.0,0,,False,,False,,False,,False,none,,False,,False,0.0
42.30000000000033,follower,30.0,0,,False,,False,,False,,False,none,,False,,False,0.0
42.40000000000033,follower,30.0,0,,False,,False,,False,,False,none,,False,,False,0.0
42.500000000000334,follower,30.0,0,,False,,False,,False,,False,none,,False,,False,0.0
42.600000000000335,follower,30.0,0,,False,,False,,False,,False,none,,False,,False,0.0
42.70000000000034,follower,30.0,0,,False,,False,,False,,False,none,,False,,False,0.0
42.80000000000034,follower,30.0,0,,False,,False,,False,,False,none,,False,,False,0.0
42.90000000000034,follower,30.0,0,,False,,False,,False,,False,none,,False,,False,0.0
43.00000000000034,follower,30.0,0,,False,,False,,False,,False,none,,False,,False,0.0
43.10000000000034,follower,30.0,0,,False,,False,,False,,False,none,,False,,False,0.0
43.200000000000344,follower,30.0,0,,False,,False,,False,,False,none,,False,,False,0.0
43.300000000000345,follower,30.0,0,,False,,False,,False,,False,none,,False,,False,0.0
43.40000000000035,follower,30.0,0,,False,,False,,False,,False,none,,False,,False,0.0
43.50000000000035,follower,30.0,0,,False,,False,,False,,False,none,,False,,False,0.0
43.60000000000035,follower,30.0,0,,False,,False,,False,,False,none,,False,,False,0.0
43.70000000000035,follower,30.0,0,,False,,False,,False,,False,none,,False,,False,0.0
43.80000000000035,follower,30.0,0,,False,,False,,False,,False,none,,False,,False,0.0
43.900000000000354,follower,30.0,0,,False,,False,,False,,False,none,,False,,False,0.0
44.000000000000355,follower,30.0,0,,False,,False,,False,,False,none,,False,,False,0.0
44.10000000000036,follower,30.0,0,,False,,False,,False,,False,none,,False,,False,0.0
44.20000000000036,follower,30.0,0,,False,,False,,False,,False,none,,False,,False,0.0
44.30000000000036,follower,30.0,0,,False,,False,,False,,False,none,,False,,False,0.0
44.40000000000036,follower,30.0,0,,False,,False,,False,,False,none,,False,,False,0.0
44.50000000000036,follower,30.0,0,,False,,False,,False,,False,none,,False,,False,0.0
44.600000000000364,follower,30.0,0,,False,,False,,False,,False,none,,False,,False,0.0
44.700000000000365,follower,30.0,0,,False,,False,,False,,False,none,,False,,False,0.0
44.80000000000037,follower,30.0,0,,False,,False,,False,,False,none,,False,,False,0.0
44.90000000000037,follower,30.0,0,,False,,False,,False,,False,none,,False,,False,0.0
0.0,lead,30.0,0,,False,,False,,False,,False,none,,False,,False,0.0
0.1,lead,30.0,0,,False,,False,,False,,False,none,,False,,False,0.0
0.2,lead,30.0,0,,False,,False,,False,,False,none,,False,,False,0.0
0.30000000000000004,lead,30.0,0,,False,,False,,False,,False,none,,False,,False,0.0
0.4,lead,30.0,0,,False,,False,,False,,False,none,,False,,False,0.0
0.5,lead,30.0,0,,False,,False,,False,,False,none,,False,,False,0.0
0.6,lead,30.0,0,,False,,False,,False,,False,none,,False,,False,0.0
0.7,lead,30.0,0,,False,,False,,False,,False,none,,False,,False,0.0
0.7999999999999999,lead,30.0,0,,False,,False,,False,,False,none,,False,,False,0.0
0.8999999999999999,lead,30.0,0,,False,,False,,False,,False,none,,False,,False,0.0
0.9999999999999999,lead,30.0,0,,False,,False,,False,,False,none,,False,,False,0.0
1.0999999999999999,lead,30.0,0,,False,,False,,False,,False,none,,False,,False,0.0
1.2,lead,30.0,0,,False,,False,,False,,False,none,,False,,False,0.0
1.3,lead,30.0,0,,False,,False,,False,,False,none,,False,,False,0.0
1.4000000000000001,lead,30.0,0,,False,,False,,False,,False,none,,False,,False,0.0
1.5000000000000002,lead,30.0,0,,False,,False,,False,,False,none,,False,,False,0.0
1.6000000000000003,lead,30.0,0,,False,,False,,False,,False,none,,False,,False,0.0
1.7000000000000004,lead,30.0,0,,False,,False,,False,,False,none,,False,,False,0.0
1.8000000000000005,lead,30.0,0,,False,,False,,False,,False,none,,False,,False,0.0
1.9000000000000006,lead,30.0,0,,False,,False,,False,,False,none,,False,,False,0.0
2.0000000000000004,lead,30.0,0,,False,,False,,False,,False,none,,False,,False,0.0
2.1000000000000005,lead,30.0,0,,False,,False,,False,,False,none,,False,,False,0.0
2.2000000000000006,lead,30.0,0,,False,,False,,False,,False,none,,False,,False,0.0
2.3000000000000007,lead,30.0,0,,False,,False,,False,,False,none,,False,,False,0.0
2.400000000000001,lead,30.0,0,,False,,False,,False,,False,none,,False,,False,0.0
2.500000000000001,lead,30.0,0,,False,,False,,False,,False,none,,False,,False,0.0
2.600000000000001,lead,30.0,0,,False,,False,,False,,False,none,,False,,False,0.0
2.700000000000001,lead,30.0,0,,False,,False,,False,,False,none,,False,,False,0.0
2.800000000000001,lead,30.0,0,,False,,False,,False,,False,none,,False,,False,0.0
2.9000000000000012,lead,30.0,0,,False,,False,,False,,False,none,,False,,False,0.0
3.0000000000000013,lead,30.0,0,,False,,False,,False,,False,none,,False,,False,0.0
3.1000000000000014,lead,30.0,0,,False,,False,,False,,False,none,,False,,False,0.0
3.2000000000000015,lead,30.0,0,,False,,False,,False,,False,none,,False,,False,0.0
3.3000000000000016,lead,30.0,0,,False,,False,,False,,False,none,,False,,False,0.0
3.4000000000000017,lead,30.0,0,,False,,False,,False,,False,none,,False,,False,0.0
3.5000000000000018,lead,30.0,0,,False,,False,,False,,False,none,,False,,False,0.0
3.600000000000002,lead,30.0,0,,False,,False,,False,,False,none,,False,,False,0.0
3.700000000000002,lead,30.0,0,,False,,False,,False,,False,none,,False,,False,0.0
3.800000000000002,lead,30.0,0,,False,,False,,False,,False,none,,False,,False,0.0
3.900000000000002,lead,30.0,0,,False,,False,,False,,False,none,,False,,False,0.0
4.000000000000002,lead,30.0,0,,False,,False,,False,,False,none,,False,,False,0.0
4.100000000000001,lead,30.0,0,,False,,False,,False,,False,none,,False,,False,0.0
4.200000000000001,lead,30.0,0,,False,,False,,False,,False,none,,False,,False,0.0
4.300000000000001,lead,30.0,0,,False,,False,,False,,False,none,,False,,False,0.0
4.4,lead,30.0,0,,False,,False,,False,,False,none,,False,,False,0.0
4.5,lead,30.0,0,,False,,False,,False,,False,none,,False,,False,0.0
4.6,lead,30.0,0,,False,,False,,False,,False,none,,False,,False,0.0
4.699999999999999,lead,30.0,0,,False,,False,,False,,False,none,,False,,False,0.0
4.799999999999999,lead,30.0,0,,False,,False,,False,,False,none,,False,,False,0.0
4.899999999999999,lead,30.0,0,,False,,False,,False,,False,none,,False,,False,0.0
4.999999999999998,lead,30.0,0,,False,,False,,False,,False,none,,False,,False,0.0
5.099999999999998,lead,30.0,0,,False,,False,,False,,False,none,,False,,False,0.0
5.1999999999999975,lead,30.0,0,,False,,False,,False,,False,none,,False,,False,0.0
5.299999999999997,lead,30.0,0,,False,,False,,False,,False,none,,False,,False,0.0
5.399999999999997,lead,30.0,0,,False,,False,,False,,False,none,,False,,False,0.0
5.4999999999999964,lead,30.0,0,,False,,False,,False,,False,none,,False,,False,0.0
5.599999999999996,lead,30.0,0,,False,,False,,False,,False,none,,False,,False,0.0
5.699999999999996,lead,30.0,0,,False,,False,,False,,False,none,,False,,False,0.0
5.799999999999995,lead,30.0,0,,False,,False,,False,,False,none,,False,,False,0.0
5.899999999999995,lead,30.0,0,,False,,False,,False,,False,none,,False,,False,0.0
5.999999999999995,lead,30.0,0,,False,,False,,False,,False,none,,False,,False,0.0
6.099999999999994,lead,30.0,0,,False,,False,,False,,False,none,,False,,False,0.0
6.199999999999994,lead,30.0,0,,False,,False,,False,,False,none,,False,,False,0.0
6.299999999999994,lead,30.0,0,,False,,False,,False,,False,none,,False,,False,0.0
6.399999999999993,lead,30.0,0,,False,,False,,False,,False,none,,False,,False,0.0
6.499999999999993,lead,30.0,0,,False,,False,,False,,False,none,,False,,False,0.0
6.5999999999999925,lead,30.0,0,,False,,False,,False,,False,none,,False,,False,0.0
6.699999999999992,lead,30.0,0,,False,,False,,False,,False,none,,False,,False,0.0
6.799999999999992,lead,30.0,0,,False,,False,,False,,False,none,,False,,False,0.0
6.8999999999999915,lead,30.0,0,,False,,False,,False,,False,none,,False,,False,0.0
6.999999999999991,lead,30.0,0,,False,,False,,False,,False,none,,False,,False,0.0
7.099999999999991,lead,30.0,0,,False,,False,,False,,False,none,,False,,False,0.0
7.19999999999999,lead,30.0,0,,False,,False,,False,,False,none,,False,,False,0.0
7.29999999999999,lead,30.0,0,,False,,False,,False,,False,none,,False,,False,0.0
7.39999999999999,lead,30.0,0,,False,,False,,False,,False,none,,False,,False,0.0
7.499999999999989,lead,30.0,0,,False,,False,,False,,False,none,,False,,False,0.0
7.599999999999989,lead,30.0,0,,False,,False,,False,,False,none,,False,,False,0.0
7.699999999999989,lead,30.0,0,,False,,False,,False,,False,none,,False,,False,0.0
7.799999999999988,lead,30.0,0,,False,,False,,False,,False,none,,False,,False,0.0
7.899999999999988,lead,30.0,0,,False,,False,,False,,False,none,,False,,False,0.0
7.999999999999988,lead,30.0,0,,False,,False,,False,,False,none,,False,,False,0.0
8.099999999999987,lead,30.0,0,,False,,False,,False,,False,none,,False,,False,0.0
8.199999999999987,lead,30.0,0,,False,,False,,False,,False,none,,False,,False,0.0
8.299999999999986,lead,30.0,0,,False,,False,,False,,False,none,,False,,False,0.0
8.399999999999986,lead,30.0,0,,False,,False,,False,,False,none,,False,,False,0.0
8.499999999999986,lead,30.0,0,,False,,False,,False,,False,none,,False,,False,0.0
8.599999999999985,lead,30.0,0,,False,,False,,False,,False,none,,False,,False,0.0
8.699999999999985,lead,30.0,0,,False,,False,,False,,False,none,,False,,False,0.0
8.799999999999985,lead,30.0,0,,False,,False,,False,,False,none,,False,,False,0.0
8.899999999999984,lead,30.0,0,,False,,False,,False,,False,none,,False,,False,0.0
8.999999999999984,lead,30.0,0,,False,,False,,False,,False,none,,False,,False,0.0
9.099999999999984,lead,30.0,0,,False,,False,,False,,False,none,,False,,False,0.0
9.199999999999983,lead,30.0,0,,False,,False,,False,,False,none,,False,,False,0.0
9.299999999999983,lead,30.0,0,,False,,False,,False,,False,none,,False,,False,0.0
9.399999999999983,lead,30.0,0,,False,,False,,False,,False,none,,False,,False,0.0
9.499999999999982,lead,30.0,0,,False,,False,,False,,False,none,,False,,False,0.0
9.599999999999982,lead,30.0,0,,False,,False,,False,,False,none,,False,,False,0.0
9.699999999999982,lead,30.0,0,148.99099267949043,False,148.99099267949043,False,,False,148.99099267949043,True,camera,traffic_light,False,,False,0.0
9.799999999999981,lead,30.0,0,147.64987267949044,False,147.64987267949044,False,,False,147.64987267949044,True,camera,traffic_light,False,,False,0.0
9.89999999999998,lead,30.0,0,146.30875267949045,False,146.30875267949045,False,,False,146.30875267949045,True,camera,traffic_light,False,,False,0.0
9.99999999999998,lead,30.0,0,144.96763267949046,False,144.96763267949046,False,,False,144.96763267949046,True,camera,traffic_light,False,,False,0.0
10.09999999999998,lead,30.0,0,143.62651267949047,False,143.62651267949047,False,,False,143.62651267949047,True,camera,traffic_light,False,,False,0.0
10.19999999999998,lead,30.0,0,142.28539267949049,False,142.28539267949049,False,,False,142.28539267949049,True,camera,traffic_light,False,,False,0.0
10.29999999999998,lead,30.0,0,140.9442726794905,False,140.9442726794905,False,,False,140.9442726794905,True,camera,traffic_light,False,,False,0.0
10.399999999999979,lead,30.0,0,139.6031526794905,False,139.6031526794905,False,,False,139.6031526794905,True,camera,traffic_light,False,,False,0.0
10.499999999999979,lead,30.0,0,138.26203267949052,False,138.26203267949052,False,,False,138.26203267949052,True,camera,traffic_light,False,,False,0.0
10.599999999999978,lead,30.0,0,136.92091267949053,False,136.92091267949053,False,,False,136.92091267949053,True,camera,traffic_light,False,,False,0.0
10.699999999999978,lead,30.0,0,135.57979267949054,False,135.57979267949054,False,,False,135.57979267949054,True,camera,traffic_light,False,,False,0.0
10.799999999999978,lead,30.0,0,134.23867267949055,False,134.23867267949055,False,,False,134.23867267949055,True,camera,traffic_light,False,,False,0.0
10.899999999999977,lead,30.0,0,132.89755267949056,False,132.89755267949056,False,,False,132.89755267949056,True,camera,traffic_light,False,,False,0.0
10.999999999999977,lead,30.0,0,131.55643267949057,False,131.55643267949057,False,,False,131.55643267949057,True,camera,traffic_light,False,,False,0.0
11.099999999999977,lead,30.0,0,130.21531267949058,False,130.21531267949058,False,,False,130.21531267949058,True,camera,traffic_light,False,,False,0.0
11.199999999999976,lead,30.0,0,128.8741926794906,False,128.8741926794906,False,,False,128.8741926794906,True,camera,traffic_light,False,,False,0.0
11.299999999999976,lead,30.0,0,127.5330726794906,False,127.5330726794906,False,,False,127.5330726794906,True,camera,traffic_light,False,,False,0.0
11.399999999999975,lead,30.0,0,126.19195267949061,False,126.19195267949061,False,,False,126.19195267949061,True,camera,traffic_light,False,,False,0.0
11.499999999999975,lead,30.0,0,124.85083267949062,False,124.85083267949062,False,,False,124.85083267949062,True,camera,traffic_light,False,,False,0.0
11.599999999999975,lead,30.0,0,123.50971267949063,False,123.50971267949063,False,,False,123.50971267949063,True,camera,traffic_light,False,,False,0.0
11.699999999999974,lead,30.0,0,122.16859267949064,False,122.16859267949064,False,,False,122.16859267949064,True,camera,traffic_light,False,,False,0.0
11.799999999999974,lead,30.0,0,120.82747267949065,False,120.82747267949065,False,,False,120.82747267949065,True,camera,traffic_light,False,,False,0.0
11.899999999999974,lead,30.0,0,119.48635267949066,False,119.48635267949066,False,,False,119.48635267949066,True,camera,traffic_light,False,,False,0.0
11.999999999999973,lead,30.0,0,118.14523267949068,False,118.14523267949068,False,,False,118.14523267949068,True,camera,traffic_light,False,,False,0.0
12.099999999999973,lead,30.0,0,116.80411267949069,False,116.80411267949069,False,,False,116.80411267949069,True,camera,traffic_light,False,,False,0.0
12.199999999999973,lead,30.0,0,115.4629926794907,False,115.4629926794907,False,,False,115.4629926794907,True,camera,traffic_light,False,,False,0.0
12.299999999999972,lead,30.0,0,114.1218726794907,False,114.1218726794907,False,,False,114.1218726794907,True,camera,traffic_light,False,,False,0.0
12.399999999999972,lead,30.0,0,112.78075267949072,False,112.78075267949072,False,,False,112.78075267949072,True,camera,traffic_light,False,,False,0.0
12.499999999999972,lead,30.0,0,111.43963267949073,False,111.43963267949073,False,,False,111.43963267949073,True,camera,traffic_light,False,,False,0.0
12.599999999999971,lead,30.0,0,110.09851267949074,False,110.09851267949074,False,,False,110.09851267949074,True,camera,traffic_light,False,,False,0.0
12.69999999999997,lead,30.0,0,108.75739267949075,False,108.75739267949075,False,,False,108.75739267949075,True,camera,traffic_light,False,,False,0.0
12.79999999999997,lead,30.0,0,107.41627267949076,False,107.41627267949076,False,,False,107.41627267949076,True,camera,traffic_light,False,,False,0.0
12.89999999999997,lead,30.0,0,106.07515267949077,False,106.07515267949077,False,,False,106.07515267949077,True,camera,traffic_light,False,,False,0.0
12.99999999999997,lead,30.0,0,104.73403267949078,False,104.73403267949078,False,,False,104.73403267949078,True,camera,traffic_light,False,,False,0.0
13.09999999999997,lead,30.0,0,103.39291267949079,False,103.39291267949079,False,,False,103.39291267949079,True,camera,traffic_light,False,,False,0.0
13.199999999999969,lead,30.0,0,102.0517926794908,False,102.0517926794908,False,,False,102.0517926794908,True,camera,traffic_light,False,,False,0.0
13.299999999999969,lead,30.0,0,100.71067267949081,False,100.71067267949081,False,,False,100.71067267949081,True,camera,traffic_light,False,,False,0.0
13.399999999999968,lead,30.0,0,99.36955267949082,False,99.36955267949082,False,,False,99.36955267949082,True,camera,traffic_light,False,,False,0.0
13.499999999999968,lead,30.0,0,98.02843267949083,False,98.02843267949083,False,,False,98.02843267949083,True,camera,traffic_light,False,,False,0.0
13.599999999999968,lead,30.0,0,96.68731267949084,False,96.68731267949084,False,,False,96.68731267949084,True,camera,traffic_light,False,,False,0.0
13.699999999999967,lead,30.0,0,95.34619267949085,False,95.34619267949085,False,,False,95.34619267949085,True,camera,traffic_light,False,,False,0.0
13.799999999999967,lead,30.0,0,94.00507267949087,False,94.00507267949087,False,,False,94.00507267949087,True,camera,traffic_light,False,,False,0.0
13.899999999999967,lead,30.0,0,92.66395267949088,False,92.66395267949088,False,,False,92.66395267949088,True,camera,traffic_light,False,,False,0.0
13.999999999999966,lead,30.0,0,91.32283267949089,False,91.32283267949089,False,,False,91.32283267949089,True,camera,traffic_light,False,,False,0.0
14.099999999999966,lead,30.0,0,89.9817126794909,False,89.9817126794909,False,,False,89.9817126794909,True,camera,traffic_light,False,,False,0.0
14.199999999999966,lead,30.0,0,88.64059267949091,False,88.64059267949091,False,,False,88.64059267949091,True,camera,traffic_light,False,,False,0.0
14.299999999999965,lead,30.0,0,87.29947267949092,False,87.29947267949092,False,,False,87.29947267949092,True,camera,traffic_light,False,,False,0.0
14.399999999999965,lead,30.0,0,85.95835267949093,False,85.95835267949093,False,,False,85.95835267949093,True,camera,traffic_light,False,,False,0.0
14.499999999999964,lead,30.0,0,84.61723267949094,False,84.61723267949094,False,,False,84.61723267949094,True,camera,traffic_light,False,,False,0.0
14.599999999999964,lead,30.0,0,83.27611267949095,False,83.27611267949095,False,,False,83.27611267949095,True,camera,traffic_light,False,,False,0.0
14.699999999999964,lead,30.0,0,81.93499267949096,False,81.93499267949096,False,,False,81.93499267949096,True,camera,traffic_light,False,,False,0.0
14.799999999999963,lead,30.0,0,80.59387267949097,False,80.59387267949097,False,,False,80.59387267949097,True,camera,traffic_light,False,,False,0.0
14.899999999999963,lead,30.0,0,79.25275267949098,False,79.25275267949098,False,79.25275267949098,False,79.25275267949098,True,camera,traffic_light,False,,False,0.0
14.999999999999963,lead,30.0,0,77.91163267949099,False,77.91163267949099,False,77.91163267949099,False,77.91163267949099,True,camera,traffic_light,False,,False,0.0
15.099999999999962,lead,30.0,0,76.570512679491,False,76.570512679491,False,76.570512679491,False,76.570512679491,True,camera,traffic_light,False,,False,0.0
15.199999999999962,lead,30.0,0,75.22939267949101,False,75.22939267949101,False,75.22939267949101,False,75.22939267949101,True,camera,traffic_light,False,,False,0.0
15.299999999999962,lead,30.0,0,73.88827267949102,False,73.88827267949102,False,73.88827267949102,False,73.88827267949102,True,camera,traffic_light,False,,False,0.0
15.399999999999961,lead,30.0,0,72.54715267949103,False,72.54715267949103,False,72.54715267949103,False,72.54715267949103,True,camera,traffic_light,False,,False,0.0
15.499999999999961,lead,30.0,0,71.20603267949105,False,71.20603267949105,False,71.20603267949105,False,71.20603267949105,True,camera,traffic_light,False,,False,0.0
15.59999999999996,lead,30.0,0,69.86491267949106,False,69.86491267949106,False,69.86491267949106,False,69.86491267949106,True,camera,traffic_light,False,,False,0.0
15.69999999999996,lead,30.0,0,68.52379267949107,False,68.52379267949107,False,68.52379267949107,False,68.52379267949107,True,camera,traffic_light,False,,False,0.0
15.79999999999996,lead,30.0,0,67.18267267949108,False,67.18267267949108,False,67.18267267949108,False,67.18267267949108,True,camera,traffic_light,False,,False,0.0
15.89999999999996,lead,30.0,0,65.84155267949109,False,65.84155267949109,False,65.84155267949109,False,65.84155267949109,True,camera,traffic_light,False,,False,0.0
15.99999999999996,lead,30.0,0,64.5004326794911,False,64.5004326794911,False,64.5004326794911,False,64.5004326794911,True,camera,traffic_light,False,,False,0.0
16.09999999999996,lead,30.0,0,,False,,False,,False,,False,none,,False,,False,0.0
16.19999999999996,lead,30.0,0,,False,,False,,False,,False,none,,False,,False,0.0
16.29999999999996,lead,30.0,0,,False,,False,,False,,False,none,,False,,False,0.0
16.399999999999963,lead,30.0,0,,False,,False,,False,,False,none,,False,,False,0.0
16.499999999999964,lead,30.0,0,,False,,False,,False,,False,none,,False,,False,0.0
16.599999999999966,lead,30.0,0,,False,,False,,False,,False,none,,False,,False,0.0
16.699999999999967,lead,30.0,0,,False,,False,,False,,False,none,,False,,False,0.0
16.79999999999997,lead,30.0,0,,False,,False,,False,,False,none,,False,,False,0.0
16.89999999999997,lead,30.0,0,,False,,False,,False,,False,none,,False,,False,0.0
16.99999999999997,lead,30.0,0,,False,,False,,False,,False,none,,False,,False,0.0
17.099999999999973,lead,30.0,0,,False,,False,,False,,False,none,,False,,False,0.0
17.199999999999974,lead,30.0,0,,False,,False,,False,,False,none,,False,,False,0.0
17.299999999999976,lead,30.0,0,,False,,False,,False,,False,none,,False,,False,0.0
17.399999999999977,lead,30.0,0,,False,,False,,False,,False,none,,False,,False,0.0
17.49999999999998,lead,30.0,0,,False,,False,,False,,False,none,,False,,False,0.0
17.59999999999998,lead,30.0,0,,False,,False,,False,,False,none,,False,,False,0.0
17.69999999999998,lead,30.0,0,,False,,False,,False,,False,none,,False,,False,0.0
17.799999999999983,lead,30.0,0,,False,,False,,False,,False,none,,False,,False,0.0
17.899999999999984,lead,30.0,0,,False,,False,,False,,False,none,,False,,False,0.0
17.999999999999986,lead,30.0,0,,False,,False,,False,,False,none,,False,,False,0.0
18.099999999999987,lead,30.0,0,,False,,False,,False,,False,none,,False,,False,0.0
18.19999999999999,lead,30.0,0,,False,,False,,False,,False,none,,False,,False,0.0
18.29999999999999,lead,30.0,0,,False,,False,,False,,False,none,,False,,False,0.0
18.39999999999999,lead,30.0,0,,False,,False,,False,,False,none,,False,,False,0.0
18.499999999999993,lead,30.0,0,,False,,False,,False,,False,none,,False,,False,0.0
18.599999999999994,lead,30.0,0,,False,,False,,False,,False,none,,False,,False,0.0
18.699999999999996,lead,30.0,0,,False,,False,,False,,False,none,,False,,False,0.0
18.799999999999997,lead,30.0,0,,False,,False,,False,,False,none,,False,,False,0.0
18.9,lead,30.0,0,,False,,False,,False,,False,none,,False,,False,0.0
19.0,lead,30.0,0,,False,,False,,False,,False,none,,False,,False,0.0
19.1,lead,30.0,0,,False,,False,,False,,False,none,,False,,False,0.0
19.200000000000003,lead,30.0,0,,False,,False,,False,,False,none,,False,,False,0.0
19.300000000000004,lead,30.0,0,,False,,False,,False,,False,none,,False,,False,0.0
19.400000000000006,lead,30.0,0,,False,,False,,False,,False,none,,False,,False,0.0
19.500000000000007,lead,30.0,0,,False,,False,,False,,False,none,,False,,False,0.0
19.60000000000001,lead,30.0,0,,False,,False,,False,,False,none,,False,,False,0.0
19.70000000000001,lead,30.0,0,,False,,False,,False,,False,none,,False,,False,0.0
19.80000000000001,lead,30.0,0,,False,,False,,False,,False,none,,False,,False,0.0
19.900000000000013,lead,30.0,0,,False,,False,,False,,False,none,,False,,False,0.0
20.000000000000014,lead,30.0,0,,False,,False,,False,,False,none,,False,,False,0.0
20.100000000000016,lead,30.0,0,,False,,False,,False,,False,none,,False,,False,0.0
20.200000000000017,lead,30.0,0,,False,,False,,False,,False,none,,False,,False,0.0
20.30000000000002,lead,30.0,0,,False,,False,,False,,False,none,,False,,False,0.0
20.40000000000002,lead,30.0,0,,False,,False,,False,,False,none,,False,,False,0.0
20.50000000000002,lead,30.0,0,,False,,False,,False,,False,none,,False,,False,0.0
20.600000000000023,lead,30.0,0,,False,,False,,False,,False,none,,False,,False,0.0
20.700000000000024,lead,30.0,0,,False,,False,,False,,False,none,,False,,False,0.0
20.800000000000026,lead,30.0,0,,False,,False,,False,,False,none,,False,,False,0.0
20.900000000000027,lead,30.0,0,,False,,False,,False,,False,none,,False,,False,0.0
21.00000000000003,lead,30.0,0,,False,,False,,False,,False,none,,False,,False,0.0
21.10000000000003,lead,30.0,0,,False,,False,,False,,False,none,,False,,False,0.0
21.20000000000003,lead,30.0,0,,False,,False,,False,,False,none,,False,,False,0.0
21.300000000000033,lead,30.0,0,,False,,False,,False,,False,none,,False,,False,0.0
21.400000000000034,lead,30.0,0,,False,,False,,False,,False,none,,False,,False,0.0
21.500000000000036,lead,30.0,0,,False,,False,,False,,False,none,,False,,False,0.0
21.600000000000037,lead,30.0,0,,False,,False,,False,,False,none,,False,,False,0.0
21.70000000000004,lead,30.0,0,,False,,False,,False,,False,none,,False,,False,0.0
21.80000000000004,lead,30.0,0,,False,,False,,False,,False,none,,False,,False,0.0
21.90000000000004,lead,30.0,0,,False,,False,,False,,False,none,,False,,False,0.0
22.000000000000043,lead,30.0,0,,False,,False,,False,,False,none,,False,,False,0.0
22.100000000000044,lead,30.0,0,,False,,False,,False,,False,none,,False,,False,0.0
22.200000000000045,lead,30.0,0,,False,,False,,False,,False,none,,False,,False,0.0
22.300000000000047,lead,30.0,0,,False,,False,,False,,False,none,,False,,False,0.0
22.40000000000005,lead,30.0,0,,False,,False,,False,,False,none,,False,,False,0.0
22.50000000000005,lead,30.0,0,,False,,False,,False,,False,none,,False,,False,0.0
22.60000000000005,lead,30.0,0,,False,,False,,False,,False,none,,False,,False,0.0
22.700000000000053,lead,30.0,0,,False,,False,,False,,False,none,,False,,False,0.0
22.800000000000054,lead,30.0,0,,False,,False,,False,,False,none,,False,,False,0.0
22.900000000000055,lead,30.0,0,,False,,False,,False,,False,none,,False,,False,0.0
23.000000000000057,lead,30.0,0,,False,,False,,False,,False,none,,False,,False,0.0
23.10000000000006,lead,30.0,0,,False,,False,,False,,False,none,,False,,False,0.0
23.20000000000006,lead,30.0,0,,False,,False,,False,,False,none,,False,,False,0.0
23.30000000000006,lead,30.0,0,,False,,False,,False,,False,none,,False,,False,0.0
23.400000000000063,lead,30.0,0,,False,,False,,False,,False,none,,False,,False,0.0
23.500000000000064,lead,30.0,0,,False,,False,,False,,False,none,,False,,False,0.0
23.600000000000065,lead,30.0,0,,False,,False,,False,,False,none,,False,,False,0.0
23.700000000000067,lead,30.0,0,,False,,False,,False,,False,none,,False,,False,0.0
23.800000000000068,lead,30.0,0,,False,,False,,False,,False,none,,False,,False,0.0
23.90000000000007,lead,30.0,0,,False,,False,,False,,False,none,,False,,False,0.0
24.00000000000007,lead,30.0,0,,False,,False,,False,,False,none,,False,,False,0.0
24.100000000000072,lead,30.0,0,,False,,False,,False,,False,none,,False,,False,0.0
24.200000000000074,lead,30.0,0,,False,,False,,False,,False,none,,False,,False,0.0
24.300000000000075,lead,30.0,0,,False,,False,,False,,False,none,,False,,False,0.0
24.400000000000077,lead,30.0,0,,False,,False,,False,,False,none,,False,,False,0.0
24.500000000000078,lead,30.0,0,,False,,False,,False,,False,none,,False,,False,0.0
24.60000000000008,lead,30.0,0,,False,,False,,False,,False,none,,False,,False,0.0
24.70000000000008,lead,30.0,0,,False,,False,,False,,False,none,,False,,False,0.0
24.800000000000082,lead,30.0,0,,False,,False,,False,,False,none,,False,,False,0.0
24.900000000000084,lead,30.0,0,,False,,False,,False,,False,none,,False,,False,0.0
25.000000000000085,lead,30.0,0,,False,,False,,False,,False,none,,False,,False,0.0
25.100000000000087,lead,30.0,0,,False,,False,,False,,False,none,,False,,False,0.0
25.200000000000088,lead,30.0,0,,False,,False,,False,,False,none,,False,,False,0.0
25.30000000000009,lead,30.0,0,,False,,False,,False,,False,none,,False,,False,0.0
25.40000000000009,lead,30.0,0,,False,,False,,False,,False,none,,False,,False,0.0
25.500000000000092,lead,30.0,0,,False,,False,,False,,False,none,,False,,False,0.0
25.600000000000094,lead,30.0,0,,False,,False,,False,,False,none,,False,,False,0.0
25.700000000000095,lead,30.0,0,,False,,False,,False,,False,none,,False,,False,0.0
25.800000000000097,lead,30.0,0,,False,,False,,False,,False,none,,False,,False,0.0
25.900000000000098,lead,30.0,0,,False,,False,,False,,False,none,,False,,False,0.0
26.0000000000001,lead,30.0,0,,False,,False,,False,,False,none,,False,,False,0.0
26.1000000000001,lead,30.0,0,,False,,False,,False,,False,none,,False,,False,0.0
26.200000000000102,lead,30.0,0,,False,,False,,False,,False,none,,False,,False,0.0
26.300000000000104,lead,30.0,0,,False,,False,,False,,False,none,,False,,False,0.0
26.400000000000105,lead,30.0,0,,False,,False,,False,,False,none,,False,,False,0.0
26.500000000000107,lead,30.0,0,,False,,False,,False,,False,none,,False,,False,0.0
26.600000000000108,lead,30.0,0,,False,,False,,False,,False,none,,False,,False,0.0
26.70000000000011,lead,30.0,0,,False,,False,,False,,False,none,,False,,False,0.0
26.80000000000011,lead,30.0,0,,False,,False,,False,,False,none,,False,,False,0.0
26.900000000000112,lead,30.0,0,,False,,False,,False,,False,none,,False,,False,0.0
27.000000000000114,lead,30.0,0,,False,,False,,False,,False,none,,False,,False,0.0
27.100000000000115,lead,30.0,0,,False,,False,,False,,False,none,,False,,False,0.0
27.200000000000117,lead,30.0,0,,False,,False,,False,,False,none,,False,,False,0.0
27.300000000000118,lead,30.0,0,,False,,False,,False,,False,none,,False,,False,0.0
27.40000000000012,lead,30.0,0,,False,,False,,False,,False,none,,False,,False,0.0
27.50000000000012,lead,30.0,0,,False,,False,,False,,False,none,,False,,False,0.0
27.600000000000122,lead,30.0,0,,False,,False,,False,,False,none,,False,,False,0.0
27.700000000000124,lead,30.0,0,,False,,False,,False,,False,none,,False,,False,0.0
27.800000000000125,lead,30.0,0,,False,,False,,False,,False,none,,False,,False,0.0
27.900000000000126,lead,30.0,0,,False,,False,,False,,False,none,,False,,False,0.0
28.000000000000128,lead,30.0,0,,False,,False,,False,,False,none,,False,,False,0.0
28.10000000000013,lead,30.0,0,,False,,False,,False,,False,none,,False,,False,0.0
28.20000000000013,lead,30.0,0,,False,,False,,False,,False,none,,False,,False,0.0
28.300000000000132,lead,30.0,0,,False,,False,,False,,False,none,,False,,False,0.0
28.400000000000134,lead,30.0,0,,False,,False,,False,,False,none,,False,,False,0.0
28.500000000000135,lead,30.0,0,,False,,False,,False,,False,none,,False,,False,0.0
28.600000000000136,lead,30.0,0,,False,,False,,False,,False,none,,False,,False,0.0
28.700000000000138,lead,30.0,0,,False,,False,,False,,False,none,,False,,False,0.0
28.80000000000014,lead,30.0,0,,False,,False,,False,,False,none,,False,,False,0.0
28.90000000000014,lead,30.0,0,,False,,False,,False,,False,none,,False,,False,0.0
29.000000000000142,lead,30.0,0,,False,,False,,False,,False,none,,False,,False,0.0
29.100000000000144,lead,30.0,0,,False,,False,,False,,False,none,,False,,False,0.0
29.200000000000145,lead,30.0,0,,False,,False,,False,,False,none,,False,,False,0.0
29.300000000000146,lead,30.0,0,,False,,False,,False,,False,none,,False,,False,0.0
29.400000000000148,lead,30.0,0,,False,,False,,False,,False,none,,False,,False,0.0
29.50000000000015,lead,30.0,0,,False,,False,,False,,False,none,,False,,False,0.0
29.60000000000015,lead,30.0,0,,False,,False,,False,,False,none,,False,,False,0.0
29.700000000000152,lead,30.0,0,,False,,False,,False,,False,none,,False,,False,0.0
29.800000000000153,lead,30.0,0,,False,,False,,False,,False,none,,False,,False,0.0
29.900000000000155,lead,30.0,0,,False,,False,,False,,False,none,,False,,False,0.0
30.000000000000156,lead,30.0,0,,False,,False,,False,,False,none,,False,,False,0.0
30.100000000000158,lead,30.0,0,,False,,False,,False,,False,none,,False,,False,0.0
30.20000000000016,lead,30.0,0,,False,,False,,False,,False,none,,False,,False,0.0
30.30000000000016,lead,30.0,0,,False,,False,,False,,False,none,,False,,False,0.0
30.400000000000162,lead,30.0,0,,False,,False,,False,,False,none,,False,,False,0.0
30.500000000000163,lead,30.0,0,,False,,False,,False,,False,none,,False,,False,0.0
30.600000000000165,lead,30.0,0,,False,,False,,False,,False,none,,False,,False,0.0
30.700000000000166,lead,30.0,0,,False,,False,,False,,False,none,,False,,False,0.0
30.800000000000168,lead,30.0,0,,False,,False,,False,,False,none,,False,,False,0.0
30.90000000000017,lead,30.0,0,,False,,False,,False,,False,none,,False,,False,0.0
31.00000000000017,lead,30.0,0,,False,,False,,False,,False,none,,False,,False,0.0
31.100000000000172,lead,30.0,0,,False,,False,,False,,False,none,,False,,False,0.0
31.200000000000173,lead,30.0,0,,False,,False,,False,,False,none,,False,,False,0.0
31.300000000000175,lead,30.0,0,,False,,False,,False,,False,none,,False,,False,0.0
31.400000000000176,lead,30.0,0,,False,,False,,False,,False,none,,False,,False,0.0
31.500000000000178,lead,30.0,0,,False,,False,,False,,False,none,,False,,False,0.0
31.60000000000018,lead,30.0,0,,False,,False,,False,,False,none,,False,,False,0.0
31.70000000000018,lead,30.0,0,,False,,False,,False,,False,none,,False,,False,0.0
31.800000000000182,lead,30.0,0,,False,,False,,False,,False,none,,False,,False,0.0
31.900000000000183,lead,30.0,0,,False,,False,,False,,False,none,,False,,False,0.0
32.000000000000185,lead,30.0,0,,False,,False,,False,,False,none,,False,,False,0.0
32.100000000000186,lead,30.0,0,,False,,False,,False,,False,none,,False,,False,0.0
32.20000000000019,lead,30.0,0,,False,,False,,False,,False,none,,False,,False,0.0
32.30000000000019,lead,30.0,0,,False,,False,,False,,False,none,,False,,False,0.0
32.40000000000019,lead,30.0,0,,False,,False,,False,,False,none,,False,,False,0.0
32.50000000000019,lead,30.0,0,,False,,False,,False,,False,none,,False,,False,0.0
32.60000000000019,lead,30.0,0,,False,,False,,False,,False,none,,False,,False,0.0
32.700000000000195,lead,30.0,0,,False,,False,,False,,False,none,,False,,False,0.0
32.800000000000196,lead,30.0,0,,False,,False,,False,,False,none,,False,,False,0.0
32.9000000000002,lead,30.0,0,,False,,False,,False,,False,none,,False,,False,0.0
33.0000000000002,lead,30.0,0,,False,,False,,False,,False,none,,False,,False,0.0
33.1000000000002,lead,30.0,0,,False,,False,,False,,False,none,,False,,False,0.0
33.2000000000002,lead,30.0,0,,False,,False,,False,,False,none,,False,,False,0.0
33.3000000000002,lead,30.0,0,,False,,False,,False,,False,none,,False,,False,0.0
33.400000000000205,lead,30.0,0,,False,,False,,False,,False,none,,False,,False,0.0
33.500000000000206,lead,30.0,0,,False,,False,,False,,False,none,,False,,False,0.0
33.60000000000021,lead,30.0,0,,False,,False,,False,,False,none,,False,,False,0.0
33.70000000000021,lead,30.0,0,,False,,False,,False,,False,none,,False,,False,0.0
33.80000000000021,lead,30.0,0,,False,,False,,False,,False,none,,False,,False,0.0
33.90000000000021,lead,30.0,0,,False,,False,,False,,False,none,,False,,False,0.0
34.00000000000021,lead,30.0,0,,False,,False,,False,,False,none,,False,,False,0.0
34.100000000000215,lead,30.0,0,,False,,False,,False,,False,none,,False,,False,0.0
34.200000000000216,lead,30.0,0,,False,,False,,False,,False,none,,False,,False,0.0
34.30000000000022,lead,30.0,0,,False,,False,,False,,False,none,,False,,False,0.0
34.40000000000022,lead,30.0,0,,False,,False,,False,,False,none,,False,,False,0.0
34.50000000000022,lead,30.0,0,,False,,False,,False,,False,none,,False,,False,0.0
34.60000000000022,lead,30.0,0,,False,,False,,False,,False,none,,False,,False,0.0
34.70000000000022,lead,30.0,0,,False,,False,,False,,False,none,,False,,False,0.0
34.800000000000225,lead,30.0,0,,False,,False,,False,,False,none,,False,,False,0.0
34.900000000000226,lead,30.0,0,,False,,False,,False,,False,none,,False,,False,0.0
35.00000000000023,lead,30.0,0,,False,,False,,False,,False,none,,False,,False,0.0
35.10000000000023,lead,30.0,0,,False,,False,,False,,False,none,,False,,False,0.0
35.20000000000023,lead,30.0,0,,False,,False,,False,,False,none,,False,,False,0.0
35.30000000000023,lead,30.0,0,,False,,False,,False,,False,none,,False,,False,0.0
35.40000000000023,lead,30.0,0,,False,,False,,False,,False,none,,False,,False,0.0
35.500000000000234,lead,30.0,0,,False,,False,,False,,False,none,,False,,False,0.0
35.600000000000236,lead,30.0,0,,False,,False,,False,,False,none,,False,,False,0.0
35.70000000000024,lead,30.0,0,,False,,False,,False,,False,none,,False,,False,0.0
35.80000000000024,lead,30.0,0,,False,,False,,False,,False,none,,False,,False,0.0
35.90000000000024,lead,30.0,0,,False,,False,,False,,False,none,,False,,False,0.0
36.00000000000024,lead,30.0,0,,False,,False,,False,,False,none,,False,,False,0.0
36.10000000000024,lead,30.0,0,,False,,False,,False,,False,none,,False,,False,0.0
36.200000000000244,lead,30.0,0,,False,,False,,False,,False,none,,False,,False,0.0
36.300000000000246,lead,30.0,0,,False,,False,,False,,False,none,,False,,False,0.0
36.40000000000025,lead,30.0,0,,False,,False,,False,,False,none,,False,,False,0.0
36.50000000000025,lead,30.0,0,,False,,False,,False,,False,none,,False,,False,0.0
36.60000000000025,lead,30.0,0,,False,,False,,False,,False,none,,False,,False,0.0
36.70000000000025,lead,30.0,0,,False,,False,,False,,False,none,,False,,False,0.0
36.80000000000025,lead,30.0,0,,False,,False,,False,,False,none,,False,,False,0.0
36.900000000000254,lead,30.0,0,,False,,False,,False,,False,none,,False,,False,0.0
37.000000000000256,lead,30.0,0,,False,,False,,False,,False,none,,False,,False,0.0
37.10000000000026,lead,30.0,0,,False,,False,,False,,False,none,,False,,False,0.0
37.20000000000026,lead,30.0,0,,False,,False,,False,,False,none,,False,,False,0.0
37.30000000000026,lead,30.0,0,,False,,False,,False,,False,none,,False,,False,0.0
37.40000000000026,lead,30.0,0,,False,,False,,False,,False,none,,False,,False,0.0
37.50000000000026,lead,30.0,0,,False,,False,,False,,False,none,,False,,False,0.0
37.600000000000264,lead,30.0,0,,False,,False,,False,,False,none,,False,,False,0.0
37.700000000000266,lead,30.0,0,,False,,False,,False,,False,none,,False,,False,0.0
37.80000000000027,lead,30.0,0,,False,,False,,False,,False,none,,False,,False,0.0
37.90000000000027,lead,30.0,0,,False,,False,,False,,False,none,,False,,False,0.0
38.00000000000027,lead,30.0,0,76.53366535897896,False,76.53366535897896,False,76.53366535897896,False,76.53366535897896,True,camera,traffic_light,False,,False,0.0
38.10000000000027,lead,30.0,0,75.19254535897892,False,75.19254535897892,False,75.19254535897892,False,75.19254535897892,True,camera,traffic_light,False,,False,0.0
38.20000000000027,lead,30.0,0,73.85142535897887,False,73.85142535897887,False,73.85142535897887,False,73.85142535897887,True,camera,traffic_light,False,,False,0.0
38.300000000000274,lead,30.0,0,72.51030535897883,False,72.51030535897883,False,72.51030535897883,False,72.51030535897883,True,camera,traffic_light,False,,False,0.0
38.400000000000276,lead,30.0,0,71.16918535897878,False,71.16918535897878,False,71.16918535897878,False,71.16918535897878,True,camera,traffic_light,False,,False,0.0
38.50000000000028,lead,30.0,0,69.82806535897873,False,69.82806535897873,False,69.82806535897873,False,69.82806535897873,True,camera,traffic_light,False,,False,0.0
38.60000000000028,lead,30.0,0,68.48694535897869,False,68.48694535897869,False,68.48694535897869,False,68.48694535897869,True,camera,traffic_light,False,,False,0.0
38.70000000000028,lead,30.0,0,67.14582535897864,False,67.14582535897864,False,67.14582535897864,False,67.14582535897864,True,camera,traffic_light,False,,False,0.0
38.80000000000028,lead,30.0,0,65.8047053589786,False,65.8047053589786,False,65.8047053589786,False,65.8047053589786,True,camera,traffic_light,False,,False,0.0
38.90000000000028,lead,30.0,0,64.46358535897855,False,64.46358535897855,False,64.46358535897855,False,64.46358535897855,True,camera,traffic_light,False,,False,0.0
39.000000000000284,lead,30.0,0,63.1224653589785,False,63.1224653589785,False,63.1224653589785,False,63.1224653589785,True,camera,traffic_light,False,,False,0.0
39.100000000000286,lead,30.0,0,61.781345358978456,False,61.781345358978456,False,61.781345358978456,False,61.781345358978456,True,camera,traffic_light,False,,False,0.0
39.20000000000029,lead,30.0,0,60.44022535897841,False,60.44022535897841,False,60.44022535897841,False,60.44022535897841,True,camera,traffic_light,False,,False,0.0
39.30000000000029,lead,30.0,0,59.09910535897836,False,59.09910535897836,False,59.09910535897836,False,59.09910535897836,True,camera,traffic_light,False,,False,0.0
39.40000000000029,lead,30.0,0,57.75798535897832,False,57.75798535897832,False,57.75798535897832,False,57.75798535897832,True,camera,traffic_light,False,,False,0.0
39.50000000000029,lead,30.0,0,56.41686535897827,False,56.41686535897827,False,56.41686535897827,False,56.41686535897827,True,camera,traffic_light,False,,False,0.0
39.60000000000029,lead,30.0,0,55.075745358978224,False,55.075745358978224,False,55.075745358978224,False,55.075745358978224,True,camera,traffic_light,False,,False,0.0
39.700000000000294,lead,30.0,0,53.73462535897818,False,53.73462535897818,False,53.73462535897818,False,53.73462535897818,True,camera,traffic_light,False,,False,0.0
39.800000000000296,lead,30.0,0,52.39350535897813,False,52.39350535897813,False,52.39350535897813,False,52.39350535897813,True,camera,traffic_light,False,,False,0.0
39.9000000000003,lead,30.0,0,51.052385358978086,False,51.052385358978086,False,51.052385358978086,False,51.052385358978086,True,camera,traffic_light,False,,False,0.0
40.0000000000003,lead,30.0,0,49.71126535897804,False,49.71126535897804,False,49.71126535897804,False,49.71126535897804,True,camera,traffic_light,False,,False,0.0
40.1000000000003,lead,30.0,0,48.37014535897799,False,48.37014535897799,False,48.37014535897799,False,48.37014535897799,True,camera,traffic_light,False,,False,0.0
40.2000000000003,lead,30.0,0,47.02902535897795,False,47.02902535897795,False,47.02902535897795,False,47.02902535897795,True,camera,traffic_light,False,,False,0.0
40.3000000000003,lead,30.0,0,45.6879053589779,False,45.6879053589779,False,45.6879053589779,False,45.6879053589779,True,camera,traffic_light,False,,False,0.0
40.400000000000304,lead,30.0,0,44.346785358977854,False,44.346785358977854,False,44.346785358977854,False,44.346785358977854,True,camera,traffic_light,False,,False,0.0
40.500000000000306,lead,30.0,0,43.00566535897781,False,43.00566535897781,False,43.00566535897781,False,43.00566535897781,True,camera,traffic_light,False,,False,0.0
40.60000000000031,lead,30.0,0,41.66454535897776,False,41.66454535897776,False,41.66454535897776,False,41.66454535897776,True,camera,traffic_light,False,,False,0.0
40.70000000000031,lead,30.0,0,40.323425358977715,False,40.323425358977715,False,40.323425358977715,False,40.323425358977715,True,camera,traffic_light,False,,False,0.0
40.80000000000031,lead,30.0,0,38.98230535897767,False,38.98230535897767,False,38.98230535897767,False,38.98230535897767,True,camera,traffic_light,False,,False,0.0
40.90000000000031,lead,30.0,0,37.64118535897762,False,37.64118535897762,False,37.64118535897762,False,37.64118535897762,True,camera,traffic_light,False,,False,0.0
41.00000000000031,lead,30.0,0,36.30006535897758,False,36.30006535897758,False,36.30006535897758,False,36.30006535897758,True,camera,traffic_light,False,,False,0.0
41.100000000000314,lead,30.0,0,34.95894535897753,False,34.95894535897753,False,34.95894535897753,False,34.95894535897753,True,camera,traffic_light,False,,False,0.0
41.200000000000315,lead,29.926716293287793,0,33.61946339638996,False,33.61946339638996,False,33.61946339638996,False,33.61946339638996,True,camera,traffic_light,False,,False,0.0
41.30000000000032,lead,29.783377898357134,0,32.28482337101832,False,32.28482337101832,False,32.28482337101832,False,32.28482337101832,True,camera,traffic_light,False,,False,0.0
41.40000000000032,lead,29.576167815368507,0,30.95801880522515,False,30.95801880522515,False,30.95801880522515,False,30.95801880522515,True,camera,traffic_light,False,,False,0.0
41.50000000000032,lead,29.31015181338221,0,29.641791788883324,False,29.641791788883324,False,29.641791788883324,False,29.641791788883324,True,camera,traffic_light,False,,False,0.0
41.60000000000032,lead,28.989525904015714,0,28.338677392544014,False,28.338677392544014,False,28.338677392544014,False,28.338677392544014,True,camera,traffic_light,False,,False,0.0
41.70000000000032,lead,28.617796963086615,0,27.051038511818547,False,27.051038511818547,False,27.051038511818547,False,27.051038511818547,True,camera,traffic_light,False,,False,0.0
41.800000000000324,lead,28.197917397316857,0,25.78109366443482,False,25.78109366443482,False,25.78109366443482,False,25.78109366443482,True,camera,traffic_light,False,,False,0.0
41.900000000000325,lead,27.732387507516904,0,24.530939489201955,False,24.530939489201955,False,24.530939489201955,False,24.530939489201955,True,camera,traffic_light,False,,False,0.0
42.00000000000033,lead,27.22333472933961,0,23.302569185763787,False,23.302569185763787,False,23.302569185763787,False,23.302569185763787,True,camera,traffic_light,False,,False,0.0
42.10000000000033,lead,26.672576100252197,0,22.097887786900742,False,22.097887786900742,False,22.097887786900742,False,22.097887786900742,True,camera,traffic_light,False,,False,0.0
42.20000000000033,lead,26.081668470287585,0,20.918724912260018,False,20.918724912260018,False,20.918724912260018,False,20.918724912260018,True,camera,traffic_light,False,,False,0.0
42.30000000000033,lead,25.45194977732984,0,19.766845477189236,False,19.766845477189236,False,19.766845477189236,False,19.766845477189236,True,camera,traffic_light,False,,False,0.0
42.40000000000033,lead,24.784573929105456,0,18.64395869930297,False,18.64395869930297,False,18.64395869930297,False,18.64395869930297,True,camera,traffic_light,False,,False,0.0
42.500000000000334,lead,24.080541346059782,0,17.551725642672523,False,17.551725642672523,False,17.551725642672523,False,17.551725642672523,True,camera,traffic_light,False,,False,0.0
42.600000000000335,lead,23.34072694902426,0,16.491765453740754,False,16.491765453740754,False,16.491765453740754,False,16.491765453740754,True,camera,traffic_light,False,,False,0.0
42.70000000000034,lead,22.56590728706584,0,15.465660365295662,False,15.465660365295662,False,15.465660365295662,False,15.465660365295662,True,camera,traffic_light,False,,False,0.0
42.80000000000034,lead,21.756788586641584,0,14.47495946712661,False,14.47495946712661,False,14.47495946712661,False,14.47495946712661,True,camera,traffic_light,False,,False,0.0
42.90000000000034,lead,20.91403778196736,0,13.521181156135412,False,13.521181156135412,False,13.521181156135412,False,13.521181156135412,True,camera,traffic_light,False,,False,0.0
43.00000000000034,lead,20.038319106643765,0,12.605814074961131,False,12.605814074961131,False,12.605814074961131,False,12.605814074961131,True,camera,traffic_light,False,,False,0.0
43.10000000000034,lead,19.130339674472403,0,11.730316213885658,False,11.730316213885658,False,11.730316213885658,False,11.730316213885658,True,camera,traffic_light,False,,False,0.0
43.200000000000344,lead,18.19090879278345,0,10.896111668145522,False,10.896111668145522,False,10.896111668145522,False,10.896111668145522,True,camera,traffic_light,False,,False,0.0
43.300000000000345,lead,17.221017750897726,0,10.104584286041131,False,10.104584286041131,False,10.104584286041131,False,10.104584286041131,True,camera,traffic_light,False,,False,0.0
43.40000000000035,lead,16.221949834600917,0,9.357067074570068,False,9.357067074570068,False,9.357067074570068,False,9.357067074570068,True,camera,traffic_light,False,,False,0.0
43.50000000000035,lead,15.19543480365037,0,8.654825693135876,False,8.654825693135876,False,8.654825693135876,False,8.654825693135876,True,camera,traffic_light,False,,False,0.0
43.60000000000035,lead,14.14386865975206,0,7.9990335821219105,False,7.9990335821219105,False,7.9990335821219105,False,7.9990335821219105,True,camera,traffic_light,False,,False,0.0
43.70000000000035,lead,13.070628918313401,0,7.390735132256964,False,7.390735132256964,False,7.390735132256964,False,7.390735132256964,True,camera,traffic_light,False,,False,0.0
43.80000000000035,lead,11.980528084010382,0,6.830791670941039,False,6.830791670941039,False,6.830791670941039,False,6.830791670941039,True,camera,traffic_light,False,,False,0.0
43.900000000000354,lead,10.880462030050962,0,6.3198028199115015,False,6.3198028199115015,False,6.3198028199115015,False,6.3198028199115015,True,camera,traffic_light,False,,False,0.0
44.000000000000355,lead,9.780317629437684,0,5.857993072962586,False,5.857993072962586,False,5.857993072962586,False,5.857993072962586,True,camera,traffic_light,False,,False,0.0
44.10000000000036,lead,8.694179592912523,0,5.445051111048656,False,5.445051111048656,False,5.445051111048656,False,5.445051111048656,True,camera,traffic_light,False,,False,0.0
44.20000000000036,lead,7.6417497463959565,0,5.079910418456393,False,5.079910418456393,False,5.079910418456393,False,5.079910418456393,True,camera,traffic_light,False,,False,0.0
44.30000000000036,lead,6.6495012247934415,0,4.760472376748339,False,4.760472376748339,False,4.760472376748339,False,4.760472376748339,True,camera,traffic_light,False,,False,0.0
44.40000000000036,lead,5.750169994150503,0,4.483314925662512,False,4.483314925662512,False,4.483314925662512,False,4.483314925662512,True,camera,traffic_light,False,,False,0.0
44.50000000000036,lead,4.977722579756006,0,4.243525070850524,False,4.243525070850524,False,4.243525070850524,False,4.243525070850524,True,camera,traffic_light,False,,False,0.0
44.600000000000364,lead,4.35474523389279,0,4.034925750279854,False,4.034925750279854,False,4.034925750279854,False,4.034925750279854,True,camera,traffic_light,False,,False,0.0
44.700000000000365,lead,3.875826449640246,0,3.850956012009533,False,3.850956012009533,False,3.850956012009533,False,3.850956012009533,True,camera,traffic_light,False,,False,0.0
44.80000000000037,lead,3.504414154319311,0,3.6859928740298074,False,3.6859928740298074,False,3.6859928740298074,False,3.6859928740298074,True,camera,traffic_light,False,,False,0.0
44.90000000000037,lead,3.1955469964787078,0,3.536235342387158,False,3.536235342387158,False,3.536235342387158,False,3.536235342387158,True,camera,traffic_light,False,,False,0.0
