time,vehicle_id,speed_mph,lane,radar_dist,radar_attacked,camera_dist,camera_attacked,lidar_dist,lidar_attacked,belief_dist,obstacle_present,belief_source,reacting_to,collision,severity,roundabout_confused,roundabout_excursion_remaining
0.0,solo,30.0,0,,False,,False,,False,,False,none,,False,,False,0.0
0.1,solo,30.0,0,,False,,False,,False,,False,none,,False,,False,0.0
0.2,solo,30.0,0,,False,,False,,False,,False,none,,False,,False,0.0
0.30000000000000004,solo,30.0,0,,False,,False,,False,,False,none,,False,,False,0.0
0.4,solo,30.0,0,,False,,False,,False,,False,none,,False,,False,0.0
0.5,solo,30.0,0,,False,,False,,False,,False,none,,False,,False,0.0
0.6,solo,30.0,0,,False,,False,,False,,False,none,,False,,False,0.0
0.7,solo,30.0,0,,False,,False,,False,,False,none,,False,,False,0.0
0.7999999999999999,solo,30.0,0,,False,,False,,False,,False,none,,False,,False,0.0
0.8999999999999999,solo,30.0,0,,False,,False,,False,,False,none,,False,,False,0.0
0.9999999999999999,solo,30.0,0,,False,,False,,False,,False,none,,False,,False,0.0
1.0999999999999999,solo,30.0,0,,False,,False,,False,,False,none,,False,,False,0.0
1.2,solo,30.0,0,,False,,False,,False,,False,none,,False,,False,0.0
1.3,solo,30.0,0,,False,,False,,False,,False,none,,False,,False,0.0
1.4000000000000001,solo,30.0,0,,False,,False,,False,,False,none,,False,,False,0.0
1.5000000000000002,solo,30.0,0,,False,,False,,False,,False,none,,False,,False,0.0
1.6000000000000003,solo,30.0,0,,False,,False,,False,,False,none,,False,,False,0.0
1.7000000000000004,solo,30.0,0,,False,,False,,False,,False,none,,False,,False,0.0
1.8000000000000005,solo,30.0,0,,False,,False,,False,,False,none,,False,,False,0.0
1.9000000000000006,solo,30.0,0,,False,,False,,False,,False,none,,False,,False,0.0
2.0000000000000004,solo,30.0,0,,False,,False,,False,,False,none,,False,,False,0.0
2.1000000000000005,solo,30.0,0,,False,,False,,False,,False,none,,False,,False,0.0
2.2000000000000006,solo,30.0,0,,False,,False,,False,,False,none,,False,,False,0.0
2.3000000000000007,solo,30.0,0,,False,,False,,False,,False,none,,False,,False,0.0
2.400000000000001,solo,30.0,0,,False,,False,,False,,False,none,,False,,False,0.0
2.500000000000001,solo,30.0,0,,False,,False,,False,,False,none,,False,,False,0.0
2.600000000000001,solo,30.0,0,,False,,False,,False,,False,none,,False,,False,0.0
2.700000000000001,solo,30.0,0,,False,,False,,False,,False,none,,False,,False,0.0
2.800000000000001,solo,30.0,0,,False,,False,,False,,False,none,,False,,False,0.0
2.9000000000000012,solo,30.0,0,,False,,False,,False,,False,none,,False,,False,0.0
3.0000000000000013,solo,30.0,0,,False,,False,,False,,False,none,,False,,False,0.0
3.1000000000000014,solo,30.0,0,,False,,False,,False,,False,none,,False,,False,0.0
3.2000000000000015,solo,30.0,0,,False,,False,,False,,False,none,,False,,False,0.0
3.3000000000000016,solo,30.0,0,,False,,False,,False,,False,none,,False,,False,0.0
3.4000000000000017,solo,30.0,0,,False,,False,,False,,False,none,,False,,False,0.0
3.5000000000000018,solo,30.0,0,,False,,False,,False,,False,none,,False,,False,0.0
3.600000000000002,solo,30.0,0,,False,,False,,False,,False,none,,False,,False,0.0
3.700000000000002,solo,30.0,0,,False,,False,,False,,False,none,,False,,False,0.0
3.800000000000002,solo,30.0,0,,False,,False,,False,,False,none,,False,,False,0.0
3.900000000000002,solo,30.0,0,,False,,False,,False,,False,none,,False,,False,0.0
4.000000000000002,solo,30.0,0,,False,,False,,False,,False,none,,False,,False,0.0
4.100000000000001,solo,30.0,0,,False,,False,,False,,False,none,,False,,False,0.0
4.200000000000001,solo,30.0,0,,False,,False,,False,,False,none,,False,,False,0.0
4.300000000000001,solo,30.0,0,,False,,False,,False,,False,none,,False,,False,0.0
4.4,solo,30.0,0,,False,,False,,False,,False,none,,False,,False,0.0
4.5,solo,30.0,0,,False,,False,,False,,False,none,,False,,False,0.0
4.6,solo,30.0,0,,False,,False,,False,,False,none,,False,,False,0.0
4.699999999999999,solo,30.0,0,,False,,False,,False,,False,none,,False,,False,0.0
4.799999999999999,solo,30.0,0,,False,,False,,False,,False,none,,False,,False,0.0
4.899999999999999,solo,30.0,0,,False,,False,,False,,False,none,,False,,False,0.0
4.999999999999998,solo,30.0,0,,False,,False,,False,,False,none,,False,,False,0.0
5.099999999999998,solo,30.0,0,,False,,False,,False,,False,none,,False,,False,0.0
5.1999999999999975,solo,30.0,0,,False,,False,,False,,False,none,,False,,False,0.0
5.299999999999997,solo,30.0,0,,False,,False,,False,,False,none,,False,,False,0.0
5.399999999999997,solo,30.0,0,,False,,False,,False,,False,none,,False,,False,0.0
5.4999999999999964,solo,30.0,0,,False,,False,,False,,False,none,,False,,False,0.0
5.599999999999996,solo,30.0,0,,False,,False,,False,,False,none,,False,,False,0.0
5.699999999999996,solo,30.0,0,,False,,False,,False,,False,none,,False,,False,0.0
5.799999999999995,solo,30.0,0,,False,,False,,False,,False,none,,False,,False,0.0
5.899999999999995,solo,30.0,0,,False,,False,,False,,False,none,,False,,False,0.0
5.999999999999995,solo,30.0,0,,False,,False,,False,,False,none,,False,,False,0.0
6.099999999999994,solo,30.0,0,,False,,False,,False,,False,none,,False,,False,0.0
6.199999999999994,solo,30.0,0,,False,,False,,False,,False,none,,False,,False,0.0
6.299999999999994,solo,30.0,0,,False,,False,,False,,False,none,,False,,False,0.0
6.399999999999993,solo,30.0,0,,False,,False,,False,,False,none,,False,,False,0.0
6.499999999999993,solo,30.0,0,,False,,False,,False,,False,none,,False,,False,0.0
6.5999999999999925,solo,30.0,0,,False,,False,,False,,False,none,,False,,False,0.0
6.699999999999992,solo,30.0,0,,False,,False,,False,,False,none,,False,,False,0.0
6.799999999999992,solo,30.0,0,,False,,False,,False,,False,none,,False,,False,0.0
6.8999999999999915,solo,30.0,0,,False,,False,,False,,False,none,,False,,False,0.0
6.999999999999991,solo,30.0,0,,False,,False,,False,,False,none,,False,,False,0.0
7.099999999999991,solo,30.0,0,,False,,False,,False,,False,none,,False,,False,0.0
7.19999999999999,solo,30.0,0,,False,,False,,False,,False,none,,False,,False,0.0
7.29999999999999,solo,30.0,0,,False,,False,,False,,False,none,,False,,False,0.0
7.39999999999999,solo,30.0,0,,False,,False,,False,,False,none,,False,,False,0.0
7.499999999999989,solo,30.0,0,,False,,False,,False,,False,none,,False,,False,0.0
7.599999999999989,solo,30.0,0,,False,,False,,False,,False,none,,False,,False,0.0
7.699999999999989,solo,30.0,0,,False,,False,,False,,False,none,,False,,False,0.0
7.799999999999988,solo,30.0,0,,False,,False,,False,,False,none,,False,,False,0.0
7.899999999999988,solo,30.0,0,,False,,False,,False,,False,none,,False,,False,0.0
7.999999999999988,solo,30.0,0,,False,,False,,False,,False,none,,False,,False,0.0
8.099999999999987,solo,30.0,0,,False,,False,,False,,False,none,,False,,False,0.0
8.199999999999987,solo,30.0,0,,False,,False,,False,,False,none,,False,,False,0.0
8.299999999999986,solo,30.0,0,,False,,False,,False,,False,none,,False,,False,0.0
8.399999999999986,solo,30.0,0,,False,,False,,False,,False,none,,False,,False,0.0
8.499999999999986,solo,30.0,0,,False,,False,,False,,False,none,,False,,False,0.0
8.599999999999985,solo,30.0,0,,False,,False,,False,,False,none,,False,,False,0.0
8.699999999999985,solo,30.0,0,,False,,False,,False,,False,none,,False,,False,0.0
8.799999999999985,solo,30.0,0,,False,,False,,False,,False,none,,False,,False,0.0
8.899999999999984,solo,30.0,0,,False,,False,,False,,False,none,,False,,False,0.0
8.999999999999984,solo,30.0,0,,False,,False,,False,,False,none,,False,,False,0.0
9.099999999999984,solo,30.0,0,,False,,False,,False,,False,none,,False,,False,0.0
9.199999999999983,solo,30.0,0,,False,,False,,False,,False,none,,False,,False,0.0
9.299999999999983,solo,30.0,0,,False,,False,,False,,False,none,,False,,False,0.0
9.399999999999983,solo,30.0,0,,False,,False,,False,,False,none,,False,,False,0.0
9.499999999999982,solo,30.0,0,,False,,False,,False,,False,none,,False,,False,0.0
9.599999999999982,solo,30.0,0,,False,,False,,False,,False,none,,False,,False,0.0
9.699999999999982,solo,30.0,0,,False,,False,,False,,False,none,,False,,False,0.0
9.799999999999981,solo,30.0,0,,False,,False,,False,,False,none,,False,,False,0.0
9.89999999999998,solo,30.0,0,,False,,False,,False,,False,none,,False,,False,0.0
9.99999999999998,solo,30.0,0,,False,,False,,False,,False,none,,False,,False,0.0
10.09999999999998,solo,30.0,0,,False,,False,,False,,False,none,,False,,False,0.0
10.19999999999998,solo,30.0,0,,False,,False,,False,,False,none,,False,,False,0.0
10.29999999999998,solo,30.0,0,,False,,False,,False,,False,none,,False,,False,0.0
10.399999999999979,solo,30.0,0,,False,,False,,False,,False,none,,False,,False,0.0
10.499999999999979,solo,30.0,0,,False,,False,,False,,False,none,,False,,False,0.0
10.599999999999978,solo,30.0,0,,False,,False,,False,,False,none,,False,,False,0.0
10.699999999999978,solo,30.0,0,,False,,False,,False,,False,none,,False,,False,0.0
10.799999999999978,solo,30.0,0,,False,,False,,False,,False,none,,False,,False,0.0
10.899999999999977,solo,30.0,0,,False,,False,,False,,False,none,,False,,False,0.0
10.999999999999977,solo,30.0,0,,False,,False,,False,,False,none,,False,,False,0.0
11.099999999999977,solo,30.0,0,,False,,False,,False,,False,none,,False,,False,0.0
11.199999999999976,solo,30.0,0,,False,,False,,False,,False,none,,False,,False,0.0
11.299999999999976,solo,30.0,0,,False,,False,,False,,False,none,,False,,False,0.0
11.399999999999975,solo,30.0,0,,False,,False,,False,,False,none,,False,,False,0.0
11.499999999999975,solo,30.0,0,,False,,False,,False,,False,none,,False,,False,0.0
11.599999999999975,solo,30.0,0,,False,,False,,False,,False,none,,False,,False,0.0
11.699999999999974,solo,30.0,0,,False,,False,,False,,False,none,,False,,False,0.0
11.799999999999974,solo,30.0,0,,False,,False,,False,,False,none,,False,,False,0.0
11.899999999999974,solo,30.0,0,,False,,False,,False,,False,none,,False,,False,0.0
11.999999999999973,solo,30.0,0,,False,,False,,False,,False,none,,False,,False,0.0
12.099999999999973,solo,30.0,0,,False,,False,,False,,False,none,,False,,False,0.0
12.199999999999973,solo,30.0,0,,False,,False,,False,,False,none,,False,,False,0.0
12.299999999999972,solo,30.0,0,,False,,False,,False,,False,none,,False,,False,0.0
12.399999999999972,solo,30.0,0,,False,,False,,False,,False,none,,False,,False,0.0
12.499999999999972,solo,30.0,0,,False,,False,,False,,False,none,,False,,False,0.0
12.599999999999971,solo,30.0,0,,False,,False,,False,,False,none,,False,,False,0.0
12.69999999999997,solo,30.0,0,,False,,False,,False,,False,none,,False,,False,0.0
12.79999999999997,solo,30.0,0,,False,,False,,False,,False,none,,False,,False,0.0
12.89999999999997,solo,30.0,0,,False,,False,,False,,False,none,,False,,False,0.0
12.99999999999997,solo,30.0,0,,False,,False,,False,,False,none,,False,,False,0.0
13.09999999999997,solo,30.0,0,,False,,False,,False,,False,none,,False,,False,0.0
13.199999999999969,solo,30.0,0,,False,,False,,False,,False,none,,False,,False,0.0
13.299999999999969,solo,30.0,0,,False,,False,,False,,False,none,,False,,False,0.0
13.399999999999968,solo,30.0,0,,False,,False,,False,,False,none,,False,,False,0.0
13.499999999999968,solo,30.0,0,,False,,False,,False,,False,none,,False,,False,0.0
13.599999999999968,solo,30.0,0,,False,,False,,False,,False,none,,False,,False,0.0
13.699999999999967,solo,30.0,0,,False,,False,,False,,False,none,,False,,False,0.0
13.799999999999967,solo,30.0,0,,False,,False,,False,,False,none,,False,,False,0.0
13.899999999999967,solo,30.0,0,,False,,False,,False,,False,none,,False,,False,0.0
13.999999999999966,solo,30.0,0,,False,,False,,False,,False,none,,False,,False,0.0
14.099999999999966,solo,30.0,0,,False,,False,,False,,False,none,,False,,False,0.0
14.199999999999966,solo,30.0,0,,False,,False,,False,,False,none,,False,,False,0.0
14.299999999999965,solo,30.0,0,,False,,False,,False,,False,none,,False,,False,0.0
14.399999999999965,solo,30.0,0,,False,,False,,False,,False,none,,False,,False,0.0
14.499999999999964,solo,30.0,0,,False,,False,,False,,False,none,,False,,False,0.0
14.599999999999964,solo,30.0,0,,False,,False,,False,,False,none,,False,,False,0.0
14.699999999999964,solo,30.0,0,,False,,False,,False,,False,none,,False,,False,0.0
14.799999999999963,solo,30.0,0,,False,,False,,False,,False,none,,False,,False,0.0
14.899999999999963,solo,30.0,0,,False,,False,,False,,False,none,,False,,False,0.0
14.999999999999963,solo,30.0,0,,False,,False,,False,,False,none,,False,,False,0.0
15.099999999999962,solo,30.0,0,,False,,False,,False,,False,none,,False,,False,0.0
15.199999999999962,solo,30.0,0,,False,,False,,False,,False,none,,False,,False,0.0
15.299999999999962,solo,30.0,0,,False,,False,,False,,False,none,,False,,False,0.0
15.399999999999961,solo,30.0,0,,False,,False,,False,,False,none,,False,,False,0.0
15.499999999999961,solo,30.0,0,,False,,False,,False,,False,none,,False,,False,0.0
15.59999999999996,solo,30.0,0,,False,,False,,False,,False,none,,False,,False,0.0
15.69999999999996,solo,30.0,0,,False,,False,,False,,False,none,,False,,False,0.0
15.79999999999996,solo,30.0,0,,False,,False,,False,,False,none,,False,,False,0.0
15.89999999999996,solo,30.0,0,,False,,False,,False,,False,none,,False,,False,0.0
15.99999999999996,solo,30.0,0,,False,,False,,False,,False,none,,False,,False,0.0
16.09999999999996,solo,30.0,0,,False,,False,,False,,False,none,,False,,False,0.0
16.19999999999996,solo,30.0,0,,False,,False,,False,,False,none,,False,,False,0.0
16.29999999999996,solo,30.0,0,,False,,False,,False,,False,none,,False,,False,0.0
16.399999999999963,solo,30.0,0,,False,,False,,False,,False,none,,False,,False,0.0
16.499999999999964,solo,30.0,0,,False,,False,,False,,False,none,,False,,False,0.0
16.599999999999966,solo,30.0,0,,False,,False,,False,,False,none,,False,,False,0.0
16.699999999999967,solo,30.0,0,,False,,False,,False,,False,none,,False,,False,0.0
16.79999999999997,solo,30.0,0,,False,,False,,False,,False,none,,False,,False,0.0
16.89999999999997,solo,30.0,0,,False,,False,,False,,False,none,,False,,False,0.0
16.99999999999997,solo,30.0,0,,False,,False,,False,,False,none,,False,,False,0.0
17.099999999999973,solo,30.0,0,,False,,False,,False,,False,none,,False,,False,0.0
17.199999999999974,solo,30.0,0,,False,,False,,False,,False,none,,False,,False,0.0
17.299999999999976,solo,30.0,0,,False,,False,,False,,False,none,,False,,False,0.0
17.399999999999977,solo,30.0,0,,False,,False,,False,,False,none,,False,,False,0.0
17.49999999999998,solo,30.0,0,,False,,False,,False,,False,none,,False,,False,0.0
17.59999999999998,solo,30.0,0,,False,,False,,False,,False,none,,False,,False,0.0
17.69999999999998,solo,30.0,0,,False,,False,,False,,False,none,,False,,False,0.0
17.799999999999983,solo,30.0,0,,False,,False,,False,,False,none,,False,,False,0.0
17.899999999999984,solo,30.0,0,,False,,False,,False,,False,none,,False,,False,0.0
17.999999999999986,solo,30.0,0,,False,,False,,False,,False,none,,False,,False,0.0
18.099999999999987,solo,30.0,0,,False,,False,,False,,False,none,,False,,False,0.0
18.19999999999999,solo,30.0,0,,False,,False,,False,,False,none,,False,,False,0.0
18.29999999999999,solo,30.0,0,,False,,False,,False,,False,none,,False,,False,0.0
18.39999999999999,solo,30.0,0,,False,,False,,False,,False,none,,False,,False,0.0
18.499999999999993,solo,30.0,0,,False,,False,,False,,False,none,,False,,False,0.0
18.599999999999994,solo,30.0,0,,False,,False,,False,,False,none,,False,,False,0.0
18.699999999999996,solo,30.0,0,,False,,False,,False,,False,none,,False,,False,0.0
18.799999999999997,solo,30.0,0,,False,,False,,False,,False,none,,False,,False,0.0
18.9,solo,30.0,0,,False,,False,,False,,False,none,,False,,False,0.0
19.0,solo,30.0,0,,False,,False,,False,,False,none,,False,,False,0.0
19.1,solo,30.0,0,,False,,False,,False,,False,none,,False,,False,0.0
19.200000000000003,solo,30.0,0,,False,,False,,False,,False,none,,False,,False,0.0
19.300000000000004,solo,30.0,0,,False,,False,,False,,False,none,,False,,False,0.0
19.400000000000006,solo,30.0,0,,False,,False,,False,,False,none,,False,,False,0.0
19.500000000000007,solo,30.0,0,,False,,False,,False,,False,none,,False,,False,0.0
19.60000000000001,solo,30.0,0,,False,,False,,False,,False,none,,False,,False,0.0
19.70000000000001,solo,30.0,0,,False,,False,,False,,False,none,,False,,False,0.0
19.80000000000001,solo,30.0,0,,False,,False,,False,,False,none,,False,,False,0.0
19.900000000000013,solo,30.0,0,,False,,False,,False,,False,none,,False,,False,0.0
20.000000000000014,solo,30.0,0,,False,,False,,False,,False,none,,False,,False,0.0
20.100000000000016,solo,30.0,0,,False,,False,,False,,False,none,,False,,False,0.0
20.200000000000017,solo,30.0,0,,False,,False,,False,,False,none,,False,,False,0.0
20.30000000000002,solo,30.0,0,,False,,False,,False,,False,none,,False,,False,0.0
20.40000000000002,solo,30.0,0,,False,,False,,False,,False,none,,False,,False,0.0
20.50000000000002,solo,30.0,0,,False,,False,,False,,False,none,,False,,False,0.0
20.600000000000023,solo,30.0,0,,False,,False,,False,,False,none,,False,,False,0.0
20.700000000000024,solo,30.0,0,,False,,False,,False,,False,none,,False,,False,0.0
20.800000000000026,solo,30.0,0,,False,,False,,False,,False,none,,False,,False,0.0
20.900000000000027,solo,30.0,0,,False,,False,,False,,False,none,,False,,False,0.0
21.00000000000003,solo,30.0,0,,False,,False,,False,,False,none,,False,,False,0.0
21.10000000000003,solo,30.0,0,,False,,False,,False,,False,none,,False,,False,0.0
21.20000000000003,solo,30.0,0,,False,,False,,False,,False,none,,False,,False,0.0
21.300000000000033,solo,30.0,0,,False,,False,,False,,False,none,,False,,False,0.0
21.400000000000034,solo,30.0,0,,False,,False,,False,,False,none,,False,,False,0.0
21.500000000000036,solo,30.0,0,,False,,False,,False,,False,none,,False,,False,0.0
21.600000000000037,solo,30.0,0,,False,,False,,False,,False,none,,False,,False,0.0
21.70000000000004,solo,30.0,0,,False,,False,,False,,False,none,,False,,False,0.0
21.80000000000004,solo,30.0,0,,False,,False,,False,,False,none,,False,,False,0.0
21.90000000000004,solo,30.0,0,,False,,False,,False,,False,none,,False,,False,0.0
22.000000000000043,solo,30.0,0,,False,,False,,False,,False,none,,False,,False,0.0
22.100000000000044,solo,30.0,0,,False,,False,,False,,False,none,,False,,False,0.0
22.200000000000045,solo,30.0,0,,False,,False,,False,,False,none,,False,,False,0.0
22.300000000000047,solo,30.0,0,,False,,False,,False,,False,none,,False,,False,0.0
22.40000000000005,solo,30.0,0,,False,,False,,False,,False,none,,False,,False,0.0
22.50000000000005,solo,30.0,0,,False,,False,,False,,False,none,,False,,False,0.0
22.60000000000005,solo,30.0,0,,False,,False,,False,,False,none,,False,,False,0.0
22.700000000000053,solo,30.0,0,,False,,False,,False,,False,none,,False,,False,0.0
22.800000000000054,solo,30.0,0,,False,,False,,False,,False,none,,False,,False,0.0
22.900000000000055,solo,30.0,0,,False,,False,,False,,False,none,,False,,False,0.0
23.000000000000057,solo,30.0,0,,False,,False,,False,,False,none,,False,,False,0.0
23.10000000000006,solo,30.0,0,,False,,False,,False,,False,none,,False,,False,0.0
23.20000000000006,solo,30.0,0,,False,,False,,False,,False,none,,False,,False,0.0
23.30000000000006,solo,30.0,0,,False,,False,,False,,False,none,,False,,False,0.0
23.400000000000063,solo,30.0,0,,False,,False,,False,,False,none,,False,,False,0.0
23.500000000000064,solo,30.0,0,,False,,False,,False,,False,none,,False,,False,0.0
23.600000000000065,solo,30.0,0,,False,,False,,False,,False,none,,False,,False,0.0
23.700000000000067,solo,30.0,0,,False,,False,,False,,False,none,,False,,False,0.0
23.800000000000068,solo,30.0,0,,False,,False,,False,,False,none,,False,,False,0.0
23.90000000000007,solo,30.0,0,,False,,False,,False,,False,none,,False,,False,0.0
24.00000000000007,solo,30.0,0,,False,,False,,False,,False,none,,False,,False,0.0
24.100000000000072,solo,30.0,0,,False,,False,,False,,False,none,,False,,False,0.0
24.200000000000074,solo,30.0,0,,False,,False,,False,,False,none,,False,,False,0.0
24.300000000000075,solo,30.0,0,,False,,False,,False,,False,none,,False,,False,0.0
24.400000000000077,solo,30.0,0,,False,,False,,False,,False,none,,False,,False,0.0
24.500000000000078,solo,30.0,0,,False,,False,,False,,False,none,,False,,False,0.0
24.60000000000008,solo,30.0,0,,False,,False,,False,,False,none,,False,,False,0.0
24.70000000000008,solo,30.0,0,,False,,False,,False,,False,none,,False,,False,0.0
24.800000000000082,solo,30.0,0,,False,,False,,False,,False,none,,False,,False,0.0
24.900000000000084,solo,30.0,0,,False,,False,,False,,False,none,,False,,False,0.0
25.000000000000085,solo,30.0,0,,False,,False,,False,,False,none,,False,,False,0.0
25.100000000000087,solo,30.0,0,148.87443921538892,False,148.87443921538892,False,,False,148.87443921538892,True,camera,traffic_light,False,,False,0.0
25.200000000000088,solo,30.0,0,147.53331921538893,False,147.53331921538893,False,,False,147.53331921538893,True,camera,traffic_light,False,,False,0.0
25.30000000000009,solo,30.0,0,146.19219921538894,False,146.19219921538894,False,,False,146.19219921538894,True,camera,traffic_light,False,,False,0.0
25.40000000000009,solo,30.0,0,144.85107921538895,False,144.85107921538895,False,,False,144.85107921538895,True,camera,traffic_light,False,,False,0.0
25.500000000000092,solo,30.0,0,143.50995921538896,False,143.50995921538896,False,,False,143.50995921538896,True,camera,traffic_light,False,,False,0.0
25.600000000000094,solo,30.0,0,142.16883921538897,False,142.16883921538897,False,,False,142.16883921538897,True,camera,traffic_light,False,,False,0.0
25.700000000000095,solo,30.0,0,140.82771921538898,False,140.82771921538898,False,,False,140.82771921538898,True,camera,traffic_light,False,,False,0.0
25.800000000000097,solo,30.0,0,139.486599215389,False,139.486599215389,False,,False,139.486599215389,True,camera,traffic_light,False,,False,0.0
25.900000000000098,solo,30.0,0,138.145479215389,False,138.145479215389,False,,False,138.145479215389,True,camera,traffic_light,False,,False,0.0
26.0000000000001,solo,30.0,0,136.804359215389,False,136.804359215389,False,,False,136.804359215389,True,camera,traffic_light,False,,False,0.0
26.1000000000001,solo,30.0,0,135.46323921538902,False,135.46323921538902,False,,False,135.46323921538902,True,camera,traffic_light,False,,False,0.0
26.200000000000102,solo,30.0,0,134.12211921538903,False,134.12211921538903,False,,False,134.12211921538903,True,camera,traffic_light,False,,False,0.0
26.300000000000104,solo,30.0,0,132.78099921538904,False,132.78099921538904,False,,False,132.78099921538904,True,camera,traffic_light,False,,False,0.0
26.400000000000105,solo,30.0,0,131.43987921538906,False,131.43987921538906,False,,False,131.43987921538906,True,camera,traffic_light,False,,False,0.0
26.500000000000107,solo,30.0,0,130.09875921538907,False,130.09875921538907,False,,False,130.09875921538907,True,camera,traffic_light,False,,False,0.0
26.600000000000108,solo,30.0,0,128.75763921538908,False,128.75763921538908,False,,False,128.75763921538908,True,camera,traffic_light,False,,False,0.0
26.70000000000011,solo,30.0,0,127.41651921538909,False,127.41651921538909,False,,False,127.41651921538909,True,camera,traffic_light,False,,False,0.0
26.80000000000011,solo,30.0,0,126.0753992153891,False,126.0753992153891,False,,False,126.0753992153891,True,camera,traffic_light,False,,False,0.0
26.900000000000112,solo,30.0,0,124.73427921538911,False,124.73427921538911,False,,False,124.73427921538911,True,camera,traffic_light,False,,False,0.0
27.000000000000114,solo,30.0,0,123.39315921538912,False,123.39315921538912,False,,False,123.39315921538912,True,camera,traffic_light,False,,False,0.0
27.100000000000115,solo,30.0,0,122.05203921538913,False,122.05203921538913,False,,False,122.05203921538913,True,camera,traffic_light,False,,False,0.0
27.200000000000117,solo,30.0,0,120.71091921538914,False,120.71091921538914,False,,False,120.71091921538914,True,camera,traffic_light,False,,False,0.0
27.300000000000118,solo,30.0,0,119.36979921538915,False,119.36979921538915,False,,False,119.36979921538915,True,camera,traffic_light,False,,False,0.0
27.40000000000012,solo,30.0,0,118.02867921538916,False,118.02867921538916,False,,False,118.02867921538916,True,camera,traffic_light,False,,False,0.0
27.50000000000012,solo,30.0,0,116.68755921538917,False,116.68755921538917,False,,False,116.68755921538917,True,camera,traffic_light,False,,False,0.0
27.600000000000122,solo,30.0,0,115.34643921538918,False,115.34643921538918,False,,False,115.34643921538918,True,camera,traffic_light,False,,False,0.0
27.700000000000124,solo,30.0,0,114.00531921538919,False,114.00531921538919,False,,False,114.00531921538919,True,camera,traffic_light,False,,False,0.0
27.800000000000125,solo,30.0,0,112.6641992153892,False,112.6641992153892,False,,False,112.6641992153892,True,camera,traffic_light,False,,False,0.0
27.900000000000126,solo,30.0,0,111.32307921538921,False,111.32307921538921,False,,False,111.32307921538921,True,camera,traffic_light,False,,False,0.0
28.000000000000128,solo,30.0,0,109.98195921538922,False,109.98195921538922,False,,False,109.98195921538922,True,camera,traffic_light,False,,False,0.0
28.10000000000013,solo,30.0,0,108.64083921538924,False,108.64083921538924,False,,False,108.64083921538924,True,camera,traffic_light,False,,False,0.0
28.20000000000013,solo,30.0,0,107.29971921538925,False,107.29971921538925,False,,False,107.29971921538925,True,camera,traffic_light,False,,False,0.0
28.300000000000132,solo,30.0,0,105.95859921538926,False,105.95859921538926,False,,False,105.95859921538926,True,camera,traffic_light,False,,False,0.0
28.400000000000134,solo,30.0,0,104.61747921538927,False,104.61747921538927,False,,False,104.61747921538927,True,camera,traffic_light,False,,False,0.0
28.500000000000135,solo,30.0,0,103.27635921538928,False,103.27635921538928,False,,False,103.27635921538928,True,camera,traffic_light,False,,False,0.0
28.600000000000136,solo,30.0,0,101.93523921538929,False,101.93523921538929,False,,False,101.93523921538929,True,camera,traffic_light,False,,False,0.0
28.700000000000138,solo,30.0,0,100.5941192153893,False,100.5941192153893,False,,False,100.5941192153893,True,camera,traffic_light,False,,False,0.0
28.80000000000014,solo,30.0,0,99.25299921538931,False,99.25299921538931,False,,False,99.25299921538931,True,camera,traffic_light,False,,False,0.0
28.90000000000014,solo,30.0,0,97.91187921538932,False,97.91187921538932,False,,False,97.91187921538932,True,camera,traffic_light,False,,False,0.0
29.000000000000142,solo,30.0,0,96.57075921538933,False,96.57075921538933,False,,False,96.57075921538933,True,camera,traffic_light,False,,False,0.0
29.100000000000144,solo,30.0,0,95.22963921538934,False,95.22963921538934,False,,False,95.22963921538934,True,camera,traffic_light,False,,False,0.0
29.200000000000145,solo,30.0,0,93.88851921538935,False,93.88851921538935,False,,False,93.88851921538935,True,camera,traffic_light,False,,False,0.0
29.300000000000146,solo,30.0,0,92.54739921538936,False,92.54739921538936,False,,False,92.54739921538936,True,camera,traffic_light,False,,False,0.0
29.400000000000148,solo,30.0,0,91.20627921538937,False,91.20627921538937,False,,False,91.20627921538937,True,camera,traffic_light,False,,False,0.0
29.50000000000015,solo,30.0,0,89.86515921538938,False,89.86515921538938,False,,False,89.86515921538938,True,camera,traffic_light,False,,False,0.0
29.60000000000015,solo,30.0,0,88.5240392153894,False,88.5240392153894,False,,False,88.5240392153894,True,camera,traffic_light,False,,False,0.0
29.700000000000152,solo,30.0,0,87.1829192153894,False,87.1829192153894,False,,False,87.1829192153894,True,camera,traffic_light,False,,False,0.0
29.800000000000153,solo,30.0,0,85.84179921538941,False,85.84179921538941,False,,False,85.84179921538941,True,camera,traffic_light,False,,False,0.0
29.900000000000155,solo,30.0,0,84.50067921538943,False,84.50067921538943,False,,False,84.50067921538943,True,camera,traffic_light,False,,False,0.0
30.000000000000156,solo,30.0,0,83.15955921538944,False,83.15955921538944,False,,False,83.15955921538944,True,camera,traffic_light,False,,False,0.0
30.100000000000158,solo,30.0,0,81.81843921538945,False,81.81843921538945,False,,False,81.81843921538945,True,camera,traffic_light,False,,False,0.0
30.20000000000016,solo,30.0,0,80.47731921538946,False,80.47731921538946,False,,False,80.47731921538946,True,camera,traffic_light,False,,False,0.0
30.30000000000016,solo,30.0,0,79.13619921538947,False,79.13619921538947,False,79.13619921538947,False,79.13619921538947,True,camera,traffic_light,False,,False,0.0
30.400000000000162,solo,30.0,0,77.79507921538948,False,77.79507921538948,False,77.79507921538948,False,77.79507921538948,True,camera,traffic_light,False,,False,0.0
30.500000000000163,solo,30.0,0,76.45395921538949,False,76.45395921538949,False,76.45395921538949,False,76.45395921538949,True,camera,traffic_light,False,,False,0.0
30.600000000000165,solo,30.0,0,75.1128392153895,False,75.1128392153895,False,75.1128392153895,False,75.1128392153895,True,camera,traffic_light,False,,False,0.0
30.700000000000166,solo,30.0,0,73.77171921538951,False,73.77171921538951,False,73.77171921538951,False,73.77171921538951,True,camera,traffic_light,False,,False,0.0
30.800000000000168,solo,30.0,0,72.43059921538952,False,72.43059921538952,False,72.43059921538952,False,72.43059921538952,True,camera,traffic_light,False,,False,0.0
30.90000000000017,solo,30.0,0,71.08947921538953,False,71.08947921538953,False,71.08947921538953,False,71.08947921538953,True,camera,traffic_light,False,,False,0.0
31.00000000000017,solo,30.0,0,69.74835921538954,False,69.74835921538954,False,69.74835921538954,False,69.74835921538954,True,camera,traffic_light,False,,False,0.0
31.100000000000172,solo,30.0,0,68.40723921538955,False,68.40723921538955,False,68.40723921538955,False,68.40723921538955,True,camera,traffic_light,False,,False,0.0
31.200000000000173,solo,30.0,0,67.06611921538956,False,67.06611921538956,False,67.06611921538956,False,67.06611921538956,True,camera,traffic_light,False,,False,0.0
31.300000000000175,solo,30.0,0,65.72499921538957,False,65.72499921538957,False,65.72499921538957,False,65.72499921538957,True,camera,traffic_light,False,,False,0.0
31.400000000000176,solo,30.0,0,64.38387921538958,False,64.38387921538958,False,64.38387921538958,False,64.38387921538958,True,camera,traffic_light,False,,False,0.0
31.500000000000178,solo,30.0,0,63.042759215389594,False,63.042759215389594,False,63.042759215389594,False,63.042759215389594,True,camera,traffic_light,False,,False,0.0
31.60000000000018,solo,30.0,0,61.701639215389605,False,61.701639215389605,False,61.701639215389605,False,61.701639215389605,True,camera,traffic_light,False,,False,0.0
31.70000000000018,solo,30.0,0,60.360519215389616,False,60.360519215389616,False,60.360519215389616,False,60.360519215389616,True,camera,traffic_light,False,,False,0.0
31.800000000000182,solo,30.0,0,59.019399215389626,False,59.019399215389626,False,59.019399215389626,False,59.019399215389626,True,camera,traffic_light,False,,False,0.0
31.900000000000183,solo,30.0,0,57.67827921538964,False,57.67827921538964,False,57.67827921538964,False,57.67827921538964,True,camera,traffic_light,False,,False,0.0
32.000000000000185,solo,30.0,0,,False,,False,,False,,False,none,,False,,False,0.0
32.100000000000186,solo,30.0,0,,False,,False,,False,,False,none,,False,,False,0.0
32.20000000000019,solo,30.0,0,,False,,False,,False,,False,none,,False,,False,0.0
32.30000000000019,solo,30.0,0,,False,,False,,False,,False,none,,False,,False,0.0
32.40000000000019,solo,30.0,0,,False,,False,,False,,False,none,,False,,False,0.0
32.50000000000019,solo,30.0,0,,False,,False,,False,,False,none,,False,,False,0.0
32.60000000000019,solo,30.0,0,,False,,False,,False,,False,none,,False,,False,0.0
32.700000000000195,solo,30.0,0,,False,,False,,False,,False,none,,False,,False,0.0
32.800000000000196,solo,30.0,0,,False,,False,,False,,False,none,,False,,False,0.0
32.9000000000002,solo,30.0,0,,False,,False,,False,,False,none,,False,,False,0.0
33.0000000000002,solo,30.0,0,,False,,False,,False,,False,none,,False,,False,0.0
33.1000000000002,solo,30.0,0,,False,,False,,False,,False,none,,False,,False,0.0
33.2000000000002,solo,30.0,0,,False,,False,,False,,False,none,,False,,False,0.0
33.3000000000002,solo,30.0,0,,False,,False,,False,,False,none,,False,,False,0.0
33.400000000000205,solo,30.0,0,,False,,False,,False,,False,none,,False,,False,0.0
33.500000000000206,solo,30.0,0,,False,,False,,False,,False,none,,False,,False,0.0
33.60000000000021,solo,30.0,0,,False,,False,,False,,False,none,,False,,False,0.0
33.70000000000021,solo,30.0,0,,False,,False,,False,,False,none,,False,,False,0.0
33.80000000000021,solo,30.0,0,,False,,False,,False,,False,none,,False,,False,0.0
33.90000000000021,solo,30.0,0,,False,,False,,False,,False,none,,False,,False,0.0
34.00000000000021,solo,30.0,0,,False,,False,,False,,False,none,,False,,False,0.0
34.100000000000215,solo,30.0,0,,False,,False,,False,,False,none,,False,,False,0.0
34.200000000000216,solo,30.0,0,,False,,False,,False,,False,none,,False,,False,0.0
34.30000000000022,solo,30.0,0,,False,,False,,False,,False,none,,False,,False,0.0
34.40000000000022,solo,30.0,0,,False,,False,,False,,False,none,,False,,False,0.0
34.50000000000022,solo,30.0,0,,False,,False,,False,,False,none,,False,,False,0.0
34.60000000000022,solo,30.0,0,,False,,False,,False,,False,none,,False,,False,0.0
34.70000000000022,solo,30.0,0,,False,,False,,False,,False,none,,False,,False,0.0
34.800000000000225,solo,30.0,0,,False,,False,,False,,False,none,,False,,False,0.0
34.900000000000226,solo,30.0,0,,False,,False,,False,,False,none,,False,,False,0.0
35.00000000000023,solo,30.0,0,,False,,False,,False,,False,none,,False,,False,0.0
35.10000000000023,solo,30.0,0,,False,,False,,False,,False,none,,False,,False,0.0
35.20000000000023,solo,30.0,0,,False,,False,,False,,False,none,,False,,False,0.0
35.30000000000023,solo,30.0,0,,False,,False,,False,,False,none,,False,,False,0.0
35.40000000000023,solo,30.0,0,,False,,False,,False,,False,none,,False,,False,0.0
35.500000000000234,solo,30.0,0,,False,,False,,False,,False,none,,False,,False,0.0
35.600000000000236,solo,30.0,0,,False,,False,,False,,False,none,,False,,False,0.0
35.70000000000024,solo,30.0,0,,False,,False,,False,,False,none,,False,,False,0.0
35.80000000000024,solo,30.0,0,,False,,False,,False,,False,none,,False,,False,0.0
35.90000000000024,solo,30.0,0,,False,,False,,False,,False,none,,False,,False,0.0
36.00000000000024,solo,30.0,0,,False,,False,,False,,False,none,,False,,False,0.0
36.10000000000024,solo,30.0,0,,False,,False,,False,,False,none,,False,,False,0.0
36.200000000000244,solo,30.0,0,,False,,False,,False,,False,none,,False,,False,0.0
36.300000000000246,solo,30.0,0,,False,,False,,False,,False,none,,False,,False,0.0
36.40000000000025,solo,30.0,0,,False,,False,,False,,False,none,,False,,False,0.0
36.50000000000025,solo,30.0,0,,False,,False,,False,,False,none,,False,,False,0.0
36.60000000000025,solo,30.0,0,,False,,False,,False,,False,none,,False,,False,0.0
36.70000000000025,solo,30.0,0,,False,,False,,False,,False,none,,False,,False,0.0
36.80000000000025,solo,30.0,0,,False,,False,,False,,False,none,,False,,False,0.0
36.900000000000254,solo,30.0,0,,False,,False,,False,,False,none,,False,,False,0.0
37.000000000000256,solo,30.0,0,,False,,False,,False,,False,none,,False,,False,0.0
37.10000000000026,solo,30.0,0,,False,,False,,False,,False,none,,False,,False,0.0
37.20000000000026,solo,30.0,0,,False,,False,,False,,False,none,,False,,False,0.0
37.30000000000026,solo,30.0,0,,False,,False,,False,,False,none,,False,,False,0.0
37.40000000000026,solo,30.0,0,,False,,False,,False,,False,none,,False,,False,0.0
37.50000000000026,solo,30.0,0,,False,,False,,False,,False,none,,False,,False,0.0
37.600000000000264,solo,30.0,0,,False,,False,,False,,False,none,,False,,False,0.0
37.700000000000266,solo,30.0,0,,False,,False,,False,,False,none,,False,,False,0.0
37.80000000000027,solo,30.0,0,,False,,False,,False,,False,none,,False,,False,0.0
37.90000000000027,solo,30.0,0,,False,,False,,False,,False,none,,False,,False,0.0
38.00000000000027,solo,30.0,0,,False,,False,,False,,False,none,,False,,False,0.0
38.10000000000027,solo,30.0,0,,False,,False,,False,,False,none,,False,,False,0.0
38.20000000000027,solo,30.0,0,,False,,False,,False,,False,none,,False,,False,0.0
38.300000000000274,solo,30.0,0,,False,,False,,False,,False,none,,False,,False,0.0
38.400000000000276,solo,30.0,0,,False,,False,,False,,False,none,,False,,False,0.0
38.50000000000028,solo,30.0,0,,False,,False,,False,,False,none,,False,,False,0.0
38.60000000000028,solo,30.0,0,,False,,False,,False,,False,none,,False,,False,0.0
38.70000000000028,solo,30.0,0,,False,,False,,False,,False,none,,False,,False,0.0
38.80000000000028,solo,30.0,0,,False,,False,,False,,False,none,,False,,False,0.0
38.90000000000028,solo,30.0,0,,False,,False,,False,,False,none,,False,,False,0.0
39.000000000000284,solo,30.0,0,,False,,False,,False,,False,none,,False,,False,0.0
39.100000000000286,solo,30.0,0,,False,,False,,False,,False,none,,False,,False,0.0
39.20000000000029,solo,30.0,0,,False,,False,,False,,False,none,,False,,False,0.0
39.30000000000029,solo,30.0,0,,False,,False,,False,,False,none,,False,,False,0.0
39.40000000000029,solo,30.0,0,,False,,False,,False,,False,none,,False,,False,0.0
39.50000000000029,solo,30.0,0,,False,,False,,False,,False,none,,False,,False,0.0
39.60000000000029,solo,30.0,0,,False,,False,,False,,False,none,,False,,False,0.0
39.700000000000294,solo,30.0,0,,False,,False,,False,,False,none,,False,,False,0.0
39.800000000000296,solo,30.0,0,,False,,False,,False,,False,none,,False,,False,0.0
39.9000000000003,solo,30.0,0,,False,,False,,False,,False,none,,False,,False,0.0
40.0000000000003,solo,30.0,0,,False,,False,,False,,False,none,,False,,False,0.0
40.1000000000003,solo,30.0,0,,False,,False,,False,,False,none,,False,,False,0.0
40.2000000000003,solo,30.0,0,,False,,False,,False,,False,none,,False,,False,0.0
40.3000000000003,solo,30.0,0,,False,,False,,False,,False,none,,False,,False,0.0
40.400000000000304,solo,30.0,0,,False,,False,,False,,False,none,,False,,False,0.0
40.500000000000306,solo,30.0,0,,False,,False,,False,,False,none,,False,,False,0.0
40.60000000000031,solo,30.0,0,,False,,False,,False,,False,none,,False,,False,0.0
40.70000000000031,solo,30.0,0,,False,,False,,False,,False,none,,False,,False,0.0
40.80000000000031,solo,30.0,0,,False,,False,,False,,False,none,,False,,False,0.0
40.90000000000031,solo,30.0,0,,False,,False,,False,,False,none,,False,,False,0.0
41.00000000000031,solo,30.0,0,,False,,False,,False,,False,none,,False,,False,0.0
41.100000000000314,solo,30.0,0,,False,,False,,False,,False,none,,False,,False,0.0
41.200000000000315,solo,30.0,0,,False,,False,,False,,False,none,,False,,False,0.0
41.30000000000032,solo,30.0,0,,False,,False,,False,,False,none,,False,,False,0.0
41.40000000000032,solo,30.0,0,,False,,False,,False,,False,none,,False,,False,0.0
41.50000000000032,solo,30.0,0,,False,,False,,False,,False,none,,False,,False,0.0
41.60000000000032,solo,30.0,0,,False,,False,,False,,False,none,,False,,False,0.0
41.70000000000032,solo,30.0,0,,False,,False,,False,,False,none,,False,,False,0.0
41.800000000000324,solo,30.0,0,,False,,False,,False,,False,none,,False,,False,0.0
41.900000000000325,solo,30.0,0,,False,,False,,False,,False,none,,False,,False,0.0
42.00000000000033,solo,30.0,0,,False,,False,,False,,False,none,,False,,False,0.0
42.10000000000033,solo,30.0,0,,False,,False,,False,,False,none,,False,,False,0.0
42.20000000000033,solo,30.0,0,,False,,False,,False,,False,none,,False,,False,0.0
42.30000000000033,solo,30.0,0,,False,,False,,False,,False,none,,False,,False,0.0
42.40000000000033,solo,30.0,0,,False,,False,,False,,False,none,,False,,False,0.0
42.500000000000334,solo,30.0,0,,False,,False,,False,,False,none,,False,,False,0.0
42.600000000000335,solo,30.0,0,149.60963921539485,False,149.60963921539485,False,,False,149.60963921539485,True,camera,vehicle,False,,False,0.0
42.70000000000034,solo,30.0,0,149.16259921539483,False,149.16259921539483,False,,False,149.16259921539483,True,camera,vehicle,False,,False,0.0
42.80000000000034,solo,30.0,0,148.71555921539482,False,148.71555921539482,False,,False,148.71555921539482,True,camera,vehicle,False,,False,0.0
42.90000000000034,solo,30.0,0,148.2685192153948,False,148.2685192153948,False,,False,148.2685192153948,True,camera,vehicle,False,,False,0.0
43.00000000000034,solo,30.0,0,147.8214792153948,False,147.8214792153948,False,,False,147.8214792153948,True,camera,vehicle,False,,False,0.0
43.10000000000034,solo,30.0,0,147.37443921539477,False,147.37443921539477,False,,False,147.37443921539477,True,camera,vehicle,False,,False,0.0
43.200000000000344,solo,30.0,0,146.92739921539476,False,146.92739921539476,False,,False,146.92739921539476,True,camera,vehicle,False,,False,0.0
43.300000000000345,solo,30.0,0,146.48035921539474,False,146.48035921539474,False,,False,146.48035921539474,True,camera,vehicle,False,,False,0.0
43.40000000000035,solo,30.0,0,146.03331921539473,False,146.03331921539473,False,,False,146.03331921539473,True,camera,vehicle,False,,False,0.0
43.50000000000035,solo,30.0,0,145.5862792153947,False,145.5862792153947,False,,False,145.5862792153947,True,camera,vehicle,False,,False,0.0
43.60000000000035,solo,30.0,0,145.1392392153947,False,145.1392392153947,False,,False,145.1392392153947,True,camera,vehicle,False,,False,0.0
43.70000000000035,solo,30.0,0,144.69219921539468,False,144.69219921539468,False,,False,144.69219921539468,True,camera,vehicle,False,,False,0.0
43.80000000000035,solo,30.0,0,144.24515921539466,False,144.24515921539466,False,,False,144.24515921539466,True,camera,vehicle,False,,False,0.0
43.900000000000354,solo,30.0,0,143.79811921539465,False,143.79811921539465,False,,False,143.79811921539465,True,camera,vehicle,False,,False,0.0
44.000000000000355,solo,30.0,0,143.35107921539463,False,143.35107921539463,False,,False,143.35107921539463,True,camera,vehicle,False,,False,0.0
44.10000000000036,solo,30.0,0,142.90403921539462,False,142.90403921539462,False,,False,142.90403921539462,True,camera,vehicle,False,,False,0.0
44.20000000000036,solo,30.0,0,142.4569992153946,False,142.4569992153946,False,,False,142.4569992153946,True,camera,vehicle,False,,False,0.0
44.30000000000036,solo,30.0,0,142.0099592153946,False,142.0099592153946,False,,False,142.0099592153946,True,camera,vehicle,False,,False,0.0
44.40000000000036,solo,30.0,0,141.56291921539457,False,141.56291921539457,False,,False,141.56291921539457,True,camera,vehicle,False,,False,0.0
44.50000000000036,solo,30.0,0,141.11587921539456,False,141.11587921539456,False,,False,141.11587921539456,True,camera,vehicle,False,,False,0.0
44.600000000000364,solo,30.0,0,140.66883921539454,False,140.66883921539454,False,,False,140.66883921539454,True,camera,vehicle,False,,False,0.0
44.700000000000365,solo,30.0,0,140.22179921539453,False,140.22179921539453,False,,False,140.22179921539453,True,camera,vehicle,False,,False,0.0
44.80000000000037,solo,30.0,0,139.7747592153945,False,139.7747592153945,False,,False,139.7747592153945,True,camera,vehicle,False,,False,0.0
44.90000000000037,solo,30.0,0,139.3277192153945,False,139.3277192153945,False,,False,139.3277192153945,True,camera,vehicle,False,,False,0.0
45.00000000000037,solo,30.0,0,138.88067921539448,False,138.88067921539448,False,,False,138.88067921539448,True,camera,vehicle,False,,False,0.0
45.10000000000037,solo,30.0,0,138.43363921539446,False,138.43363921539446,False,,False,138.43363921539446,True,camera,vehicle,False,,False,0.0
45.20000000000037,solo,30.0,0,137.98659921539445,False,137.98659921539445,False,,False,137.98659921539445,True,camera,vehicle,False,,False,0.0
45.300000000000374,solo,30.0,0,137.53955921539443,False,137.53955921539443,False,,False,137.53955921539443,True,camera,vehicle,False,,False,0.0
45.400000000000375,solo,30.0,0,137.09251921539442,False,137.09251921539442,False,,False,137.09251921539442,True,camera,vehicle,False,,False,0.0
45.50000000000038,solo,30.0,0,136.6454792153944,False,136.6454792153944,False,,False,136.6454792153944,True,camera,vehicle,False,,False,0.0
45.60000000000038,solo,30.0,0,136.1984392153944,False,136.1984392153944,False,,False,136.1984392153944,True,camera,vehicle,False,,False,0.0
45.70000000000038,solo,30.0,0,135.75139921539437,False,135.75139921539437,False,,False,135.75139921539437,True,camera,vehicle,False,,False,0.0
45.80000000000038,solo,30.0,0,135.30435921539436,False,135.30435921539436,False,,False,135.30435921539436,True,camera,vehicle,False,,False,0.0
45.90000000000038,solo,30.0,0,134.85731921539434,False,134.85731921539434,False,,False,134.85731921539434,True,camera,vehicle,False,,False,0.0
46.000000000000384,solo,30.0,0,134.41027921539433,False,134.41027921539433,False,,False,134.41027921539433,True,camera,vehicle,False,,False,0.0
46.100000000000385,solo,30.0,0,133.9632392153943,False,133.9632392153943,False,,False,133.9632392153943,True,camera,vehicle,False,,False,0.0
46.20000000000039,solo,30.0,0,133.5161992153943,False,133.5161992153943,False,,False,133.5161992153943,True,camera,vehicle,False,,False,0.0
46.30000000000039,solo,30.0,0,133.06915921539428,False,133.06915921539428,False,,False,133.06915921539428,True,camera,vehicle,False,,False,0.0
46.40000000000039,solo,30.0,0,132.62211921539426,False,132.62211921539426,False,,False,132.62211921539426,True,camera,vehicle,False,,False,0.0
46.50000000000039,solo,30.0,0,132.17507921539425,False,132.17507921539425,False,,False,132.17507921539425,True,camera,vehicle,False,,False,0.0
46.60000000000039,solo,30.0,0,131.72803921539423,False,131.72803921539423,False,,False,131.72803921539423,True,camera,vehicle,False,,False,0.0
46.700000000000394,solo,30.0,0,131.28099921539422,False,131.28099921539422,False,,False,131.28099921539422,True,camera,vehicle,False,,False,0.0
46.800000000000395,solo,30.0,0,130.8339592153942,False,130.8339592153942,False,,False,130.8339592153942,True,camera,vehicle,False,,False,0.0
46.9000000000004,solo,30.0,0,130.3869192153942,False,130.3869192153942,False,,False,130.3869192153942,True,camera,vehicle,False,,False,0.0
47.0000000000004,solo,30.0,0,129.93987921539417,False,129.93987921539417,False,,False,129.93987921539417,True,camera,vehicle,False,,False,0.0
47.1000000000004,solo,30.0,0,129.49283921539416,False,129.49283921539416,False,,False,129.49283921539416,True,camera,vehicle,False,,False,0.0
47.2000000000004,solo,30.0,0,129.04579921539414,False,129.04579921539414,False,,False,129.04579921539414,True,camera,vehicle,False,,False,0.0
47.3000000000004,solo,30.0,0,128.59875921539413,False,128.59875921539413,False,,False,128.59875921539413,True,camera,vehicle,False,,False,0.0
47.400000000000404,solo,30.0,0,128.1517192153941,False,128.1517192153941,False,,False,128.1517192153941,True,camera,vehicle,False,,False,0.0
47.500000000000405,solo,30.0,0,127.7046792153941,False,127.7046792153941,False,,False,127.7046792153941,True,camera,vehicle,False,,False,0.0
47.600000000000406,solo,30.0,0,127.25763921539408,False,127.25763921539408,False,,False,127.25763921539408,True,camera,vehicle,False,,False,0.0
47.70000000000041,solo,30.0,0,126.81059921539406,False,126.81059921539406,False,,False,126.81059921539406,True,camera,vehicle,False,,False,0.0
47.80000000000041,solo,30.0,0,126.36355921539405,False,126.36355921539405,False,,False,126.36355921539405,True,camera,vehicle,False,,False,0.0
47.90000000000041,solo,30.0,0,125.91651921539403,False,125.91651921539403,False,,False,125.91651921539403,True,camera,vehicle,False,,False,0.0
48.00000000000041,solo,30.0,0,125.46947921539402,False,125.46947921539402,False,,False,125.46947921539402,True,camera,vehicle,False,,False,0.0
48.10000000000041,solo,30.0,0,125.022439215394,False,125.022439215394,False,,False,125.022439215394,True,camera,vehicle,False,,False,0.0
48.200000000000415,solo,30.0,0,124.57539921539399,False,124.57539921539399,False,,False,124.57539921539399,True,camera,vehicle,False,,False,0.0
48.300000000000416,solo,30.0,0,124.12835921539397,False,124.12835921539397,False,,False,124.12835921539397,True,camera,vehicle,False,,False,0.0
48.40000000000042,solo,30.0,0,123.68131921539396,False,123.68131921539396,False,,False,123.68131921539396,True,camera,vehicle,False,,False,0.0
48.50000000000042,solo,30.0,0,123.23427921539394,False,123.23427921539394,False,,False,123.23427921539394,True,camera,vehicle,False,,False,0.0
48.60000000000042,solo,30.0,0,122.78723921539392,False,122.78723921539392,False,,False,122.78723921539392,True,camera,vehicle,False,,False,0.0
48.70000000000042,solo,30.0,0,122.34019921539391,False,122.34019921539391,False,,False,122.34019921539391,True,camera,vehicle,False,,False,0.0
48.80000000000042,solo,30.0,0,121.8931592153939,False,121.8931592153939,False,,False,121.8931592153939,True,camera,vehicle,False,,False,0.0
48.900000000000425,solo,30.0,0,121.44611921539388,False,121.44611921539388,False,,False,121.44611921539388,True,camera,vehicle,False,,False,0.0
49.000000000000426,solo,30.0,0,120.99907921539386,False,120.99907921539386,False,,False,120.99907921539386,True,camera,vehicle,False,,False,0.0
49.10000000000043,solo,30.0,0,120.55203921539385,False,120.55203921539385,False,,False,120.55203921539385,True,camera,vehicle,False,,False,0.0
49.20000000000043,solo,30.0,0,120.10499921539383,False,120.10499921539383,False,,False,120.10499921539383,True,camera,vehicle,False,,False,0.0
49.30000000000043,solo,30.0,0,119.65795921539382,False,119.65795921539382,False,,False,119.65795921539382,True,camera,vehicle,False,,False,0.0
49.40000000000043,solo,30.0,0,119.2109192153938,False,119.2109192153938,False,,False,119.2109192153938,True,camera,vehicle,False,,False,0.0
49.50000000000043,solo,30.0,0,118.76387921539379,False,118.76387921539379,False,,False,118.76387921539379,True,camera,vehicle,False,,False,0.0
49.600000000000435,solo,30.0,0,118.31683921539377,False,118.31683921539377,False,,False,118.31683921539377,True,camera,vehicle,False,,False,0.0
49.700000000000436,solo,30.0,0,117.86979921539375,False,117.86979921539375,False,,False,117.86979921539375,True,camera,vehicle,False,,False,0.0
49.80000000000044,solo,30.0,0,117.42275921539374,False,117.42275921539374,False,,False,117.42275921539374,True,camera,vehicle,False,,False,0.0
49.90000000000044,solo,30.0,0,116.97571921539372,False,116.97571921539372,False,,False,116.97571921539372,True,camera,vehicle,False,,False,0.0
50.00000000000044,solo,30.0,0,116.52867921539371,False,116.52867921539371,False,,False,116.52867921539371,True,camera,vehicle,False,,False,0.0
50.10000000000044,solo,30.0,0,116.0816392153937,False,116.0816392153937,False,,False,116.0816392153937,True,camera,vehicle,False,,False,0.0
50.20000000000044,solo,30.0,0,115.63459921539368,False,115.63459921539368,False,,False,115.63459921539368,True,camera,vehicle,False,,False,0.0
50.300000000000445,solo,30.0,0,115.18755921539366,False,115.18755921539366,False,,False,115.18755921539366,True,camera,vehicle,False,,False,0.0
50.400000000000446,solo,30.0,0,114.74051921539365,False,114.74051921539365,False,,False,114.74051921539365,True,camera,vehicle,False,,False,0.0
50.50000000000045,solo,30.0,0,114.29347921539363,False,114.29347921539363,False,,False,114.29347921539363,True,camera,vehicle,False,,False,0.0
50.60000000000045,solo,30.0,0,113.84643921539362,False,113.84643921539362,False,,False,113.84643921539362,True,camera,vehicle,False,,False,0.0
50.70000000000045,solo,30.0,0,113.3993992153936,False,113.3993992153936,False,,False,113.3993992153936,True,camera,vehicle,False,,False,0.0
50.80000000000045,solo,30.0,0,112.95235921539359,False,112.95235921539359,False,,False,112.95235921539359,True,camera,vehicle,False,,False,0.0
50.90000000000045,solo,30.0,0,112.50531921539357,False,112.50531921539357,False,,False,112.50531921539357,True,camera,vehicle,False,,False,0.0
51.000000000000455,solo,30.0,0,112.05827921539355,False,112.05827921539355,False,,False,112.05827921539355,True,camera,vehicle,False,,False,0.0
51.100000000000456,solo,30.0,0,111.61123921539354,False,111.61123921539354,False,,False,111.61123921539354,True,camera,vehicle,False,,False,0.0
51.20000000000046,solo,30.0,0,111.16419921539352,False,111.16419921539352,False,,False,111.16419921539352,True,camera,vehicle,False,,False,0.0
51.30000000000046,solo,30.0,0,110.71715921539351,False,110.71715921539351,False,,False,110.71715921539351,True,camera,vehicle,False,,False,0.0
51.40000000000046,solo,30.0,0,110.27011921539349,False,110.27011921539349,False,,False,110.27011921539349,True,camera,vehicle,False,,False,0.0
51.50000000000046,solo,30.0,0,109.82307921539348,False,109.82307921539348,False,,False,109.82307921539348,True,camera,vehicle,False,,False,0.0
51.60000000000046,solo,30.0,0,109.37603921539346,False,109.37603921539346,False,,False,109.37603921539346,True,camera,vehicle,False,,False,0.0
51.700000000000465,solo,30.0,0,108.92899921539345,False,108.92899921539345,False,,False,108.92899921539345,True,camera,vehicle,False,,False,0.0
51.800000000000466,solo,30.0,0,108.48195921539343,False,108.48195921539343,False,,False,108.48195921539343,True,camera,vehicle,False,,False,0.0
51.90000000000047,solo,30.0,0,108.03491921539342,False,108.03491921539342,False,,False,108.03491921539342,True,camera,vehicle,False,,False,0.0
52.00000000000047,solo,30.0,0,107.5878792153934,False,107.5878792153934,False,,False,107.5878792153934,True,camera,vehicle,False,,False,0.0
52.10000000000047,solo,30.0,0,107.14083921539338,False,107.14083921539338,False,,False,107.14083921539338,True,camera,vehicle,False,,False,0.0
52.20000000000047,solo,30.0,0,106.69379921539337,False,106.69379921539337,False,,False,106.69379921539337,True,camera,vehicle,False,,False,0.0
52.30000000000047,solo,30.0,0,106.24675921539335,False,106.24675921539335,False,,False,106.24675921539335,True,camera,vehicle,False,,False,0.0
52.400000000000475,solo,30.0,0,105.79971921539334,False,105.79971921539334,False,,False,105.79971921539334,True,camera,vehicle,False,,False,0.0
52.500000000000476,solo,30.0,0,105.35267921539332,False,105.35267921539332,False,,False,105.35267921539332,True,camera,vehicle,False,,False,0.0
52.60000000000048,solo,30.0,0,104.90563921539331,False,104.90563921539331,False,,False,104.90563921539331,True,camera,vehicle,False,,False,0.0
52.70000000000048,solo,30.0,0,104.45859921539329,False,104.45859921539329,False,,False,104.45859921539329,True,camera,vehicle,False,,False,0.0
52.80000000000048,solo,30.0,0,104.01155921539328,False,104.01155921539328,False,,False,104.01155921539328,True,camera,vehicle,False,,False,0.0
52.90000000000048,solo,30.0,0,103.56451921539326,False,103.56451921539326,False,,False,103.56451921539326,True,camera,vehicle,False,,False,0.0
53.00000000000048,solo,30.0,0,103.11747921539325,False,103.11747921539325,False,,False,103.11747921539325,True,camera,vehicle,False,,False,0.0
53.100000000000485,solo,30.0,0,102.67043921539323,False,102.67043921539323,False,,False,102.67043921539323,True,camera,vehicle,False,,False,0.0
53.200000000000486,solo,30.0,0,102.22339921539321,False,102.22339921539321,False,,False,102.22339921539321,True,camera,vehicle,False,,False,0.0
53.30000000000049,solo,30.0,0,101.7763592153932,False,101.7763592153932,False,,False,101.7763592153932,True,camera,vehicle,False,,False,0.0
53.40000000000049,solo,30.0,0,101.32931921539318,False,101.32931921539318,False,,False,101.32931921539318,True,camera,vehicle,False,,False,0.0
53.50000000000049,solo,30.0,0,100.88227921539317,False,100.88227921539317,False,,False,100.88227921539317,True,camera,vehicle,False,,False,0.0
53.60000000000049,solo,30.0,0,100.43523921539315,False,100.43523921539315,False,,False,100.43523921539315,True,camera,vehicle,False,,False,0.0
53.70000000000049,solo,30.0,0,99.98819921539314,False,99.98819921539314,False,,False,99.98819921539314,True,camera,vehicle,False,,False,0.0
53.800000000000495,solo,30.0,0,99.54115921539312,False,99.54115921539312,False,,False,99.54115921539312,True,camera,vehicle,False,,False,0.0
53.900000000000496,solo,30.0,0,99.0941192153931,False,99.0941192153931,False,,False,99.0941192153931,True,camera,vehicle,False,,False,0.0
54.0000000000005,solo,30.0,0,98.64707921539309,False,98.64707921539309,False,,False,98.64707921539309,True,camera,vehicle,False,,False,0.0
54.1000000000005,solo,30.0,0,98.20003921539308,False,98.20003921539308,False,,False,98.20003921539308,True,camera,vehicle,False,,False,0.0
54.2000000000005,solo,30.0,0,97.75299921539306,False,97.75299921539306,False,,False,97.75299921539306,True,camera,vehicle,False,,False,0.0
54.3000000000005,solo,30.0,0,97.30595921539305,False,97.30595921539305,False,,False,97.30595921539305,True,camera,vehicle,False,,False,0.0
54.4000000000005,solo,30.0,0,96.85891921539303,False,96.85891921539303,False,,False,96.85891921539303,True,camera,vehicle,False,,False,0.0
54.500000000000504,solo,30.0,0,96.41187921539301,False,96.41187921539301,False,,False,96.41187921539301,True,camera,vehicle,False,,False,0.0
54.600000000000506,solo,30.0,0,95.964839215393,False,95.964839215393,False,,False,95.964839215393,True,camera,vehicle,False,,False,0.0
54.70000000000051,solo,30.0,0,95.51779921539298,False,95.51779921539298,False,,False,95.51779921539298,True,camera,vehicle,False,,False,0.0
54.80000000000051,solo,30.0,0,95.07075921539297,False,95.07075921539297,False,,False,95.07075921539297,True,camera,vehicle,False,,False,0.0
54.90000000000051,solo,30.0,0,94.62371921539295,False,94.62371921539295,False,,False,94.62371921539295,True,camera,vehicle,False,,False,0.0
55.00000000000051,solo,30.0,0,94.17667921539294,False,94.17667921539294,False,,False,94.17667921539294,True,camera,vehicle,False,,False,0.0
55.10000000000051,solo,30.0,0,93.72963921539292,False,93.72963921539292,False,,False,93.72963921539292,True,camera,vehicle,False,,False,0.0
55.200000000000514,solo,30.0,0,93.2825992153929,False,93.2825992153929,False,,False,93.2825992153929,True,camera,vehicle,False,,False,0.0
55.300000000000516,solo,30.0,0,92.83555921539289,False,92.83555921539289,False,,False,92.83555921539289,True,camera,vehicle,False,,False,0.0
55.40000000000052,solo,30.0,0,92.38851921539288,False,92.38851921539288,False,,False,92.38851921539288,True,camera,vehicle,False,,False,0.0
55.50000000000052,solo,30.0,0,91.94147921539286,False,91.94147921539286,False,,False,91.94147921539286,True,camera,vehicle,False,,False,0.0
55.60000000000052,solo,30.0,0,91.49443921539284,False,91.49443921539284,False,,False,91.49443921539284,True,camera,vehicle,False,,False,0.0
55.70000000000052,solo,30.0,0,91.04739921539283,False,91.04739921539283,False,,False,91.04739921539283,True,camera,vehicle,False,,False,0.0
55.80000000000052,solo,30.0,0,90.60035921539281,False,90.60035921539281,False,,False,90.60035921539281,True,camera,vehicle,False,,False,0.0
55.900000000000524,solo,30.0,0,90.1533192153928,False,90.1533192153928,False,,False,90.1533192153928,True,camera,vehicle,False,,False,0.0
56.000000000000526,solo,30.0,0,89.70627921539278,False,89.70627921539278,False,,False,89.70627921539278,True,camera,vehicle,False,,False,0.0
56.10000000000053,solo,30.0,0,89.25923921539277,False,89.25923921539277,False,,False,89.25923921539277,True,camera,vehicle,False,,False,0.0
56.20000000000053,solo,30.0,0,88.81219921539275,False,88.81219921539275,False,,False,88.81219921539275,True,camera,vehicle,False,,False,0.0
56.30000000000053,solo,30.0,0,88.36515921539274,False,88.36515921539274,False,,False,88.36515921539274,True,camera,vehicle,False,,False,0.0
56.40000000000053,solo,30.0,0,87.91811921539272,False,87.91811921539272,False,,False,87.91811921539272,True,camera,vehicle,False,,False,0.0
56.50000000000053,solo,30.0,0,87.4710792153927,False,87.4710792153927,False,,False,87.4710792153927,True,camera,vehicle,False,,False,0.0
56.600000000000534,solo,30.0,0,87.02403921539269,False,87.02403921539269,False,,False,87.02403921539269,True,camera,vehicle,False,,False,0.0
56.700000000000536,solo,30.0,0,86.57699921539268,False,86.57699921539268,False,,False,86.57699921539268,True,camera,vehicle,False,,False,0.0
56.80000000000054,solo,30.0,0,86.12995921539266,False,86.12995921539266,False,,False,86.12995921539266,True,camera,vehicle,False,,False,0.0
56.90000000000054,solo,30.0,0,85.68291921539264,False,85.68291921539264,False,,False,85.68291921539264,True,camera,vehicle,False,,False,0.0
57.00000000000054,solo,30.0,0,85.23587921539263,False,85.23587921539263,False,,False,85.23587921539263,True,camera,vehicle,False,,False,0.0
57.10000000000054,solo,30.0,0,84.78883921539261,False,84.78883921539261,False,,False,84.78883921539261,True,camera,vehicle,False,,False,0.0
57.20000000000054,solo,30.0,0,84.3417992153926,False,84.3417992153926,False,,False,84.3417992153926,True,camera,vehicle,False,,False,0.0
57.300000000000544,solo,30.0,0,83.89475921539258,False,83.89475921539258,False,,False,83.89475921539258,True,camera,vehicle,False,,False,0.0
57.400000000000546,solo,30.0,0,83.44771921539257,False,83.44771921539257,False,,False,83.44771921539257,True,camera,vehicle,False,,False,0.0
57.50000000000055,solo,30.0,0,83.00067921539255,False,83.00067921539255,False,,False,83.00067921539255,True,camera,vehicle,False,,False,0.0
57.60000000000055,solo,30.0,0,82.55363921539254,False,82.55363921539254,False,,False,82.55363921539254,True,camera,vehicle,False,,False,0.0
57.70000000000055,solo,30.0,0,82.10659921539252,False,82.10659921539252,False,,False,82.10659921539252,True,camera,vehicle,False,,False,0.0
57.80000000000055,solo,30.0,0,81.6595592153925,False,81.6595592153925,False,,False,81.6595592153925,True,camera,vehicle,False,,False,0.0
57.90000000000055,solo,30.0,0,81.21251921539249,False,81.21251921539249,False,,False,81.21251921539249,True,camera,vehicle,False,,False,0.0
58.000000000000554,solo,30.0,0,80.76547921539247,False,80.76547921539247,False,,False,80.76547921539247,True,camera,vehicle,False,,False,0.0
58.100000000000556,solo,30.0,0,80.31843921539246,False,80.31843921539246,False,,False,80.31843921539246,True,camera,vehicle,False,,False,0.0
58.20000000000056,solo,30.0,0,79.87139921539244,False,79.87139921539244,False,79.87139921539244,False,79.87139921539244,True,camera,vehicle,False,,False,0.0
58.30000000000056,solo,30.0,0,79.42435921539243,False,79.42435921539243,False,79.42435921539243,False,79.42435921539243,True,camera,vehicle,False,,False,0.0
58.40000000000056,solo,30.0,0,78.97731921539241,False,78.97731921539241,False,78.97731921539241,False,78.97731921539241,True,camera,vehicle,False,,False,0.0
58.50000000000056,solo,30.0,0,78.5302792153924,False,78.5302792153924,False,78.5302792153924,False,78.5302792153924,True,camera,vehicle,False,,False,0.0
58.60000000000056,solo,30.0,0,78.08323921539238,False,78.08323921539238,False,78.08323921539238,False,78.08323921539238,True,camera,vehicle,False,,False,0.0
58.700000000000564,solo,30.0,0,77.63619921539237,False,77.63619921539237,False,77.63619921539237,False,77.63619921539237,True,camera,vehicle,False,,False,0.0
58.800000000000566,solo,30.0,0,77.18915921539235,False,77.18915921539235,False,77.18915921539235,False,77.18915921539235,True,camera,vehicle,False,,False,0.0
58.90000000000057,solo,30.0,0,76.74211921539234,False,76.74211921539234,False,76.74211921539234,False,76.74211921539234,True,camera,vehicle,False,,False,0.0
59.00000000000057,solo,30.0,0,76.29507921539232,False,76.29507921539232,False,76.29507921539232,False,76.29507921539232,True,camera,vehicle,False,,False,0.0
59.10000000000057,solo,30.0,0,75.8480392153923,False,75.8480392153923,False,75.8480392153923,False,75.8480392153923,True,camera,vehicle,False,,False,0.0
59.20000000000057,solo,30.0,0,75.40099921539229,False,75.40099921539229,False,75.40099921539229,False,75.40099921539229,True,camera,vehicle,False,,False,0.0
59.30000000000057,solo,30.0,0,74.95395921539227,False,74.95395921539227,False,74.95395921539227,False,74.95395921539227,True,camera,vehicle,False,,False,0.0
59.400000000000574,solo,30.0,0,74.50691921539226,False,74.50691921539226,False,74.50691921539226,False,74.50691921539226,True,camera,vehicle,False,,False,0.0
59.500000000000576,solo,30.0,0,74.05987921539224,False,74.05987921539224,False,74.05987921539224,False,74.05987921539224,True,camera,vehicle,False,,False,0.0
59.60000000000058,solo,30.0,0,73.61283921539223,False,73.61283921539223,False,73.61283921539223,False,73.61283921539223,True,camera,vehicle,False,,False,0.0
59.70000000000058,solo,30.0,0,73.16579921539221,False,73.16579921539221,False,73.16579921539221,False,73.16579921539221,True,camera,vehicle,False,,False,0.0
59.80000000000058,solo,30.0,0,72.7187592153922,False,72.7187592153922,False,72.7187592153922,False,72.7187592153922,True,camera,vehicle,False,,False,0.0
59.90000000000058,solo,30.0,0,72.27171921539218,False,72.27171921539218,False,72.27171921539218,False,72.27171921539218,True,camera,vehicle,False,,False,0.0
60.00000000000058,solo,30.0,0,71.82467921539217,False,71.82467921539217,False,71.82467921539217,False,71.82467921539217,True,camera,vehicle,False,,False,0.0
60.100000000000584,solo,30.0,0,71.37763921539215,False,71.37763921539215,False,71.37763921539215,False,71.37763921539215,True,camera,vehicle,False,,False,0.0
60.200000000000585,solo,30.0,0,70.93059921539214,False,70.93059921539214,False,70.93059921539214,False,70.93059921539214,True,camera,vehicle,False,,False,0.0
60.30000000000059,solo,30.0,0,70.48355921539212,False,70.48355921539212,False,70.48355921539212,False,70.48355921539212,True,camera,vehicle,False,,False,0.0
60.40000000000059,solo,30.0,0,70.0365192153921,False,70.0365192153921,False,70.0365192153921,False,70.0365192153921,True,camera,vehicle,False,,False,0.0
60.50000000000059,solo,30.0,0,69.58947921539209,False,69.58947921539209,False,69.58947921539209,False,69.58947921539209,True,camera,vehicle,False,,False,0.0
60.60000000000059,solo,30.0,0,69.14243921539207,False,69.14243921539207,False,69.14243921539207,False,69.14243921539207,True,camera,vehicle,False,,False,0.0
60.70000000000059,solo,30.0,0,68.69539921539206,False,68.69539921539206,False,68.69539921539206,False,68.69539921539206,True,camera,vehicle,False,,False,0.0
60.800000000000594,solo,30.0,0,68.24835921539204,False,68.24835921539204,False,68.24835921539204,False,68.24835921539204,True,camera,vehicle,False,,False,0.0
60.900000000000595,solo,30.0,0,67.80131921539203,False,67.80131921539203,False,67.80131921539203,False,67.80131921539203,True,camera,vehicle,False,,False,0.0
61.0000000000006,solo,30.0,0,67.35427921539201,False,67.35427921539201,False,67.35427921539201,False,67.35427921539201,True,camera,vehicle,False,,False,0.0
61.1000000000006,solo,30.0,0,66.907239215392,False,66.907239215392,False,66.907239215392,False,66.907239215392,True,camera,vehicle,False,,False,0.0
61.2000000000006,solo,30.0,0,66.46019921539198,False,66.46019921539198,False,66.46019921539198,False,66.46019921539198,True,camera,vehicle,False,,False,0.0
61.3000000000006,solo,30.0,0,66.01315921539197,False,66.01315921539197,False,66.01315921539197,False,66.01315921539197,True,camera,vehicle,False,,False,0.0
61.4000000000006,solo,30.0,0,65.56611921539195,False,65.56611921539195,False,65.56611921539195,False,65.56611921539195,True,camera,vehicle,False,,False,0.0
61.500000000000604,solo,30.0,0,65.11907921539193,False,65.11907921539193,False,65.11907921539193,False,65.11907921539193,True,camera,vehicle,False,,False,0.0
61.600000000000605,solo,30.0,0,64.67203921539192,False,64.67203921539192,False,64.67203921539192,False,64.67203921539192,True,camera,vehicle,False,,False,0.0
61.70000000000061,solo,30.0,0,64.2249992153919,False,64.2249992153919,False,64.2249992153919,False,64.2249992153919,True,camera,vehicle,False,,False,0.0
61.80000000000061,solo,30.0,0,63.77795921539189,False,63.77795921539189,False,63.77795921539189,False,63.77795921539189,True,camera,vehicle,False,,False,0.0
61.90000000000061,solo,30.0,0,63.33091921539187,False,63.33091921539187,False,63.33091921539187,False,63.33091921539187,True,camera,vehicle,False,,False,0.0
62.00000000000061,solo,30.0,0,62.88387921539186,False,62.88387921539186,False,62.88387921539186,False,62.88387921539186,True,camera,vehicle,False,,False,0.0
62.10000000000061,solo,30.0,0,62.43683921539184,False,62.43683921539184,False,62.43683921539184,False,62.43683921539184,True,camera,vehicle,False,,False,0.0
62.200000000000614,solo,30.0,0,61.98979921539183,False,61.98979921539183,False,61.98979921539183,False,61.98979921539183,True,camera,vehicle,False,,False,0.0
62.300000000000615,solo,30.0,0,61.54275921539181,False,61.54275921539181,False,61.54275921539181,False,61.54275921539181,True,camera,vehicle,False,,False,0.0
62.40000000000062,solo,30.0,0,61.095719215391796,False,61.095719215391796,False,61.095719215391796,False,61.095719215391796,True,camera,vehicle,False,,False,0.0
62.50000000000062,solo,30.0,0,60.64867921539178,False,60.64867921539178,False,60.64867921539178,False,60.64867921539178,True,camera,vehicle,False,,False,0.0
62.60000000000062,solo,30.0,0,60.201639215391765,False,60.201639215391765,False,60.201639215391765,False,60.201639215391765,True,camera,vehicle,False,,False,0.0
62.70000000000062,solo,30.0,0,59.75459921539175,False,59.75459921539175,False,59.75459921539175,False,59.75459921539175,True,camera,vehicle,False,,False,0.0
62.80000000000062,solo,30.0,0,59.307559215391734,False,59.307559215391734,False,59.307559215391734,False,59.307559215391734,True,camera,vehicle,False,,False,0.0
62.900000000000624,solo,30.0,0,58.86051921539172,False,58.86051921539172,False,58.86051921539172,False,58.86051921539172,True,camera,vehicle,False,,False,0.0
63.000000000000625,solo,30.0,0,58.4134792153917,False,58.4134792153917,False,58.4134792153917,False,58.4134792153917,True,camera,vehicle,False,,False,0.0
63.10000000000063,solo,30.0,0,57.96643921539169,False,57.96643921539169,False,57.96643921539169,False,57.96643921539169,True,camera,vehicle,False,,False,0.0
63.20000000000063,solo,30.0,0,57.51939921539167,False,57.51939921539167,False,57.51939921539167,False,57.51939921539167,True,camera,vehicle,False,,False,0.0
63.30000000000063,solo,30.0,0,57.07235921539166,False,57.07235921539166,False,57.07235921539166,False,57.07235921539166,True,camera,vehicle,False,,False,0.0
63.40000000000063,solo,30.0,0,56.62531921539164,False,56.62531921539164,False,56.62531921539164,False,56.62531921539164,True,camera,vehicle,False,,False,0.0
63.50000000000063,solo,30.0,0,56.178279215391626,False,56.178279215391626,False,56.178279215391626,False,56.178279215391626,True,camera,vehicle,False,,False,0.0
63.600000000000634,solo,30.0,0,55.73123921539161,False,55.73123921539161,False,55.73123921539161,False,55.73123921539161,True,camera,vehicle,False,,False,0.0
63.700000000000635,solo,30.0,0,55.284199215391595,False,55.284199215391595,False,55.284199215391595,False,55.284199215391595,True,camera,vehicle,False,,False,0.0
63.80000000000064,solo,30.0,0,54.83715921539158,False,54.83715921539158,False,54.83715921539158,False,54.83715921539158,True,camera,vehicle,False,,False,0.0
63.90000000000064,solo,30.0,0,54.390119215391564,False,54.390119215391564,False,54.390119215391564,False,54.390119215391564,True,camera,vehicle,False,,False,0.0
64.00000000000064,solo,30.0,0,53.67431843076588,False,53.67431843076588,False,53.67431843076588,False,53.67431843076588,True,camera,roundabout_giveway,False,,False,0.0
64.10000000000063,solo,30.0,0,52.33319843076583,False,52.33319843076583,False,52.33319843076583,False,52.33319843076583,True,camera,roundabout_giveway,False,,False,0.0
64.20000000000063,solo,30.0,0,50.99207843076579,False,50.99207843076579,False,50.99207843076579,False,50.99207843076579,True,camera,roundabout_giveway,False,,False,0.0
64.30000000000062,solo,30.0,0,49.65095843076574,False,49.65095843076574,False,49.65095843076574,False,49.65095843076574,True,camera,roundabout_giveway,False,,False,0.0
64.40000000000062,solo,30.0,0,48.309838430765694,False,48.309838430765694,False,48.309838430765694,False,48.309838430765694,True,camera,roundabout_giveway,False,,False,0.0
64.50000000000061,solo,30.0,0,46.96871843076565,False,46.96871843076565,False,46.96871843076565,False,46.96871843076565,True,camera,roundabout_giveway,False,,False,0.0
64.6000000000006,solo,30.0,0,45.6275984307656,False,45.6275984307656,False,45.6275984307656,False,45.6275984307656,True,camera,roundabout_giveway,False,,False,0.0
64.7000000000006,solo,30.0,0,44.286478430765555,False,44.286478430765555,False,44.286478430765555,False,44.286478430765555,True,camera,roundabout_giveway,False,,False,0.0
64.8000000000006,solo,30.0,0,42.94535843076551,False,42.94535843076551,False,42.94535843076551,False,42.94535843076551,True,camera,roundabout_giveway,False,,False,0.0
64.90000000000059,solo,30.0,0,41.60423843076546,False,41.60423843076546,False,41.60423843076546,False,41.60423843076546,True,camera,roundabout_giveway,False,,False,0.0
65.00000000000058,solo,30.0,0,40.26311843076542,False,40.26311843076542,False,40.26311843076542,False,40.26311843076542,True,camera,roundabout_giveway,False,,False,0.0
65.10000000000058,solo,30.0,0,38.92199843076537,False,38.92199843076537,False,38.92199843076537,False,38.92199843076537,True,camera,roundabout_giveway,False,,False,0.0
65.20000000000057,solo,30.0,0,37.580878430765324,False,37.580878430765324,False,37.580878430765324,False,37.580878430765324,True,camera,roundabout_giveway,False,,False,0.0
65.30000000000057,solo,30.0,0,36.23975843076528,False,36.23975843076528,False,36.23975843076528,False,36.23975843076528,True,camera,roundabout_giveway,False,,False,0.0
65.40000000000056,solo,30.0,0,34.89863843076523,False,34.89863843076523,False,34.89863843076523,False,34.89863843076523,True,camera,roundabout_giveway,False,,False,0.0
65.50000000000055,solo,29.923242979833933,0,33.559234103679955,False,33.559234103679955,False,33.559234103679955,False,33.559234103679955,True,camera,roundabout_giveway,False,,False,0.0
65.60000000000055,solo,29.77675686423296,0,32.22481970716535,False,32.22481970716535,False,32.22481970716535,False,32.22481970716535,True,camera,roundabout_giveway,False,,False,0.0
65.70000000000054,solo,29.566664251190467,0,30.898375558393354,False,30.898375558393354,False,30.898375558393354,False,30.898375558393354,True,camera,roundabout_giveway,False,,False,0.0
65.80000000000054,solo,29.29798431071317,0,29.582632933737727,False,29.582632933737727,False,29.582632933737727,False,29.582632933737727,True,camera,roundabout_giveway,False,,False,0.0
65.90000000000053,solo,28.97487642340796,0,28.280117950608656,False,28.280117950608656,False,28.280117950608656,False,28.280117950608656,True,camera,roundabout_giveway,False,,False,0.0
66.00000000000053,solo,28.60081819512895,0,26.993186024495117,False,26.993186024495117,False,26.993186024495117,False,26.993186024495117,True,camera,roundabout_giveway,False,,False,0.0
66.10000000000052,solo,28.178738308012893,0,25.724049377536858,False,25.724049377536858,False,25.724049377536858,False,25.724049377536858,True,camera,roundabout_giveway,False,,False,0.0
66.20000000000051,solo,27.711117593387588,0,24.474799318428722,False,24.474799318428722,False,24.474799318428722,False,24.474799318428722,True,camera,roundabout_giveway,False,,False,0.0
66.30000000000051,solo,27.20006734091754,0,23.247424512777116,False,23.247424512777116,False,23.247424512777116,False,23.247424512777116,True,camera,roundabout_giveway,False,,False,0.0
66.4000000000005,solo,26.64739108563344,0,22.04382612202687,False,22.04382612202687,False,22.04382612202687,False,22.04382612202687,True,camera,roundabout_giveway,False,,False,0.0
66.5000000000005,solo,26.05463432061965,0,20.86583045014629,False,20.86583045014629,False,20.86583045014629,False,20.86583045014629,True,camera,roundabout_giveway,False,,False,0.0
66.60000000000049,solo,25.423125410376677,0,19.71519956463908,False,19.71519956463908,False,19.71519956463908,False,19.71519956463908,True,camera,roundabout_giveway,False,,False,0.0
66.70000000000049,solo,24.75401021753763,0,18.593640229083917,False,18.593640229083917,False,18.593640229083917,False,18.593640229083917,True,camera,roundabout_giveway,False,,False,0.0
66.80000000000048,solo,24.048282479289952,0,17.502811382724417,False,17.502811382724417,False,17.502811382724417,False,17.502811382724417,True,camera,roundabout_giveway,False,,False,0.0
66.90000000000047,solo,23.306811708737634,0,42.64141110206015,False,42.64141110206015,False,42.64141110206015,False,42.64141110206015,True,camera,vehicle,False,,False,0.0
67.00000000000047,solo,23.754198967148515,0,42.48358339143272,False,42.48358339143272,False,42.48358339143272,False,42.48358339143272,True,camera,vehicle,False,,False,0.0
67.10000000000046,solo,24.201586225559392,0,42.305755680805305,False,42.305755680805305,False,42.305755680805305,False,42.305755680805305,True,camera,vehicle,False,,False,0.0
67.20000000000046,solo,24.64897348397027,0,42.10792797017791,False,42.10792797017791,False,42.10792797017791,False,42.10792797017791,True,camera,vehicle,False,,False,0.0
67.30000000000045,solo,25.09636074238115,0,41.890100259550536,False,41.890100259550536,False,41.890100259550536,False,41.890100259550536,True,camera,vehicle,False,,False,0.0
67.40000000000045,solo,25.54374800079203,0,41.65227254892318,False,41.65227254892318,False,41.65227254892318,False,41.65227254892318,True,camera,vehicle,False,,False,0.0
67.50000000000044,solo,25.991135259202906,0,41.39444483829584,False,41.39444483829584,False,41.39444483829584,False,41.39444483829584,True,camera,vehicle,False,,False,0.0
67.60000000000043,solo,26.438522517613787,0,41.11661712766852,False,41.11661712766852,False,41.11661712766852,False,41.11661712766852,True,camera,vehicle,False,,False,0.0
67.70000000000043,solo,26.885909776024665,0,40.8187894170411,False,40.8187894170411,False,40.8187894170411,False,40.8187894170411,True,camera,vehicle,False,,False,0.0
67.80000000000042,solo,27.333297034435546,0,40.500961706413705,False,40.500961706413705,False,40.500961706413705,False,40.500961706413705,True,camera,vehicle,False,,False,0.0
67.90000000000042,solo,27.780684292846423,0,40.163133995786325,False,40.163133995786325,False,40.163133995786325,False,40.163133995786325,True,camera,vehicle,False,,False,0.0
68.00000000000041,solo,28.2280715512573,0,39.80530628515896,False,39.80530628515896,False,39.80530628515896,False,39.80530628515896,True,camera,vehicle,False,,False,0.0
68.1000000000004,solo,28.675458809668182,0,39.42747857453162,False,39.42747857453162,False,39.42747857453162,False,39.42747857453162,True,camera,vehicle,False,,False,0.0
68.2000000000004,solo,29.12284606807906,0,1.2095300792773287,False,1.2095300792773287,False,1.2095300792773287,False,1.2095300792773287,True,camera,roundabout_giveway,False,,False,0.0
68.3000000000004,solo,27.6688374782437,0,38.65432315327689,False,38.65432315327689,False,38.65432315327689,False,38.65432315327689,True,camera,vehicle,False,,False,0.0
68.40000000000039,solo,28.116224736654576,0,38.301495442649525,False,38.301495442649525,False,38.301495442649525,False,38.301495442649525,True,camera,vehicle,False,,False,0.0
68.50000000000038,solo,28.563611995065454,0,37.92866773202218,False,37.92866773202218,False,37.92866773202218,False,37.92866773202218,True,camera,vehicle,False,,False,0.0
68.60000000000038,solo,29.010999253476335,0,37.53584002139485,False,37.53584002139485,False,37.53584002139485,False,37.53584002139485,True,camera,vehicle,False,,False,0.0
68.70000000000037,solo,29.458386511887213,0,37.12301231076742,False,37.12301231076742,False,37.12301231076742,False,37.12301231076742,True,camera,vehicle,False,,False,0.0
68.80000000000037,solo,29.90577377029809,0,36.690184600140014,False,36.690184600140014,False,36.690184600140014,False,36.690184600140014,True,camera,vehicle,False,,False,0.0
68.90000000000036,solo,30.0,0,36.24525074482631,False,36.24525074482631,False,36.24525074482631,False,36.24525074482631,True,camera,vehicle,False,,False,0.0
69.00000000000036,solo,30.0,0,35.79821074482629,False,35.79821074482629,False,35.79821074482629,False,35.79821074482629,True,camera,vehicle,False,,False,0.0
69.10000000000035,solo,29.97505289146048,0,35.35172836259642,False,35.35172836259642,False,35.35172836259642,False,35.35172836259642,True,camera,vehicle,False,,False,0.0
69.20000000000034,solo,29.926950817127636,0,34.906878775702125,False,34.906878775702125,False,34.906878775702125,False,34.906878775702125,True,camera,vehicle,False,,False,0.0
69.30000000000034,solo,29.858067033491416,0,34.46464405670508,False,34.46464405670508,False,34.46464405670508,False,34.46464405670508,True,camera,vehicle,False,,False,0.0
69.40000000000033,solo,29.77051703630692,0,34.02590594557694,False,34.02590594557694,False,34.02590594557694,False,34.02590594557694,True,camera,vehicle,False,,False,0.0
69.50000000000033,solo,29.66620109482356,0,33.591456421909925,False,33.591456421909925,False,33.591456421909925,False,33.591456421909925,True,camera,vehicle,False,,False,0.0
69.60000000000032,solo,29.546838129473592,0,33.16200656916851,False,33.16200656916851,False,33.16200656916851,False,33.16200656916851,True,camera,vehicle,False,,False,0.0
69.70000000000032,solo,29.4139929364397,0,32.738194073183195,False,32.738194073183195,False,32.738194073183195,False,32.738194073183195,True,camera,vehicle,False,,False,0.0
69.80000000000031,solo,29.26909823335933,0,32.32058961935593,False,32.32058961935593,False,32.32058961935593,False,32.32058961935593,True,camera,vehicle,False,,False,0.0
69.9000000000003,solo,29.113472626275087,0,31.909702395501427,False,31.909702395501427,False,31.909702395501427,False,31.909702395501427,True,camera,vehicle,False,,False,0.0
70.0000000000003,solo,28.94833532943326,0,31.505984864075458,False,31.505984864075458,False,31.505984864075458,False,31.505984864075458,True,camera,vehicle,False,,False,0.0
70.10000000000029,solo,28.774818274241643,0,31.109836934726104,False,31.109836934726104,False,31.109836934726104,False,31.109836934726104,True,camera,vehicle,False,,False,0.0
70.20000000000029,solo,28.593976099939553,0,30.721609642874455,False,30.721609642874455,False,30.721609642874455,False,30.721609642874455,True,camera,vehicle,False,,False,0.0
70.30000000000028,solo,28.40679441156299,0,30.34160842040137,False,30.34160842040137,False,30.34160842040137,False,30.34160842040137,True,camera,vehicle,False,,False,0.0
70.40000000000028,solo,28.214196610424278,0,29.970096029077922,False,29.970096029077922,False,29.970096029077922,False,29.970096029077922,True,camera,vehicle,False,,False,0.0
70.50000000000027,solo,28.017049541432833,0,29.607295215091654,False,29.607295215091654,False,29.607295215091654,False,29.607295215091654,True,camera,vehicle,False,,False,0.0
70.60000000000026,solo,27.81616815509332,0,29.253391133138962,False,29.253391133138962,False,29.253391133138962,False,29.253391133138962,True,camera,vehicle,False,,False,0.0
70.70000000000026,solo,27.61231934627928,0,28.908533580508333,False,28.908533580508333,False,28.908533580508333,False,28.908533580508333,True,camera,vehicle,False,,False,0.0
70.80000000000025,solo,27.40622510423153,0,28.572839074950593,False,28.572839074950593,False,28.572839074950593,False,28.572839074950593,True,camera,vehicle,False,,False,0.0
70.90000000000025,solo,27.198565086704164,0,28.246392804602806,False,28.246392804602806,False,28.246392804602806,False,28.246392804602806,True,camera,vehicle,False,,False,0.0
71.00000000000024,solo,26.989978714303096,0,27.929250473562774,False,27.929250473562774,False,27.929250473562774,False,27.929250473562774,True,camera,vehicle,False,,False,0.0
71.10000000000024,solo,26.781066867717115,0,27.621440062713532,False,27.621440062713532,False,27.621440062713532,False,27.621440062713532,True,camera,vehicle,False,,False,0.0
71.20000000000023,solo,26.572393259871582,0,27.322963521941688,False,27.322963521941688,False,27.322963521941688,False,27.322963521941688,True,camera,vehicle,False,,False,0.0
71.30000000000022,solo,26.364485546376372,0,27.033798406864435,False,27.033798406864435,False,27.033798406864435,False,27.033798406864435,True,camera,vehicle,False,,False,0.0
71.40000000000022,solo,26.157836230472086,0,26.753899470508372,False,26.753899470508372,False,26.753899470508372,False,26.753899470508372,True,camera,vehicle,False,,False,0.0
71.50000000000021,solo,25.952903412593166,0,26.483200218006573,False,26.483200218006573,False,26.483200218006573,False,26.483200218006573,True,camera,vehicle,False,,False,0.0
71.60000000000021,solo,25.750111429342603,0,26.221614430259706,False,26.221614430259706,False,26.221614430259706,False,26.221614430259706,True,camera,vehicle,False,,False,0.0
71.7000000000002,solo,25.549851421860488,0,25.969037660609615,False,25.969037660609615,False,25.969037660609615,False,25.969037660609615,True,camera,vehicle,False,,False,0.0
71.8000000000002,solo,25.352481869076826,0,25.7253487068906,False,25.7253487068906,False,25.7253487068906,False,25.7253487068906,True,camera,vehicle,False,,False,0.0
71.90000000000019,solo,25.15832911702893,0,25.49041105972924,False,25.49041105972924,False,25.49041105972924,False,25.49041105972924,True,camera,vehicle,False,,False,0.0
72.00000000000018,solo,24.967687931199382,0,25.26407432666724,False,25.26407432666724,False,25.26407432666724,False,25.26407432666724,True,camera,vehicle,False,,False,0.0
72.10000000000018,solo,24.780822094635916,0,25.046175630569792,False,25.046175630569792,False,25.046175630569792,False,25.046175630569792,True,camera,vehicle,False,,False,0.0
72.20000000000017,solo,24.597965070427783,0,24.836540979856295,False,24.836540979856295,False,24.836540979856295,False,24.836540979856295,True,camera,vehicle,False,,False,0.0
72.30000000000017,solo,24.41932074294058,0,24.634986607355927,False,24.634986607355927,False,24.634986607355927,False,24.634986607355927,True,camera,vehicle,False,,False,0.0
72.40000000000016,solo,24.245064248085324,0,24.44132027403657,False,24.44132027403657,False,24.44132027403657,False,24.44132027403657,True,camera,vehicle,False,,False,0.0
72.50000000000016,solo,24.075342898867078,0,24.25534253348792,False,24.25534253348792,False,24.25534253348792,False,24.25534253348792,True,camera,vehicle,False,,False,0.0
72.60000000000015,solo,23.910277208587377,0,24.07684795284615,False,24.07684795284615,False,24.07684795284615,False,24.07684795284615,True,camera,vehicle,False,,False,0.0
72.70000000000014,solo,23.7499620104333,0,23.905626285822677,False,23.905626285822677,False,23.905626285822677,False,23.905626285822677,True,camera,vehicle,False,,False,0.0
72.80000000000014,solo,23.594467668845727,0,23.741463593631465,False,23.741463593631465,False,23.741463593631465,False,23.741463593631465,True,camera,vehicle,False,,False,0.0
72.90000000000013,solo,23.44384137508823,0,23.584143309881483,False,23.584143309881483,False,23.584143309881483,False,23.584143309881483,True,camera,vehicle,False,,False,0.0
73.00000000000013,solo,23.298108516893965,0,23.433447245895877,False,23.433447245895877,False,23.433447245895877,False,23.433447245895877,True,camera,vehicle,False,,False,0.0
73.10000000000012,solo,23.157274109996735,0,23.2891565334196,False,23.2891565334196,False,23.2891565334196,False,23.2891565334196,True,camera,vehicle,False,,False,0.0
73.20000000000012,solo,23.021324277783386,0,23.151052502255993,False,23.151052502255993,False,23.151052502255993,False,23.151052502255993,True,camera,vehicle,False,,False,0.0
73.30000000000011,solo,22.890227764249445,0,23.01891749101253,False,23.01891749101253,False,23.01891749101253,False,23.01891749101253,True,camera,vehicle,False,,False,0.0
73.4000000000001,solo,22.76393746489229,0,22.89253558981079,False,22.89253558981079,False,22.89253558981079,False,22.89253558981079,True,camera,vehicle,False,,False,0.0
73.5000000000001,solo,22.642391960112313,0,22.771693314503068,False,22.771693314503068,False,22.771693314503068,False,22.771693314503068,True,camera,vehicle,False,,False,0.0
73.6000000000001,solo,22.525517036073314,0,22.65618021262037,False,22.65618021262037,False,22.65618021262037,False,22.65618021262037,True,camera,vehicle,False,,False,0.0
73.70000000000009,solo,22.41322717874666,0,22.545789401930733,False,22.545789401930733,False,22.545789401930733,False,22.545789401930733,True,camera,vehicle,False,,False,0.0
73.80000000000008,solo,22.305427027967898,0,22.440318043102252,False,22.440318043102252,False,22.440318043102252,False,22.440318043102252,True,camera,vehicle,False,,False,0.0
73.90000000000008,solo,22.202012779701597,0,22.33956774852129,False,22.33956774852129,False,22.33956774852129,False,22.33956774852129,True,camera,vehicle,False,,False,0.0
74.00000000000007,solo,22.102873526270045,0,22.24334492981029,False,22.24334492981029,False,22.24334492981029,False,22.24334492981029,True,camera,vehicle,False,,False,0.0
74.10000000000007,solo,22.00789252598405,0,22.151461087010375,False,22.151461087010375,False,22.151461087010375,False,22.151461087010375,True,camera,vehicle,False,,False,0.0
74.20000000000006,solo,21.916948395354186,0,22.063733042736658,False,22.063733042736658,False,22.063733042736658,False,22.063733042736658,True,camera,vehicle,False,,False,0.0
74.30000000000005,solo,21.829916218797866,0,21.979983124881187,False,21.979983124881187,False,21.979983124881187,False,21.979983124881187,True,camera,vehicle,False,,False,0.0
74.40000000000005,solo,21.74666857244035,0,21.90003930162743,False,21.90003930162743,False,21.90003930162743,False,21.90003930162743,True,camera,vehicle,False,,False,0.0
74.50000000000004,solo,21.667076460192444,0,21.82373527265804,False,21.82373527265804,False,21.82373527265804,False,21.82373527265804,True,camera,vehicle,False,,False,0.0
74.60000000000004,solo,21.591010161741387,0,21.75091052048458,False,21.75091052048458,False,21.75091052048458,False,21.75091052048458,True,camera,vehicle,False,,False,0.0
74.70000000000003,solo,21.518339993389567,0,21.68141032581707,False,21.68141032581707,False,21.68141032581707,False,21.68141032581707,True,camera,vehicle,False,,False,0.0
74.80000000000003,solo,21.448936983803144,0,21.615085750822914,False,21.615085750822914,False,21.615085750822914,False,21.615085750822914,True,camera,vehicle,False,,False,0.0
74.90000000000002,solo,21.38267346768255,0,21.551793594011315,False,21.551793594011315,False,21.551793594011315,False,21.551793594011315,True,camera,vehicle,False,,False,0.0
75.00000000000001,solo,21.319423601138617,0,21.491396320329045,False,21.491396320329045,False,21.491396320329045,False,21.491396320329045,True,camera,vehicle,False,,False,0.0
75.10000000000001,solo,21.259063803157908,0,21.433761969868215,False,21.433761969868215,False,21.433761969868215,False,21.433761969868215,True,camera,vehicle,False,,False,0.0
75.2,solo,21.20147312797849,0,21.37876404838346,False,21.37876404838346,False,21.37876404838346,False,21.37876404838346,True,camera,vehicle,False,,False,0.0
75.3,solo,21.146533573487044,0,21.32628140259237,False,21.32628140259237,False,21.32628140259237,False,21.32628140259237,True,camera,vehicle,False,,False,0.0
75.39999999999999,solo,21.094130330905234,0,21.276198083001418,False,21.276198083001418,False,21.276198083001418,False,21.276198083001418,True,camera,vehicle,False,,False,0.0
75.49999999999999,solo,21.044151981075053,0,21.22840319676402,False,21.22840319676402,False,21.22840319676402,False,21.22840319676402,True,camera,vehicle,False,,False,0.0
75.59999999999998,solo,20.996490642596832,0,21.182790752839765,False,21.182790752839765,False,21.182790752839765,False,21.182790752839765,True,camera,vehicle,False,,False,0.0
75.69999999999997,solo,20.951042076936798,0,21.139259501492802,False,21.139259501492802,False,21.139259501492802,False,21.139259501492802,True,camera,vehicle,False,,False,0.0
75.79999999999997,solo,20.907705755419816,0,21.097712769943996,False,21.097712769943996,False,21.097712769943996,False,21.097712769943996,True,camera,vehicle,False,,False,0.0
75.89999999999996,solo,20.86638489277285,0,21.058058295775595,False,21.058058295775595,False,21.058058295775595,False,21.058058295775595,True,camera,vehicle,False,,False,0.0
75.99999999999996,solo,20.826986451598426,0,21.020208059486208,False,21.020208059486208,False,21.020208059486208,False,21.020208059486208,True,camera,vehicle,False,,False,0.0
76.09999999999995,solo,20.789421121847994,0,20.98407811740458,False,20.98407811740458,False,20.98407811740458,False,20.98407811740458,True,camera,vehicle,False,,False,0.0
76.19999999999995,solo,20.753603279042178,0,20.949588435995906,False,20.949588435995906,False,20.949588435995906,False,20.949588435995906,True,camera,vehicle,False,,False,0.0
76.29999999999994,solo,20.71945092465774,0,20.916662728434858,False,20.916662728434858,False,20.916662728434858,False,20.916662728434858,True,camera,vehicle,False,,False,0.0
76.39999999999993,solo,20.686885611776276,0,20.88522829417252,False,20.88522829417252,False,20.88522829417252,False,20.88522829417252,True,camera,vehicle,False,,False,0.0
76.49999999999993,solo,20.65583235877352,0,20.855215862094838,False,20.855215862094838,False,20.855215862094838,False,20.855215862094838,True,camera,vehicle,False,,False,0.0
76.59999999999992,solo,20.626219553524468,0,20.826559437751143,False,20.826559437751143,False,20.826559437751143,False,20.826559437751143,True,camera,vehicle,False,,False,0.0
76.69999999999992,solo,20.597978850312003,0,20.799196155028653,False,20.799196155028653,False,20.799196155028653,False,20.799196155028653,True,camera,vehicle,False,,False,0.0
76.79999999999991,solo,20.571045061357406,0,20.773066132555073,False,20.773066132555073,False,20.773066132555073,False,20.773066132555073,True,camera,vehicle,False,,False,0.0
76.8999999999999,solo,20.54535604464135,0,20.748112335033852,False,20.748112335033852,False,20.748112335033852,False,20.748112335033852,True,camera,vehicle,False,,False,0.0
76.9999999999999,solo,20.520852589454705,0,20.72428043964453,False,20.72428043964453,False,20.72428043964453,False,20.72428043964453,True,camera,vehicle,False,,False,0.0
77.0999999999999,solo,20.49747830090945,0,20.70151870758309,False,20.70151870758309,False,20.70151870758309,False,20.70151870758309,True,camera,vehicle,False,,False,0.0
77.19999999999989,solo,20.47517948445123,0,20.679777860764716,False,20.679777860764716,False,20.679777860764716,False,20.679777860764716,True,camera,vehicle,False,,False,0.0
77.29999999999988,solo,20.453905031245682,0,20.659010963669857,False,20.659010963669857,False,20.659010963669857,False,20.659010963669857,True,camera,vehicle,False,,False,0.0
77.39999999999988,solo,20.433606305159863,0,20.63917331027858,False,20.63917331027858,False,20.63917331027858,False,20.63917331027858,True,camera,vehicle,False,,False,0.0
77.49999999999987,solo,20.41423703192669,0,20.62022231600804,False,20.62022231600804,False,20.62022231600804,False,20.62022231600804,True,camera,vehicle,False,,False,0.0
77.59999999999987,solo,20.39575319096301,0,20.602117414546,False,20.602117414546,False,20.602117414546,False,20.602117414546,True,camera,vehicle,False,,False,0.0
77.69999999999986,solo,20.378112910209925,0,20.584819959452602,False,20.584819959452602,False,20.584819959452602,False,20.584819959452602,True,camera,vehicle,False,,False,0.0
77.79999999999986,solo,20.361276364275053,0,20.568293130389293,False,20.568293130389293,False,20.568293130389293,False,20.568293130389293,True,camera,vehicle,False,,False,0.0
77.89999999999985,solo,20.345205676080397,0,20.55250184382328,False,20.55250184382328,False,20.55250184382328,False,20.55250184382328,True,camera,vehicle,False,,False,0.0
77.99999999999984,solo,20.329864822154427,0,20.537412668046727,False,20.537412668046727,False,20.537412668046727,False,20.537412668046727,True,camera,vehicle,False,,False,0.0
78.09999999999984,solo,20.31521954165162,0,20.522993742347012,False,20.522993742347012,False,20.522993742347012,False,20.522993742347012,True,camera,vehicle,False,,False,0.0
78.19999999999983,solo,20.30123724913668,0,20.509214700159305,False,20.509214700159305,False,20.509214700159305,False,20.509214700159305,True,camera,vehicle,False,,False,0.0
78.29999999999983,solo,20.287886951131885,0,20.496046596034944,False,20.496046596034944,False,20.496046596034944,False,20.496046596034944,True,camera,vehicle,False,,False,0.0
78.39999999999982,solo,20.275139166394627,0,20.48346183625597,False,20.48346183625597,False,20.48346183625597,False,20.48346183625597,True,camera,vehicle,False,,False,0.0
78.49999999999982,solo,20.262965849866195,0,20.47143411293257,False,20.47143411293257,False,20.47143411293257,False,20.47143411293257,True,camera,vehicle,False,,False,0.0
78.59999999999981,solo,20.251340320212687,0,20.459938341419047,False,20.459938341419047,False,20.459938341419047,False,20.459938341419047,True,camera,vehicle,False,,False,0.0
78.6999999999998,solo,20.24023719086255,0,20.44895060089152,False,20.44895060089152,False,20.44895060089152,False,20.44895060089152,True,camera,vehicle,False,,False,0.0
78.7999999999998,solo,20.229632304433245,0,20.438448077932662,False,20.438448077932662,False,20.438448077932662,False,20.438448077932662,True,camera,vehicle,False,,False,0.0
78.89999999999979,solo,20.219502670430444,0,20.428409012974498,False,20.428409012974498,False,20.428409012974498,False,20.428409012974498,True,camera,vehicle,False,,False,0.0
78.99999999999979,solo,20.209826406096937,0,20.41881264945596,False,20.41881264945596,False,20.41881264945596,False,20.41881264945596,True,camera,vehicle,False,,False,0.0
79.09999999999978,solo,20.200582680284512,0,20.409639185557126,False,20.409639185557126,False,20.409639185557126,False,20.409639185557126,True,camera,vehicle,False,,False,0.0
79.19999999999978,solo,20.19175166021996,0,20.40086972837821,False,20.40086972837821,False,20.40086972837821,False,20.40086972837821,True,camera,vehicle,False,,False,0.0
79.29999999999977,solo,20.18331446103615,0,20.392486250435923,False,20.392486250435923,False,20.392486250435923,False,20.392486250435923,True,camera,vehicle,False,,False,0.0
79.39999999999976,solo,20.175253097939624,0,20.384471548357624,False,20.384471548357624,False,20.384471548357624,False,20.384471548357624,True,camera,vehicle,False,,False,0.0
79.49999999999976,solo,20.167550440888387,0,20.376809203657785,False,20.376809203657785,False,20.376809203657785,False,20.376809203657785,True,camera,vehicle,False,,False,0.0
79.59999999999975,solo,20.160190171656083,0,20.36948354548622,False,20.36948354548622,False,20.36948354548622,False,20.36948354548622,True,camera,vehicle,False,,False,0.0
79.69999999999975,solo,20.153156743162004,0,20.36247961524623,False,20.36247961524623,False,20.36247961524623,False,20.36247961524623,True,camera,vehicle,False,,False,0.0
79.79999999999974,solo,20.146435340950514,0,20.355783132982197,False,20.355783132982197,False,20.355783132982197,False,20.355783132982197,True,camera,vehicle,False,,False,0.0
79.89999999999974,solo,20.14001184670733,0,20.3493804654438,False,20.3493804654438,False,20.3493804654438,False,20.3493804654438,True,camera,vehicle,False,,False,0.0
79.99999999999973,solo,20.13387280370462,0,20.34325859573778,False,20.34325859573778,False,20.34325859573778,False,20.34325859573778,True,camera,vehicle,False,,False,0.0
80.09999999999972,solo,20.128005384071496,0,20.337405094484666,False,20.337405094484666,False,20.337405094484666,False,20.337405094484666,True,camera,vehicle,False,,False,0.0
80.19999999999972,solo,20.12239735779112,0,20.33180809239866,False,20.33180809239866,False,20.33180809239866,False,20.33180809239866,True,camera,vehicle,False,,False,0.0
80.29999999999971,solo,20.117037063330052,0,20.326456254217874,False,20.326456254217874,False,20.326456254217874,False,20.326456254217874,True,camera,vehicle,False,,False,0.0
80.39999999999971,solo,20.111913379810456,0,20.32133875391287,False,20.32133875391287,False,20.32133875391287,False,20.32133875391287,True,camera,vehicle,False,,False,0.0
80.4999999999997,solo,20.10701570063997,0,20.316445251106643,False,20.316445251106643,False,20.316445251106643,False,20.316445251106643,True,camera,vehicle,False,,False,0.0
80.5999999999997,solo,20.10233390851872,0,20.31176586864285,False,20.31176586864285,False,20.31176586864285,False,20.31176586864285,True,camera,vehicle,False,,False,0.0
80.69999999999969,solo,20.097858351747096,0,20.30729117124133,False,20.30729117124133,False,20.30729117124133,False,20.30729117124133,True,camera,vehicle,False,,False,0.0
80.79999999999968,solo,20.09357982176202,0,20.30301214518704,False,20.30301214518704,False,20.30301214518704,False,20.30301214518704,True,camera,vehicle,False,,False,0.0
80.89999999999968,solo,20.08948953183376,0,20.29892017899556,False,20.29892017899556,False,20.29892017899556,False,20.29892017899556,True,camera,vehicle,False,,False,0.0
80.99999999999967,solo,20.08557909685861,0,20.29500704500697,False,20.29500704500697,False,20.29500704500697,False,20.29500704500697,True,camera,vehicle,False,,False,0.0
81.09999999999967,solo,20.0818405141869,0,20.291264881860798,False,20.291264881860798,False,20.291264881860798,False,20.291264881860798,True,camera,vehicle,False,,False,0.0
81.19999999999966,solo,20.078266145429065,0,20.2876861778052,False,20.2876861778052,False,20.2876861778052,False,20.2876861778052,True,camera,vehicle,False,,False,0.0
81.29999999999966,solo,20.07484869918576,0,20.284263754798303,False,20.284263754798303,False,20.284263754798303,False,20.284263754798303,True,camera,vehicle,False,,False,0.0
81.39999999999965,solo,20.07158121465114,0,20.28099075336422,False,20.28099075336422,False,20.28099075336422,False,20.28099075336422,True,camera,vehicle,False,,False,0.0
81.49999999999964,solo,20.06845704604161,0,20.277860618161185,False,20.277860618161185,False,20.277860618161185,False,20.277860618161185,True,camera,vehicle,False,,False,0.0
81.59999999999964,solo,20.06546984780479,0,20.27486708422998,False,20.27486708422998,False,20.27486708422998,False,20.27486708422998,True,camera,vehicle,False,,False,0.0
81.69999999999963,solo,20.062613560566344,0,20.272004163886095,False,20.272004163886095,False,20.272004163886095,False,20.272004163886095,True,camera,vehicle,False,,False,0.0
81.79999999999963,solo,20.05988239777465,0,20.26926613422529,False,20.26926613422529,False,20.26926613422529,False,20.26926613422529,True,camera,vehicle,False,,False,0.0
81.89999999999962,solo,20.057270833005777,0,20.26664752521083,False,20.26664752521083,False,20.26664752521083,False,20.26664752521083,True,camera,vehicle,False,,False,0.0
81.99999999999962,solo,20.054773587893266,0,20.26414310831501,False,20.26414310831501,False,20.26414310831501,False,20.26414310831501,True,camera,vehicle,False,,False,0.0
82.09999999999961,solo,20.052385620649453,0,20.261747885685736,False,20.261747885685736,False,20.261747885685736,False,20.261747885685736,True,camera,vehicle,False,,False,0.0
82.1999999999996,solo,20.050102115146796,0,20.25945707981532,False,20.25945707981532,False,20.25945707981532,False,20.25945707981532,True,camera,vehicle,False,,False,0.0
82.2999999999996,solo,20.04791847052977,0,20.257266123684303,False,20.257266123684303,False,20.257266123684303,False,20.257266123684303,True,camera,vehicle,False,,False,0.0
82.3999999999996,solo,20.045830291329334,0,20.25517065135932,False,20.25517065135932,False,20.25517065135932,False,20.25517065135932,True,camera,vehicle,False,,False,0.0
82.49999999999959,solo,20.043833378053844,0,20.253166489021396,False,20.253166489021396,False,20.253166489021396,False,20.253166489021396,True,camera,vehicle,False,,False,0.0
82.59999999999958,solo,20.041923718231462,0,20.251249646405313,False,20.251249646405313,False,20.251249646405313,False,20.251249646405313,True,camera,vehicle,False,,False,0.0
82.69999999999958,solo,20.040097477880913,0,20.24941630862986,False,20.24941630862986,False,20.24941630862986,False,20.24941630862986,True,camera,vehicle,False,,False,0.0
82.79999999999957,solo,20.038350993388452,0,20.247662828400053,False,20.247662828400053,False,20.247662828400053,False,20.247662828400053,True,camera,vehicle,False,,False,0.0
82.89999999999957,solo,20.03668076377032,0,20.245985718564043,False,20.245985718564043,False,20.245985718564043,False,20.245985718564043,True,camera,vehicle,False,,False,0.0
82.99999999999956,solo,20.035083443301122,0,20.244381645007707,False,20.244381645007707,False,20.244381645007707,False,20.244381645007707,True,camera,vehicle,False,,False,0.0
83.09999999999955,solo,20.033555834489494,0,20.242847419870486,False,20.242847419870486,False,20.242847419870486,False,20.242847419870486,True,camera,vehicle,False,,False,0.0
83.19999999999955,solo,20.032094881383692,0,20.241379995069337,False,20.241379995069337,False,20.241379995069337,False,20.241379995069337,True,camera,vehicle,False,,False,0.0
83.29999999999954,solo,20.030697663190637,0,20.239976456113027,False,20.239976456113027,False,20.239976456113027,False,20.239976456113027,True,camera,vehicle,False,,False,0.0
83.39999999999954,solo,20.029361388192612,0,20.238634016196556,False,20.238634016196556,False,20.238634016196556,False,20.238634016196556,True,camera,vehicle,False,,False,0.0
83.49999999999953,solo,20.028083387947095,0,20.23735001056025,False,20.23735001056025,False,20.23735001056025,False,20.23735001056025,True,camera,vehicle,False,,False,0.0
83.59999999999953,solo,20.02686111175556,0,20.23612189110304,False,20.23612189110304,False,20.23612189110304,False,20.23612189110304,True,camera,vehicle,False,,False,0.0
83.69999999999952,solo,20.02569212138825,0,20.23494722123587,False,20.23494722123587,False,20.23494722123587,False,20.23494722123587,True,camera,vehicle,False,,False,0.0
83.79999999999951,solo,20.024574086052187,0,20.23382367096724,False,20.23382367096724,False,20.23382367096724,False,20.23382367096724,True,camera,vehicle,False,,False,0.0
83.89999999999951,solo,20.02350477759082,0,20.232749012207023,False,20.232749012207023,False,20.232749012207023,False,20.232749012207023,True,camera,vehicle,False,,False,0.0
83.9999999999995,solo,20.022482065903958,0,20.2317211142813,False,20.2317211142813,False,20.2317211142813,False,20.2317211142813,True,camera,vehicle,False,,False,0.0
84.0999999999995,solo,20.021503914577455,0,20.230737939645678,False,20.230737939645678,False,20.230737939645678,False,20.230737939645678,True,camera,vehicle,False,,False,0.0
84.19999999999949,solo,20.020568376712447,0,20.229797539790752,False,20.229797539790752,False,20.229797539790752,False,20.229797539790752,True,camera,vehicle,False,,False,0.0
84.29999999999949,solo,20.01967359094476,0,20.22889805132968,False,20.22889805132968,False,20.22889805132968,False,20.22889805132968,True,camera,vehicle,False,,False,0.0
84.39999999999948,solo,20.01881777764536,0,20.228037692259022,False,20.228037692259022,False,20.228037692259022,False,20.228037692259022,True,camera,vehicle,False,,False,0.0
84.49999999999947,solo,20.017999235293278,0,20.2272147583858,False,20.2272147583858,False,20.2272147583858,False,20.2272147583858,True,camera,vehicle,False,,False,0.0
84.59999999999947,solo,20.017216337012776,0,20.226427619913693,False,20.226427619913693,False,20.226427619913693,False,20.226427619913693,True,camera,vehicle,False,,False,0.0
84.69999999999946,solo,20.016467527267185,0,20.225674718179334,False,20.225674718179334,False,20.225674718179334,False,20.225674718179334,True,camera,vehicle,False,,False,0.0
84.79999999999946,solo,20.01575131870188,0,20.22495456253432,False,20.22495456253432,False,20.22495456253432,False,20.22495456253432,True,camera,vehicle,False,,False,0.0
84.89999999999945,solo,20.015066289129575,0,20.224265727364127,False,20.224265727364127,False,20.224265727364127,False,20.224265727364127,True,camera,vehicle,False,,False,0.0
84.99999999999945,solo,20.014411078651168,0,20.22360684923956,False,20.22360684923956,False,20.22360684923956,False,20.22360684923956,True,camera,vehicle,False,,False,0.0
85.09999999999944,solo,20.013784386905954,0,20.222976624193507,False,20.222976624193507,False,20.222976624193507,False,20.222976624193507,True,camera,vehicle,False,,False,0.0
85.19999999999943,solo,20.013184970445106,0,20.222373805117968,False,20.222373805117968,False,20.222373805117968,False,20.222373805117968,True,camera,vehicle,False,,False,0.0
85.29999999999943,solo,20.01261164022279,0,20.221797199276352,False,20.221797199276352,False,20.221797199276352,False,20.221797199276352,True,camera,vehicle,False,,False,0.0
85.39999999999942,solo,20.0120632591995,0,20.22124566592447,False,20.22124566592447,False,20.22124566592447,False,20.22124566592447,True,camera,vehicle,False,,False,0.0
85.49999999999942,solo,20.011538740052394,0,20.220718114037254,False,20.220718114037254,False,20.220718114037254,False,20.220718114037254,True,camera,vehicle,False,,False,0.0
85.59999999999941,solo,20.011037042987777,0,20.220213500134832,False,20.220213500134832,False,20.220213500134832,False,20.220213500134832,True,camera,vehicle,False,,False,0.0
85.6999999999994,solo,20.010557173651033,0,20.219730826204568,False,20.219730826204568,False,20.219730826204568,False,20.219730826204568,True,camera,vehicle,False,,False,0.0
85.7999999999994,solo,20.01009818112956,0,20.21926913771449,False,20.21926913771449,False,20.21926913771449,False,20.21926913771449,True,camera,vehicle,False,,False,0.0
85.8999999999994,solo,20.009659156044496,0,20.218827521714047,False,20.218827521714047,False,20.218827521714047,False,20.218827521714047,True,camera,vehicle,False,,False,0.0
85.99999999999939,solo,20.0092392287272,0,20.21840510501761,False,20.21840510501761,False,20.21840510501761,False,20.21840510501761,True,camera,vehicle,False,,False,0.0
86.09999999999938,solo,20.00883756747654,0,20.218001052468935,False,20.218001052468935,False,20.218001052468935,False,20.218001052468935,True,camera,vehicle,False,,False,0.0
86.19999999999938,solo,20.008453376893552,0,20.217614565280428,False,20.217614565280428,False,20.217614565280428,False,20.217614565280428,True,camera,vehicle,False,,False,0.0
86.29999999999937,solo,20.008085896289693,0,20.217244879446298,False,20.217244879446298,False,20.217244879446298,False,20.217244879446298,True,camera,vehicle,False,,False,0.0
86.39999999999937,solo,20.00773439816562,0,20.216891264224614,False,20.216891264224614,False,20.216891264224614,False,20.216891264224614,True,camera,vehicle,False,,False,0.0
86.49999999999936,solo,20.007398186757175,0,20.216553020686433,False,20.216553020686433,False,20.216553020686433,False,20.216553020686433,True,camera,vehicle,False,,False,0.0
86.59999999999935,solo,20.007076596645586,0,20.21622948032791,False,20.21622948032791,False,20.21622948032791,False,20.21622948032791,True,camera,vehicle,False,,False,0.0
86.69999999999935,solo,20.006768991429045,0,20.21592000374335,False,20.21592000374335,False,20.21592000374335,False,20.21592000374335,True,camera,vehicle,False,,False,0.0
86.79999999999934,solo,20.006474762452797,0,20.21562397935668,False,20.21562397935668,False,20.21562397935668,False,20.21562397935668,True,camera,vehicle,False,,False,0.0
86.89999999999934,solo,20.006193327595298,0,20.215340822207963,False,20.215340822207963,False,20.215340822207963,False,20.215340822207963,True,camera,vehicle,False,,False,0.0
86.99999999999933,solo,20.00592413010775,0,20.215069972793344,False,20.215069972793344,False,20.215069972793344,False,20.215069972793344,True,camera,vehicle,False,,False,0.0
87.09999999999933,solo,20.005666637504785,0,20.21481089595568,False,20.21481089595568,False,20.21481089595568,False,20.21481089595568,True,camera,vehicle,False,,False,0.0
87.19999999999932,solo,20.00542034050393,0,20.214563079823165,False,20.214563079823165,False,20.214563079823165,False,20.214563079823165,True,camera,vehicle,False,,False,0.0
87.29999999999932,solo,20.005184752011676,0,20.21432603479525,False,20.21432603479525,False,20.21432603479525,False,20.21432603479525,True,camera,vehicle,False,,False,0.0
87.39999999999931,solo,20.004959406154132,0,20.214099292571973,False,20.214099292571973,False,20.214099292571973,False,20.214099292571973,True,camera,vehicle,False,,False,0.0
87.4999999999993,solo,20.004743857350245,0,20.21388240522606,False,20.21388240522606,False,20.21388240522606,False,20.21388240522606,True,camera,vehicle,False,,False,0.0
87.5999999999993,solo,20.00453767942567,0,20.213674944316153,False,20.213674944316153,False,20.213674944316153,False,20.213674944316153,True,camera,vehicle,False,,False,0.0
87.69999999999929,solo,20.004340464765626,0,20.21347650003713,False,20.21347650003713,False,20.21347650003713,False,20.21347650003713,True,camera,vehicle,False,,False,0.0
87.79999999999929,solo,20.004151823504746,0,20.213286680409738,False,20.213286680409738,False,20.213286680409738,False,20.213286680409738,True,camera,vehicle,False,,False,0.0
87.89999999999928,solo,20.003971382752614,0,20.21310511050342,False,20.21310511050342,False,20.21310511050342,False,20.21310511050342,True,camera,vehicle,False,,False,0.0
87.99999999999928,solo,20.003798785853107,0,20.21293143169487,False,20.21293143169487,False,20.21293143169487,False,20.21293143169487,True,camera,vehicle,False,,False,0.0
88.09999999999927,solo,20.003633691676306,0,20.212765300957244,False,20.212765300957244,False,20.212765300957244,False,20.212765300957244,True,camera,vehicle,False,,False,0.0
88.19999999999926,solo,20.003475773941272,0,20.21260639018169,False,20.21260639018169,False,20.21260639018169,False,20.21260639018169,True,camera,vehicle,False,,False,0.0
88.29999999999926,solo,20.003324720568546,0,20.212454385528417,False,20.212454385528417,False,20.212454385528417,False,20.212454385528417,True,camera,vehicle,False,,False,0.0
88.39999999999925,solo,20.00318023306105,0,20.21230898680483,False,20.21230898680483,False,20.21230898680483,False,20.21230898680483,True,camera,vehicle,False,,False,0.0
88.49999999999925,solo,20.00304202591193,0,20.212169906872305,False,20.212169906872305,False,20.212169906872305,False,20.212169906872305,True,camera,vehicle,False,,False,0.0
88.59999999999924,solo,20.002909826038408,0,20.212036871077544,False,20.212036871077544,False,20.212036871077544,False,20.212036871077544,True,camera,vehicle,False,,False,0.0
88.69999999999924,solo,20.002783372240316,0,20.21190961670959,False,20.21190961670959,False,20.21190961670959,False,20.21190961670959,True,camera,vehicle,False,,False,0.0
88.79999999999923,solo,20.002662414682316,0,20.211787892480288,False,20.211787892480288,False,20.211787892480288,False,20.211787892480288,True,camera,vehicle,False,,False,0.0
88.89999999999922,solo,20.002546714398786,0,20.211671458027013,False,20.211671458027013,False,20.211671458027013,False,20.211671458027013,True,camera,vehicle,False,,False,0.0
88.99999999999922,solo,20.002436042820268,0,20.21156008343769,False,20.21156008343769,False,20.21156008343769,False,20.21156008343769,True,camera,vehicle,False,,False,0.0
89.09999999999921,solo,20.00233018132065,0,20.211453548795816,False,20.211453548795816,False,20.211453548795816,False,20.211453548795816,True,camera,vehicle,False,,False,0.0
89.1999999999992,solo,20.00222892078411,0,20.211351643745502,False,20.211351643745502,False,20.211351643745502,False,20.211351643745502,True,camera,vehicle,False,,False,0.0
89.2999999999992,solo,20.00213206119088,0,20.211254167076504,False,20.211254167076504,False,20.211254167076504,False,20.211254167076504,True,camera,vehicle,False,,False,0.0
89.3999999999992,solo,20.00203941122129,0,20.211160926325192,False,20.211160926325192,False,20.211160926325192,False,20.211160926325192,True,camera,vehicle,False,,False,0.0
89.49999999999919,solo,20.00195078787685,0,20.21107173739506,False,20.21107173739506,False,20.21107173739506,False,20.21107173739506,True,camera,vehicle,False,,False,0.0
89.59999999999918,solo,20.00186601611804,0,20.210986424192242,False,20.210986424192242,False,20.210986424192242,False,20.210986424192242,True,camera,vehicle,False,,False,0.0
89.69999999999918,solo,20.00178492851782,0,20.210904818277868,False,20.210904818277868,False,20.210904818277868,False,20.210904818277868,True,camera,vehicle,False,,False,0.0
89.79999999999917,solo,20.00170736493027,0,20.210826758534722,False,20.210826758534722,False,20.210826758534722,False,20.210826758534722,True,camera,vehicle,False,,False,0.0
89.89999999999917,solo,20.00163317217365,0,20.210752090849383,False,20.210752090849383,False,20.210752090849383,False,20.210752090849383,True,camera,vehicle,False,,False,0.0
89.99999999999916,solo,20.00156220372737,0,20.21068066780731,False,20.21068066780731,False,20.21068066780731,False,20.21068066780731,True,camera,vehicle,False,,False,0.0
90.09999999999916,solo,20.001494319442052,0,20.210612348401355,False,20.210612348401355,False,20.210612348401355,False,20.210612348401355,True,camera,vehicle,False,,False,0.0
90.19999999999915,solo,20.001429385262295,0,20.21054699775391,False,20.21054699775391,False,20.21054699775391,False,20.21054699775391,True,camera,vehicle,False,,False,0.0
90.29999999999914,solo,20.001367272961534,0,20.210484486849282,False,20.210484486849282,False,20.210484486849282,False,20.210484486849282,True,camera,vehicle,False,,False,0.0
90.39999999999914,solo,20.00130785988838,0,20.210424692279958,False,20.210424692279958,False,20.210424692279958,False,20.210424692279958,True,camera,vehicle,False,,False,0.0
90.49999999999913,solo,20.00125102872412,0,20.21036749600171,False,20.21036749600171,False,20.21036749600171,False,20.21036749600171,True,camera,vehicle,False,,False,0.0
90.59999999999913,solo,20.00119666725064,0,20.210312785101223,False,20.210312785101223,False,20.210312785101223,False,20.210312785101223,True,camera,vehicle,False,,False,0.0
90.69999999999912,solo,20.001144668128596,0,20.21026045157282,False,20.21026045157282,False,20.21026045157282,False,20.21026045157282,True,camera,vehicle,False,,False,0.0
90.79999999999912,solo,20.001094928685188,0,20.210210392104955,False,20.210210392104955,False,20.210210392104955,False,20.210210392104955,True,camera,vehicle,False,,False,0.0
90.89999999999911,solo,20.001047350711165,0,20.21016250787602,False,20.21016250787602,False,20.21016250787602,False,20.21016250787602,True,camera,vehicle,False,,False,0.0
90.9999999999991,solo,20.001001840266653,0,20.21011670435928,False,20.21011670435928,False,20.21011670435928,False,20.21011670435928,True,camera,vehicle,False,,False,0.0
91.0999999999991,solo,20.000958307495477,0,20.210072891136633,False,20.210072891136633,False,20.210072891136633,False,20.210072891136633,True,camera,vehicle,False,,False,0.0
91.1999999999991,solo,20.00091666644759,0,20.210030981719,False,20.210030981719,False,20.210030981719,False,20.210030981719,True,camera,vehicle,False,,False,0.0
91.29999999999909,solo,20.000876834909118,0,20.2099908933767,False,20.2099908933767,False,20.2099908933767,False,20.2099908933767,True,camera,vehicle,False,,False,0.0
91.39999999999908,solo,20.00083873423997,0,20.209952546975046,False,20.209952546975046,False,20.209952546975046,False,20.209952546975046,True,camera,vehicle,False,,False,0.0
91.49999999999908,solo,20.00080228921836,0,20.209915866818847,False,20.209915866818847,False,20.209915866818847,False,20.209915866818847,True,camera,vehicle,False,,False,0.0
91.59999999999907,solo,20.00076742789222,0,20.20988078050209,False,20.20988078050209,False,20.20988078050209,False,20.20988078050209,True,camera,vehicle,False,,False,0.0
91.69999999999906,solo,20.000734081436956,0,20.209847218765617,False,20.209847218765617,False,20.209847218765617,False,20.209847218765617,True,camera,vehicle,False,,False,0.0
91.79999999999906,solo,20.000702184019477,0,20.209815115360243,False,20.209815115360243,False,20.209815115360243,False,20.209815115360243,True,camera,vehicle,False,,False,0.0
91.89999999999905,solo,20.000671672668172,0,20.20978440691556,False,20.20978440691556,False,20.20978440691556,False,20.20978440691556,True,camera,vehicle,False,,False,0.0
91.99999999999905,solo,20.000642487148415,0,20.209755032815337,False,20.209755032815337,False,20.209755032815337,False,20.209755032815337,True,camera,vehicle,False,,False,0.0
92.09999999999904,solo,20.00061456984363,0,20.20972693507747,False,20.20972693507747,False,20.20972693507747,False,20.20972693507747,True,camera,vehicle,False,,False,0.0
92.19999999999904,solo,20.000587865641457,0,20.209700058239605,False,20.209700058239605,False,20.209700058239605,False,20.209700058239605,True,camera,vehicle,False,,False,0.0
92.29999999999903,solo,20.000562321824855,0,20.209674349249326,False,20.209674349249326,False,20.209674349249326,False,20.209674349249326,True,camera,vehicle,False,,False,0.0
92.39999999999903,solo,20.000537887967972,0,20.209649757360012,False,20.209649757360012,False,20.209649757360012,False,20.209649757360012,True,camera,vehicle,False,,False,0.0
92.49999999999902,solo,20.000514515836553,0,20.20962623403011,False,20.20962623403011,False,20.20962623403011,False,20.20962623403011,True,camera,vehicle,False,,False,0.0
92.59999999999901,solo,20.00049215929266,0,20.209603732827645,False,20.209603732827645,False,20.209603732827645,False,20.209603732827645,True,camera,vehicle,False,,False,0.0
92.69999999999901,solo,20.00047077420355,0,20.209582209338123,False,20.209582209338123,False,20.209582209338123,False,20.209582209338123,True,camera,vehicle,False,,False,0.0
92.799999999999,solo,20.000450318354485,0,20.209561621077228,False,20.209561621077228,False,20.209561621077228,False,20.209561621077228,True,camera,vehicle,False,,False,0.0
92.899999999999,solo,20.000430751365375,0,20.209541927406917,False,20.209541927406917,False,20.209541927406917,False,20.209541927406917,True,camera,vehicle,False,,False,0.0
92.99999999999899,solo,20.00041203461104,0,20.209523089454706,False,20.209523089454706,False,20.209523089454706,False,20.209523089454706,True,camera,vehicle,False,,False,0.0
93.09999999999899,solo,20.000394131144873,0,20.20950507003772,False,20.20950507003772,False,20.20950507003772,False,20.20950507003772,True,camera,vehicle,False,,False,0.0
93.19999999999898,solo,20.000377005625946,0,20.209487833588582,False,20.209487833588582,False,20.209487833588582,False,20.209487833588582,True,camera,vehicle,False,,False,0.0
93.29999999999897,solo,20.000360624249176,0,20.209471346085593,False,20.209471346085593,False,20.209471346085593,False,20.209471346085593,True,camera,vehicle,False,,False,0.0
93.39999999999897,solo,20.000344954678585,0,20.20945557498544,False,20.20945557498544,False,20.20945557498544,False,20.20945557498544,True,camera,vehicle,False,,False,0.0
93.49999999999896,solo,20.000329965983433,0,20.20944048915885,False,20.20944048915885,False,20.20944048915885,False,20.20944048915885,True,camera,vehicle,False,,False,0.0
93.59999999999896,solo,20.000315628577148,0,20.209426058829195,False,20.209426058829195,False,20.209426058829195,False,20.209426058829195,True,camera,vehicle,False,,False,0.0
93.69999999999895,solo,20.000301914158882,0,20.209412255514053,False,20.209412255514053,False,20.209412255514053,False,20.209412255514053,True,camera,vehicle,False,,False,0.0
93.79999999999895,solo,20.000288795657685,0,20.209399051968376,False,20.209399051968376,False,20.209399051968376,False,20.209399051968376,True,camera,vehicle,False,,False,0.0
93.89999999999894,solo,20.000276247178988,0,20.20938642213082,False,20.20938642213082,False,20.20938642213082,False,20.20938642213082,True,camera,vehicle,False,,False,0.0
93.99999999999893,solo,20.00026424395348,0,20.209374341073044,False,20.209374341073044,False,20.209374341073044,False,20.209374341073044,True,camera,vehicle,False,,False,0.0
94.09999999999893,solo,20.00025276228825,0,20.209362784949462,False,20.209362784949462,False,20.209362784949462,False,20.209362784949462,True,camera,vehicle,False,,False,0.0
94.19999999999892,solo,20.00024177951997,0,20.209351730951084,False,20.209351730951084,False,20.209351730951084,False,20.209351730951084,True,camera,vehicle,False,,False,0.0
94.29999999999892,solo,20.000231273970176,0,20.209341157259587,False,20.209341157259587,False,20.209341157259587,False,20.209341157259587,True,camera,vehicle,False,,False,0.0
94.39999999999891,solo,20.000221224902425,0,20.209331043004795,False,20.209331043004795,False,20.209331043004795,False,20.209331043004795,True,camera,vehicle,False,,False,0.0
94.4999999999989,solo,20.000211612481365,0,20.209321368223527,False,20.209321368223527,False,20.209321368223527,False,20.209321368223527,True,camera,vehicle,False,,False,0.0
94.5999999999989,solo,20.000202417733593,0,20.20931211382026,False,20.20931211382026,False,20.20931211382026,False,20.20931211382026,True,camera,vehicle,False,,False,0.0
94.6999999999989,solo,20.000193622510206,0,20.209303261528703,False,20.209303261528703,False,20.209303261528703,False,20.209303261528703,True,camera,vehicle,False,,False,0.0
94.79999999999889,solo,20.000185209450926,0,20.20929479387678,False,20.20929479387678,False,20.20929479387678,False,20.20929479387678,True,camera,vehicle,False,,False,0.0
94.89999999999888,solo,20.00017716194987,0,20.20928669415116,False,20.20928669415116,False,20.20928669415116,False,20.20928669415116,True,camera,vehicle,False,,False,0.0
94.99999999999888,solo,20.000169464122735,0,20.209278946365203,False,20.209278946365203,False,20.209278946365203,False,20.209278946365203,True,camera,vehicle,False,,False,0.0
95.09999999999887,solo,20.000162100775462,0,20.209271535226662,False,20.209271535226662,False,20.209271535226662,False,20.209271535226662,True,camera,vehicle,False,,False,0.0
95.19999999999887,solo,20.000155057374236,0,20.20926444610768,False,20.20926444610768,False,20.20926444610768,False,20.20926444610768,True,camera,vehicle,False,,False,0.0
95.29999999999886,solo,20.00014832001677,0,20.209257665016366,False,20.209257665016366,False,20.209257665016366,False,20.209257665016366,True,camera,vehicle,False,,False,0.0
95.39999999999885,solo,20.00014187540491,0,20.209251178568366,False,20.209251178568366,False,20.209251178568366,False,20.209251178568366,True,camera,vehicle,False,,False,0.0
95.49999999999885,solo,20.000135710818316,0,20.209244973961177,False,20.209244973961177,False,20.209244973961177,False,20.209244973961177,True,camera,vehicle,False,,False,0.0
95.59999999999884,solo,20.000129814089405,0,20.209239038948454,False,20.209239038948454,False,20.209239038948454,False,20.209239038948454,True,camera,vehicle,False,,False,0.0
95.69999999999884,solo,20.00012417357931,0,20.209233361816132,False,20.209233361816132,False,20.209233361816132,False,20.209233361816132,True,camera,vehicle,False,,False,0.0
95.79999999999883,solo,20.0001187781549,0,20.20922793135901,False,20.20922793135901,False,20.20922793135901,False,20.20922793135901,True,camera,vehicle,False,,False,0.0
95.89999999999883,solo,20.00011361716682,0,20.20922273685892,False,20.20922273685892,False,20.20922273685892,False,20.20922273685892,True,camera,vehicle,False,,False,0.0
95.99999999999882,solo,20.000108680428472,0,20.209217768063127,False,20.209217768063127,False,20.209217768063127,False,20.209217768063127,True,camera,vehicle,False,,False,0.0
96.09999999999881,solo,20.000103958195858,0,20.20921301516455,False,20.20921301516455,False,20.20921301516455,False,20.20921301516455,True,camera,vehicle,False,,False,0.0
96.19999999999881,solo,20.000099441148386,0,20.209208468782435,False,20.209208468782435,False,20.209208468782435,False,20.209208468782435,True,camera,vehicle,False,,False,0.0
96.2999999999988,solo,20.0000951203705,0,20.20920411994348,False,20.20920411994348,False,20.20920411994348,False,20.20920411994348,True,camera,vehicle,False,,False,0.0
96.3999999999988,solo,20.000090987334026,0,20.209199960064097,False,20.209199960064097,False,20.209199960064097,False,20.209199960064097,True,camera,vehicle,False,,False,0.0
96.49999999999879,solo,20.000087033881353,0,20.209195980933828,False,20.209195980933828,False,20.209195980933828,False,20.209195980933828,True,camera,vehicle,False,,False,0.0
96.59999999999879,solo,20.000083252209325,0,20.209192174699183,False,20.209192174699183,False,20.209192174699183,False,20.209192174699183,True,camera,vehicle,False,,False,0.0
96.69999999999878,solo,20.000079634853883,0,20.20918853384751,False,20.20918853384751,False,20.20918853384751,False,20.20918853384751,True,camera,vehicle,False,,False,0.0
96.79999999999878,solo,20.000076174675268,0,20.20918505119289,False,20.20918505119289,False,20.20918505119289,False,20.20918505119289,True,camera,vehicle,False,,False,0.0
96.89999999999877,solo,20.000072864843972,0,20.20918171986159,False,20.20918171986159,False,20.20918171986159,False,20.20918171986159,True,camera,vehicle,False,,False,0.0
96.99999999999876,solo,20.000069698827243,0,20.20917853327842,False,20.20917853327842,False,20.20917853327842,False,20.20917853327842,True,camera,vehicle,False,,False,0.0
97.09999999999876,solo,20.00006667037618,0,20.20917548515399,False,20.20917548515399,False,20.20917548515399,False,20.20917548515399,True,camera,vehicle,False,,False,0.0
97.19999999999875,solo,20.00006377351342,0,20.20917256947223,False,20.20917256947223,False,20.20917256947223,False,20.20917256947223,True,camera,vehicle,False,,False,0.0
97.29999999999875,solo,20.000061002521313,0,20.209169780478305,False,20.209169780478305,False,20.209169780478305,False,20.209169780478305,True,camera,vehicle,False,,False,0.0
97.39999999999874,solo,20.000058351930658,0,20.20916711266773,False,20.20916711266773,False,20.20916711266773,False,20.20916711266773,True,camera,vehicle,False,,False,0.0
97.49999999999874,solo,20.000055816509906,0,20.209164560774752,False,20.209164560774752,False,20.209164560774752,False,20.209164560774752,True,camera,vehicle,False,,False,0.0
97.59999999999873,solo,20.000053391254806,0,20.209162119762823,False,20.209162119762823,False,20.209162119762823,False,20.209162119762823,True,camera,vehicle,False,,False,0.0
97.69999999999872,solo,20.00005107137856,0,20.20915978481412,False,20.20915978481412,False,20.20915978481412,False,20.20915978481412,True,camera,vehicle,False,,False,0.0
97.79999999999872,solo,20.00004885230237,0,20.209157551320004,False,20.209157551320004,False,20.209157551320004,False,20.209157551320004,True,camera,vehicle,False,,False,0.0
97.89999999999871,solo,20.000046729646378,0,20.209155414872384,False,20.209155414872384,False,20.209155414872384,False,20.209155414872384,True,camera,vehicle,False,,False,0.0
97.9999999999987,solo,20.00004469922106,0,20.209153371254388,False,20.209153371254388,False,20.209153371254388,False,20.209153371254388,True,camera,vehicle,False,,False,0.0
98.0999999999987,solo,20.000042757018907,0,20.209151416432633,False,20.209151416432633,False,20.209151416432633,False,20.209151416432633,True,camera,vehicle,False,,False,0.0
98.1999999999987,solo,20.000040899206564,0,20.209149546548815,False,20.209149546548815,False,20.209149546548815,False,20.209149546548815,True,camera,vehicle,False,,False,0.0
98.29999999999869,solo,20.00003912211723,0,20.209147757912206,False,20.209147757912206,False,20.209147757912206,False,20.209147757912206,True,camera,vehicle,False,,False,0.0
98.39999999999868,solo,20.000037422243405,0,20.2091460469926,False,20.2091460469926,False,20.2091460469926,False,20.2091460469926,True,camera,vehicle,False,,False,0.0
98.49999999999868,solo,20.000035796230023,0,20.209144410413273,False,20.209144410413273,False,20.209144410413273,False,20.209144410413273,True,camera,vehicle,False,,False,0.0
98.59999999999867,solo,20.000034240867787,0,20.209142844944154,False,20.209142844944154,False,20.209142844944154,False,20.209142844944154,True,camera,vehicle,False,,False,0.0
98.69999999999867,solo,20.00003275308688,0,20.209141347495233,False,20.209141347495233,False,20.209141347495233,False,20.209141347495233,True,camera,vehicle,False,,False,0.0
98.79999999999866,solo,20.000031329950822,0,20.20913991511111,False,20.20913991511111,False,20.20913991511111,False,20.20913991511111,True,camera,vehicle,False,,False,0.0
98.89999999999866,solo,20.000029968650754,0,20.209138544964844,False,20.209138544964844,False,20.209138544964844,False,20.209138544964844,True,camera,vehicle,False,,False,0.0
98.99999999999865,solo,20.000028666499873,0,20.209137234352056,False,20.209137234352056,False,20.209137234352056,False,20.209137234352056,True,camera,vehicle,False,,False,0.0
99.09999999999864,solo,20.000027420928113,0,20.209135980685915,False,20.209135980685915,False,20.209135980685915,False,20.209135980685915,True,camera,vehicle,False,,False,0.0
99.19999999999864,solo,20.00002622947707,0,20.20913478149214,False,20.20913478149214,False,20.20913478149214,False,20.20913478149214,True,camera,vehicle,False,,False,0.0
99.29999999999863,solo,20.000025089795162,0,20.20913363440377,False,20.20913363440377,False,20.20913363440377,False,20.20913363440377,True,camera,vehicle,False,,False,0.0
99.39999999999863,solo,20.000023999632983,0,20.209132537156847,False,20.209132537156847,False,20.209132537156847,False,20.209132537156847,True,camera,vehicle,False,,False,0.0
99.49999999999862,solo,20.000022956838876,0,20.209131487585864,False,20.209131487585864,False,20.209131487585864,False,20.209131487585864,True,camera,vehicle,False,,False,0.0
99.59999999999862,solo,20.000021959354665,0,20.20913048361922,False,20.20913048361922,False,20.20913048361922,False,20.20913048361922,True,camera,vehicle,False,,False,0.0
99.69999999999861,solo,20.000021005211632,0,20.20912952327535,False,20.20912952327535,False,20.20912952327535,False,20.20912952327535,True,camera,vehicle,False,,False,0.0
99.7999999999986,solo,20.000020092526565,0,20.209128604658645,False,20.209128604658645,False,20.209128604658645,False,20.209128604658645,True,camera,vehicle,False,,False,0.0
99.8999999999986,solo,20.000019219498068,0,20.20912772595625,False,20.20912772595625,False,20.20912772595625,False,20.20912772595625,True,camera,vehicle,False,,False,0.0
99.9999999999986,solo,20.00001838440305,0,20.20912688543399,False,20.20912688543399,False,20.20912688543399,False,20.20912688543399,True,camera,vehicle,False,,False,0.0
100.09999999999859,solo,20.000017585593305,0,20.209126081432714,False,20.209126081432714,False,20.209126081432714,False,20.209126081432714,True,camera,vehicle,False,,False,0.0
100.19999999999858,solo,20.000016821492206,0,20.209125312365586,False,20.209125312365586,False,20.209125312365586,False,20.209125312365586,True,camera,vehicle,False,,False,0.0
100.29999999999858,solo,20.00001609059164,0,20.209124576714657,False,20.209124576714657,False,20.209124576714657,False,20.209124576714657,True,camera,vehicle,False,,False,0.0
100.39999999999857,solo,20.00001539144902,0,20.209123873028148,False,20.209123873028148,False,20.209123873028148,False,20.209123873028148,True,camera,vehicle,False,,False,0.0
100.49999999999856,solo,20.00001472268445,0,20.20912319991703,False,20.20912319991703,False,20.20912319991703,False,20.20912319991703,True,camera,vehicle,False,,False,0.0
100.59999999999856,solo,20.00001408297799,0,20.20912255605299,False,20.20912255605299,False,20.20912255605299,False,20.20912255605299,True,camera,vehicle,False,,False,0.0
100.69999999999855,solo,20.000013471067064,0,20.209121940165005,False,20.209121940165005,False,20.209121940165005,False,20.209121940165005,True,camera,vehicle,False,,False,0.0
100.79999999999855,solo,20.000012885743928,0,20.20912135103754,False,20.20912135103754,False,20.20912135103754,False,20.20912135103754,True,camera,vehicle,False,,False,0.0
100.89999999999854,solo,20.000012325853323,0,20.209120787508027,False,20.209120787508027,False,20.209120787508027,False,20.209120787508027,True,camera,vehicle,False,,False,0.0
100.99999999999854,solo,20.000011790290205,0,20.209120248463933,False,20.209120248463933,False,20.209120248463933,False,20.209120248463933,True,camera,vehicle,False,,False,0.0
101.09999999999853,solo,20.000011277997523,0,20.2091197328416,False,20.2091197328416,False,20.2091197328416,False,20.2091197328416,True,camera,vehicle,False,,False,0.0
101.19999999999852,solo,20.00001078796417,0,20.209119239623305,False,20.209119239623305,False,20.209119239623305,False,20.209119239623305,True,camera,vehicle,False,,False,0.0
101.29999999999852,solo,20.00001031922298,0,20.209118767835434,False,20.209118767835434,False,20.209118767835434,False,20.209118767835434,True,camera,vehicle,False,,False,0.0
101.39999999999851,solo,20.00000987084878,0,20.209118316546892,False,20.209118316546892,False,20.209118316546892,False,20.209118316546892,True,camera,vehicle,False,,False,0.0
101.49999999999851,solo,20.000009441956603,0,20.209117884867055,False,20.209117884867055,False,20.209117884867055,False,20.209117884867055,True,camera,vehicle,False,,False,0.0
101.5999999999985,solo,20.00000903169997,0,20.209117471943955,False,20.209117471943955,False,20.209117471943955,False,20.209117471943955,True,camera,vehicle,False,,False,0.0
101.6999999999985,solo,20.00000863926916,0,20.209117076962457,False,20.209117076962457,False,20.209117076962457,False,20.209117076962457,True,camera,vehicle,False,,False,0.0
101.79999999999849,solo,20.000008263889626,0,20.209116699143124,False,20.209116699143124,False,20.209116699143124,False,20.209116699143124,True,camera,vehicle,False,,False,0.0
101.89999999999849,solo,20.00000790482049,0,20.20911633774017,False,20.20911633774017,False,20.20911633774017,False,20.20911633774017,True,camera,vehicle,False,,False,0.0
101.99999999999848,solo,20.000007561353055,0,20.209115992040324,False,20.209115992040324,False,20.209115992040324,False,20.209115992040324,True,camera,vehicle,False,,False,0.0
102.09999999999847,solo,20.00000723280942,0,20.20911566136124,False,20.20911566136124,False,20.20911566136124,False,20.20911566136124,True,camera,vehicle,False,,False,0.0
102.19999999999847,solo,20.00000691854114,0,20.176615345050323,False,20.176615345050323,False,20.176615345050323,False,20.176615345050323,True,camera,vehicle,False,,False,0.0
102.29999999999846,solo,19.996139187632377,0,20.07920148728499,False,20.07920148728499,False,20.07920148728499,False,20.07920148728499,True,camera,vehicle,False,,False,0.0
102.39999999999846,solo,19.981305639668122,0,19.917205640505017,False,19.917205640505017,False,19.917205640505017,False,19.917205640505017,True,camera,vehicle,False,,False,0.0
102.49999999999845,solo,19.949568148209067,0,19.691250749598566,False,19.691250749598566,False,19.691250749598566,False,19.691250749598566,True,camera,vehicle,False,,False,0.0
102.59999999999845,solo,19.895931674088974,0,19.402204137570607,False,19.402204137570607,False,19.402204137570607,False,19.402204137570607,True,camera,vehicle,False,,False,0.0
102.69999999999844,solo,19.81614128142132,0,19.051139882868938,False,19.051139882868938,False,19.051139882868938,False,19.051139882868938,True,camera,vehicle,False,,False,0.0
102.79999999999843,solo,19.70650064871171,0,18.639309790446532,False,18.639309790446532,False,18.639309790446532,False,18.639309790446532,True,camera,vehicle,False,,False,0.0
102.89999999999843,solo,19.56371303868856,0,18.168121974105816,False,18.168121974105816,False,18.168121974105816,False,18.168121974105816,True,camera,vehicle,False,,False,0.0
102.99999999999842,solo,19.384742160365967,0,17.639126103496665,False,17.639126103496665,False,17.639126103496665,False,17.639126103496665,True,camera,vehicle,False,,False,0.0
103.09999999999842,solo,19.166688540352613,0,17.096504524474085,False,17.096504524474085,False,17.096504524474085,False,17.096504524474085,True,camera,vehicle,False,,False,0.0
103.19999999999841,solo,18.912124762225314,0,16.584446889534775,False,16.584446889534775,False,16.584446889534775,False,16.584446889534775,True,camera,vehicle,False,,False,0.0
103.2999999999984,solo,18.628693440578893,0,16.104414521065564,False,16.104414521065564,False,16.104414521065564,False,16.104414521065564,True,camera,vehicle,False,,False,0.0
103.3999999999984,solo,18.323241496034186,0,15.657544871362234,False,15.657544871362234,False,15.657544871362234,False,15.657544871362234,True,camera,vehicle,False,,False,0.0
103.4999999999984,solo,18.00202976029594,0,15.244682408240578,False,15.244682408240578,False,15.244682408240578,False,15.244682408240578,True,camera,vehicle,False,,False,0.0
103.59999999999839,solo,17.670871772449367,0,14.866401713180494,False,14.866401713180494,False,14.866401713180494,False,14.866401713180494,True,camera,vehicle,False,,False,0.0
103.69999999999838,solo,17.335220107551148,0,14.523025547478937,False,14.523025547478937,False,14.523025547478937,False,14.523025547478937,True,camera,vehicle,False,,False,0.0
103.79999999999838,solo,17.000211773391932,0,15.270098404826626,False,15.270098404826626,False,15.270098404826626,False,15.270098404826626,True,camera,traffic_light,False,,False,0.0
103.89999999999837,solo,16.837306115325546,0,14.51376220497798,False,14.51376220497798,False,14.51376220497798,False,14.51376220497798,True,camera,traffic_light,False,,False,0.0
103.99999999999837,solo,16.582425818426575,0,13.766764356794852,False,13.766764356794852,False,13.766764356794852,False,13.766764356794852,True,camera,traffic_light,False,,False,0.0
104.09999999999836,solo,16.248914975296273,0,13.03291822737367,False,13.03291822737367,False,13.03291822737367,False,13.03291822737367,True,camera,traffic_light,False,,False,0.0
104.19999999999835,solo,15.847001761970038,0,12.315510296462321,False,12.315510296462321,False,12.315510296462321,False,12.315510296462321,True,camera,traffic_light,False,,False,0.0
104.29999999999835,solo,15.384847471212817,0,11.617416002402138,False,11.617416002402138,False,11.617416002402138,False,11.617416002402138,True,camera,traffic_light,False,,False,0.0
104.39999999999834,solo,14.86922733050313,0,10.941176922434238,False,10.941176922434238,False,10.941176922434238,False,10.941176922434238,True,camera,traffic_light,False,,False,0.0
104.49999999999834,solo,14.306003801502731,0,10.289052156171579,False,10.289052156171579,False,10.289052156171579,False,10.289052156171579,True,camera,traffic_light,False,,False,0.0
104.59999999999833,solo,13.700480723736012,0,9.66305121406333,False,9.66305121406333,False,9.66305121406333,False,9.66305121406333,True,camera,traffic_light,False,,False,0.0
104.69999999999833,solo,13.057690558059637,0,9.06495256957271,False,9.06495256957271,False,9.06495256957271,False,9.06495256957271,True,camera,traffic_light,False,,False,0.0
104.79999999999832,solo,12.38264775999777,0,8.49631012748739,False,8.49631012748739,False,8.49631012748739,False,8.49631012748739,True,camera,traffic_light,False,,False,0.0
104.89999999999831,solo,11.68059007756724,0,7.958448635342052,False,7.958448635342052,False,7.958448635342052,False,7.958448635342052,True,camera,traffic_light,False,,False,0.0
104.99999999999831,solo,10.957221493395522,0,7.452448271107983,False,7.452448271107983,False,7.452448271107983,False,7.452448271107983,True,camera,traffic_light,False,,False,0.0
105.0999999999983,solo,10.218962093536023,0,6.979118215572839,False,6.979118215572839,False,6.979118215572839,False,6.979118215572839,True,camera,traffic_light,False,,False,0.0
105.1999999999983,solo,9.473197673105703,0,6.5389590604687555,False,6.5389590604687555,False,6.5389590604687555,False,6.5389590604687555,True,camera,traffic_light,False,,False,0.0
105.29999999999829,solo,8.72850075332264,0,6.1321146972412635,False,6.1321146972412635,False,6.1321146972412635,False,6.1321146972412635,True,camera,traffic_light,False,,False,0.0
105.39999999999829,solo,7.994759549468655,0,5.7583163829532396,False,5.7583163829532396,False,5.7583163829532396,False,5.7583163829532396,True,camera,traffic_light,False,,False,0.0
105.49999999999828,solo,7.283099429264664,0,5.41682567906048,False,5.41682567906048,False,5.41682567906048,False,5.41682567906048,True,camera,traffic_light,False,,False,0.0
105.59999999999827,solo,6.605422197966811,0,5.106389443648709,False,5.106389443648709,False,5.106389443648709,False,5.106389443648709,True,camera,traffic_light,False,,False,0.0
105.69999999999827,solo,5.973365145613658,0,4.825228388944993,False,4.825228388944993,False,4.825228388944993,False,4.825228388944993,True,camera,traffic_light,False,,False,0.0
105.79999999999826,solo,5.396592629112847,0,4.571087092764287,False,4.571087092764287,False,4.571087092764287,False,4.571087092764287,True,camera,traffic_light,False,,False,0.0
105.89999999999826,solo,4.880700825879737,0,4.341369029458406,False,4.341369029458406,False,4.341369029458406,False,4.341369029458406,True,camera,traffic_light,False,,False,0.0
105.99999999999825,solo,4.425602796704088,0,4.133354530886322,False,4.133354530886322,False,4.133354530886322,False,4.133354530886322,True,camera,traffic_light,False,,False,0.0
106.09999999999825,solo,4.025579771385232,0,3.9444536981244482,False,3.9444536981244482,False,3.9444536981244482,False,3.9444536981244482,True,camera,traffic_light,False,,False,0.0
106.19999999999824,solo,3.6714849037659927,0,3.772408908505554,False,3.772408908505554,False,3.772408908505554,False,3.772408908505554,True,camera,traffic_light,False,,False,0.0
106.29999999999824,solo,3.353997831236955,0,3.6153753184127027,False,3.6153753184127027,False,3.6153753184127027,False,3.6153753184127027,True,camera,traffic_light,False,,False,0.0
106.39999999999823,solo,3.065958202546566,0,3.471876461145598,False,3.471876461145598,False,3.471876461145598,False,3.471876461145598,True,camera,traffic_light,False,,False,0.0
106.49999999999822,solo,2.8027830435745575,0,3.340698356812368,False,3.340698356812368,False,3.340698356812368,False,3.340698356812368,True,camera,traffic_light,False,,False,0.0
106.59999999999822,solo,2.5616154109201843,0,3.220793322557597,False,3.220793322557597,False,3.220793322557597,False,3.220793322557597,True,camera,traffic_light,False,,False,0.0
106.69999999999821,solo,2.3403958908262052,0,3.1112235659410317,False,3.1112235659410317,False,3.1112235659410317,False,3.1112235659410317,True,camera,traffic_light,False,,False,0.0
106.7999999999982,solo,2.137410711966411,0,3.0111356327553267,False,3.0111356327553267,False,3.0111356327553267,False,3.0111356327553267,True,camera,traffic_light,False,,False,0.0
106.8999999999982,solo,1.9511635750125649,0,2.919747820292855,False,2.919747820292855,False,2.919747820292855,False,2.919747820292855,True,camera,traffic_light,False,,False,0.0
106.9999999999982,solo,1.7803200273881958,0,2.836341698811907,False,2.836341698811907,False,2.836341698811907,False,2.836341698811907,True,camera,traffic_light,False,,False,0.0
107.09999999999819,solo,1.6236709733362797,0,2.760255691963607,False,2.760255691963607,False,2.760255691963607,False,2.760255691963607,True,camera,traffic_light,False,,False,0.0
107.19999999999818,solo,1.480111129558952,0,2.6908799543997475,False,2.6908799543997475,False,2.6908799543997475,False,2.6908799543997475,True,camera,traffic_light,False,,False,0.0
107.29999999999818,solo,1.3486223737441618,0,2.6276521031339826,False,2.6276521031339826,False,2.6276521031339826,False,2.6276521031339826,True,camera,traffic_light,False,,False,0.0
107.39999999999817,solo,1.2282643376866251,0,2.5700535313600312,False,2.5700535313600312,False,2.5700535313600312,False,2.5700535313600312,True,camera,traffic_light,False,,False,0.0
107.49999999999817,solo,1.1181635297149435,0,2.5176061756677655,False,2.5176061756677655,False,2.5176061756677655,False,2.5176061756677655,True,camera,traffic_light,False,,False,0.0
107.59999999999816,solo,1.0175127910656963,0,2.469869538545595,False,2.469869538545595,False,2.469869538545595,False,2.469869538545595,True,camera,traffic_light,False,,False,0.0
107.69999999999816,solo,0.9255521527577095,0,2.4264381509211717,False,2.4264381509211717,False,2.4264381509211717,False,2.4264381509211717,True,camera,traffic_light,False,,False,0.0
107.79999999999815,solo,0.8416064503866652,0,2.386938621823788,False,2.386938621823788,False,2.386938621823788,False,2.386938621823788,True,camera,traffic_light,False,,False,0.0
107.89999999999814,solo,0.7649383620519692,0,2.3510291321762224,False,2.3510291321762224,False,2.3510291321762224,False,2.3510291321762224,True,camera,traffic_light,False,,False,0.0
107.99999999999814,solo,0.6953172814118451,0,2.3183894980335253,False,2.3183894980335253,False,2.3183894980335253,False,2.3183894980335253,True,camera,traffic_light,False,,False,0.0
108.09999999999813,solo,0.6303906637565556,0,2.288757274043178,False,2.288757274043178,False,2.288757274043178,False,2.288757274043178,True,camera,traffic_light,False,,False,0.0
108.19999999999813,solo,0.57949824461034,0,2.2617138371632564,False,2.2617138371632564,False,2.2617138371632564,False,2.2617138371632564,True,camera,traffic_light,False,,False,0.0
108.29999999999812,solo,0.48130153903953615,0,2.23800284039919,False,2.23800284039919,False,2.23800284039919,False,2.23800284039919,True,camera,traffic_light,False,,False,0.0
108.39999999999812,solo,0.03391428062865567,0,2.2264867363979874,False,2.2264867363979874,False,2.2264867363979874,False,2.2264867363979874,True,camera,traffic_light,False,,False,0.0
108.49999999999811,solo,0.0,0,2.225728684397268,False,2.225728684397268,False,2.225728684397268,False,2.225728684397268,True,camera,traffic_light,False,,False,0.0
108.5999999999981,solo,0.0,0,2.225728684397268,False,2.225728684397268,False,2.225728684397268,False,2.225728684397268,True,camera,traffic_light,False,,False,0.0
108.6999999999981,solo,0.0,0,2.225728684397268,False,2.225728684397268,False,2.225728684397268,False,2.225728684397268,True,camera,traffic_light,False,,False,0.0
108.7999999999981,solo,0.0,0,2.225728684397268,False,2.225728684397268,False,2.225728684397268,False,2.225728684397268,True,camera,traffic_light,False,,False,0.0
108.89999999999809,solo,0.0,0,2.225728684397268,False,2.225728684397268,False,2.225728684397268,False,2.225728684397268,True,camera,traffic_light,False,,False,0.0
108.99999999999808,solo,0.0,0,2.225728684397268,False,2.225728684397268,False,2.225728684397268,False,2.225728684397268,True,camera,traffic_light,False,,False,0.0
109.09999999999808,solo,0.0,0,2.225728684397268,False,2.225728684397268,False,2.225728684397268,False,2.225728684397268,True,camera,traffic_light,False,,False,0.0
109.19999999999807,solo,0.0,0,2.225728684397268,False,2.225728684397268,False,2.225728684397268,False,2.225728684397268,True,camera,traffic_light,False,,False,0.0
109.29999999999806,solo,0.0,0,2.225728684397268,False,2.225728684397268,False,2.225728684397268,False,2.225728684397268,True,camera,traffic_light,False,,False,0.0
109.39999999999806,solo,0.0,0,2.225728684397268,False,2.225728684397268,False,2.225728684397268,False,2.225728684397268,True,camera,traffic_light,False,,False,0.0
109.49999999999805,solo,0.0,0,2.225728684397268,False,2.225728684397268,False,2.225728684397268,False,2.225728684397268,True,camera,traffic_light,False,,False,0.0
109.59999999999805,solo,0.0,0,2.225728684397268,False,2.225728684397268,False,2.225728684397268,False,2.225728684397268,True,camera,traffic_light,False,,False,0.0
109.69999999999804,solo,0.0,0,2.225728684397268,False,2.225728684397268,False,2.225728684397268,False,2.225728684397268,True,camera,traffic_light,False,,False,0.0
109.79999999999804,solo,0.0,0,2.225728684397268,False,2.225728684397268,False,2.225728684397268,False,2.225728684397268,True,camera,traffic_light,False,,False,0.0
109.89999999999803,solo,0.0,0,2.225728684397268,False,2.225728684397268,False,2.225728684397268,False,2.225728684397268,True,camera,traffic_light,False,,False,0.0
109.99999999999802,solo,0.0,0,2.225728684397268,False,2.225728684397268,False,2.225728684397268,False,2.225728684397268,True,camera,traffic_light,False,,False,0.0
110.09999999999802,solo,0.0,0,2.225728684397268,False,2.225728684397268,False,2.225728684397268,False,2.225728684397268,True,camera,traffic_light,False,,False,0.0
110.19999999999801,solo,0.0,0,2.225728684397268,False,2.225728684397268,False,2.225728684397268,False,2.225728684397268,True,camera,traffic_light,False,,False,0.0
110.29999999999801,solo,0.0,0,2.225728684397268,False,2.225728684397268,False,2.225728684397268,False,2.225728684397268,True,camera,traffic_light,False,,False,0.0
110.399999999998,solo,0.0,0,2.225728684397268,False,2.225728684397268,False,2.225728684397268,False,2.225728684397268,True,camera,traffic_light,False,,False,0.0
110.499999999998,solo,0.0,0,2.225728684397268,False,2.225728684397268,False,2.225728684397268,False,2.225728684397268,True,camera,traffic_light,False,,False,0.0
110.59999999999799,solo,0.0,0,2.225728684397268,False,2.225728684397268,False,2.225728684397268,False,2.225728684397268,True,camera,traffic_light,False,,False,0.0
110.69999999999798,solo,0.0,0,2.225728684397268,False,2.225728684397268,False,2.225728684397268,False,2.225728684397268,True,camera,traffic_light,False,,False,0.0
110.79999999999798,solo,0.0,0,2.225728684397268,False,2.225728684397268,False,2.225728684397268,False,2.225728684397268,True,camera,traffic_light,False,,False,0.0
110.89999999999797,solo,0.0,0,2.225728684397268,False,2.225728684397268,False,2.225728684397268,False,2.225728684397268,True,camera,traffic_light,False,,False,0.0
110.99999999999797,solo,0.0,0,2.225728684397268,False,2.225728684397268,False,2.225728684397268,False,2.225728684397268,True,camera,traffic_light,False,,False,0.0
111.09999999999796,solo,0.0,0,2.225728684397268,False,2.225728684397268,False,2.225728684397268,False,2.225728684397268,True,camera,traffic_light,False,,False,0.0
111.19999999999796,solo,0.0,0,2.225728684397268,False,2.225728684397268,False,2.225728684397268,False,2.225728684397268,True,camera,traffic_light,False,,False,0.0
111.29999999999795,solo,0.0,0,2.225728684397268,False,2.225728684397268,False,2.225728684397268,False,2.225728684397268,True,camera,traffic_light,False,,False,0.0
111.39999999999795,solo,0.0,0,2.225728684397268,False,2.225728684397268,False,2.225728684397268,False,2.225728684397268,True,camera,traffic_light,False,,False,0.0
111.49999999999794,solo,0.0,0,2.225728684397268,False,2.225728684397268,False,2.225728684397268,False,2.225728684397268,True,camera,traffic_light,False,,False,0.0
111.59999999999793,solo,0.0,0,2.225728684397268,False,2.225728684397268,False,2.225728684397268,False,2.225728684397268,True,camera,traffic_light,False,,False,0.0
111.69999999999793,solo,0.0,0,2.225728684397268,False,2.225728684397268,False,2.225728684397268,False,2.225728684397268,True,camera,traffic_light,False,,False,0.0
111.79999999999792,solo,0.0,0,2.225728684397268,False,2.225728684397268,False,2.225728684397268,False,2.225728684397268,True,camera,traffic_light,False,,False,0.0
111.89999999999792,solo,0.0,0,2.225728684397268,False,2.225728684397268,False,2.225728684397268,False,2.225728684397268,True,camera,traffic_light,False,,False,0.0
111.99999999999791,solo,0.0,0,2.225728684397268,False,2.225728684397268,False,2.225728684397268,False,2.225728684397268,True,camera,traffic_light,False,,False,0.0
112.0999999999979,solo,0.0,0,,False,,False,,False,,False,none,,False,,False,0.0
112.1999999999979,solo,0.4473872584108805,0,,False,,False,,False,,False,none,,False,,False,0.0
112.2999999999979,solo,0.894774516821761,0,,False,,False,,False,,False,none,,False,,False,0.0
112.39999999999789,solo,1.3421617752326416,0,,False,,False,,False,,False,none,,False,,False,0.0
112.49999999999788,solo,1.789549033643522,0,,False,,False,,False,,False,none,,False,,False,0.0
112.59999999999788,solo,2.2369362920544025,0,,False,,False,,False,,False,none,,False,,False,0.0
112.69999999999787,solo,2.6843235504652827,0,,False,,False,,False,,False,none,,False,,False,0.0
112.79999999999787,solo,3.131710808876163,0,,False,,False,,False,,False,none,,False,,False,0.0
112.89999999999786,solo,3.5790980672870436,0,,False,,False,,False,,False,none,,False,,False,0.0
112.99999999999785,solo,4.026485325697924,0,,False,,False,,False,,False,none,,False,,False,0.0
113.09999999999785,solo,4.473872584108804,0,,False,,False,,False,,False,none,,False,,False,0.0
113.19999999999784,solo,4.921259842519684,0,,False,,False,,False,,False,none,,False,,False,0.0
113.29999999999784,solo,5.368647100930565,0,,False,,False,,False,,False,none,,False,,False,0.0
113.39999999999783,solo,5.8160343593414465,0,,False,,False,,False,,False,none,,False,,False,0.0
113.49999999999783,solo,6.263421617752327,0,,False,,False,,False,,False,none,,False,,False,0.0
113.59999999999782,solo,6.710808876163208,0,,False,,False,,False,,False,none,,False,,False,0.0
113.69999999999781,solo,7.158196134574089,0,,False,,False,,False,,False,none,,False,,False,0.0
113.79999999999781,solo,7.60558339298497,0,,False,,False,,False,,False,none,,False,,False,0.0
113.8999999999978,solo,8.052970651395851,0,,False,,False,,False,,False,none,,False,,False,0.0
113.9999999999978,solo,8.50035790980673,0,,False,,False,,False,,False,none,,False,,False,0.0
114.09999999999779,solo,8.947745168217612,0,,False,,False,,False,,False,none,,False,,False,0.0
114.19999999999779,solo,9.395132426628493,0,,False,,False,,False,,False,none,,False,,False,0.0
114.29999999999778,solo,9.842519685039372,0,,False,,False,,False,,False,none,,False,,False,0.0
114.39999999999777,solo,10.289906943450253,0,,False,,False,,False,,False,none,,False,,False,0.0
114.49999999999777,solo,10.737294201861134,0,,False,,False,,False,,False,none,,False,,False,0.0
114.59999999999776,solo,11.184681460272015,0,,False,,False,,False,,False,none,,False,,False,0.0
114.69999999999776,solo,11.632068718682897,0,,False,,False,,False,,False,none,,False,,False,0.0
114.79999999999775,solo,12.079455977093778,0,,False,,False,,False,,False,none,,False,,False,0.0
114.89999999999775,solo,12.526843235504659,0,,False,,False,,False,,False,none,,False,,False,0.0
114.99999999999774,solo,12.974230493915538,0,,False,,False,,False,,False,none,,False,,False,0.0
115.09999999999773,solo,13.42161775232642,0,,False,,False,,False,,False,none,,False,,False,0.0
115.19999999999773,solo,13.8690050107373,0,,False,,False,,False,,False,none,,False,,False,0.0
115.29999999999772,solo,14.316392269148182,0,,False,,False,,False,,False,none,,False,,False,0.0
115.39999999999772,solo,14.763779527559063,0,,False,,False,,False,,False,none,,False,,False,0.0
115.49999999999771,solo,15.211166785969944,0,,False,,False,,False,,False,none,,False,,False,0.0
115.5999999999977,solo,15.658554044380825,0,,False,,False,,False,,False,none,,False,,False,0.0
115.6999999999977,solo,16.105941302791706,0,,False,,False,,False,,False,none,,False,,False,0.0
115.7999999999977,solo,16.553328561202587,0,,False,,False,,False,,False,none,,False,,False,0.0
115.89999999999769,solo,17.00071581961347,0,,False,,False,,False,,False,none,,False,,False,0.0
115.99999999999768,solo,17.44810307802435,0,,False,,False,,False,,False,none,,False,,False,0.0
116.09999999999768,solo,17.895490336435227,0,,False,,False,,False,,False,none,,False,,False,0.0
116.19999999999767,solo,18.342877594846104,0,,False,,False,,False,,False,none,,False,,False,0.0
116.29999999999767,solo,18.790264853256986,0,,False,,False,,False,,False,none,,False,,False,0.0
116.39999999999766,solo,19.237652111667863,0,,False,,False,,False,,False,none,,False,,False,0.0
116.49999999999766,solo,19.68503937007874,0,,False,,False,,False,,False,none,,False,,False,0.0
116.59999999999765,solo,20.132426628489622,0,,False,,False,,False,,False,none,,False,,False,0.0
116.69999999999764,solo,20.5798138869005,0,,False,,False,,False,,False,none,,False,,False,0.0
116.79999999999764,solo,21.027201145311377,0,,False,,False,,False,,False,none,,False,,False,0.0
116.89999999999763,solo,21.474588403722258,0,,False,,False,,False,,False,none,,False,,False,0.0
116.99999999999763,solo,21.921975662133136,0,,False,,False,,False,,False,none,,False,,False,0.0
117.09999999999762,solo,22.369362920544017,0,,False,,False,,False,,False,none,,False,,False,0.0
117.19999999999762,solo,22.816750178954894,0,,False,,False,,False,,False,none,,False,,False,0.0
117.29999999999761,solo,23.264137437365772,0,,False,,False,,False,,False,none,,False,,False,0.0
117.3999999999976,solo,23.711524695776653,0,,False,,False,,False,,False,none,,False,,False,0.0
117.4999999999976,solo,24.15891195418753,0,,False,,False,,False,,False,none,,False,,False,0.0
117.59999999999759,solo,24.606299212598408,0,,False,,False,,False,,False,none,,False,,False,0.0
117.69999999999759,solo,25.05368647100929,0,,False,,False,,False,,False,none,,False,,False,0.0
117.79999999999758,solo,25.501073729420167,0,,False,,False,,False,,False,none,,False,,False,0.0
117.89999999999758,solo,25.948460987831048,0,,False,,False,,False,,False,none,,False,,False,0.0
117.99999999999757,solo,26.395848246241925,0,,False,,False,,False,,False,none,,False,,False,0.0
118.09999999999756,solo,26.843235504652803,0,,False,,False,,False,,False,none,,False,,False,0.0
118.19999999999756,solo,27.290622763063684,0,,False,,False,,False,,False,none,,False,,False,0.0
118.29999999999755,solo,27.73801002147456,0,,False,,False,,False,,False,none,,False,,False,0.0
118.39999999999755,solo,28.18539727988544,0,,False,,False,,False,,False,none,,False,,False,0.0
118.49999999999754,solo,28.63278453829632,0,,False,,False,,False,,False,none,,False,,False,0.0
118.59999999999754,solo,29.080171796707198,0,,False,,False,,False,,False,none,,False,,False,0.0
118.69999999999753,solo,29.52755905511808,0,,False,,False,,False,,False,none,,False,,False,0.0
118.79999999999752,solo,29.974946313528957,0,,False,,False,,False,,False,none,,False,,False,0.0
118.89999999999752,solo,30.0,0,,False,,False,,False,,False,none,,False,,False,0.0
118.99999999999751,solo,30.0,0,,False,,False,,False,,False,none,,False,,False,0.0
119.09999999999751,solo,30.0,0,,False,,False,,False,,False,none,,False,,False,0.0
119.1999999999975,solo,30.0,0,,False,,False,,False,,False,none,,False,,False,0.0
119.2999999999975,solo,30.0,0,,False,,False,,False,,False,none,,False,,False,0.0
119.39999999999749,solo,30.0,0,,False,,False,,False,,False,none,,False,,False,0.0
119.49999999999748,solo,30.0,0,,False,,False,,False,,False,none,,False,,False,0.0
119.59999999999748,solo,30.0,0,,False,,False,,False,,False,none,,False,,False,0.0
119.69999999999747,solo,30.0,0,,False,,False,,False,,False,none,,False,,False,0.0
119.79999999999747,solo,30.0,0,,False,,False,,False,,False,none,,False,,False,0.0
119.89999999999746,solo,30.0,0,,False,,False,,False,,False,none,,False,,False,0.0
